split,sample_name,source_path,source_dataset,scenario,category,map_id,difficulty_raw,difficulty,ood_family,split_hint
calib,sample_000000.npz,/home/zzy/TrajectoryPlanning/distill/data/benchmark/csm/test/sample_000001.npz,csm,csm_city_street,U,packed_000,medium,medium,1,csm:test
calib,sample_000001.npz,/home/zzy/TrajectoryPlanning/distill/data/benchmark/csm/train/sample_000003.npz,csm,csm_city_street,U,packed_000,medium,medium,1,csm:train
calib,sample_000002.npz,/home/zzy/TrajectoryPlanning/distill/data/benchmark/csm/test/sample_000017.npz,csm,csm_city_street,U,packed_000,medium,medium,1,csm:test
calib,sample_000003.npz,/home/zzy/TrajectoryPlanning/distill/data/benchmark/csm/test/sample_000024.npz,csm,csm_city_street,U,packed_000,medium,medium,1,csm:test
calib,sample_000004.npz,/home/zzy/TrajectoryPlanning/distill/data/benchmark/csm/train/sample_000025.npz,csm,csm_city_street,U,packed_000,medium,medium,1,csm:train
calib,sample_000005.npz,/home/zzy/TrajectoryPlanning/distill/data/benchmark/csm/train/sample_000035.npz,csm,csm_city_street,U,packed_000,medium,medium,1,csm:train
calib,sample_000006.npz,/home/zzy/TrajectoryPlanning/distill/data/benchmark/csm/test/sample_000036.npz,csm,csm_city_street,U,packed_000,medium,medium,1,csm:test
calib,sample_000007.npz,/home/zzy/TrajectoryPlanning/distill/data/benchmark/csm/train/sample_000039.npz,csm,csm_city_street,U,packed_000,medium,medium,1,csm:train
calib,sample_000008.npz,/home/zzy/TrajectoryPlanning/distill/data/benchmark/csm/test/sample_000049.npz,csm,csm_city_street,U,packed_001,simple,easy,1,csm:test
calib,sample_000009.npz,/home/zzy/TrajectoryPlanning/distill/data/benchmark/csm/test/sample_000053.npz,csm,csm_city_street,U,packed_001,simple,easy,1,csm:test
calib,sample_000010.npz,/home/zzy/TrajectoryPlanning/distill/data/benchmark/csm/train/sample_000053.npz,csm,csm_city_street,U,packed_001,medium,medium,1,csm:train
calib,sample_000011.npz,/home/zzy/TrajectoryPlanning/distill/data/benchmark/csm/train/sample_000057.npz,csm,csm_city_street,U,packed_001,medium,medium,1,csm:train
calib,sample_000012.npz,/home/zzy/TrajectoryPlanning/distill/data/benchmark/csm/train/sample_000058.npz,csm,csm_city_street,U,packed_001,medium,medium,1,csm:train
calib,sample_000013.npz,/home/zzy/TrajectoryPlanning/distill/data/benchmark/csm/test/sample_000063.npz,csm,csm_city_street,U,packed_001,medium,medium,1,csm:test
calib,sample_000014.npz,/home/zzy/TrajectoryPlanning/distill/data/benchmark/csm/test/sample_000065.npz,csm,csm_city_street,U,packed_001,medium,medium,1,csm:test
calib,sample_000015.npz,/home/zzy/TrajectoryPlanning/distill/data/benchmark/csm/train/sample_000067.npz,csm,csm_city_street,U,packed_001,medium,medium,1,csm:train
calib,sample_000016.npz,/home/zzy/TrajectoryPlanning/distill/data/benchmark/csm/train/sample_000075.npz,csm,csm_city_street,U,packed_001,medium,medium,1,csm:train
calib,sample_000017.npz,/home/zzy/TrajectoryPlanning/distill/data/benchmark/csm/test/sample_000082.npz,csm,csm_city_street,U,packed_002,medium,medium,1,csm:test
calib,sample_000018.npz,/home/zzy/TrajectoryPlanning/distill/data/benchmark/csm/train/sample_000084.npz,csm,csm_city_street,U,packed_002,simple,easy,1,csm:train
calib,sample_000019.npz,/home/zzy/TrajectoryPlanning/distill/data/benchmark/csm/train/sample_000085.npz,csm,csm_city_street,U,packed_002,medium,medium,1,csm:train
calib,sample_000020.npz,/home/zzy/TrajectoryPlanning/distill/data/benchmark/csm/train/sample_000090.npz,csm,csm_city_street,U,packed_002,medium,medium,1,csm:train
calib,sample_000021.npz,/home/zzy/TrajectoryPlanning/distill/data/benchmark/csm/test/sample_000091.npz,csm,csm_city_street,U,packed_002,medium,medium,1,csm:test
calib,sample_000022.npz,/home/zzy/TrajectoryPlanning/distill/data/benchmark/csm/test/sample_000107.npz,csm,csm_city_street,U,packed_002,medium,medium,1,csm:test
calib,sample_000023.npz,/home/zzy/TrajectoryPlanning/distill/data/benchmark/csm/test/sample_000109.npz,csm,csm_city_street,U,packed_002,medium,medium,1,csm:test
calib,sample_000024.npz,/home/zzy/TrajectoryPlanning/distill/data/benchmark/csm/train/sample_000112.npz,csm,csm_city_street,U,packed_002,medium,medium,1,csm:train
calib,sample_000025.npz,/home/zzy/TrajectoryPlanning/distill/data/benchmark/csm/test/sample_000112.npz,csm,csm_city_street,U,packed_002,medium,medium,1,csm:test
calib,sample_000026.npz,/home/zzy/TrajectoryPlanning/distill/data/benchmark/csm/test/sample_000114.npz,csm,csm_city_street,U,packed_002,medium,medium,1,csm:test
calib,sample_000027.npz,/home/zzy/TrajectoryPlanning/distill/data/benchmark/csm/train/sample_000122.npz,csm,csm_city_street,U,packed_003,hard,hard,1,csm:train
calib,sample_000028.npz,/home/zzy/TrajectoryPlanning/distill/data/benchmark/csm/test/sample_000125.npz,csm,csm_city_street,U,packed_003,medium,medium,1,csm:test
calib,sample_000029.npz,/home/zzy/TrajectoryPlanning/distill/data/benchmark/csm/train/sample_000129.npz,csm,csm_city_street,U,packed_003,medium,medium,1,csm:train
calib,sample_000030.npz,/home/zzy/TrajectoryPlanning/distill/data/benchmark/csm/train/sample_000142.npz,csm,csm_city_street,U,packed_003,medium,medium,1,csm:train
calib,sample_000031.npz,/home/zzy/TrajectoryPlanning/distill/data/benchmark/csm/train/sample_000145.npz,csm,csm_city_street,U,packed_003,medium,medium,1,csm:train
calib,sample_000032.npz,/home/zzy/TrajectoryPlanning/distill/data/benchmark/csm/train/sample_000148.npz,csm,csm_city_street,U,packed_003,medium,medium,1,csm:train
calib,sample_000033.npz,/home/zzy/TrajectoryPlanning/distill/data/benchmark/csm/train/sample_000150.npz,csm,csm_city_street,U,packed_003,medium,medium,1,csm:train
calib,sample_000034.npz,/home/zzy/TrajectoryPlanning/distill/data/benchmark/csm/train/sample_000151.npz,csm,csm_city_street,U,packed_003,medium,medium,1,csm:train
calib,sample_000035.npz,/home/zzy/TrajectoryPlanning/distill/data/benchmark/csm/train/sample_000154.npz,csm,csm_city_street,U,packed_003,medium,medium,1,csm:train
calib,sample_000036.npz,/home/zzy/TrajectoryPlanning/distill/data/benchmark/csm/test/sample_000155.npz,csm,csm_city_street,U,packed_003,medium,medium,1,csm:test
calib,sample_000037.npz,/home/zzy/TrajectoryPlanning/distill/data/benchmark/csm/test/sample_000165.npz,csm,csm_city_street,U,packed_004,simple,easy,1,csm:test
calib,sample_000038.npz,/home/zzy/TrajectoryPlanning/distill/data/benchmark/csm/test/sample_000167.npz,csm,csm_city_street,U,packed_004,medium,medium,1,csm:test
calib,sample_000039.npz,/home/zzy/TrajectoryPlanning/distill/data/benchmark/csm/test/sample_000170.npz,csm,csm_city_street,U,packed_004,simple,easy,1,csm:test
calib,sample_000040.npz,/home/zzy/TrajectoryPlanning/distill/data/benchmark/csm/test/sample_000171.npz,csm,csm_city_street,U,packed_004,medium,medium,1,csm:test
calib,sample_000041.npz,/home/zzy/TrajectoryPlanning/distill/data/benchmark/csm/train/sample_000172.npz,csm,csm_city_street,U,packed_004,medium,medium,1,csm:train
calib,sample_000042.npz,/home/zzy/TrajectoryPlanning/distill/data/benchmark/csm/test/sample_000174.npz,csm,csm_city_street,U,packed_004,medium,medium,1,csm:test
calib,sample_000043.npz,/home/zzy/TrajectoryPlanning/distill/data/benchmark/csm/test/sample_000178.npz,csm,csm_city_street,U,packed_004,simple,easy,1,csm:test
calib,sample_000044.npz,/home/zzy/TrajectoryPlanning/distill/data/benchmark/csm/train/sample_000179.npz,csm,csm_city_street,U,packed_004,hard,hard,1,csm:train
calib,sample_000045.npz,/home/zzy/TrajectoryPlanning/distill/data/benchmark/csm/train/sample_000180.npz,csm,csm_city_street,U,packed_004,medium,medium,1,csm:train
calib,sample_000046.npz,/home/zzy/TrajectoryPlanning/distill/data/benchmark/csm/test/sample_000181.npz,csm,csm_city_street,U,packed_004,medium,medium,1,csm:test
calib,sample_000047.npz,/home/zzy/TrajectoryPlanning/distill/data/benchmark/csm/test/sample_000183.npz,csm,csm_city_street,U,packed_004,simple,easy,1,csm:test
calib,sample_000048.npz,/home/zzy/TrajectoryPlanning/distill/data/benchmark/csm/train/sample_000187.npz,csm,csm_city_street,U,packed_004,simple,easy,1,csm:train
calib,sample_000049.npz,/home/zzy/TrajectoryPlanning/distill/data/benchmark/csm/test/sample_000190.npz,csm,csm_city_street,U,packed_004,simple,easy,1,csm:test
calib,sample_000050.npz,/home/zzy/TrajectoryPlanning/distill/data/benchmark/csm/train/sample_000191.npz,csm,csm_city_street,U,packed_004,medium,medium,1,csm:train
calib,sample_000051.npz,/home/zzy/TrajectoryPlanning/distill/data/benchmark/csm/test/sample_000196.npz,csm,csm_city_street,U,packed_004,simple,easy,1,csm:test
calib,sample_000052.npz,/home/zzy/TrajectoryPlanning/distill/data/benchmark/csm/test/sample_000198.npz,csm,csm_city_street,U,packed_004,simple,easy,1,csm:test
calib,sample_000053.npz,/home/zzy/TrajectoryPlanning/distill/data/benchmark/csm/test/sample_000199.npz,csm,csm_city_street,U,packed_004,simple,easy,1,csm:test
calib,sample_000054.npz,/home/zzy/TrajectoryPlanning/distill/data/benchmark/csm/test/sample_000206.npz,csm,csm_city_street,U,packed_005,simple,easy,1,csm:test
calib,sample_000055.npz,/home/zzy/TrajectoryPlanning/distill/data/benchmark/csm/train/sample_000212.npz,csm,csm_city_street,U,packed_005,simple,easy,1,csm:train
calib,sample_000056.npz,/home/zzy/TrajectoryPlanning/distill/data/benchmark/csm/train/sample_000214.npz,csm,csm_city_street,U,packed_005,medium,medium,1,csm:train
calib,sample_000057.npz,/home/zzy/TrajectoryPlanning/distill/data/benchmark/csm/train/sample_000217.npz,csm,csm_city_street,U,packed_005,medium,medium,1,csm:train
calib,sample_000058.npz,/home/zzy/TrajectoryPlanning/distill/data/benchmark/csm/train/sample_000221.npz,csm,csm_city_street,U,packed_005,simple,easy,1,csm:train
calib,sample_000059.npz,/home/zzy/TrajectoryPlanning/distill/data/benchmark/csm/train/sample_000232.npz,csm,csm_city_street,U,packed_005,medium,medium,1,csm:train
calib,sample_000060.npz,/home/zzy/TrajectoryPlanning/distill/data/benchmark/csm/test/sample_000240.npz,csm,csm_city_street,U,packed_006,hard,hard,1,csm:test
calib,sample_000061.npz,/home/zzy/TrajectoryPlanning/distill/data/benchmark/csm/test/sample_000242.npz,csm,csm_city_street,U,packed_006,medium,medium,1,csm:test
calib,sample_000062.npz,/home/zzy/TrajectoryPlanning/distill/data/benchmark/csm/test/sample_000251.npz,csm,csm_city_street,U,packed_006,hard,hard,1,csm:test
calib,sample_000063.npz,/home/zzy/TrajectoryPlanning/distill/data/benchmark/csm/train/sample_000253.npz,csm,csm_city_street,U,packed_006,medium,medium,1,csm:train
calib,sample_000064.npz,/home/zzy/TrajectoryPlanning/distill/data/benchmark/csm/test/sample_000254.npz,csm,csm_city_street,U,packed_006,hard,hard,1,csm:test
calib,sample_000065.npz,/home/zzy/TrajectoryPlanning/distill/data/benchmark/csm/train/sample_000257.npz,csm,csm_city_street,U,packed_006,medium,medium,1,csm:train
calib,sample_000066.npz,/home/zzy/TrajectoryPlanning/distill/data/benchmark/csm/train/sample_000260.npz,csm,csm_city_street,U,packed_006,medium,medium,1,csm:train
calib,sample_000067.npz,/home/zzy/TrajectoryPlanning/distill/data/benchmark/csm/train/sample_000261.npz,csm,csm_city_street,U,packed_006,medium,medium,1,csm:train
calib,sample_000068.npz,/home/zzy/TrajectoryPlanning/distill/data/benchmark/csm/train/sample_000264.npz,csm,csm_city_street,U,packed_006,medium,medium,1,csm:train
calib,sample_000069.npz,/home/zzy/TrajectoryPlanning/distill/data/benchmark/csm/test/sample_000265.npz,csm,csm_city_street,U,packed_006,medium,medium,1,csm:test
calib,sample_000070.npz,/home/zzy/TrajectoryPlanning/distill/data/benchmark/csm/test/sample_000268.npz,csm,csm_city_street,U,packed_006,medium,medium,1,csm:test
calib,sample_000071.npz,/home/zzy/TrajectoryPlanning/distill/data/benchmark/csm/train/sample_000278.npz,csm,csm_city_street,U,packed_006,medium,medium,1,csm:train
calib,sample_000072.npz,/home/zzy/TrajectoryPlanning/distill/data/benchmark/csm/train/sample_000282.npz,csm,csm_city_street,U,packed_007,medium,medium,1,csm:train
calib,sample_000073.npz,/home/zzy/TrajectoryPlanning/distill/data/benchmark/csm/test/sample_000282.npz,csm,csm_city_street,U,packed_007,hard,hard,1,csm:test
calib,sample_000074.npz,/home/zzy/TrajectoryPlanning/distill/data/benchmark/csm/test/sample_000284.npz,csm,csm_city_street,U,packed_007,hard,hard,1,csm:test
calib,sample_000075.npz,/home/zzy/TrajectoryPlanning/distill/data/benchmark/csm/train/sample_000285.npz,csm,csm_city_street,U,packed_007,medium,medium,1,csm:train
calib,sample_000076.npz,/home/zzy/TrajectoryPlanning/distill/data/benchmark/csm/train/sample_000287.npz,csm,csm_city_street,U,packed_007,hard,hard,1,csm:train
calib,sample_000077.npz,/home/zzy/TrajectoryPlanning/distill/data/benchmark/csm/test/sample_000287.npz,csm,csm_city_street,U,packed_007,hard,hard,1,csm:test
calib,sample_000078.npz,/home/zzy/TrajectoryPlanning/distill/data/benchmark/csm/train/sample_000288.npz,csm,csm_city_street,U,packed_007,medium,medium,1,csm:train
calib,sample_000079.npz,/home/zzy/TrajectoryPlanning/distill/data/benchmark/csm/test/sample_000290.npz,csm,csm_city_street,U,packed_007,medium,medium,1,csm:test
calib,sample_000080.npz,/home/zzy/TrajectoryPlanning/distill/data/benchmark/csm/train/sample_000290.npz,csm,csm_city_street,U,packed_007,medium,medium,1,csm:train
calib,sample_000081.npz,/home/zzy/TrajectoryPlanning/distill/data/benchmark/csm/train/sample_000292.npz,csm,csm_city_street,U,packed_007,medium,medium,1,csm:train
calib,sample_000082.npz,/home/zzy/TrajectoryPlanning/distill/data/benchmark/csm/train/sample_000296.npz,csm,csm_city_street,U,packed_007,simple,easy,1,csm:train
calib,sample_000083.npz,/home/zzy/TrajectoryPlanning/distill/data/benchmark/csm/train/sample_000297.npz,csm,csm_city_street,U,packed_007,medium,medium,1,csm:train
calib,sample_000084.npz,/home/zzy/TrajectoryPlanning/distill/data/benchmark/csm/train/sample_000300.npz,csm,csm_city_street,U,packed_007,hard,hard,1,csm:train
calib,sample_000085.npz,/home/zzy/TrajectoryPlanning/distill/data/benchmark/csm/train/sample_000302.npz,csm,csm_city_street,U,packed_007,medium,medium,1,csm:train
calib,sample_000086.npz,/home/zzy/TrajectoryPlanning/distill/data/benchmark/csm/test/sample_000307.npz,csm,csm_city_street,U,packed_007,medium,medium,1,csm:test
calib,sample_000087.npz,/home/zzy/TrajectoryPlanning/distill/data/benchmark/csm/train/sample_000309.npz,csm,csm_city_street,U,packed_007,simple,easy,1,csm:train
calib,sample_000088.npz,/home/zzy/TrajectoryPlanning/distill/data/benchmark/csm/test/sample_000312.npz,csm,csm_city_street,U,packed_007,hard,hard,1,csm:test
calib,sample_000089.npz,/home/zzy/TrajectoryPlanning/distill/data/benchmark/csm/train/sample_000320.npz,csm,csm_city_street,U,packed_008,medium,medium,1,csm:train
calib,sample_000090.npz,/home/zzy/TrajectoryPlanning/distill/data/benchmark/csm/train/sample_000323.npz,csm,csm_city_street,U,packed_008,medium,medium,1,csm:train
calib,sample_000091.npz,/home/zzy/TrajectoryPlanning/distill/data/benchmark/csm/train/sample_000326.npz,csm,csm_city_street,U,packed_008,medium,medium,1,csm:train
calib,sample_000092.npz,/home/zzy/TrajectoryPlanning/distill/data/benchmark/csm/train/sample_000329.npz,csm,csm_city_street,U,packed_008,medium,medium,1,csm:train
calib,sample_000093.npz,/home/zzy/TrajectoryPlanning/distill/data/benchmark/csm/test/sample_000332.npz,csm,csm_city_street,U,packed_008,simple,easy,1,csm:test
calib,sample_000094.npz,/home/zzy/TrajectoryPlanning/distill/data/benchmark/csm/test/sample_000333.npz,csm,csm_city_street,U,packed_008,simple,easy,1,csm:test
calib,sample_000095.npz,/home/zzy/TrajectoryPlanning/distill/data/benchmark/csm/test/sample_000340.npz,csm,csm_city_street,U,packed_008,medium,medium,1,csm:test
calib,sample_000096.npz,/home/zzy/TrajectoryPlanning/distill/data/benchmark/csm/test/sample_000347.npz,csm,csm_city_street,U,packed_008,hard,hard,1,csm:test
calib,sample_000097.npz,/home/zzy/TrajectoryPlanning/distill/data/benchmark/csm/test/sample_000350.npz,csm,csm_city_street,U,packed_008,hard,hard,1,csm:test
calib,sample_000098.npz,/home/zzy/TrajectoryPlanning/distill/data/benchmark/csm/test/sample_000354.npz,csm,csm_city_street,U,packed_008,simple,easy,1,csm:test
calib,sample_000099.npz,/home/zzy/TrajectoryPlanning/distill/data/benchmark/csm/train/sample_000355.npz,csm,csm_city_street,U,packed_008,medium,medium,1,csm:train
calib,sample_000100.npz,/home/zzy/TrajectoryPlanning/distill/data/benchmark/csm/test/sample_000357.npz,csm,csm_city_street,U,packed_008,medium,medium,1,csm:test
calib,sample_000101.npz,/home/zzy/TrajectoryPlanning/distill/data/benchmark/csm/train/sample_000357.npz,csm,csm_city_street,U,packed_008,medium,medium,1,csm:train
calib,sample_000102.npz,/home/zzy/TrajectoryPlanning/distill/data/benchmark/csm/test/sample_000362.npz,csm,csm_city_street,U,packed_009,simple,easy,1,csm:test
calib,sample_000103.npz,/home/zzy/TrajectoryPlanning/distill/data/benchmark/csm/train/sample_000363.npz,csm,csm_city_street,U,packed_009,medium,medium,1,csm:train
calib,sample_000104.npz,/home/zzy/TrajectoryPlanning/distill/data/benchmark/csm/test/sample_000364.npz,csm,csm_city_street,U,packed_009,medium,medium,1,csm:test
calib,sample_000105.npz,/home/zzy/TrajectoryPlanning/distill/data/benchmark/csm/test/sample_000372.npz,csm,csm_city_street,U,packed_009,medium,medium,1,csm:test
calib,sample_000106.npz,/home/zzy/TrajectoryPlanning/distill/data/benchmark/csm/train/sample_000372.npz,csm,csm_city_street,U,packed_009,medium,medium,1,csm:train
calib,sample_000107.npz,/home/zzy/TrajectoryPlanning/distill/data/benchmark/csm/train/sample_000373.npz,csm,csm_city_street,U,packed_009,medium,medium,1,csm:train
calib,sample_000108.npz,/home/zzy/TrajectoryPlanning/distill/data/benchmark/csm/test/sample_000373.npz,csm,csm_city_street,U,packed_009,medium,medium,1,csm:test
calib,sample_000109.npz,/home/zzy/TrajectoryPlanning/distill/data/benchmark/csm/train/sample_000379.npz,csm,csm_city_street,U,packed_009,medium,medium,1,csm:train
calib,sample_000110.npz,/home/zzy/TrajectoryPlanning/distill/data/benchmark/csm/test/sample_000381.npz,csm,csm_city_street,U,packed_009,simple,easy,1,csm:test
calib,sample_000111.npz,/home/zzy/TrajectoryPlanning/distill/data/benchmark/csm/test/sample_000388.npz,csm,csm_city_street,U,packed_009,simple,easy,1,csm:test
calib,sample_000112.npz,/home/zzy/TrajectoryPlanning/distill/data/benchmark/csm/train/sample_000390.npz,csm,csm_city_street,U,packed_009,medium,medium,1,csm:train
calib,sample_000113.npz,/home/zzy/TrajectoryPlanning/distill/data/benchmark/csm/test/sample_000391.npz,csm,csm_city_street,U,packed_009,simple,easy,1,csm:test
calib,sample_000114.npz,/home/zzy/TrajectoryPlanning/distill/data/benchmark/csm/test/sample_000392.npz,csm,csm_city_street,U,packed_009,medium,medium,1,csm:test
calib,sample_000115.npz,/home/zzy/TrajectoryPlanning/distill/data/benchmark/csm/test/sample_000393.npz,csm,csm_city_street,U,packed_009,medium,medium,1,csm:test
calib,sample_000116.npz,/home/zzy/TrajectoryPlanning/distill/data/benchmark/csm/train/sample_000394.npz,csm,csm_city_street,U,packed_009,medium,medium,1,csm:train
calib,sample_000117.npz,/home/zzy/TrajectoryPlanning/distill/data/benchmark/csm/test/sample_000399.npz,csm,csm_city_street,U,packed_009,simple,easy,1,csm:test
calib,sample_000118.npz,/home/zzy/TrajectoryPlanning/distill/data/benchmark/csm/train/sample_000403.npz,csm,csm_city_street,U,packed_010,medium,medium,1,csm:train
calib,sample_000119.npz,/home/zzy/TrajectoryPlanning/distill/data/benchmark/csm/train/sample_000416.npz,csm,csm_city_street,U,packed_010,medium,medium,1,csm:train
calib,sample_000120.npz,/home/zzy/TrajectoryPlanning/distill/data/benchmark/csm/train/sample_000429.npz,csm,csm_city_street,U,packed_010,medium,medium,1,csm:train
calib,sample_000121.npz,/home/zzy/TrajectoryPlanning/distill/data/benchmark/csm/train/sample_000436.npz,csm,csm_city_street,U,packed_010,medium,medium,1,csm:train
calib,sample_000122.npz,/home/zzy/TrajectoryPlanning/distill/data/benchmark/csm/train/sample_000437.npz,csm,csm_city_street,U,packed_010,medium,medium,1,csm:train
calib,sample_000123.npz,/home/zzy/TrajectoryPlanning/distill/data/benchmark/csm/train/sample_000438.npz,csm,csm_city_street,U,packed_010,medium,medium,1,csm:train
calib,sample_000124.npz,/home/zzy/TrajectoryPlanning/distill/data/benchmark/csm/train/sample_000461.npz,csm,csm_city_street,U,packed_011,medium,medium,1,csm:train
calib,sample_000125.npz,/home/zzy/TrajectoryPlanning/distill/data/benchmark/csm/train/sample_000466.npz,csm,csm_city_street,U,packed_011,medium,medium,1,csm:train
calib,sample_000126.npz,/home/zzy/TrajectoryPlanning/distill/data/benchmark/csm/train/sample_000489.npz,csm,csm_city_street,U,packed_012,simple,easy,1,csm:train
calib,sample_000127.npz,/home/zzy/TrajectoryPlanning/distill/data/benchmark/csm/train/sample_000494.npz,csm,csm_city_street,U,packed_012,simple,easy,1,csm:train
calib,sample_000128.npz,/home/zzy/TrajectoryPlanning/distill/data/benchmark/csm/train/sample_000496.npz,csm,csm_city_street,U,packed_012,simple,easy,1,csm:train
calib,sample_000129.npz,/home/zzy/TrajectoryPlanning/distill/data/benchmark/csm/train/sample_000497.npz,csm,csm_city_street,U,packed_012,medium,medium,1,csm:train
calib,sample_000130.npz,/home/zzy/TrajectoryPlanning/distill/data/benchmark/csm/train/sample_000498.npz,csm,csm_city_street,U,packed_012,medium,medium,1,csm:train
calib,sample_000131.npz,/home/zzy/TrajectoryPlanning/distill/data/benchmark/csm/train/sample_000499.npz,csm,csm_city_street,U,packed_012,simple,easy,1,csm:train
calib,sample_000132.npz,/home/zzy/TrajectoryPlanning/distill/data/benchmark/csm/train/sample_000508.npz,csm,csm_city_street,U,packed_012,medium,medium,1,csm:train
calib,sample_000133.npz,/home/zzy/TrajectoryPlanning/distill/data/benchmark/csm/train/sample_000512.npz,csm,csm_city_street,U,packed_012,hard,hard,1,csm:train
calib,sample_000134.npz,/home/zzy/TrajectoryPlanning/distill/data/benchmark/csm/train/sample_000515.npz,csm,csm_city_street,U,packed_012,simple,easy,1,csm:train
calib,sample_000135.npz,/home/zzy/TrajectoryPlanning/distill/data/benchmark/csm/train/sample_000524.npz,csm,csm_city_street,U,packed_013,simple,easy,1,csm:train
calib,sample_000136.npz,/home/zzy/TrajectoryPlanning/distill/data/benchmark/csm/train/sample_000526.npz,csm,csm_city_street,U,packed_013,simple,easy,1,csm:train
calib,sample_000137.npz,/home/zzy/TrajectoryPlanning/distill/data/benchmark/csm/train/sample_000529.npz,csm,csm_city_street,U,packed_013,medium,medium,1,csm:train
calib,sample_000138.npz,/home/zzy/TrajectoryPlanning/distill/data/benchmark/csm/train/sample_000533.npz,csm,csm_city_street,U,packed_013,simple,easy,1,csm:train
calib,sample_000139.npz,/home/zzy/TrajectoryPlanning/distill/data/benchmark/csm/train/sample_000535.npz,csm,csm_city_street,U,packed_013,simple,easy,1,csm:train
calib,sample_000140.npz,/home/zzy/TrajectoryPlanning/distill/data/benchmark/csm/train/sample_000544.npz,csm,csm_city_street,U,packed_013,simple,easy,1,csm:train
calib,sample_000141.npz,/home/zzy/TrajectoryPlanning/distill/data/benchmark/csm/train/sample_000552.npz,csm,csm_city_street,U,packed_013,simple,easy,1,csm:train
calib,sample_000142.npz,/home/zzy/TrajectoryPlanning/distill/data/benchmark/csm/train/sample_000560.npz,csm,csm_city_street,U,packed_014,medium,medium,1,csm:train
calib,sample_000143.npz,/home/zzy/TrajectoryPlanning/distill/data/benchmark/csm/train/sample_000566.npz,csm,csm_city_street,U,packed_014,simple,easy,1,csm:train
calib,sample_000144.npz,/home/zzy/TrajectoryPlanning/distill/data/benchmark/csm/train/sample_000572.npz,csm,csm_city_street,U,packed_014,medium,medium,1,csm:train
calib,sample_000145.npz,/home/zzy/TrajectoryPlanning/distill/data/benchmark/csm/train/sample_000576.npz,csm,csm_city_street,U,packed_014,simple,easy,1,csm:train
calib,sample_000146.npz,/home/zzy/TrajectoryPlanning/distill/data/benchmark/csm/train/sample_000578.npz,csm,csm_city_street,U,packed_014,medium,medium,1,csm:train
calib,sample_000147.npz,/home/zzy/TrajectoryPlanning/distill/data/benchmark/csm/train/sample_000580.npz,csm,csm_city_street,U,packed_014,medium,medium,1,csm:train
calib,sample_000148.npz,/home/zzy/TrajectoryPlanning/distill/data/benchmark/csm/train/sample_000584.npz,csm,csm_city_street,U,packed_014,simple,easy,1,csm:train
calib,sample_000149.npz,/home/zzy/TrajectoryPlanning/distill/data/benchmark/csm/train/sample_000594.npz,csm,csm_city_street,U,packed_014,simple,easy,1,csm:train
calib,sample_000150.npz,/home/zzy/TrajectoryPlanning/distill/data/benchmark/csm/train/sample_000596.npz,csm,csm_city_street,U,packed_014,simple,easy,1,csm:train
calib,sample_000151.npz,/home/zzy/TrajectoryPlanning/distill/data/benchmark/csm/train/sample_000597.npz,csm,csm_city_street,U,packed_014,simple,easy,1,csm:train
calib,sample_000152.npz,/home/zzy/TrajectoryPlanning/distill/data/benchmark/csm/train/sample_000598.npz,csm,csm_city_street,U,packed_014,simple,easy,1,csm:train
calib,sample_000153.npz,/home/zzy/TrajectoryPlanning/distill/data/benchmark/csm/train/sample_000601.npz,csm,csm_city_street,U,packed_015,medium,medium,1,csm:train
calib,sample_000154.npz,/home/zzy/TrajectoryPlanning/distill/data/benchmark/csm/train/sample_000606.npz,csm,csm_city_street,U,packed_015,medium,medium,1,csm:train
calib,sample_000155.npz,/home/zzy/TrajectoryPlanning/distill/data/benchmark/csm/train/sample_000609.npz,csm,csm_city_street,U,packed_015,simple,easy,1,csm:train
calib,sample_000156.npz,/home/zzy/TrajectoryPlanning/distill/data/benchmark/csm/train/sample_000610.npz,csm,csm_city_street,U,packed_015,medium,medium,1,csm:train
calib,sample_000157.npz,/home/zzy/TrajectoryPlanning/distill/data/benchmark/csm/train/sample_000614.npz,csm,csm_city_street,U,packed_015,simple,easy,1,csm:train
calib,sample_000158.npz,/home/zzy/TrajectoryPlanning/distill/data/benchmark/csm/train/sample_000617.npz,csm,csm_city_street,U,packed_015,simple,easy,1,csm:train
calib,sample_000159.npz,/home/zzy/TrajectoryPlanning/distill/data/benchmark/csm/train/sample_000624.npz,csm,csm_city_street,U,packed_015,simple,easy,1,csm:train
calib,sample_000160.npz,/home/zzy/TrajectoryPlanning/distill/data/benchmark/csm/train/sample_000627.npz,csm,csm_city_street,U,packed_015,medium,medium,1,csm:train
calib,sample_000161.npz,/home/zzy/TrajectoryPlanning/distill/data/benchmark/csm/train/sample_000629.npz,csm,csm_city_street,U,packed_015,medium,medium,1,csm:train
calib,sample_000162.npz,/home/zzy/TrajectoryPlanning/distill/data/benchmark/csm/train/sample_000630.npz,csm,csm_city_street,U,packed_015,simple,easy,1,csm:train
calib,sample_000163.npz,/home/zzy/TrajectoryPlanning/distill/data/benchmark/csm/train/sample_000631.npz,csm,csm_city_street,U,packed_015,medium,medium,1,csm:train
calib,sample_000164.npz,/home/zzy/TrajectoryPlanning/distill/data/benchmark/csm/train/sample_000633.npz,csm,csm_city_street,U,packed_015,medium,medium,1,csm:train
calib,sample_000165.npz,/home/zzy/TrajectoryPlanning/distill/data/benchmark/csm/train/sample_000635.npz,csm,csm_city_street,U,packed_015,simple,easy,1,csm:train
calib,sample_000166.npz,/home/zzy/TrajectoryPlanning/distill/data/benchmark/csm/train/sample_000637.npz,csm,csm_city_street,U,packed_015,simple,easy,1,csm:train
calib,sample_000167.npz,/home/zzy/TrajectoryPlanning/distill/data/benchmark/csm/train/sample_000641.npz,csm,csm_city_street,U,packed_016,medium,medium,1,csm:train
calib,sample_000168.npz,/home/zzy/TrajectoryPlanning/distill/data/benchmark/csm/train/sample_000643.npz,csm,csm_city_street,U,packed_016,medium,medium,1,csm:train
calib,sample_000169.npz,/home/zzy/TrajectoryPlanning/distill/data/benchmark/csm/train/sample_000649.npz,csm,csm_city_street,U,packed_016,medium,medium,1,csm:train
calib,sample_000170.npz,/home/zzy/TrajectoryPlanning/distill/data/benchmark/csm/train/sample_000652.npz,csm,csm_city_street,U,packed_016,medium,medium,1,csm:train
calib,sample_000171.npz,/home/zzy/TrajectoryPlanning/distill/data/benchmark/csm/train/sample_000655.npz,csm,csm_city_street,U,packed_016,medium,medium,1,csm:train
calib,sample_000172.npz,/home/zzy/TrajectoryPlanning/distill/data/benchmark/csm/train/sample_000656.npz,csm,csm_city_street,U,packed_016,simple,easy,1,csm:train
calib,sample_000173.npz,/home/zzy/TrajectoryPlanning/distill/data/benchmark/csm/train/sample_000664.npz,csm,csm_city_street,U,packed_016,medium,medium,1,csm:train
calib,sample_000174.npz,/home/zzy/TrajectoryPlanning/distill/data/benchmark/csm/train/sample_000665.npz,csm,csm_city_street,U,packed_016,medium,medium,1,csm:train
calib,sample_000175.npz,/home/zzy/TrajectoryPlanning/distill/data/benchmark/csm/train/sample_000667.npz,csm,csm_city_street,U,packed_016,medium,medium,1,csm:train
calib,sample_000176.npz,/home/zzy/TrajectoryPlanning/distill/data/benchmark/csm/train/sample_000671.npz,csm,csm_city_street,U,packed_016,medium,medium,1,csm:train
calib,sample_000177.npz,/home/zzy/TrajectoryPlanning/distill/data/benchmark/csm/train/sample_000672.npz,csm,csm_city_street,U,packed_016,medium,medium,1,csm:train
calib,sample_000178.npz,/home/zzy/TrajectoryPlanning/distill/data/benchmark/csm/train/sample_000673.npz,csm,csm_city_street,U,packed_016,simple,easy,1,csm:train
calib,sample_000179.npz,/home/zzy/TrajectoryPlanning/distill/data/benchmark/csm/train/sample_000684.npz,csm,csm_city_street,U,packed_017,medium,medium,1,csm:train
calib,sample_000180.npz,/home/zzy/TrajectoryPlanning/distill/data/benchmark/csm/train/sample_000688.npz,csm,csm_city_street,U,packed_017,medium,medium,1,csm:train
calib,sample_000181.npz,/home/zzy/TrajectoryPlanning/distill/data/benchmark/csm/train/sample_000689.npz,csm,csm_city_street,U,packed_017,medium,medium,1,csm:train
calib,sample_000182.npz,/home/zzy/TrajectoryPlanning/distill/data/benchmark/csm/train/sample_000697.npz,csm,csm_city_street,U,packed_017,simple,easy,1,csm:train
calib,sample_000183.npz,/home/zzy/TrajectoryPlanning/distill/data/benchmark/csm/train/sample_000700.npz,csm,csm_city_street,U,packed_017,simple,easy,1,csm:train
calib,sample_000184.npz,/home/zzy/TrajectoryPlanning/distill/data/benchmark/csm/train/sample_000702.npz,csm,csm_city_street,U,packed_017,simple,easy,1,csm:train
calib,sample_000185.npz,/home/zzy/TrajectoryPlanning/distill/data/benchmark/csm/train/sample_000709.npz,csm,csm_city_street,U,packed_017,simple,easy,1,csm:train
calib,sample_000186.npz,/home/zzy/TrajectoryPlanning/distill/data/benchmark/csm/train/sample_000712.npz,csm,csm_city_street,U,packed_017,simple,easy,1,csm:train
calib,sample_000187.npz,/home/zzy/TrajectoryPlanning/distill/data/benchmark/csm/train/sample_000721.npz,csm,csm_city_street,U,packed_018,simple,easy,1,csm:train
calib,sample_000188.npz,/home/zzy/TrajectoryPlanning/distill/data/benchmark/csm/train/sample_000724.npz,csm,csm_city_street,U,packed_018,simple,easy,1,csm:train
calib,sample_000189.npz,/home/zzy/TrajectoryPlanning/distill/data/benchmark/csm/train/sample_000725.npz,csm,csm_city_street,U,packed_018,simple,easy,1,csm:train
calib,sample_000190.npz,/home/zzy/TrajectoryPlanning/distill/data/benchmark/csm/train/sample_000727.npz,csm,csm_city_street,U,packed_018,simple,easy,1,csm:train
calib,sample_000191.npz,/home/zzy/TrajectoryPlanning/distill/data/benchmark/csm/train/sample_000732.npz,csm,csm_city_street,U,packed_018,simple,easy,1,csm:train
calib,sample_000192.npz,/home/zzy/TrajectoryPlanning/distill/data/benchmark/csm/train/sample_000738.npz,csm,csm_city_street,U,packed_018,medium,medium,1,csm:train
calib,sample_000193.npz,/home/zzy/TrajectoryPlanning/distill/data/benchmark/csm/train/sample_000742.npz,csm,csm_city_street,U,packed_018,simple,easy,1,csm:train
calib,sample_000194.npz,/home/zzy/TrajectoryPlanning/distill/data/benchmark/csm/train/sample_000750.npz,csm,csm_city_street,U,packed_018,medium,medium,1,csm:train
calib,sample_000195.npz,/home/zzy/TrajectoryPlanning/distill/data/benchmark/csm/train/sample_000775.npz,csm,csm_city_street,U,packed_019,medium,medium,1,csm:train
calib,sample_000196.npz,/home/zzy/TrajectoryPlanning/distill/data/benchmark/csm/train/sample_000778.npz,csm,csm_city_street,U,packed_019,medium,medium,1,csm:train
calib,sample_000197.npz,/home/zzy/TrajectoryPlanning/distill/data/benchmark/mp/test/sample_000201.npz,mp,alternating_gaps,U,mp_alternating_gaps,medium,medium,0,mp:test
calib,sample_000198.npz,/home/zzy/TrajectoryPlanning/distill/data/benchmark/mp/test/sample_000204.npz,mp,alternating_gaps,U,mp_alternating_gaps,medium,medium,0,mp:test
calib,sample_000199.npz,/home/zzy/TrajectoryPlanning/distill/data/benchmark/mp/test/sample_000221.npz,mp,alternating_gaps,U,mp_alternating_gaps,medium,medium,0,mp:test
calib,sample_000200.npz,/home/zzy/TrajectoryPlanning/distill/data/benchmark/mp/test/sample_000224.npz,mp,alternating_gaps,U,mp_alternating_gaps,medium,medium,0,mp:test
calib,sample_000201.npz,/home/zzy/TrajectoryPlanning/distill/data/benchmark/mp/test/sample_000232.npz,mp,alternating_gaps,U,mp_alternating_gaps,medium,medium,0,mp:test
calib,sample_000202.npz,/home/zzy/TrajectoryPlanning/distill/data/benchmark/mp/test/sample_000242.npz,mp,alternating_gaps,U,mp_alternating_gaps,medium,medium,0,mp:test
calib,sample_000203.npz,/home/zzy/TrajectoryPlanning/distill/data/benchmark/mp/test/sample_000259.npz,mp,alternating_gaps,U,mp_alternating_gaps,medium,medium,0,mp:test
calib,sample_000204.npz,/home/zzy/TrajectoryPlanning/distill/data/benchmark/mp/test/sample_000261.npz,mp,alternating_gaps,U,mp_alternating_gaps,medium,medium,0,mp:test
calib,sample_000205.npz,/home/zzy/TrajectoryPlanning/distill/data/benchmark/mp/test/sample_000278.npz,mp,alternating_gaps,U,mp_alternating_gaps,medium,medium,0,mp:test
calib,sample_000206.npz,/home/zzy/TrajectoryPlanning/distill/data/benchmark/mp/test/sample_000282.npz,mp,alternating_gaps,U,mp_alternating_gaps,medium,medium,0,mp:test
calib,sample_000207.npz,/home/zzy/TrajectoryPlanning/distill/data/benchmark/mp/test/sample_000285.npz,mp,alternating_gaps,U,mp_alternating_gaps,medium,medium,0,mp:test
calib,sample_000208.npz,/home/zzy/TrajectoryPlanning/distill/data/benchmark/mp/test/sample_000293.npz,mp,alternating_gaps,U,mp_alternating_gaps,medium,medium,0,mp:test
calib,sample_000209.npz,/home/zzy/TrajectoryPlanning/distill/data/benchmark/mp/train/sample_001601.npz,mp,alternating_gaps,U,mp_alternating_gaps,medium,medium,0,mp:train
calib,sample_000210.npz,/home/zzy/TrajectoryPlanning/distill/data/benchmark/mp/train/sample_001603.npz,mp,alternating_gaps,U,mp_alternating_gaps,medium,medium,0,mp:train
calib,sample_000211.npz,/home/zzy/TrajectoryPlanning/distill/data/benchmark/mp/train/sample_001623.npz,mp,alternating_gaps,U,mp_alternating_gaps,medium,medium,0,mp:train
calib,sample_000212.npz,/home/zzy/TrajectoryPlanning/distill/data/benchmark/mp/train/sample_001635.npz,mp,alternating_gaps,U,mp_alternating_gaps,medium,medium,0,mp:train
calib,sample_000213.npz,/home/zzy/TrajectoryPlanning/distill/data/benchmark/mp/train/sample_001636.npz,mp,alternating_gaps,U,mp_alternating_gaps,medium,medium,0,mp:train
calib,sample_000214.npz,/home/zzy/TrajectoryPlanning/distill/data/benchmark/mp/train/sample_001660.npz,mp,alternating_gaps,U,mp_alternating_gaps,medium,medium,0,mp:train
calib,sample_000215.npz,/home/zzy/TrajectoryPlanning/distill/data/benchmark/mp/train/sample_001674.npz,mp,alternating_gaps,U,mp_alternating_gaps,medium,medium,0,mp:train
calib,sample_000216.npz,/home/zzy/TrajectoryPlanning/distill/data/benchmark/mp/train/sample_001681.npz,mp,alternating_gaps,U,mp_alternating_gaps,medium,medium,0,mp:train
calib,sample_000217.npz,/home/zzy/TrajectoryPlanning/distill/data/benchmark/mp/train/sample_001702.npz,mp,alternating_gaps,U,mp_alternating_gaps,medium,medium,0,mp:train
calib,sample_000218.npz,/home/zzy/TrajectoryPlanning/distill/data/benchmark/mp/train/sample_001715.npz,mp,alternating_gaps,U,mp_alternating_gaps,medium,medium,0,mp:train
calib,sample_000219.npz,/home/zzy/TrajectoryPlanning/distill/data/benchmark/mp/train/sample_001719.npz,mp,alternating_gaps,U,mp_alternating_gaps,medium,medium,0,mp:train
calib,sample_000220.npz,/home/zzy/TrajectoryPlanning/distill/data/benchmark/mp/train/sample_001731.npz,mp,alternating_gaps,U,mp_alternating_gaps,medium,medium,0,mp:train
calib,sample_000221.npz,/home/zzy/TrajectoryPlanning/distill/data/benchmark/mp/train/sample_001740.npz,mp,alternating_gaps,U,mp_alternating_gaps,medium,medium,0,mp:train
calib,sample_000222.npz,/home/zzy/TrajectoryPlanning/distill/data/benchmark/mp/train/sample_001744.npz,mp,alternating_gaps,U,mp_alternating_gaps,medium,medium,0,mp:train
calib,sample_000223.npz,/home/zzy/TrajectoryPlanning/distill/data/benchmark/mp/train/sample_001751.npz,mp,alternating_gaps,U,mp_alternating_gaps,medium,medium,0,mp:train
calib,sample_000224.npz,/home/zzy/TrajectoryPlanning/distill/data/benchmark/mp/train/sample_001779.npz,mp,alternating_gaps,U,mp_alternating_gaps,medium,medium,0,mp:train
calib,sample_000225.npz,/home/zzy/TrajectoryPlanning/distill/data/benchmark/mp/train/sample_001785.npz,mp,alternating_gaps,U,mp_alternating_gaps,medium,medium,0,mp:train
calib,sample_000226.npz,/home/zzy/TrajectoryPlanning/distill/data/benchmark/mp/train/sample_001786.npz,mp,alternating_gaps,U,mp_alternating_gaps,medium,medium,0,mp:train
calib,sample_000227.npz,/home/zzy/TrajectoryPlanning/distill/data/benchmark/mp/train/sample_001794.npz,mp,alternating_gaps,U,mp_alternating_gaps,medium,medium,0,mp:train
calib,sample_000228.npz,/home/zzy/TrajectoryPlanning/distill/data/benchmark/mp/train/sample_001803.npz,mp,alternating_gaps,U,mp_alternating_gaps,medium,medium,0,mp:train
calib,sample_000229.npz,/home/zzy/TrajectoryPlanning/distill/data/benchmark/mp/train/sample_001806.npz,mp,alternating_gaps,U,mp_alternating_gaps,medium,medium,0,mp:train
calib,sample_000230.npz,/home/zzy/TrajectoryPlanning/distill/data/benchmark/mp/train/sample_001815.npz,mp,alternating_gaps,U,mp_alternating_gaps,medium,medium,0,mp:train
calib,sample_000231.npz,/home/zzy/TrajectoryPlanning/distill/data/benchmark/mp/train/sample_001822.npz,mp,alternating_gaps,U,mp_alternating_gaps,medium,medium,0,mp:train
calib,sample_000232.npz,/home/zzy/TrajectoryPlanning/distill/data/benchmark/mp/train/sample_001823.npz,mp,alternating_gaps,U,mp_alternating_gaps,medium,medium,0,mp:train
calib,sample_000233.npz,/home/zzy/TrajectoryPlanning/distill/data/benchmark/mp/train/sample_001839.npz,mp,alternating_gaps,U,mp_alternating_gaps,medium,medium,0,mp:train
calib,sample_000234.npz,/home/zzy/TrajectoryPlanning/distill/data/benchmark/mp/train/sample_001843.npz,mp,alternating_gaps,U,mp_alternating_gaps,medium,medium,0,mp:train
calib,sample_000235.npz,/home/zzy/TrajectoryPlanning/distill/data/benchmark/mp/train/sample_001845.npz,mp,alternating_gaps,U,mp_alternating_gaps,medium,medium,0,mp:train
calib,sample_000236.npz,/home/zzy/TrajectoryPlanning/distill/data/benchmark/mp/train/sample_001848.npz,mp,alternating_gaps,U,mp_alternating_gaps,medium,medium,0,mp:train
calib,sample_000237.npz,/home/zzy/TrajectoryPlanning/distill/data/benchmark/mp/train/sample_001850.npz,mp,alternating_gaps,U,mp_alternating_gaps,medium,medium,0,mp:train
calib,sample_000238.npz,/home/zzy/TrajectoryPlanning/distill/data/benchmark/mp/train/sample_001858.npz,mp,alternating_gaps,U,mp_alternating_gaps,medium,medium,0,mp:train
calib,sample_000239.npz,/home/zzy/TrajectoryPlanning/distill/data/benchmark/mp/train/sample_001874.npz,mp,alternating_gaps,U,mp_alternating_gaps,medium,medium,0,mp:train
calib,sample_000240.npz,/home/zzy/TrajectoryPlanning/distill/data/benchmark/mp/train/sample_001875.npz,mp,alternating_gaps,U,mp_alternating_gaps,medium,medium,0,mp:train
calib,sample_000241.npz,/home/zzy/TrajectoryPlanning/distill/data/benchmark/mp/train/sample_001877.npz,mp,alternating_gaps,U,mp_alternating_gaps,medium,medium,0,mp:train
calib,sample_000242.npz,/home/zzy/TrajectoryPlanning/distill/data/benchmark/mp/train/sample_001887.npz,mp,alternating_gaps,U,mp_alternating_gaps,medium,medium,0,mp:train
calib,sample_000243.npz,/home/zzy/TrajectoryPlanning/distill/data/benchmark/mp/train/sample_001892.npz,mp,alternating_gaps,U,mp_alternating_gaps,medium,medium,0,mp:train
calib,sample_000244.npz,/home/zzy/TrajectoryPlanning/distill/data/benchmark/mp/train/sample_001893.npz,mp,alternating_gaps,U,mp_alternating_gaps,medium,medium,0,mp:train
calib,sample_000245.npz,/home/zzy/TrajectoryPlanning/distill/data/benchmark/mp/train/sample_001925.npz,mp,alternating_gaps,U,mp_alternating_gaps,medium,medium,0,mp:train
calib,sample_000246.npz,/home/zzy/TrajectoryPlanning/distill/data/benchmark/mp/train/sample_001928.npz,mp,alternating_gaps,U,mp_alternating_gaps,medium,medium,0,mp:train
calib,sample_000247.npz,/home/zzy/TrajectoryPlanning/distill/data/benchmark/mp/train/sample_001934.npz,mp,alternating_gaps,U,mp_alternating_gaps,medium,medium,0,mp:train
calib,sample_000248.npz,/home/zzy/TrajectoryPlanning/distill/data/benchmark/mp/train/sample_001946.npz,mp,alternating_gaps,U,mp_alternating_gaps,medium,medium,0,mp:train
calib,sample_000249.npz,/home/zzy/TrajectoryPlanning/distill/data/benchmark/mp/train/sample_001947.npz,mp,alternating_gaps,U,mp_alternating_gaps,medium,medium,0,mp:train
calib,sample_000250.npz,/home/zzy/TrajectoryPlanning/distill/data/benchmark/mp/train/sample_001951.npz,mp,alternating_gaps,U,mp_alternating_gaps,medium,medium,0,mp:train
calib,sample_000251.npz,/home/zzy/TrajectoryPlanning/distill/data/benchmark/mp/train/sample_001962.npz,mp,alternating_gaps,U,mp_alternating_gaps,medium,medium,0,mp:train
calib,sample_000252.npz,/home/zzy/TrajectoryPlanning/distill/data/benchmark/mp/train/sample_001977.npz,mp,alternating_gaps,U,mp_alternating_gaps,medium,medium,0,mp:train
calib,sample_000253.npz,/home/zzy/TrajectoryPlanning/distill/data/benchmark/mp/train/sample_001991.npz,mp,alternating_gaps,U,mp_alternating_gaps,medium,medium,0,mp:train
calib,sample_000254.npz,/home/zzy/TrajectoryPlanning/distill/data/benchmark/mp/train/sample_001995.npz,mp,alternating_gaps,U,mp_alternating_gaps,medium,medium,0,mp:train
calib,sample_000255.npz,/home/zzy/TrajectoryPlanning/distill/data/benchmark/mp/train/sample_002010.npz,mp,alternating_gaps,U,mp_alternating_gaps,medium,medium,0,mp:train
calib,sample_000256.npz,/home/zzy/TrajectoryPlanning/distill/data/benchmark/mp/train/sample_002024.npz,mp,alternating_gaps,U,mp_alternating_gaps,medium,medium,0,mp:train
calib,sample_000257.npz,/home/zzy/TrajectoryPlanning/distill/data/benchmark/mp/train/sample_002035.npz,mp,alternating_gaps,U,mp_alternating_gaps,medium,medium,0,mp:train
calib,sample_000258.npz,/home/zzy/TrajectoryPlanning/distill/data/benchmark/mp/train/sample_002039.npz,mp,alternating_gaps,U,mp_alternating_gaps,medium,medium,0,mp:train
calib,sample_000259.npz,/home/zzy/TrajectoryPlanning/distill/data/benchmark/mp/train/sample_002040.npz,mp,alternating_gaps,U,mp_alternating_gaps,medium,medium,0,mp:train
calib,sample_000260.npz,/home/zzy/TrajectoryPlanning/distill/data/benchmark/mp/train/sample_002056.npz,mp,alternating_gaps,U,mp_alternating_gaps,medium,medium,0,mp:train
calib,sample_000261.npz,/home/zzy/TrajectoryPlanning/distill/data/benchmark/mp/train/sample_002064.npz,mp,alternating_gaps,U,mp_alternating_gaps,medium,medium,0,mp:train
calib,sample_000262.npz,/home/zzy/TrajectoryPlanning/distill/data/benchmark/mp/train/sample_002068.npz,mp,alternating_gaps,U,mp_alternating_gaps,medium,medium,0,mp:train
calib,sample_000263.npz,/home/zzy/TrajectoryPlanning/distill/data/benchmark/mp/train/sample_002074.npz,mp,alternating_gaps,U,mp_alternating_gaps,medium,medium,0,mp:train
calib,sample_000264.npz,/home/zzy/TrajectoryPlanning/distill/data/benchmark/mp/train/sample_002082.npz,mp,alternating_gaps,U,mp_alternating_gaps,medium,medium,0,mp:train
calib,sample_000265.npz,/home/zzy/TrajectoryPlanning/distill/data/benchmark/mp/train/sample_002087.npz,mp,alternating_gaps,U,mp_alternating_gaps,medium,medium,0,mp:train
calib,sample_000266.npz,/home/zzy/TrajectoryPlanning/distill/data/benchmark/mp/train/sample_002102.npz,mp,alternating_gaps,U,mp_alternating_gaps,medium,medium,0,mp:train
calib,sample_000267.npz,/home/zzy/TrajectoryPlanning/distill/data/benchmark/mp/train/sample_002108.npz,mp,alternating_gaps,U,mp_alternating_gaps,medium,medium,0,mp:train
calib,sample_000268.npz,/home/zzy/TrajectoryPlanning/distill/data/benchmark/mp/train/sample_002115.npz,mp,alternating_gaps,U,mp_alternating_gaps,medium,medium,0,mp:train
calib,sample_000269.npz,/home/zzy/TrajectoryPlanning/distill/data/benchmark/mp/train/sample_002118.npz,mp,alternating_gaps,U,mp_alternating_gaps,medium,medium,0,mp:train
calib,sample_000270.npz,/home/zzy/TrajectoryPlanning/distill/data/benchmark/mp/train/sample_002124.npz,mp,alternating_gaps,U,mp_alternating_gaps,medium,medium,0,mp:train
calib,sample_000271.npz,/home/zzy/TrajectoryPlanning/distill/data/benchmark/mp/train/sample_002125.npz,mp,alternating_gaps,U,mp_alternating_gaps,medium,medium,0,mp:train
calib,sample_000272.npz,/home/zzy/TrajectoryPlanning/distill/data/benchmark/mp/train/sample_002137.npz,mp,alternating_gaps,U,mp_alternating_gaps,medium,medium,0,mp:train
calib,sample_000273.npz,/home/zzy/TrajectoryPlanning/distill/data/benchmark/mp/train/sample_002142.npz,mp,alternating_gaps,U,mp_alternating_gaps,medium,medium,0,mp:train
calib,sample_000274.npz,/home/zzy/TrajectoryPlanning/distill/data/benchmark/mp/train/sample_002148.npz,mp,alternating_gaps,U,mp_alternating_gaps,medium,medium,0,mp:train
calib,sample_000275.npz,/home/zzy/TrajectoryPlanning/distill/data/benchmark/mp/train/sample_002154.npz,mp,alternating_gaps,U,mp_alternating_gaps,medium,medium,0,mp:train
calib,sample_000276.npz,/home/zzy/TrajectoryPlanning/distill/data/benchmark/mp/train/sample_002161.npz,mp,alternating_gaps,U,mp_alternating_gaps,medium,medium,0,mp:train
calib,sample_000277.npz,/home/zzy/TrajectoryPlanning/distill/data/benchmark/mp/train/sample_002167.npz,mp,alternating_gaps,U,mp_alternating_gaps,medium,medium,0,mp:train
calib,sample_000278.npz,/home/zzy/TrajectoryPlanning/distill/data/benchmark/mp/train/sample_002172.npz,mp,alternating_gaps,U,mp_alternating_gaps,medium,medium,0,mp:train
calib,sample_000279.npz,/home/zzy/TrajectoryPlanning/distill/data/benchmark/mp/train/sample_002177.npz,mp,alternating_gaps,U,mp_alternating_gaps,medium,medium,0,mp:train
calib,sample_000280.npz,/home/zzy/TrajectoryPlanning/distill/data/benchmark/mp/train/sample_002180.npz,mp,alternating_gaps,U,mp_alternating_gaps,medium,medium,0,mp:train
calib,sample_000281.npz,/home/zzy/TrajectoryPlanning/distill/data/benchmark/mp/train/sample_002186.npz,mp,alternating_gaps,U,mp_alternating_gaps,medium,medium,0,mp:train
calib,sample_000282.npz,/home/zzy/TrajectoryPlanning/distill/data/benchmark/mp/train/sample_002200.npz,mp,alternating_gaps,U,mp_alternating_gaps,medium,medium,0,mp:train
calib,sample_000283.npz,/home/zzy/TrajectoryPlanning/distill/data/benchmark/mp/train/sample_002207.npz,mp,alternating_gaps,U,mp_alternating_gaps,medium,medium,0,mp:train
calib,sample_000284.npz,/home/zzy/TrajectoryPlanning/distill/data/benchmark/mp/train/sample_002208.npz,mp,alternating_gaps,U,mp_alternating_gaps,medium,medium,0,mp:train
calib,sample_000285.npz,/home/zzy/TrajectoryPlanning/distill/data/benchmark/mp/train/sample_002212.npz,mp,alternating_gaps,U,mp_alternating_gaps,medium,medium,0,mp:train
calib,sample_000286.npz,/home/zzy/TrajectoryPlanning/distill/data/benchmark/mp/train/sample_002242.npz,mp,alternating_gaps,U,mp_alternating_gaps,medium,medium,0,mp:train
calib,sample_000287.npz,/home/zzy/TrajectoryPlanning/distill/data/benchmark/mp/train/sample_002243.npz,mp,alternating_gaps,U,mp_alternating_gaps,medium,medium,0,mp:train
calib,sample_000288.npz,/home/zzy/TrajectoryPlanning/distill/data/benchmark/mp/train/sample_002250.npz,mp,alternating_gaps,U,mp_alternating_gaps,medium,medium,0,mp:train
calib,sample_000289.npz,/home/zzy/TrajectoryPlanning/distill/data/benchmark/mp/train/sample_002254.npz,mp,alternating_gaps,U,mp_alternating_gaps,medium,medium,0,mp:train
calib,sample_000290.npz,/home/zzy/TrajectoryPlanning/distill/data/benchmark/mp/train/sample_002255.npz,mp,alternating_gaps,U,mp_alternating_gaps,medium,medium,0,mp:train
calib,sample_000291.npz,/home/zzy/TrajectoryPlanning/distill/data/benchmark/mp/train/sample_002258.npz,mp,alternating_gaps,U,mp_alternating_gaps,medium,medium,0,mp:train
calib,sample_000292.npz,/home/zzy/TrajectoryPlanning/distill/data/benchmark/mp/train/sample_002259.npz,mp,alternating_gaps,U,mp_alternating_gaps,medium,medium,0,mp:train
calib,sample_000293.npz,/home/zzy/TrajectoryPlanning/distill/data/benchmark/mp/train/sample_002263.npz,mp,alternating_gaps,U,mp_alternating_gaps,medium,medium,0,mp:train
calib,sample_000294.npz,/home/zzy/TrajectoryPlanning/distill/data/benchmark/mp/train/sample_002269.npz,mp,alternating_gaps,U,mp_alternating_gaps,medium,medium,0,mp:train
calib,sample_000295.npz,/home/zzy/TrajectoryPlanning/distill/data/benchmark/mp/train/sample_002272.npz,mp,alternating_gaps,U,mp_alternating_gaps,medium,medium,0,mp:train
calib,sample_000296.npz,/home/zzy/TrajectoryPlanning/distill/data/benchmark/mp/train/sample_002273.npz,mp,alternating_gaps,U,mp_alternating_gaps,medium,medium,0,mp:train
calib,sample_000297.npz,/home/zzy/TrajectoryPlanning/distill/data/benchmark/mp/train/sample_002275.npz,mp,alternating_gaps,U,mp_alternating_gaps,medium,medium,0,mp:train
calib,sample_000298.npz,/home/zzy/TrajectoryPlanning/distill/data/benchmark/mp/train/sample_002286.npz,mp,alternating_gaps,U,mp_alternating_gaps,medium,medium,0,mp:train
calib,sample_000299.npz,/home/zzy/TrajectoryPlanning/distill/data/benchmark/mp/train/sample_002290.npz,mp,alternating_gaps,U,mp_alternating_gaps,medium,medium,0,mp:train
calib,sample_000300.npz,/home/zzy/TrajectoryPlanning/distill/data/benchmark/mp/train/sample_002291.npz,mp,alternating_gaps,U,mp_alternating_gaps,medium,medium,0,mp:train
calib,sample_000301.npz,/home/zzy/TrajectoryPlanning/distill/data/benchmark/mp/train/sample_002296.npz,mp,alternating_gaps,U,mp_alternating_gaps,medium,medium,0,mp:train
calib,sample_000302.npz,/home/zzy/TrajectoryPlanning/distill/data/benchmark/mp/train/sample_002303.npz,mp,alternating_gaps,U,mp_alternating_gaps,medium,medium,0,mp:train
calib,sample_000303.npz,/home/zzy/TrajectoryPlanning/distill/data/benchmark/mp/train/sample_002311.npz,mp,alternating_gaps,U,mp_alternating_gaps,medium,medium,0,mp:train
calib,sample_000304.npz,/home/zzy/TrajectoryPlanning/distill/data/benchmark/mp/train/sample_002314.npz,mp,alternating_gaps,U,mp_alternating_gaps,medium,medium,0,mp:train
calib,sample_000305.npz,/home/zzy/TrajectoryPlanning/distill/data/benchmark/mp/train/sample_002315.npz,mp,alternating_gaps,U,mp_alternating_gaps,medium,medium,0,mp:train
calib,sample_000306.npz,/home/zzy/TrajectoryPlanning/distill/data/benchmark/mp/train/sample_002338.npz,mp,alternating_gaps,U,mp_alternating_gaps,medium,medium,0,mp:train
calib,sample_000307.npz,/home/zzy/TrajectoryPlanning/distill/data/benchmark/mp/train/sample_002347.npz,mp,alternating_gaps,U,mp_alternating_gaps,medium,medium,0,mp:train
calib,sample_000308.npz,/home/zzy/TrajectoryPlanning/distill/data/benchmark/mp/train/sample_002348.npz,mp,alternating_gaps,U,mp_alternating_gaps,medium,medium,0,mp:train
calib,sample_000309.npz,/home/zzy/TrajectoryPlanning/distill/data/benchmark/mp/train/sample_002354.npz,mp,alternating_gaps,U,mp_alternating_gaps,medium,medium,0,mp:train
calib,sample_000310.npz,/home/zzy/TrajectoryPlanning/distill/data/benchmark/mp/train/sample_002366.npz,mp,alternating_gaps,U,mp_alternating_gaps,medium,medium,0,mp:train
calib,sample_000311.npz,/home/zzy/TrajectoryPlanning/distill/data/benchmark/mp/train/sample_002373.npz,mp,alternating_gaps,U,mp_alternating_gaps,medium,medium,0,mp:train
calib,sample_000312.npz,/home/zzy/TrajectoryPlanning/distill/data/benchmark/mp/train/sample_002381.npz,mp,alternating_gaps,U,mp_alternating_gaps,medium,medium,0,mp:train
calib,sample_000313.npz,/home/zzy/TrajectoryPlanning/distill/data/benchmark/mp/train/sample_002392.npz,mp,alternating_gaps,U,mp_alternating_gaps,medium,medium,0,mp:train
calib,sample_000314.npz,/home/zzy/TrajectoryPlanning/distill/data/benchmark/mp/train/sample_002399.npz,mp,alternating_gaps,U,mp_alternating_gaps,medium,medium,0,mp:train
calib,sample_000315.npz,/home/zzy/TrajectoryPlanning/distill/data/benchmark/mp/test/sample_000705.npz,mp,bugtrap_forest,U,mp_bugtrap_forest,hard,hard,0,mp:test
calib,sample_000316.npz,/home/zzy/TrajectoryPlanning/distill/data/benchmark/mp/test/sample_000707.npz,mp,bugtrap_forest,U,mp_bugtrap_forest,hard,hard,0,mp:test
calib,sample_000317.npz,/home/zzy/TrajectoryPlanning/distill/data/benchmark/mp/test/sample_000709.npz,mp,bugtrap_forest,U,mp_bugtrap_forest,hard,hard,0,mp:test
calib,sample_000318.npz,/home/zzy/TrajectoryPlanning/distill/data/benchmark/mp/test/sample_000712.npz,mp,bugtrap_forest,U,mp_bugtrap_forest,hard,hard,0,mp:test
calib,sample_000319.npz,/home/zzy/TrajectoryPlanning/distill/data/benchmark/mp/test/sample_000713.npz,mp,bugtrap_forest,U,mp_bugtrap_forest,hard,hard,0,mp:test
calib,sample_000320.npz,/home/zzy/TrajectoryPlanning/distill/data/benchmark/mp/test/sample_000723.npz,mp,bugtrap_forest,U,mp_bugtrap_forest,hard,hard,0,mp:test
calib,sample_000321.npz,/home/zzy/TrajectoryPlanning/distill/data/benchmark/mp/test/sample_000725.npz,mp,bugtrap_forest,U,mp_bugtrap_forest,hard,hard,0,mp:test
calib,sample_000322.npz,/home/zzy/TrajectoryPlanning/distill/data/benchmark/mp/test/sample_000737.npz,mp,bugtrap_forest,U,mp_bugtrap_forest,hard,hard,0,mp:test
calib,sample_000323.npz,/home/zzy/TrajectoryPlanning/distill/data/benchmark/mp/test/sample_000746.npz,mp,bugtrap_forest,U,mp_bugtrap_forest,hard,hard,0,mp:test
calib,sample_000324.npz,/home/zzy/TrajectoryPlanning/distill/data/benchmark/mp/test/sample_000750.npz,mp,bugtrap_forest,U,mp_bugtrap_forest,hard,hard,0,mp:test
calib,sample_000325.npz,/home/zzy/TrajectoryPlanning/distill/data/benchmark/mp/test/sample_000755.npz,mp,bugtrap_forest,U,mp_bugtrap_forest,hard,hard,0,mp:test
calib,sample_000326.npz,/home/zzy/TrajectoryPlanning/distill/data/benchmark/mp/test/sample_000759.npz,mp,bugtrap_forest,U,mp_bugtrap_forest,hard,hard,0,mp:test
calib,sample_000327.npz,/home/zzy/TrajectoryPlanning/distill/data/benchmark/mp/test/sample_000762.npz,mp,bugtrap_forest,U,mp_bugtrap_forest,hard,hard,0,mp:test
calib,sample_000328.npz,/home/zzy/TrajectoryPlanning/distill/data/benchmark/mp/test/sample_000764.npz,mp,bugtrap_forest,U,mp_bugtrap_forest,hard,hard,0,mp:test
calib,sample_000329.npz,/home/zzy/TrajectoryPlanning/distill/data/benchmark/mp/test/sample_000767.npz,mp,bugtrap_forest,U,mp_bugtrap_forest,hard,hard,0,mp:test
calib,sample_000330.npz,/home/zzy/TrajectoryPlanning/distill/data/benchmark/mp/test/sample_000784.npz,mp,bugtrap_forest,U,mp_bugtrap_forest,hard,hard,0,mp:test
calib,sample_000331.npz,/home/zzy/TrajectoryPlanning/distill/data/benchmark/mp/test/sample_000790.npz,mp,bugtrap_forest,U,mp_bugtrap_forest,hard,hard,0,mp:test
calib,sample_000332.npz,/home/zzy/TrajectoryPlanning/distill/data/benchmark/mp/train/sample_005608.npz,mp,bugtrap_forest,U,mp_bugtrap_forest,hard,hard,0,mp:train
calib,sample_000333.npz,/home/zzy/TrajectoryPlanning/distill/data/benchmark/mp/train/sample_005615.npz,mp,bugtrap_forest,U,mp_bugtrap_forest,hard,hard,0,mp:train
calib,sample_000334.npz,/home/zzy/TrajectoryPlanning/distill/data/benchmark/mp/train/sample_005620.npz,mp,bugtrap_forest,U,mp_bugtrap_forest,hard,hard,0,mp:train
calib,sample_000335.npz,/home/zzy/TrajectoryPlanning/distill/data/benchmark/mp/train/sample_005623.npz,mp,bugtrap_forest,U,mp_bugtrap_forest,hard,hard,0,mp:train
calib,sample_000336.npz,/home/zzy/TrajectoryPlanning/distill/data/benchmark/mp/train/sample_005634.npz,mp,bugtrap_forest,U,mp_bugtrap_forest,hard,hard,0,mp:train
calib,sample_000337.npz,/home/zzy/TrajectoryPlanning/distill/data/benchmark/mp/train/sample_005636.npz,mp,bugtrap_forest,U,mp_bugtrap_forest,hard,hard,0,mp:train
calib,sample_000338.npz,/home/zzy/TrajectoryPlanning/distill/data/benchmark/mp/train/sample_005645.npz,mp,bugtrap_forest,U,mp_bugtrap_forest,hard,hard,0,mp:train
calib,sample_000339.npz,/home/zzy/TrajectoryPlanning/distill/data/benchmark/mp/train/sample_005647.npz,mp,bugtrap_forest,U,mp_bugtrap_forest,hard,hard,0,mp:train
calib,sample_000340.npz,/home/zzy/TrajectoryPlanning/distill/data/benchmark/mp/train/sample_005660.npz,mp,bugtrap_forest,U,mp_bugtrap_forest,hard,hard,0,mp:train
calib,sample_000341.npz,/home/zzy/TrajectoryPlanning/distill/data/benchmark/mp/train/sample_005661.npz,mp,bugtrap_forest,U,mp_bugtrap_forest,hard,hard,0,mp:train
calib,sample_000342.npz,/home/zzy/TrajectoryPlanning/distill/data/benchmark/mp/train/sample_005666.npz,mp,bugtrap_forest,U,mp_bugtrap_forest,hard,hard,0,mp:train
calib,sample_000343.npz,/home/zzy/TrajectoryPlanning/distill/data/benchmark/mp/train/sample_005670.npz,mp,bugtrap_forest,U,mp_bugtrap_forest,hard,hard,0,mp:train
calib,sample_000344.npz,/home/zzy/TrajectoryPlanning/distill/data/benchmark/mp/train/sample_005672.npz,mp,bugtrap_forest,U,mp_bugtrap_forest,hard,hard,0,mp:train
calib,sample_000345.npz,/home/zzy/TrajectoryPlanning/distill/data/benchmark/mp/train/sample_005679.npz,mp,bugtrap_forest,U,mp_bugtrap_forest,hard,hard,0,mp:train
calib,sample_000346.npz,/home/zzy/TrajectoryPlanning/distill/data/benchmark/mp/train/sample_005687.npz,mp,bugtrap_forest,U,mp_bugtrap_forest,hard,hard,0,mp:train
calib,sample_000347.npz,/home/zzy/TrajectoryPlanning/distill/data/benchmark/mp/train/sample_005695.npz,mp,bugtrap_forest,U,mp_bugtrap_forest,hard,hard,0,mp:train
calib,sample_000348.npz,/home/zzy/TrajectoryPlanning/distill/data/benchmark/mp/train/sample_005700.npz,mp,bugtrap_forest,U,mp_bugtrap_forest,hard,hard,0,mp:train
calib,sample_000349.npz,/home/zzy/TrajectoryPlanning/distill/data/benchmark/mp/train/sample_005703.npz,mp,bugtrap_forest,U,mp_bugtrap_forest,hard,hard,0,mp:train
calib,sample_000350.npz,/home/zzy/TrajectoryPlanning/distill/data/benchmark/mp/train/sample_005706.npz,mp,bugtrap_forest,U,mp_bugtrap_forest,hard,hard,0,mp:train
calib,sample_000351.npz,/home/zzy/TrajectoryPlanning/distill/data/benchmark/mp/train/sample_005711.npz,mp,bugtrap_forest,U,mp_bugtrap_forest,hard,hard,0,mp:train
calib,sample_000352.npz,/home/zzy/TrajectoryPlanning/distill/data/benchmark/mp/train/sample_005732.npz,mp,bugtrap_forest,U,mp_bugtrap_forest,hard,hard,0,mp:train
calib,sample_000353.npz,/home/zzy/TrajectoryPlanning/distill/data/benchmark/mp/train/sample_005734.npz,mp,bugtrap_forest,U,mp_bugtrap_forest,hard,hard,0,mp:train
calib,sample_000354.npz,/home/zzy/TrajectoryPlanning/distill/data/benchmark/mp/train/sample_005737.npz,mp,bugtrap_forest,U,mp_bugtrap_forest,hard,hard,0,mp:train
calib,sample_000355.npz,/home/zzy/TrajectoryPlanning/distill/data/benchmark/mp/train/sample_005750.npz,mp,bugtrap_forest,U,mp_bugtrap_forest,hard,hard,0,mp:train
calib,sample_000356.npz,/home/zzy/TrajectoryPlanning/distill/data/benchmark/mp/train/sample_005760.npz,mp,bugtrap_forest,U,mp_bugtrap_forest,hard,hard,0,mp:train
calib,sample_000357.npz,/home/zzy/TrajectoryPlanning/distill/data/benchmark/mp/train/sample_005765.npz,mp,bugtrap_forest,U,mp_bugtrap_forest,hard,hard,0,mp:train
calib,sample_000358.npz,/home/zzy/TrajectoryPlanning/distill/data/benchmark/mp/train/sample_005766.npz,mp,bugtrap_forest,U,mp_bugtrap_forest,hard,hard,0,mp:train
calib,sample_000359.npz,/home/zzy/TrajectoryPlanning/distill/data/benchmark/mp/train/sample_005772.npz,mp,bugtrap_forest,U,mp_bugtrap_forest,hard,hard,0,mp:train
calib,sample_000360.npz,/home/zzy/TrajectoryPlanning/distill/data/benchmark/mp/train/sample_005774.npz,mp,bugtrap_forest,U,mp_bugtrap_forest,hard,hard,0,mp:train
calib,sample_000361.npz,/home/zzy/TrajectoryPlanning/distill/data/benchmark/mp/train/sample_005777.npz,mp,bugtrap_forest,U,mp_bugtrap_forest,hard,hard,0,mp:train
calib,sample_000362.npz,/home/zzy/TrajectoryPlanning/distill/data/benchmark/mp/train/sample_005779.npz,mp,bugtrap_forest,U,mp_bugtrap_forest,hard,hard,0,mp:train
calib,sample_000363.npz,/home/zzy/TrajectoryPlanning/distill/data/benchmark/mp/train/sample_005780.npz,mp,bugtrap_forest,U,mp_bugtrap_forest,hard,hard,0,mp:train
calib,sample_000364.npz,/home/zzy/TrajectoryPlanning/distill/data/benchmark/mp/train/sample_005783.npz,mp,bugtrap_forest,U,mp_bugtrap_forest,hard,hard,0,mp:train
calib,sample_000365.npz,/home/zzy/TrajectoryPlanning/distill/data/benchmark/mp/train/sample_005797.npz,mp,bugtrap_forest,U,mp_bugtrap_forest,hard,hard,0,mp:train
calib,sample_000366.npz,/home/zzy/TrajectoryPlanning/distill/data/benchmark/mp/train/sample_005800.npz,mp,bugtrap_forest,U,mp_bugtrap_forest,hard,hard,0,mp:train
calib,sample_000367.npz,/home/zzy/TrajectoryPlanning/distill/data/benchmark/mp/train/sample_005803.npz,mp,bugtrap_forest,U,mp_bugtrap_forest,hard,hard,0,mp:train
calib,sample_000368.npz,/home/zzy/TrajectoryPlanning/distill/data/benchmark/mp/train/sample_005810.npz,mp,bugtrap_forest,U,mp_bugtrap_forest,hard,hard,0,mp:train
calib,sample_000369.npz,/home/zzy/TrajectoryPlanning/distill/data/benchmark/mp/train/sample_005821.npz,mp,bugtrap_forest,U,mp_bugtrap_forest,hard,hard,0,mp:train
calib,sample_000370.npz,/home/zzy/TrajectoryPlanning/distill/data/benchmark/mp/train/sample_005823.npz,mp,bugtrap_forest,U,mp_bugtrap_forest,hard,hard,0,mp:train
calib,sample_000371.npz,/home/zzy/TrajectoryPlanning/distill/data/benchmark/mp/train/sample_005829.npz,mp,bugtrap_forest,U,mp_bugtrap_forest,hard,hard,0,mp:train
calib,sample_000372.npz,/home/zzy/TrajectoryPlanning/distill/data/benchmark/mp/train/sample_005839.npz,mp,bugtrap_forest,U,mp_bugtrap_forest,hard,hard,0,mp:train
calib,sample_000373.npz,/home/zzy/TrajectoryPlanning/distill/data/benchmark/mp/train/sample_005853.npz,mp,bugtrap_forest,U,mp_bugtrap_forest,hard,hard,0,mp:train
calib,sample_000374.npz,/home/zzy/TrajectoryPlanning/distill/data/benchmark/mp/train/sample_005866.npz,mp,bugtrap_forest,U,mp_bugtrap_forest,hard,hard,0,mp:train
calib,sample_000375.npz,/home/zzy/TrajectoryPlanning/distill/data/benchmark/mp/train/sample_005876.npz,mp,bugtrap_forest,U,mp_bugtrap_forest,hard,hard,0,mp:train
calib,sample_000376.npz,/home/zzy/TrajectoryPlanning/distill/data/benchmark/mp/train/sample_005879.npz,mp,bugtrap_forest,U,mp_bugtrap_forest,hard,hard,0,mp:train
calib,sample_000377.npz,/home/zzy/TrajectoryPlanning/distill/data/benchmark/mp/train/sample_005888.npz,mp,bugtrap_forest,U,mp_bugtrap_forest,hard,hard,0,mp:train
calib,sample_000378.npz,/home/zzy/TrajectoryPlanning/distill/data/benchmark/mp/train/sample_005895.npz,mp,bugtrap_forest,U,mp_bugtrap_forest,hard,hard,0,mp:train
calib,sample_000379.npz,/home/zzy/TrajectoryPlanning/distill/data/benchmark/mp/train/sample_005902.npz,mp,bugtrap_forest,U,mp_bugtrap_forest,hard,hard,0,mp:train
calib,sample_000380.npz,/home/zzy/TrajectoryPlanning/distill/data/benchmark/mp/train/sample_005908.npz,mp,bugtrap_forest,U,mp_bugtrap_forest,hard,hard,0,mp:train
calib,sample_000381.npz,/home/zzy/TrajectoryPlanning/distill/data/benchmark/mp/train/sample_005916.npz,mp,bugtrap_forest,U,mp_bugtrap_forest,hard,hard,0,mp:train
calib,sample_000382.npz,/home/zzy/TrajectoryPlanning/distill/data/benchmark/mp/train/sample_005917.npz,mp,bugtrap_forest,U,mp_bugtrap_forest,hard,hard,0,mp:train
calib,sample_000383.npz,/home/zzy/TrajectoryPlanning/distill/data/benchmark/mp/train/sample_005926.npz,mp,bugtrap_forest,U,mp_bugtrap_forest,hard,hard,0,mp:train
calib,sample_000384.npz,/home/zzy/TrajectoryPlanning/distill/data/benchmark/mp/train/sample_005929.npz,mp,bugtrap_forest,U,mp_bugtrap_forest,hard,hard,0,mp:train
calib,sample_000385.npz,/home/zzy/TrajectoryPlanning/distill/data/benchmark/mp/train/sample_005942.npz,mp,bugtrap_forest,U,mp_bugtrap_forest,hard,hard,0,mp:train
calib,sample_000386.npz,/home/zzy/TrajectoryPlanning/distill/data/benchmark/mp/train/sample_005945.npz,mp,bugtrap_forest,U,mp_bugtrap_forest,hard,hard,0,mp:train
calib,sample_000387.npz,/home/zzy/TrajectoryPlanning/distill/data/benchmark/mp/train/sample_005947.npz,mp,bugtrap_forest,U,mp_bugtrap_forest,hard,hard,0,mp:train
calib,sample_000388.npz,/home/zzy/TrajectoryPlanning/distill/data/benchmark/mp/train/sample_005962.npz,mp,bugtrap_forest,U,mp_bugtrap_forest,hard,hard,0,mp:train
calib,sample_000389.npz,/home/zzy/TrajectoryPlanning/distill/data/benchmark/mp/train/sample_005975.npz,mp,bugtrap_forest,U,mp_bugtrap_forest,hard,hard,0,mp:train
calib,sample_000390.npz,/home/zzy/TrajectoryPlanning/distill/data/benchmark/mp/train/sample_005996.npz,mp,bugtrap_forest,U,mp_bugtrap_forest,hard,hard,0,mp:train
calib,sample_000391.npz,/home/zzy/TrajectoryPlanning/distill/data/benchmark/mp/train/sample_006012.npz,mp,bugtrap_forest,U,mp_bugtrap_forest,hard,hard,0,mp:train
calib,sample_000392.npz,/home/zzy/TrajectoryPlanning/distill/data/benchmark/mp/train/sample_006016.npz,mp,bugtrap_forest,U,mp_bugtrap_forest,hard,hard,0,mp:train
calib,sample_000393.npz,/home/zzy/TrajectoryPlanning/distill/data/benchmark/mp/train/sample_006017.npz,mp,bugtrap_forest,U,mp_bugtrap_forest,hard,hard,0,mp:train
calib,sample_000394.npz,/home/zzy/TrajectoryPlanning/distill/data/benchmark/mp/train/sample_006022.npz,mp,bugtrap_forest,U,mp_bugtrap_forest,hard,hard,0,mp:train
calib,sample_000395.npz,/home/zzy/TrajectoryPlanning/distill/data/benchmark/mp/train/sample_006024.npz,mp,bugtrap_forest,U,mp_bugtrap_forest,hard,hard,0,mp:train
calib,sample_000396.npz,/home/zzy/TrajectoryPlanning/distill/data/benchmark/mp/train/sample_006030.npz,mp,bugtrap_forest,U,mp_bugtrap_forest,hard,hard,0,mp:train
calib,sample_000397.npz,/home/zzy/TrajectoryPlanning/distill/data/benchmark/mp/train/sample_006036.npz,mp,bugtrap_forest,U,mp_bugtrap_forest,hard,hard,0,mp:train
calib,sample_000398.npz,/home/zzy/TrajectoryPlanning/distill/data/benchmark/mp/train/sample_006040.npz,mp,bugtrap_forest,U,mp_bugtrap_forest,hard,hard,0,mp:train
calib,sample_000399.npz,/home/zzy/TrajectoryPlanning/distill/data/benchmark/mp/train/sample_006044.npz,mp,bugtrap_forest,U,mp_bugtrap_forest,hard,hard,0,mp:train
calib,sample_000400.npz,/home/zzy/TrajectoryPlanning/distill/data/benchmark/mp/train/sample_006054.npz,mp,bugtrap_forest,U,mp_bugtrap_forest,hard,hard,0,mp:train
calib,sample_000401.npz,/home/zzy/TrajectoryPlanning/distill/data/benchmark/mp/train/sample_006068.npz,mp,bugtrap_forest,U,mp_bugtrap_forest,hard,hard,0,mp:train
calib,sample_000402.npz,/home/zzy/TrajectoryPlanning/distill/data/benchmark/mp/train/sample_006069.npz,mp,bugtrap_forest,U,mp_bugtrap_forest,hard,hard,0,mp:train
calib,sample_000403.npz,/home/zzy/TrajectoryPlanning/distill/data/benchmark/mp/train/sample_006108.npz,mp,bugtrap_forest,U,mp_bugtrap_forest,hard,hard,0,mp:train
calib,sample_000404.npz,/home/zzy/TrajectoryPlanning/distill/data/benchmark/mp/train/sample_006112.npz,mp,bugtrap_forest,U,mp_bugtrap_forest,hard,hard,0,mp:train
calib,sample_000405.npz,/home/zzy/TrajectoryPlanning/distill/data/benchmark/mp/train/sample_006126.npz,mp,bugtrap_forest,U,mp_bugtrap_forest,hard,hard,0,mp:train
calib,sample_000406.npz,/home/zzy/TrajectoryPlanning/distill/data/benchmark/mp/train/sample_006131.npz,mp,bugtrap_forest,U,mp_bugtrap_forest,hard,hard,0,mp:train
calib,sample_000407.npz,/home/zzy/TrajectoryPlanning/distill/data/benchmark/mp/train/sample_006136.npz,mp,bugtrap_forest,U,mp_bugtrap_forest,hard,hard,0,mp:train
calib,sample_000408.npz,/home/zzy/TrajectoryPlanning/distill/data/benchmark/mp/train/sample_006142.npz,mp,bugtrap_forest,U,mp_bugtrap_forest,hard,hard,0,mp:train
calib,sample_000409.npz,/home/zzy/TrajectoryPlanning/distill/data/benchmark/mp/train/sample_006143.npz,mp,bugtrap_forest,U,mp_bugtrap_forest,hard,hard,0,mp:train
calib,sample_000410.npz,/home/zzy/TrajectoryPlanning/distill/data/benchmark/mp/train/sample_006147.npz,mp,bugtrap_forest,U,mp_bugtrap_forest,hard,hard,0,mp:train
calib,sample_000411.npz,/home/zzy/TrajectoryPlanning/distill/data/benchmark/mp/train/sample_006155.npz,mp,bugtrap_forest,U,mp_bugtrap_forest,hard,hard,0,mp:train
calib,sample_000412.npz,/home/zzy/TrajectoryPlanning/distill/data/benchmark/mp/train/sample_006158.npz,mp,bugtrap_forest,U,mp_bugtrap_forest,hard,hard,0,mp:train
calib,sample_000413.npz,/home/zzy/TrajectoryPlanning/distill/data/benchmark/mp/train/sample_006168.npz,mp,bugtrap_forest,U,mp_bugtrap_forest,hard,hard,0,mp:train
calib,sample_000414.npz,/home/zzy/TrajectoryPlanning/distill/data/benchmark/mp/train/sample_006180.npz,mp,bugtrap_forest,U,mp_bugtrap_forest,hard,hard,0,mp:train
calib,sample_000415.npz,/home/zzy/TrajectoryPlanning/distill/data/benchmark/mp/train/sample_006187.npz,mp,bugtrap_forest,U,mp_bugtrap_forest,hard,hard,0,mp:train
calib,sample_000416.npz,/home/zzy/TrajectoryPlanning/distill/data/benchmark/mp/train/sample_006193.npz,mp,bugtrap_forest,U,mp_bugtrap_forest,hard,hard,0,mp:train
calib,sample_000417.npz,/home/zzy/TrajectoryPlanning/distill/data/benchmark/mp/train/sample_006194.npz,mp,bugtrap_forest,U,mp_bugtrap_forest,hard,hard,0,mp:train
calib,sample_000418.npz,/home/zzy/TrajectoryPlanning/distill/data/benchmark/mp/train/sample_006195.npz,mp,bugtrap_forest,U,mp_bugtrap_forest,hard,hard,0,mp:train
calib,sample_000419.npz,/home/zzy/TrajectoryPlanning/distill/data/benchmark/mp/train/sample_006201.npz,mp,bugtrap_forest,U,mp_bugtrap_forest,hard,hard,0,mp:train
calib,sample_000420.npz,/home/zzy/TrajectoryPlanning/distill/data/benchmark/mp/train/sample_006202.npz,mp,bugtrap_forest,U,mp_bugtrap_forest,hard,hard,0,mp:train
calib,sample_000421.npz,/home/zzy/TrajectoryPlanning/distill/data/benchmark/mp/train/sample_006204.npz,mp,bugtrap_forest,U,mp_bugtrap_forest,hard,hard,0,mp:train
calib,sample_000422.npz,/home/zzy/TrajectoryPlanning/distill/data/benchmark/mp/train/sample_006205.npz,mp,bugtrap_forest,U,mp_bugtrap_forest,hard,hard,0,mp:train
calib,sample_000423.npz,/home/zzy/TrajectoryPlanning/distill/data/benchmark/mp/train/sample_006209.npz,mp,bugtrap_forest,U,mp_bugtrap_forest,hard,hard,0,mp:train
calib,sample_000424.npz,/home/zzy/TrajectoryPlanning/distill/data/benchmark/mp/train/sample_006212.npz,mp,bugtrap_forest,U,mp_bugtrap_forest,hard,hard,0,mp:train
calib,sample_000425.npz,/home/zzy/TrajectoryPlanning/distill/data/benchmark/mp/train/sample_006221.npz,mp,bugtrap_forest,U,mp_bugtrap_forest,hard,hard,0,mp:train
calib,sample_000426.npz,/home/zzy/TrajectoryPlanning/distill/data/benchmark/mp/train/sample_006242.npz,mp,bugtrap_forest,U,mp_bugtrap_forest,hard,hard,0,mp:train
calib,sample_000427.npz,/home/zzy/TrajectoryPlanning/distill/data/benchmark/mp/train/sample_006252.npz,mp,bugtrap_forest,U,mp_bugtrap_forest,hard,hard,0,mp:train
calib,sample_000428.npz,/home/zzy/TrajectoryPlanning/distill/data/benchmark/mp/train/sample_006253.npz,mp,bugtrap_forest,U,mp_bugtrap_forest,hard,hard,0,mp:train
calib,sample_000429.npz,/home/zzy/TrajectoryPlanning/distill/data/benchmark/mp/train/sample_006254.npz,mp,bugtrap_forest,U,mp_bugtrap_forest,hard,hard,0,mp:train
calib,sample_000430.npz,/home/zzy/TrajectoryPlanning/distill/data/benchmark/mp/train/sample_006266.npz,mp,bugtrap_forest,U,mp_bugtrap_forest,hard,hard,0,mp:train
calib,sample_000431.npz,/home/zzy/TrajectoryPlanning/distill/data/benchmark/mp/train/sample_006281.npz,mp,bugtrap_forest,U,mp_bugtrap_forest,hard,hard,0,mp:train
calib,sample_000432.npz,/home/zzy/TrajectoryPlanning/distill/data/benchmark/mp/train/sample_006284.npz,mp,bugtrap_forest,U,mp_bugtrap_forest,hard,hard,0,mp:train
calib,sample_000433.npz,/home/zzy/TrajectoryPlanning/distill/data/benchmark/mp/train/sample_006293.npz,mp,bugtrap_forest,U,mp_bugtrap_forest,hard,hard,0,mp:train
calib,sample_000434.npz,/home/zzy/TrajectoryPlanning/distill/data/benchmark/mp/train/sample_006299.npz,mp,bugtrap_forest,U,mp_bugtrap_forest,hard,hard,0,mp:train
calib,sample_000435.npz,/home/zzy/TrajectoryPlanning/distill/data/benchmark/mp/train/sample_006303.npz,mp,bugtrap_forest,U,mp_bugtrap_forest,hard,hard,0,mp:train
calib,sample_000436.npz,/home/zzy/TrajectoryPlanning/distill/data/benchmark/mp/train/sample_006310.npz,mp,bugtrap_forest,U,mp_bugtrap_forest,hard,hard,0,mp:train
calib,sample_000437.npz,/home/zzy/TrajectoryPlanning/distill/data/benchmark/mp/train/sample_006321.npz,mp,bugtrap_forest,U,mp_bugtrap_forest,hard,hard,0,mp:train
calib,sample_000438.npz,/home/zzy/TrajectoryPlanning/distill/data/benchmark/mp/train/sample_006333.npz,mp,bugtrap_forest,U,mp_bugtrap_forest,hard,hard,0,mp:train
calib,sample_000439.npz,/home/zzy/TrajectoryPlanning/distill/data/benchmark/mp/train/sample_006347.npz,mp,bugtrap_forest,U,mp_bugtrap_forest,hard,hard,0,mp:train
calib,sample_000440.npz,/home/zzy/TrajectoryPlanning/distill/data/benchmark/mp/train/sample_006354.npz,mp,bugtrap_forest,U,mp_bugtrap_forest,hard,hard,0,mp:train
calib,sample_000441.npz,/home/zzy/TrajectoryPlanning/distill/data/benchmark/mp/train/sample_006355.npz,mp,bugtrap_forest,U,mp_bugtrap_forest,hard,hard,0,mp:train
calib,sample_000442.npz,/home/zzy/TrajectoryPlanning/distill/data/benchmark/mp/train/sample_006369.npz,mp,bugtrap_forest,U,mp_bugtrap_forest,hard,hard,0,mp:train
calib,sample_000443.npz,/home/zzy/TrajectoryPlanning/distill/data/benchmark/mp/train/sample_006382.npz,mp,bugtrap_forest,U,mp_bugtrap_forest,hard,hard,0,mp:train
calib,sample_000444.npz,/home/zzy/TrajectoryPlanning/distill/data/benchmark/mp/train/sample_006383.npz,mp,bugtrap_forest,U,mp_bugtrap_forest,hard,hard,0,mp:train
calib,sample_000445.npz,/home/zzy/TrajectoryPlanning/distill/data/benchmark/mp/train/sample_006386.npz,mp,bugtrap_forest,U,mp_bugtrap_forest,hard,hard,0,mp:train
calib,sample_000446.npz,/home/zzy/TrajectoryPlanning/distill/data/benchmark/mp/train/sample_006396.npz,mp,bugtrap_forest,U,mp_bugtrap_forest,hard,hard,0,mp:train
calib,sample_000447.npz,/home/zzy/TrajectoryPlanning/distill/data/benchmark/mp/train/sample_000000.npz,mp,forest,U,mp_forest,simple,easy,0,mp:train
calib,sample_000448.npz,/home/zzy/TrajectoryPlanning/distill/data/benchmark/mp/train/sample_000001.npz,mp,forest,U,mp_forest,simple,easy,0,mp:train
calib,sample_000449.npz,/home/zzy/TrajectoryPlanning/distill/data/benchmark/mp/train/sample_000002.npz,mp,forest,U,mp_forest,simple,easy,0,mp:train
calib,sample_000450.npz,/home/zzy/TrajectoryPlanning/distill/data/benchmark/mp/train/sample_000005.npz,mp,forest,U,mp_forest,simple,easy,0,mp:train
calib,sample_000451.npz,/home/zzy/TrajectoryPlanning/distill/data/benchmark/mp/test/sample_000006.npz,mp,forest,U,mp_forest,simple,easy,0,mp:test
calib,sample_000452.npz,/home/zzy/TrajectoryPlanning/distill/data/benchmark/mp/train/sample_000007.npz,mp,forest,U,mp_forest,simple,easy,0,mp:train
calib,sample_000453.npz,/home/zzy/TrajectoryPlanning/distill/data/benchmark/mp/test/sample_000008.npz,mp,forest,U,mp_forest,simple,easy,0,mp:test
calib,sample_000454.npz,/home/zzy/TrajectoryPlanning/distill/data/benchmark/mp/test/sample_000009.npz,mp,forest,U,mp_forest,simple,easy,0,mp:test
calib,sample_000455.npz,/home/zzy/TrajectoryPlanning/distill/data/benchmark/mp/train/sample_000010.npz,mp,forest,U,mp_forest,simple,easy,0,mp:train
calib,sample_000456.npz,/home/zzy/TrajectoryPlanning/distill/data/benchmark/mp/test/sample_000010.npz,mp,forest,U,mp_forest,simple,easy,0,mp:test
calib,sample_000457.npz,/home/zzy/TrajectoryPlanning/distill/data/benchmark/mp/train/sample_000011.npz,mp,forest,U,mp_forest,simple,easy,0,mp:train
calib,sample_000458.npz,/home/zzy/TrajectoryPlanning/distill/data/benchmark/mp/test/sample_000012.npz,mp,forest,U,mp_forest,simple,easy,0,mp:test
calib,sample_000459.npz,/home/zzy/TrajectoryPlanning/distill/data/benchmark/mp/train/sample_000013.npz,mp,forest,U,mp_forest,simple,easy,0,mp:train
calib,sample_000460.npz,/home/zzy/TrajectoryPlanning/distill/data/benchmark/mp/train/sample_000014.npz,mp,forest,U,mp_forest,simple,easy,0,mp:train
calib,sample_000461.npz,/home/zzy/TrajectoryPlanning/distill/data/benchmark/mp/train/sample_000015.npz,mp,forest,U,mp_forest,simple,easy,0,mp:train
calib,sample_000462.npz,/home/zzy/TrajectoryPlanning/distill/data/benchmark/mp/train/sample_000016.npz,mp,forest,U,mp_forest,simple,easy,0,mp:train
calib,sample_000463.npz,/home/zzy/TrajectoryPlanning/distill/data/benchmark/mp/train/sample_000017.npz,mp,forest,U,mp_forest,simple,easy,0,mp:train
calib,sample_000464.npz,/home/zzy/TrajectoryPlanning/distill/data/benchmark/mp/test/sample_000019.npz,mp,forest,U,mp_forest,simple,easy,0,mp:test
calib,sample_000465.npz,/home/zzy/TrajectoryPlanning/distill/data/benchmark/mp/test/sample_000021.npz,mp,forest,U,mp_forest,simple,easy,0,mp:test
calib,sample_000466.npz,/home/zzy/TrajectoryPlanning/distill/data/benchmark/mp/test/sample_000022.npz,mp,forest,U,mp_forest,simple,easy,0,mp:test
calib,sample_000467.npz,/home/zzy/TrajectoryPlanning/distill/data/benchmark/mp/train/sample_000024.npz,mp,forest,U,mp_forest,simple,easy,0,mp:train
calib,sample_000468.npz,/home/zzy/TrajectoryPlanning/distill/data/benchmark/mp/test/sample_000025.npz,mp,forest,U,mp_forest,simple,easy,0,mp:test
calib,sample_000469.npz,/home/zzy/TrajectoryPlanning/distill/data/benchmark/mp/train/sample_000026.npz,mp,forest,U,mp_forest,simple,easy,0,mp:train
calib,sample_000470.npz,/home/zzy/TrajectoryPlanning/distill/data/benchmark/mp/test/sample_000026.npz,mp,forest,U,mp_forest,simple,easy,0,mp:test
calib,sample_000471.npz,/home/zzy/TrajectoryPlanning/distill/data/benchmark/mp/train/sample_000027.npz,mp,forest,U,mp_forest,simple,easy,0,mp:train
calib,sample_000472.npz,/home/zzy/TrajectoryPlanning/distill/data/benchmark/mp/test/sample_000028.npz,mp,forest,U,mp_forest,simple,easy,0,mp:test
calib,sample_000473.npz,/home/zzy/TrajectoryPlanning/distill/data/benchmark/mp/train/sample_000028.npz,mp,forest,U,mp_forest,simple,easy,0,mp:train
calib,sample_000474.npz,/home/zzy/TrajectoryPlanning/distill/data/benchmark/mp/test/sample_000029.npz,mp,forest,U,mp_forest,simple,easy,0,mp:test
calib,sample_000475.npz,/home/zzy/TrajectoryPlanning/distill/data/benchmark/mp/test/sample_000034.npz,mp,forest,U,mp_forest,simple,easy,0,mp:test
calib,sample_000476.npz,/home/zzy/TrajectoryPlanning/distill/data/benchmark/mp/test/sample_000035.npz,mp,forest,U,mp_forest,simple,easy,0,mp:test
calib,sample_000477.npz,/home/zzy/TrajectoryPlanning/distill/data/benchmark/mp/train/sample_000035.npz,mp,forest,U,mp_forest,simple,easy,0,mp:train
calib,sample_000478.npz,/home/zzy/TrajectoryPlanning/distill/data/benchmark/mp/test/sample_000036.npz,mp,forest,U,mp_forest,simple,easy,0,mp:test
calib,sample_000479.npz,/home/zzy/TrajectoryPlanning/distill/data/benchmark/mp/train/sample_000036.npz,mp,forest,U,mp_forest,simple,easy,0,mp:train
calib,sample_000480.npz,/home/zzy/TrajectoryPlanning/distill/data/benchmark/mp/test/sample_000037.npz,mp,forest,U,mp_forest,simple,easy,0,mp:test
calib,sample_000481.npz,/home/zzy/TrajectoryPlanning/distill/data/benchmark/mp/train/sample_000038.npz,mp,forest,U,mp_forest,simple,easy,0,mp:train
calib,sample_000482.npz,/home/zzy/TrajectoryPlanning/distill/data/benchmark/mp/test/sample_000038.npz,mp,forest,U,mp_forest,simple,easy,0,mp:test
calib,sample_000483.npz,/home/zzy/TrajectoryPlanning/distill/data/benchmark/mp/test/sample_000039.npz,mp,forest,U,mp_forest,simple,easy,0,mp:test
calib,sample_000484.npz,/home/zzy/TrajectoryPlanning/distill/data/benchmark/mp/train/sample_000039.npz,mp,forest,U,mp_forest,simple,easy,0,mp:train
calib,sample_000485.npz,/home/zzy/TrajectoryPlanning/distill/data/benchmark/mp/train/sample_000040.npz,mp,forest,U,mp_forest,simple,easy,0,mp:train
calib,sample_000486.npz,/home/zzy/TrajectoryPlanning/distill/data/benchmark/mp/test/sample_000041.npz,mp,forest,U,mp_forest,simple,easy,0,mp:test
calib,sample_000487.npz,/home/zzy/TrajectoryPlanning/distill/data/benchmark/mp/train/sample_000042.npz,mp,forest,U,mp_forest,simple,easy,0,mp:train
calib,sample_000488.npz,/home/zzy/TrajectoryPlanning/distill/data/benchmark/mp/train/sample_000043.npz,mp,forest,U,mp_forest,simple,easy,0,mp:train
calib,sample_000489.npz,/home/zzy/TrajectoryPlanning/distill/data/benchmark/mp/test/sample_000044.npz,mp,forest,U,mp_forest,simple,easy,0,mp:test
calib,sample_000490.npz,/home/zzy/TrajectoryPlanning/distill/data/benchmark/mp/test/sample_000045.npz,mp,forest,U,mp_forest,simple,easy,0,mp:test
calib,sample_000491.npz,/home/zzy/TrajectoryPlanning/distill/data/benchmark/mp/train/sample_000045.npz,mp,forest,U,mp_forest,simple,easy,0,mp:train
calib,sample_000492.npz,/home/zzy/TrajectoryPlanning/distill/data/benchmark/mp/train/sample_000046.npz,mp,forest,U,mp_forest,simple,easy,0,mp:train
calib,sample_000493.npz,/home/zzy/TrajectoryPlanning/distill/data/benchmark/mp/test/sample_000046.npz,mp,forest,U,mp_forest,simple,easy,0,mp:test
calib,sample_000494.npz,/home/zzy/TrajectoryPlanning/distill/data/benchmark/mp/train/sample_000047.npz,mp,forest,U,mp_forest,simple,easy,0,mp:train
calib,sample_000495.npz,/home/zzy/TrajectoryPlanning/distill/data/benchmark/mp/test/sample_000048.npz,mp,forest,U,mp_forest,simple,easy,0,mp:test
calib,sample_000496.npz,/home/zzy/TrajectoryPlanning/distill/data/benchmark/mp/train/sample_000048.npz,mp,forest,U,mp_forest,simple,easy,0,mp:train
calib,sample_000497.npz,/home/zzy/TrajectoryPlanning/distill/data/benchmark/mp/train/sample_000049.npz,mp,forest,U,mp_forest,simple,easy,0,mp:train
calib,sample_000498.npz,/home/zzy/TrajectoryPlanning/distill/data/benchmark/mp/train/sample_000051.npz,mp,forest,U,mp_forest,simple,easy,0,mp:train
calib,sample_000499.npz,/home/zzy/TrajectoryPlanning/distill/data/benchmark/mp/test/sample_000052.npz,mp,forest,U,mp_forest,simple,easy,0,mp:test
calib,sample_000500.npz,/home/zzy/TrajectoryPlanning/distill/data/benchmark/mp/train/sample_000052.npz,mp,forest,U,mp_forest,simple,easy,0,mp:train
calib,sample_000501.npz,/home/zzy/TrajectoryPlanning/distill/data/benchmark/mp/train/sample_000054.npz,mp,forest,U,mp_forest,simple,easy,0,mp:train
calib,sample_000502.npz,/home/zzy/TrajectoryPlanning/distill/data/benchmark/mp/train/sample_000056.npz,mp,forest,U,mp_forest,simple,easy,0,mp:train
calib,sample_000503.npz,/home/zzy/TrajectoryPlanning/distill/data/benchmark/mp/test/sample_000057.npz,mp,forest,U,mp_forest,simple,easy,0,mp:test
calib,sample_000504.npz,/home/zzy/TrajectoryPlanning/distill/data/benchmark/mp/train/sample_000058.npz,mp,forest,U,mp_forest,simple,easy,0,mp:train
calib,sample_000505.npz,/home/zzy/TrajectoryPlanning/distill/data/benchmark/mp/test/sample_000060.npz,mp,forest,U,mp_forest,simple,easy,0,mp:test
calib,sample_000506.npz,/home/zzy/TrajectoryPlanning/distill/data/benchmark/mp/train/sample_000061.npz,mp,forest,U,mp_forest,simple,easy,0,mp:train
calib,sample_000507.npz,/home/zzy/TrajectoryPlanning/distill/data/benchmark/mp/train/sample_000063.npz,mp,forest,U,mp_forest,simple,easy,0,mp:train
calib,sample_000508.npz,/home/zzy/TrajectoryPlanning/distill/data/benchmark/mp/train/sample_000066.npz,mp,forest,U,mp_forest,simple,easy,0,mp:train
calib,sample_000509.npz,/home/zzy/TrajectoryPlanning/distill/data/benchmark/mp/test/sample_000067.npz,mp,forest,U,mp_forest,simple,easy,0,mp:test
calib,sample_000510.npz,/home/zzy/TrajectoryPlanning/distill/data/benchmark/mp/train/sample_000068.npz,mp,forest,U,mp_forest,simple,easy,0,mp:train
calib,sample_000511.npz,/home/zzy/TrajectoryPlanning/distill/data/benchmark/mp/test/sample_000068.npz,mp,forest,U,mp_forest,simple,easy,0,mp:test
calib,sample_000512.npz,/home/zzy/TrajectoryPlanning/distill/data/benchmark/mp/train/sample_000069.npz,mp,forest,U,mp_forest,simple,easy,0,mp:train
calib,sample_000513.npz,/home/zzy/TrajectoryPlanning/distill/data/benchmark/mp/train/sample_000071.npz,mp,forest,U,mp_forest,simple,easy,0,mp:train
calib,sample_000514.npz,/home/zzy/TrajectoryPlanning/distill/data/benchmark/mp/test/sample_000071.npz,mp,forest,U,mp_forest,simple,easy,0,mp:test
calib,sample_000515.npz,/home/zzy/TrajectoryPlanning/distill/data/benchmark/mp/train/sample_000072.npz,mp,forest,U,mp_forest,simple,easy,0,mp:train
calib,sample_000516.npz,/home/zzy/TrajectoryPlanning/distill/data/benchmark/mp/test/sample_000074.npz,mp,forest,U,mp_forest,simple,easy,0,mp:test
calib,sample_000517.npz,/home/zzy/TrajectoryPlanning/distill/data/benchmark/mp/train/sample_000076.npz,mp,forest,U,mp_forest,simple,easy,0,mp:train
calib,sample_000518.npz,/home/zzy/TrajectoryPlanning/distill/data/benchmark/mp/test/sample_000077.npz,mp,forest,U,mp_forest,simple,easy,0,mp:test
calib,sample_000519.npz,/home/zzy/TrajectoryPlanning/distill/data/benchmark/mp/train/sample_000078.npz,mp,forest,U,mp_forest,simple,easy,0,mp:train
calib,sample_000520.npz,/home/zzy/TrajectoryPlanning/distill/data/benchmark/mp/test/sample_000078.npz,mp,forest,U,mp_forest,simple,easy,0,mp:test
calib,sample_000521.npz,/home/zzy/TrajectoryPlanning/distill/data/benchmark/mp/train/sample_000079.npz,mp,forest,U,mp_forest,simple,easy,0,mp:train
calib,sample_000522.npz,/home/zzy/TrajectoryPlanning/distill/data/benchmark/mp/train/sample_000080.npz,mp,forest,U,mp_forest,simple,easy,0,mp:train
calib,sample_000523.npz,/home/zzy/TrajectoryPlanning/distill/data/benchmark/mp/train/sample_000081.npz,mp,forest,U,mp_forest,simple,easy,0,mp:train
calib,sample_000524.npz,/home/zzy/TrajectoryPlanning/distill/data/benchmark/mp/test/sample_000083.npz,mp,forest,U,mp_forest,simple,easy,0,mp:test
calib,sample_000525.npz,/home/zzy/TrajectoryPlanning/distill/data/benchmark/mp/train/sample_000084.npz,mp,forest,U,mp_forest,simple,easy,0,mp:train
calib,sample_000526.npz,/home/zzy/TrajectoryPlanning/distill/data/benchmark/mp/train/sample_000086.npz,mp,forest,U,mp_forest,simple,easy,0,mp:train
calib,sample_000527.npz,/home/zzy/TrajectoryPlanning/distill/data/benchmark/mp/test/sample_000087.npz,mp,forest,U,mp_forest,simple,easy,0,mp:test
calib,sample_000528.npz,/home/zzy/TrajectoryPlanning/distill/data/benchmark/mp/test/sample_000088.npz,mp,forest,U,mp_forest,simple,easy,0,mp:test
calib,sample_000529.npz,/home/zzy/TrajectoryPlanning/distill/data/benchmark/mp/test/sample_000090.npz,mp,forest,U,mp_forest,simple,easy,0,mp:test
calib,sample_000530.npz,/home/zzy/TrajectoryPlanning/distill/data/benchmark/mp/test/sample_000091.npz,mp,forest,U,mp_forest,simple,easy,0,mp:test
calib,sample_000531.npz,/home/zzy/TrajectoryPlanning/distill/data/benchmark/mp/train/sample_000092.npz,mp,forest,U,mp_forest,simple,easy,0,mp:train
calib,sample_000532.npz,/home/zzy/TrajectoryPlanning/distill/data/benchmark/mp/train/sample_000093.npz,mp,forest,U,mp_forest,simple,easy,0,mp:train
calib,sample_000533.npz,/home/zzy/TrajectoryPlanning/distill/data/benchmark/mp/test/sample_000096.npz,mp,forest,U,mp_forest,simple,easy,0,mp:test
calib,sample_000534.npz,/home/zzy/TrajectoryPlanning/distill/data/benchmark/mp/train/sample_000096.npz,mp,forest,U,mp_forest,simple,easy,0,mp:train
calib,sample_000535.npz,/home/zzy/TrajectoryPlanning/distill/data/benchmark/mp/train/sample_000097.npz,mp,forest,U,mp_forest,simple,easy,0,mp:train
calib,sample_000536.npz,/home/zzy/TrajectoryPlanning/distill/data/benchmark/mp/train/sample_000098.npz,mp,forest,U,mp_forest,simple,easy,0,mp:train
calib,sample_000537.npz,/home/zzy/TrajectoryPlanning/distill/data/benchmark/mp/test/sample_000099.npz,mp,forest,U,mp_forest,simple,easy,0,mp:test
calib,sample_000538.npz,/home/zzy/TrajectoryPlanning/distill/data/benchmark/mp/train/sample_000101.npz,mp,forest,U,mp_forest,simple,easy,0,mp:train
calib,sample_000539.npz,/home/zzy/TrajectoryPlanning/distill/data/benchmark/mp/train/sample_000102.npz,mp,forest,U,mp_forest,simple,easy,0,mp:train
calib,sample_000540.npz,/home/zzy/TrajectoryPlanning/distill/data/benchmark/mp/train/sample_000103.npz,mp,forest,U,mp_forest,simple,easy,0,mp:train
calib,sample_000541.npz,/home/zzy/TrajectoryPlanning/distill/data/benchmark/mp/train/sample_000104.npz,mp,forest,U,mp_forest,simple,easy,0,mp:train
calib,sample_000542.npz,/home/zzy/TrajectoryPlanning/distill/data/benchmark/mp/train/sample_000105.npz,mp,forest,U,mp_forest,simple,easy,0,mp:train
calib,sample_000543.npz,/home/zzy/TrajectoryPlanning/distill/data/benchmark/mp/train/sample_000106.npz,mp,forest,U,mp_forest,simple,easy,0,mp:train
calib,sample_000544.npz,/home/zzy/TrajectoryPlanning/distill/data/benchmark/mp/train/sample_000109.npz,mp,forest,U,mp_forest,simple,easy,0,mp:train
calib,sample_000545.npz,/home/zzy/TrajectoryPlanning/distill/data/benchmark/mp/train/sample_000112.npz,mp,forest,U,mp_forest,simple,easy,0,mp:train
calib,sample_000546.npz,/home/zzy/TrajectoryPlanning/distill/data/benchmark/mp/train/sample_000114.npz,mp,forest,U,mp_forest,simple,easy,0,mp:train
calib,sample_000547.npz,/home/zzy/TrajectoryPlanning/distill/data/benchmark/mp/train/sample_000116.npz,mp,forest,U,mp_forest,simple,easy,0,mp:train
calib,sample_000548.npz,/home/zzy/TrajectoryPlanning/distill/data/benchmark/mp/train/sample_000119.npz,mp,forest,U,mp_forest,simple,easy,0,mp:train
calib,sample_000549.npz,/home/zzy/TrajectoryPlanning/distill/data/benchmark/mp/train/sample_000120.npz,mp,forest,U,mp_forest,simple,easy,0,mp:train
calib,sample_000550.npz,/home/zzy/TrajectoryPlanning/distill/data/benchmark/mp/train/sample_000122.npz,mp,forest,U,mp_forest,simple,easy,0,mp:train
calib,sample_000551.npz,/home/zzy/TrajectoryPlanning/distill/data/benchmark/mp/train/sample_000123.npz,mp,forest,U,mp_forest,simple,easy,0,mp:train
calib,sample_000552.npz,/home/zzy/TrajectoryPlanning/distill/data/benchmark/mp/train/sample_000124.npz,mp,forest,U,mp_forest,simple,easy,0,mp:train
calib,sample_000553.npz,/home/zzy/TrajectoryPlanning/distill/data/benchmark/mp/train/sample_000129.npz,mp,forest,U,mp_forest,simple,easy,0,mp:train
calib,sample_000554.npz,/home/zzy/TrajectoryPlanning/distill/data/benchmark/mp/train/sample_000130.npz,mp,forest,U,mp_forest,simple,easy,0,mp:train
calib,sample_000555.npz,/home/zzy/TrajectoryPlanning/distill/data/benchmark/mp/train/sample_000132.npz,mp,forest,U,mp_forest,simple,easy,0,mp:train
calib,sample_000556.npz,/home/zzy/TrajectoryPlanning/distill/data/benchmark/mp/train/sample_000134.npz,mp,forest,U,mp_forest,simple,easy,0,mp:train
calib,sample_000557.npz,/home/zzy/TrajectoryPlanning/distill/data/benchmark/mp/train/sample_000136.npz,mp,forest,U,mp_forest,simple,easy,0,mp:train
calib,sample_000558.npz,/home/zzy/TrajectoryPlanning/distill/data/benchmark/mp/train/sample_000140.npz,mp,forest,U,mp_forest,simple,easy,0,mp:train
calib,sample_000559.npz,/home/zzy/TrajectoryPlanning/distill/data/benchmark/mp/train/sample_000141.npz,mp,forest,U,mp_forest,simple,easy,0,mp:train
calib,sample_000560.npz,/home/zzy/TrajectoryPlanning/distill/data/benchmark/mp/train/sample_000142.npz,mp,forest,U,mp_forest,simple,easy,0,mp:train
calib,sample_000561.npz,/home/zzy/TrajectoryPlanning/distill/data/benchmark/mp/train/sample_000143.npz,mp,forest,U,mp_forest,simple,easy,0,mp:train
calib,sample_000562.npz,/home/zzy/TrajectoryPlanning/distill/data/benchmark/mp/train/sample_000146.npz,mp,forest,U,mp_forest,simple,easy,0,mp:train
calib,sample_000563.npz,/home/zzy/TrajectoryPlanning/distill/data/benchmark/mp/train/sample_000148.npz,mp,forest,U,mp_forest,simple,easy,0,mp:train
calib,sample_000564.npz,/home/zzy/TrajectoryPlanning/distill/data/benchmark/mp/train/sample_000150.npz,mp,forest,U,mp_forest,simple,easy,0,mp:train
calib,sample_000565.npz,/home/zzy/TrajectoryPlanning/distill/data/benchmark/mp/train/sample_000151.npz,mp,forest,U,mp_forest,simple,easy,0,mp:train
calib,sample_000566.npz,/home/zzy/TrajectoryPlanning/distill/data/benchmark/mp/train/sample_000154.npz,mp,forest,U,mp_forest,simple,easy,0,mp:train
calib,sample_000567.npz,/home/zzy/TrajectoryPlanning/distill/data/benchmark/mp/train/sample_000157.npz,mp,forest,U,mp_forest,simple,easy,0,mp:train
calib,sample_000568.npz,/home/zzy/TrajectoryPlanning/distill/data/benchmark/mp/train/sample_000158.npz,mp,forest,U,mp_forest,simple,easy,0,mp:train
calib,sample_000569.npz,/home/zzy/TrajectoryPlanning/distill/data/benchmark/mp/train/sample_000162.npz,mp,forest,U,mp_forest,simple,easy,0,mp:train
calib,sample_000570.npz,/home/zzy/TrajectoryPlanning/distill/data/benchmark/mp/train/sample_000164.npz,mp,forest,U,mp_forest,simple,easy,0,mp:train
calib,sample_000571.npz,/home/zzy/TrajectoryPlanning/distill/data/benchmark/mp/train/sample_000165.npz,mp,forest,U,mp_forest,simple,easy,0,mp:train
calib,sample_000572.npz,/home/zzy/TrajectoryPlanning/distill/data/benchmark/mp/train/sample_000171.npz,mp,forest,U,mp_forest,simple,easy,0,mp:train
calib,sample_000573.npz,/home/zzy/TrajectoryPlanning/distill/data/benchmark/mp/train/sample_000173.npz,mp,forest,U,mp_forest,simple,easy,0,mp:train
calib,sample_000574.npz,/home/zzy/TrajectoryPlanning/distill/data/benchmark/mp/train/sample_000175.npz,mp,forest,U,mp_forest,simple,easy,0,mp:train
calib,sample_000575.npz,/home/zzy/TrajectoryPlanning/distill/data/benchmark/mp/train/sample_000178.npz,mp,forest,U,mp_forest,simple,easy,0,mp:train
calib,sample_000576.npz,/home/zzy/TrajectoryPlanning/distill/data/benchmark/mp/train/sample_000179.npz,mp,forest,U,mp_forest,simple,easy,0,mp:train
calib,sample_000577.npz,/home/zzy/TrajectoryPlanning/distill/data/benchmark/mp/train/sample_000180.npz,mp,forest,U,mp_forest,simple,easy,0,mp:train
calib,sample_000578.npz,/home/zzy/TrajectoryPlanning/distill/data/benchmark/mp/train/sample_000181.npz,mp,forest,U,mp_forest,simple,easy,0,mp:train
calib,sample_000579.npz,/home/zzy/TrajectoryPlanning/distill/data/benchmark/mp/train/sample_000187.npz,mp,forest,U,mp_forest,simple,easy,0,mp:train
calib,sample_000580.npz,/home/zzy/TrajectoryPlanning/distill/data/benchmark/mp/train/sample_000189.npz,mp,forest,U,mp_forest,simple,easy,0,mp:train
calib,sample_000581.npz,/home/zzy/TrajectoryPlanning/distill/data/benchmark/mp/train/sample_000191.npz,mp,forest,U,mp_forest,simple,easy,0,mp:train
calib,sample_000582.npz,/home/zzy/TrajectoryPlanning/distill/data/benchmark/mp/train/sample_000194.npz,mp,forest,U,mp_forest,simple,easy,0,mp:train
calib,sample_000583.npz,/home/zzy/TrajectoryPlanning/distill/data/benchmark/mp/train/sample_000195.npz,mp,forest,U,mp_forest,simple,easy,0,mp:train
calib,sample_000584.npz,/home/zzy/TrajectoryPlanning/distill/data/benchmark/mp/train/sample_000196.npz,mp,forest,U,mp_forest,simple,easy,0,mp:train
calib,sample_000585.npz,/home/zzy/TrajectoryPlanning/distill/data/benchmark/mp/train/sample_000197.npz,mp,forest,U,mp_forest,simple,easy,0,mp:train
calib,sample_000586.npz,/home/zzy/TrajectoryPlanning/distill/data/benchmark/mp/train/sample_000201.npz,mp,forest,U,mp_forest,simple,easy,0,mp:train
calib,sample_000587.npz,/home/zzy/TrajectoryPlanning/distill/data/benchmark/mp/train/sample_000202.npz,mp,forest,U,mp_forest,simple,easy,0,mp:train
calib,sample_000588.npz,/home/zzy/TrajectoryPlanning/distill/data/benchmark/mp/train/sample_000205.npz,mp,forest,U,mp_forest,simple,easy,0,mp:train
calib,sample_000589.npz,/home/zzy/TrajectoryPlanning/distill/data/benchmark/mp/train/sample_000206.npz,mp,forest,U,mp_forest,simple,easy,0,mp:train
calib,sample_000590.npz,/home/zzy/TrajectoryPlanning/distill/data/benchmark/mp/train/sample_000211.npz,mp,forest,U,mp_forest,simple,easy,0,mp:train
calib,sample_000591.npz,/home/zzy/TrajectoryPlanning/distill/data/benchmark/mp/train/sample_000213.npz,mp,forest,U,mp_forest,simple,easy,0,mp:train
calib,sample_000592.npz,/home/zzy/TrajectoryPlanning/distill/data/benchmark/mp/train/sample_000214.npz,mp,forest,U,mp_forest,simple,easy,0,mp:train
calib,sample_000593.npz,/home/zzy/TrajectoryPlanning/distill/data/benchmark/mp/train/sample_000220.npz,mp,forest,U,mp_forest,simple,easy,0,mp:train
calib,sample_000594.npz,/home/zzy/TrajectoryPlanning/distill/data/benchmark/mp/train/sample_000221.npz,mp,forest,U,mp_forest,simple,easy,0,mp:train
calib,sample_000595.npz,/home/zzy/TrajectoryPlanning/distill/data/benchmark/mp/train/sample_000222.npz,mp,forest,U,mp_forest,simple,easy,0,mp:train
calib,sample_000596.npz,/home/zzy/TrajectoryPlanning/distill/data/benchmark/mp/train/sample_000223.npz,mp,forest,U,mp_forest,simple,easy,0,mp:train
calib,sample_000597.npz,/home/zzy/TrajectoryPlanning/distill/data/benchmark/mp/train/sample_000227.npz,mp,forest,U,mp_forest,simple,easy,0,mp:train
calib,sample_000598.npz,/home/zzy/TrajectoryPlanning/distill/data/benchmark/mp/train/sample_000229.npz,mp,forest,U,mp_forest,simple,easy,0,mp:train
calib,sample_000599.npz,/home/zzy/TrajectoryPlanning/distill/data/benchmark/mp/train/sample_000230.npz,mp,forest,U,mp_forest,simple,easy,0,mp:train
calib,sample_000600.npz,/home/zzy/TrajectoryPlanning/distill/data/benchmark/mp/train/sample_000234.npz,mp,forest,U,mp_forest,simple,easy,0,mp:train
calib,sample_000601.npz,/home/zzy/TrajectoryPlanning/distill/data/benchmark/mp/train/sample_000240.npz,mp,forest,U,mp_forest,simple,easy,0,mp:train
calib,sample_000602.npz,/home/zzy/TrajectoryPlanning/distill/data/benchmark/mp/train/sample_000243.npz,mp,forest,U,mp_forest,simple,easy,0,mp:train
calib,sample_000603.npz,/home/zzy/TrajectoryPlanning/distill/data/benchmark/mp/train/sample_000245.npz,mp,forest,U,mp_forest,simple,easy,0,mp:train
calib,sample_000604.npz,/home/zzy/TrajectoryPlanning/distill/data/benchmark/mp/train/sample_000246.npz,mp,forest,U,mp_forest,simple,easy,0,mp:train
calib,sample_000605.npz,/home/zzy/TrajectoryPlanning/distill/data/benchmark/mp/train/sample_000251.npz,mp,forest,U,mp_forest,simple,easy,0,mp:train
calib,sample_000606.npz,/home/zzy/TrajectoryPlanning/distill/data/benchmark/mp/train/sample_000252.npz,mp,forest,U,mp_forest,simple,easy,0,mp:train
calib,sample_000607.npz,/home/zzy/TrajectoryPlanning/distill/data/benchmark/mp/train/sample_000253.npz,mp,forest,U,mp_forest,simple,easy,0,mp:train
calib,sample_000608.npz,/home/zzy/TrajectoryPlanning/distill/data/benchmark/mp/train/sample_000254.npz,mp,forest,U,mp_forest,simple,easy,0,mp:train
calib,sample_000609.npz,/home/zzy/TrajectoryPlanning/distill/data/benchmark/mp/train/sample_000255.npz,mp,forest,U,mp_forest,simple,easy,0,mp:train
calib,sample_000610.npz,/home/zzy/TrajectoryPlanning/distill/data/benchmark/mp/train/sample_000260.npz,mp,forest,U,mp_forest,simple,easy,0,mp:train
calib,sample_000611.npz,/home/zzy/TrajectoryPlanning/distill/data/benchmark/mp/train/sample_000263.npz,mp,forest,U,mp_forest,simple,easy,0,mp:train
calib,sample_000612.npz,/home/zzy/TrajectoryPlanning/distill/data/benchmark/mp/train/sample_000265.npz,mp,forest,U,mp_forest,simple,easy,0,mp:train
calib,sample_000613.npz,/home/zzy/TrajectoryPlanning/distill/data/benchmark/mp/train/sample_000267.npz,mp,forest,U,mp_forest,simple,easy,0,mp:train
calib,sample_000614.npz,/home/zzy/TrajectoryPlanning/distill/data/benchmark/mp/train/sample_000270.npz,mp,forest,U,mp_forest,simple,easy,0,mp:train
calib,sample_000615.npz,/home/zzy/TrajectoryPlanning/distill/data/benchmark/mp/train/sample_000272.npz,mp,forest,U,mp_forest,simple,easy,0,mp:train
calib,sample_000616.npz,/home/zzy/TrajectoryPlanning/distill/data/benchmark/mp/train/sample_000277.npz,mp,forest,U,mp_forest,simple,easy,0,mp:train
calib,sample_000617.npz,/home/zzy/TrajectoryPlanning/distill/data/benchmark/mp/train/sample_000280.npz,mp,forest,U,mp_forest,simple,easy,0,mp:train
calib,sample_000618.npz,/home/zzy/TrajectoryPlanning/distill/data/benchmark/mp/train/sample_000282.npz,mp,forest,U,mp_forest,simple,easy,0,mp:train
calib,sample_000619.npz,/home/zzy/TrajectoryPlanning/distill/data/benchmark/mp/train/sample_000283.npz,mp,forest,U,mp_forest,simple,easy,0,mp:train
calib,sample_000620.npz,/home/zzy/TrajectoryPlanning/distill/data/benchmark/mp/train/sample_000284.npz,mp,forest,U,mp_forest,simple,easy,0,mp:train
calib,sample_000621.npz,/home/zzy/TrajectoryPlanning/distill/data/benchmark/mp/train/sample_000286.npz,mp,forest,U,mp_forest,simple,easy,0,mp:train
calib,sample_000622.npz,/home/zzy/TrajectoryPlanning/distill/data/benchmark/mp/train/sample_000289.npz,mp,forest,U,mp_forest,simple,easy,0,mp:train
calib,sample_000623.npz,/home/zzy/TrajectoryPlanning/distill/data/benchmark/mp/train/sample_000290.npz,mp,forest,U,mp_forest,simple,easy,0,mp:train
calib,sample_000624.npz,/home/zzy/TrajectoryPlanning/distill/data/benchmark/mp/train/sample_000292.npz,mp,forest,U,mp_forest,simple,easy,0,mp:train
calib,sample_000625.npz,/home/zzy/TrajectoryPlanning/distill/data/benchmark/mp/train/sample_000293.npz,mp,forest,U,mp_forest,simple,easy,0,mp:train
calib,sample_000626.npz,/home/zzy/TrajectoryPlanning/distill/data/benchmark/mp/train/sample_000295.npz,mp,forest,U,mp_forest,simple,easy,0,mp:train
calib,sample_000627.npz,/home/zzy/TrajectoryPlanning/distill/data/benchmark/mp/train/sample_000297.npz,mp,forest,U,mp_forest,simple,easy,0,mp:train
calib,sample_000628.npz,/home/zzy/TrajectoryPlanning/distill/data/benchmark/mp/train/sample_000300.npz,mp,forest,U,mp_forest,simple,easy,0,mp:train
calib,sample_000629.npz,/home/zzy/TrajectoryPlanning/distill/data/benchmark/mp/train/sample_000301.npz,mp,forest,U,mp_forest,simple,easy,0,mp:train
calib,sample_000630.npz,/home/zzy/TrajectoryPlanning/distill/data/benchmark/mp/train/sample_000304.npz,mp,forest,U,mp_forest,simple,easy,0,mp:train
calib,sample_000631.npz,/home/zzy/TrajectoryPlanning/distill/data/benchmark/mp/train/sample_000305.npz,mp,forest,U,mp_forest,simple,easy,0,mp:train
calib,sample_000632.npz,/home/zzy/TrajectoryPlanning/distill/data/benchmark/mp/train/sample_000306.npz,mp,forest,U,mp_forest,simple,easy,0,mp:train
calib,sample_000633.npz,/home/zzy/TrajectoryPlanning/distill/data/benchmark/mp/train/sample_000308.npz,mp,forest,U,mp_forest,simple,easy,0,mp:train
calib,sample_000634.npz,/home/zzy/TrajectoryPlanning/distill/data/benchmark/mp/train/sample_000309.npz,mp,forest,U,mp_forest,simple,easy,0,mp:train
calib,sample_000635.npz,/home/zzy/TrajectoryPlanning/distill/data/benchmark/mp/train/sample_000312.npz,mp,forest,U,mp_forest,simple,easy,0,mp:train
calib,sample_000636.npz,/home/zzy/TrajectoryPlanning/distill/data/benchmark/mp/train/sample_000314.npz,mp,forest,U,mp_forest,simple,easy,0,mp:train
calib,sample_000637.npz,/home/zzy/TrajectoryPlanning/distill/data/benchmark/mp/train/sample_000317.npz,mp,forest,U,mp_forest,simple,easy,0,mp:train
calib,sample_000638.npz,/home/zzy/TrajectoryPlanning/distill/data/benchmark/mp/train/sample_000321.npz,mp,forest,U,mp_forest,simple,easy,0,mp:train
calib,sample_000639.npz,/home/zzy/TrajectoryPlanning/distill/data/benchmark/mp/train/sample_000323.npz,mp,forest,U,mp_forest,simple,easy,0,mp:train
calib,sample_000640.npz,/home/zzy/TrajectoryPlanning/distill/data/benchmark/mp/train/sample_000325.npz,mp,forest,U,mp_forest,simple,easy,0,mp:train
calib,sample_000641.npz,/home/zzy/TrajectoryPlanning/distill/data/benchmark/mp/train/sample_000326.npz,mp,forest,U,mp_forest,simple,easy,0,mp:train
calib,sample_000642.npz,/home/zzy/TrajectoryPlanning/distill/data/benchmark/mp/train/sample_000327.npz,mp,forest,U,mp_forest,simple,easy,0,mp:train
calib,sample_000643.npz,/home/zzy/TrajectoryPlanning/distill/data/benchmark/mp/train/sample_000328.npz,mp,forest,U,mp_forest,simple,easy,0,mp:train
calib,sample_000644.npz,/home/zzy/TrajectoryPlanning/distill/data/benchmark/mp/train/sample_000332.npz,mp,forest,U,mp_forest,simple,easy,0,mp:train
calib,sample_000645.npz,/home/zzy/TrajectoryPlanning/distill/data/benchmark/mp/train/sample_000333.npz,mp,forest,U,mp_forest,simple,easy,0,mp:train
calib,sample_000646.npz,/home/zzy/TrajectoryPlanning/distill/data/benchmark/mp/train/sample_000335.npz,mp,forest,U,mp_forest,simple,easy,0,mp:train
calib,sample_000647.npz,/home/zzy/TrajectoryPlanning/distill/data/benchmark/mp/train/sample_000340.npz,mp,forest,U,mp_forest,simple,easy,0,mp:train
calib,sample_000648.npz,/home/zzy/TrajectoryPlanning/distill/data/benchmark/mp/train/sample_000346.npz,mp,forest,U,mp_forest,simple,easy,0,mp:train
calib,sample_000649.npz,/home/zzy/TrajectoryPlanning/distill/data/benchmark/mp/train/sample_000348.npz,mp,forest,U,mp_forest,simple,easy,0,mp:train
calib,sample_000650.npz,/home/zzy/TrajectoryPlanning/distill/data/benchmark/mp/train/sample_000351.npz,mp,forest,U,mp_forest,simple,easy,0,mp:train
calib,sample_000651.npz,/home/zzy/TrajectoryPlanning/distill/data/benchmark/mp/train/sample_000352.npz,mp,forest,U,mp_forest,simple,easy,0,mp:train
calib,sample_000652.npz,/home/zzy/TrajectoryPlanning/distill/data/benchmark/mp/train/sample_000353.npz,mp,forest,U,mp_forest,simple,easy,0,mp:train
calib,sample_000653.npz,/home/zzy/TrajectoryPlanning/distill/data/benchmark/mp/train/sample_000354.npz,mp,forest,U,mp_forest,simple,easy,0,mp:train
calib,sample_000654.npz,/home/zzy/TrajectoryPlanning/distill/data/benchmark/mp/train/sample_000355.npz,mp,forest,U,mp_forest,simple,easy,0,mp:train
calib,sample_000655.npz,/home/zzy/TrajectoryPlanning/distill/data/benchmark/mp/train/sample_000357.npz,mp,forest,U,mp_forest,simple,easy,0,mp:train
calib,sample_000656.npz,/home/zzy/TrajectoryPlanning/distill/data/benchmark/mp/train/sample_000358.npz,mp,forest,U,mp_forest,simple,easy,0,mp:train
calib,sample_000657.npz,/home/zzy/TrajectoryPlanning/distill/data/benchmark/mp/train/sample_000359.npz,mp,forest,U,mp_forest,simple,easy,0,mp:train
calib,sample_000658.npz,/home/zzy/TrajectoryPlanning/distill/data/benchmark/mp/train/sample_000360.npz,mp,forest,U,mp_forest,simple,easy,0,mp:train
calib,sample_000659.npz,/home/zzy/TrajectoryPlanning/distill/data/benchmark/mp/train/sample_000364.npz,mp,forest,U,mp_forest,simple,easy,0,mp:train
calib,sample_000660.npz,/home/zzy/TrajectoryPlanning/distill/data/benchmark/mp/train/sample_000365.npz,mp,forest,U,mp_forest,simple,easy,0,mp:train
calib,sample_000661.npz,/home/zzy/TrajectoryPlanning/distill/data/benchmark/mp/train/sample_000367.npz,mp,forest,U,mp_forest,simple,easy,0,mp:train
calib,sample_000662.npz,/home/zzy/TrajectoryPlanning/distill/data/benchmark/mp/train/sample_000369.npz,mp,forest,U,mp_forest,simple,easy,0,mp:train
calib,sample_000663.npz,/home/zzy/TrajectoryPlanning/distill/data/benchmark/mp/train/sample_000370.npz,mp,forest,U,mp_forest,simple,easy,0,mp:train
calib,sample_000664.npz,/home/zzy/TrajectoryPlanning/distill/data/benchmark/mp/train/sample_000371.npz,mp,forest,U,mp_forest,simple,easy,0,mp:train
calib,sample_000665.npz,/home/zzy/TrajectoryPlanning/distill/data/benchmark/mp/train/sample_000372.npz,mp,forest,U,mp_forest,simple,easy,0,mp:train
calib,sample_000666.npz,/home/zzy/TrajectoryPlanning/distill/data/benchmark/mp/train/sample_000374.npz,mp,forest,U,mp_forest,simple,easy,0,mp:train
calib,sample_000667.npz,/home/zzy/TrajectoryPlanning/distill/data/benchmark/mp/train/sample_000377.npz,mp,forest,U,mp_forest,simple,easy,0,mp:train
calib,sample_000668.npz,/home/zzy/TrajectoryPlanning/distill/data/benchmark/mp/train/sample_000384.npz,mp,forest,U,mp_forest,simple,easy,0,mp:train
calib,sample_000669.npz,/home/zzy/TrajectoryPlanning/distill/data/benchmark/mp/train/sample_000385.npz,mp,forest,U,mp_forest,simple,easy,0,mp:train
calib,sample_000670.npz,/home/zzy/TrajectoryPlanning/distill/data/benchmark/mp/train/sample_000388.npz,mp,forest,U,mp_forest,simple,easy,0,mp:train
calib,sample_000671.npz,/home/zzy/TrajectoryPlanning/distill/data/benchmark/mp/train/sample_000389.npz,mp,forest,U,mp_forest,simple,easy,0,mp:train
calib,sample_000672.npz,/home/zzy/TrajectoryPlanning/distill/data/benchmark/mp/train/sample_000390.npz,mp,forest,U,mp_forest,simple,easy,0,mp:train
calib,sample_000673.npz,/home/zzy/TrajectoryPlanning/distill/data/benchmark/mp/train/sample_000391.npz,mp,forest,U,mp_forest,simple,easy,0,mp:train
calib,sample_000674.npz,/home/zzy/TrajectoryPlanning/distill/data/benchmark/mp/train/sample_000393.npz,mp,forest,U,mp_forest,simple,easy,0,mp:train
calib,sample_000675.npz,/home/zzy/TrajectoryPlanning/distill/data/benchmark/mp/train/sample_000394.npz,mp,forest,U,mp_forest,simple,easy,0,mp:train
calib,sample_000676.npz,/home/zzy/TrajectoryPlanning/distill/data/benchmark/mp/train/sample_000396.npz,mp,forest,U,mp_forest,simple,easy,0,mp:train
calib,sample_000677.npz,/home/zzy/TrajectoryPlanning/distill/data/benchmark/mp/train/sample_000398.npz,mp,forest,U,mp_forest,simple,easy,0,mp:train
calib,sample_000678.npz,/home/zzy/TrajectoryPlanning/distill/data/benchmark/mp/train/sample_000402.npz,mp,forest,U,mp_forest,simple,easy,0,mp:train
calib,sample_000679.npz,/home/zzy/TrajectoryPlanning/distill/data/benchmark/mp/train/sample_000405.npz,mp,forest,U,mp_forest,simple,easy,0,mp:train
calib,sample_000680.npz,/home/zzy/TrajectoryPlanning/distill/data/benchmark/mp/train/sample_000406.npz,mp,forest,U,mp_forest,simple,easy,0,mp:train
calib,sample_000681.npz,/home/zzy/TrajectoryPlanning/distill/data/benchmark/mp/train/sample_000407.npz,mp,forest,U,mp_forest,simple,easy,0,mp:train
calib,sample_000682.npz,/home/zzy/TrajectoryPlanning/distill/data/benchmark/mp/train/sample_000410.npz,mp,forest,U,mp_forest,simple,easy,0,mp:train
calib,sample_000683.npz,/home/zzy/TrajectoryPlanning/distill/data/benchmark/mp/train/sample_000412.npz,mp,forest,U,mp_forest,simple,easy,0,mp:train
calib,sample_000684.npz,/home/zzy/TrajectoryPlanning/distill/data/benchmark/mp/train/sample_000413.npz,mp,forest,U,mp_forest,simple,easy,0,mp:train
calib,sample_000685.npz,/home/zzy/TrajectoryPlanning/distill/data/benchmark/mp/train/sample_000416.npz,mp,forest,U,mp_forest,simple,easy,0,mp:train
calib,sample_000686.npz,/home/zzy/TrajectoryPlanning/distill/data/benchmark/mp/train/sample_000418.npz,mp,forest,U,mp_forest,simple,easy,0,mp:train
calib,sample_000687.npz,/home/zzy/TrajectoryPlanning/distill/data/benchmark/mp/train/sample_000420.npz,mp,forest,U,mp_forest,simple,easy,0,mp:train
calib,sample_000688.npz,/home/zzy/TrajectoryPlanning/distill/data/benchmark/mp/train/sample_000423.npz,mp,forest,U,mp_forest,simple,easy,0,mp:train
calib,sample_000689.npz,/home/zzy/TrajectoryPlanning/distill/data/benchmark/mp/train/sample_000425.npz,mp,forest,U,mp_forest,simple,easy,0,mp:train
calib,sample_000690.npz,/home/zzy/TrajectoryPlanning/distill/data/benchmark/mp/train/sample_000427.npz,mp,forest,U,mp_forest,simple,easy,0,mp:train
calib,sample_000691.npz,/home/zzy/TrajectoryPlanning/distill/data/benchmark/mp/train/sample_000429.npz,mp,forest,U,mp_forest,simple,easy,0,mp:train
calib,sample_000692.npz,/home/zzy/TrajectoryPlanning/distill/data/benchmark/mp/train/sample_000430.npz,mp,forest,U,mp_forest,simple,easy,0,mp:train
calib,sample_000693.npz,/home/zzy/TrajectoryPlanning/distill/data/benchmark/mp/train/sample_000431.npz,mp,forest,U,mp_forest,simple,easy,0,mp:train
calib,sample_000694.npz,/home/zzy/TrajectoryPlanning/distill/data/benchmark/mp/train/sample_000433.npz,mp,forest,U,mp_forest,simple,easy,0,mp:train
calib,sample_000695.npz,/home/zzy/TrajectoryPlanning/distill/data/benchmark/mp/train/sample_000435.npz,mp,forest,U,mp_forest,simple,easy,0,mp:train
calib,sample_000696.npz,/home/zzy/TrajectoryPlanning/distill/data/benchmark/mp/train/sample_000436.npz,mp,forest,U,mp_forest,simple,easy,0,mp:train
calib,sample_000697.npz,/home/zzy/TrajectoryPlanning/distill/data/benchmark/mp/train/sample_000437.npz,mp,forest,U,mp_forest,simple,easy,0,mp:train
calib,sample_000698.npz,/home/zzy/TrajectoryPlanning/distill/data/benchmark/mp/train/sample_000438.npz,mp,forest,U,mp_forest,simple,easy,0,mp:train
calib,sample_000699.npz,/home/zzy/TrajectoryPlanning/distill/data/benchmark/mp/train/sample_000440.npz,mp,forest,U,mp_forest,simple,easy,0,mp:train
calib,sample_000700.npz,/home/zzy/TrajectoryPlanning/distill/data/benchmark/mp/train/sample_000441.npz,mp,forest,U,mp_forest,simple,easy,0,mp:train
calib,sample_000701.npz,/home/zzy/TrajectoryPlanning/distill/data/benchmark/mp/train/sample_000442.npz,mp,forest,U,mp_forest,simple,easy,0,mp:train
calib,sample_000702.npz,/home/zzy/TrajectoryPlanning/distill/data/benchmark/mp/train/sample_000444.npz,mp,forest,U,mp_forest,simple,easy,0,mp:train
calib,sample_000703.npz,/home/zzy/TrajectoryPlanning/distill/data/benchmark/mp/train/sample_000445.npz,mp,forest,U,mp_forest,simple,easy,0,mp:train
calib,sample_000704.npz,/home/zzy/TrajectoryPlanning/distill/data/benchmark/mp/train/sample_000446.npz,mp,forest,U,mp_forest,simple,easy,0,mp:train
calib,sample_000705.npz,/home/zzy/TrajectoryPlanning/distill/data/benchmark/mp/train/sample_000447.npz,mp,forest,U,mp_forest,simple,easy,0,mp:train
calib,sample_000706.npz,/home/zzy/TrajectoryPlanning/distill/data/benchmark/mp/train/sample_000449.npz,mp,forest,U,mp_forest,simple,easy,0,mp:train
calib,sample_000707.npz,/home/zzy/TrajectoryPlanning/distill/data/benchmark/mp/train/sample_000450.npz,mp,forest,U,mp_forest,simple,easy,0,mp:train
calib,sample_000708.npz,/home/zzy/TrajectoryPlanning/distill/data/benchmark/mp/train/sample_000452.npz,mp,forest,U,mp_forest,simple,easy,0,mp:train
calib,sample_000709.npz,/home/zzy/TrajectoryPlanning/distill/data/benchmark/mp/train/sample_000453.npz,mp,forest,U,mp_forest,simple,easy,0,mp:train
calib,sample_000710.npz,/home/zzy/TrajectoryPlanning/distill/data/benchmark/mp/train/sample_000454.npz,mp,forest,U,mp_forest,simple,easy,0,mp:train
calib,sample_000711.npz,/home/zzy/TrajectoryPlanning/distill/data/benchmark/mp/train/sample_000457.npz,mp,forest,U,mp_forest,simple,easy,0,mp:train
calib,sample_000712.npz,/home/zzy/TrajectoryPlanning/distill/data/benchmark/mp/train/sample_000458.npz,mp,forest,U,mp_forest,simple,easy,0,mp:train
calib,sample_000713.npz,/home/zzy/TrajectoryPlanning/distill/data/benchmark/mp/train/sample_000459.npz,mp,forest,U,mp_forest,simple,easy,0,mp:train
calib,sample_000714.npz,/home/zzy/TrajectoryPlanning/distill/data/benchmark/mp/train/sample_000460.npz,mp,forest,U,mp_forest,simple,easy,0,mp:train
calib,sample_000715.npz,/home/zzy/TrajectoryPlanning/distill/data/benchmark/mp/train/sample_000461.npz,mp,forest,U,mp_forest,simple,easy,0,mp:train
calib,sample_000716.npz,/home/zzy/TrajectoryPlanning/distill/data/benchmark/mp/train/sample_000462.npz,mp,forest,U,mp_forest,simple,easy,0,mp:train
calib,sample_000717.npz,/home/zzy/TrajectoryPlanning/distill/data/benchmark/mp/train/sample_000464.npz,mp,forest,U,mp_forest,simple,easy,0,mp:train
calib,sample_000718.npz,/home/zzy/TrajectoryPlanning/distill/data/benchmark/mp/train/sample_000467.npz,mp,forest,U,mp_forest,simple,easy,0,mp:train
calib,sample_000719.npz,/home/zzy/TrajectoryPlanning/distill/data/benchmark/mp/train/sample_000468.npz,mp,forest,U,mp_forest,simple,easy,0,mp:train
calib,sample_000720.npz,/home/zzy/TrajectoryPlanning/distill/data/benchmark/mp/train/sample_000471.npz,mp,forest,U,mp_forest,simple,easy,0,mp:train
calib,sample_000721.npz,/home/zzy/TrajectoryPlanning/distill/data/benchmark/mp/train/sample_000473.npz,mp,forest,U,mp_forest,simple,easy,0,mp:train
calib,sample_000722.npz,/home/zzy/TrajectoryPlanning/distill/data/benchmark/mp/train/sample_000476.npz,mp,forest,U,mp_forest,simple,easy,0,mp:train
calib,sample_000723.npz,/home/zzy/TrajectoryPlanning/distill/data/benchmark/mp/train/sample_000477.npz,mp,forest,U,mp_forest,simple,easy,0,mp:train
calib,sample_000724.npz,/home/zzy/TrajectoryPlanning/distill/data/benchmark/mp/train/sample_000478.npz,mp,forest,U,mp_forest,simple,easy,0,mp:train
calib,sample_000725.npz,/home/zzy/TrajectoryPlanning/distill/data/benchmark/mp/train/sample_000483.npz,mp,forest,U,mp_forest,simple,easy,0,mp:train
calib,sample_000726.npz,/home/zzy/TrajectoryPlanning/distill/data/benchmark/mp/train/sample_000484.npz,mp,forest,U,mp_forest,simple,easy,0,mp:train
calib,sample_000727.npz,/home/zzy/TrajectoryPlanning/distill/data/benchmark/mp/train/sample_000485.npz,mp,forest,U,mp_forest,simple,easy,0,mp:train
calib,sample_000728.npz,/home/zzy/TrajectoryPlanning/distill/data/benchmark/mp/train/sample_000487.npz,mp,forest,U,mp_forest,simple,easy,0,mp:train
calib,sample_000729.npz,/home/zzy/TrajectoryPlanning/distill/data/benchmark/mp/train/sample_000489.npz,mp,forest,U,mp_forest,simple,easy,0,mp:train
calib,sample_000730.npz,/home/zzy/TrajectoryPlanning/distill/data/benchmark/mp/train/sample_000490.npz,mp,forest,U,mp_forest,simple,easy,0,mp:train
calib,sample_000731.npz,/home/zzy/TrajectoryPlanning/distill/data/benchmark/mp/train/sample_000493.npz,mp,forest,U,mp_forest,simple,easy,0,mp:train
calib,sample_000732.npz,/home/zzy/TrajectoryPlanning/distill/data/benchmark/mp/train/sample_000497.npz,mp,forest,U,mp_forest,simple,easy,0,mp:train
calib,sample_000733.npz,/home/zzy/TrajectoryPlanning/distill/data/benchmark/mp/train/sample_000499.npz,mp,forest,U,mp_forest,simple,easy,0,mp:train
calib,sample_000734.npz,/home/zzy/TrajectoryPlanning/distill/data/benchmark/mp/train/sample_000501.npz,mp,forest,U,mp_forest,simple,easy,0,mp:train
calib,sample_000735.npz,/home/zzy/TrajectoryPlanning/distill/data/benchmark/mp/train/sample_000502.npz,mp,forest,U,mp_forest,simple,easy,0,mp:train
calib,sample_000736.npz,/home/zzy/TrajectoryPlanning/distill/data/benchmark/mp/train/sample_000504.npz,mp,forest,U,mp_forest,simple,easy,0,mp:train
calib,sample_000737.npz,/home/zzy/TrajectoryPlanning/distill/data/benchmark/mp/train/sample_000505.npz,mp,forest,U,mp_forest,simple,easy,0,mp:train
calib,sample_000738.npz,/home/zzy/TrajectoryPlanning/distill/data/benchmark/mp/train/sample_000506.npz,mp,forest,U,mp_forest,simple,easy,0,mp:train
calib,sample_000739.npz,/home/zzy/TrajectoryPlanning/distill/data/benchmark/mp/train/sample_000508.npz,mp,forest,U,mp_forest,simple,easy,0,mp:train
calib,sample_000740.npz,/home/zzy/TrajectoryPlanning/distill/data/benchmark/mp/train/sample_000511.npz,mp,forest,U,mp_forest,simple,easy,0,mp:train
calib,sample_000741.npz,/home/zzy/TrajectoryPlanning/distill/data/benchmark/mp/train/sample_000513.npz,mp,forest,U,mp_forest,simple,easy,0,mp:train
calib,sample_000742.npz,/home/zzy/TrajectoryPlanning/distill/data/benchmark/mp/train/sample_000515.npz,mp,forest,U,mp_forest,simple,easy,0,mp:train
calib,sample_000743.npz,/home/zzy/TrajectoryPlanning/distill/data/benchmark/mp/train/sample_000517.npz,mp,forest,U,mp_forest,simple,easy,0,mp:train
calib,sample_000744.npz,/home/zzy/TrajectoryPlanning/distill/data/benchmark/mp/train/sample_000520.npz,mp,forest,U,mp_forest,simple,easy,0,mp:train
calib,sample_000745.npz,/home/zzy/TrajectoryPlanning/distill/data/benchmark/mp/train/sample_000524.npz,mp,forest,U,mp_forest,simple,easy,0,mp:train
calib,sample_000746.npz,/home/zzy/TrajectoryPlanning/distill/data/benchmark/mp/train/sample_000525.npz,mp,forest,U,mp_forest,simple,easy,0,mp:train
calib,sample_000747.npz,/home/zzy/TrajectoryPlanning/distill/data/benchmark/mp/train/sample_000527.npz,mp,forest,U,mp_forest,simple,easy,0,mp:train
calib,sample_000748.npz,/home/zzy/TrajectoryPlanning/distill/data/benchmark/mp/train/sample_000528.npz,mp,forest,U,mp_forest,simple,easy,0,mp:train
calib,sample_000749.npz,/home/zzy/TrajectoryPlanning/distill/data/benchmark/mp/train/sample_000530.npz,mp,forest,U,mp_forest,simple,easy,0,mp:train
calib,sample_000750.npz,/home/zzy/TrajectoryPlanning/distill/data/benchmark/mp/train/sample_000531.npz,mp,forest,U,mp_forest,simple,easy,0,mp:train
calib,sample_000751.npz,/home/zzy/TrajectoryPlanning/distill/data/benchmark/mp/train/sample_000532.npz,mp,forest,U,mp_forest,simple,easy,0,mp:train
calib,sample_000752.npz,/home/zzy/TrajectoryPlanning/distill/data/benchmark/mp/train/sample_000534.npz,mp,forest,U,mp_forest,simple,easy,0,mp:train
calib,sample_000753.npz,/home/zzy/TrajectoryPlanning/distill/data/benchmark/mp/train/sample_000542.npz,mp,forest,U,mp_forest,simple,easy,0,mp:train
calib,sample_000754.npz,/home/zzy/TrajectoryPlanning/distill/data/benchmark/mp/train/sample_000544.npz,mp,forest,U,mp_forest,simple,easy,0,mp:train
calib,sample_000755.npz,/home/zzy/TrajectoryPlanning/distill/data/benchmark/mp/train/sample_000546.npz,mp,forest,U,mp_forest,simple,easy,0,mp:train
calib,sample_000756.npz,/home/zzy/TrajectoryPlanning/distill/data/benchmark/mp/train/sample_000548.npz,mp,forest,U,mp_forest,simple,easy,0,mp:train
calib,sample_000757.npz,/home/zzy/TrajectoryPlanning/distill/data/benchmark/mp/train/sample_000549.npz,mp,forest,U,mp_forest,simple,easy,0,mp:train
calib,sample_000758.npz,/home/zzy/TrajectoryPlanning/distill/data/benchmark/mp/train/sample_000551.npz,mp,forest,U,mp_forest,simple,easy,0,mp:train
calib,sample_000759.npz,/home/zzy/TrajectoryPlanning/distill/data/benchmark/mp/train/sample_000552.npz,mp,forest,U,mp_forest,simple,easy,0,mp:train
calib,sample_000760.npz,/home/zzy/TrajectoryPlanning/distill/data/benchmark/mp/train/sample_000553.npz,mp,forest,U,mp_forest,simple,easy,0,mp:train
calib,sample_000761.npz,/home/zzy/TrajectoryPlanning/distill/data/benchmark/mp/train/sample_000555.npz,mp,forest,U,mp_forest,simple,easy,0,mp:train
calib,sample_000762.npz,/home/zzy/TrajectoryPlanning/distill/data/benchmark/mp/train/sample_000557.npz,mp,forest,U,mp_forest,simple,easy,0,mp:train
calib,sample_000763.npz,/home/zzy/TrajectoryPlanning/distill/data/benchmark/mp/train/sample_000558.npz,mp,forest,U,mp_forest,simple,easy,0,mp:train
calib,sample_000764.npz,/home/zzy/TrajectoryPlanning/distill/data/benchmark/mp/train/sample_000560.npz,mp,forest,U,mp_forest,simple,easy,0,mp:train
calib,sample_000765.npz,/home/zzy/TrajectoryPlanning/distill/data/benchmark/mp/train/sample_000562.npz,mp,forest,U,mp_forest,simple,easy,0,mp:train
calib,sample_000766.npz,/home/zzy/TrajectoryPlanning/distill/data/benchmark/mp/train/sample_000564.npz,mp,forest,U,mp_forest,simple,easy,0,mp:train
calib,sample_000767.npz,/home/zzy/TrajectoryPlanning/distill/data/benchmark/mp/train/sample_000565.npz,mp,forest,U,mp_forest,simple,easy,0,mp:train
calib,sample_000768.npz,/home/zzy/TrajectoryPlanning/distill/data/benchmark/mp/train/sample_000567.npz,mp,forest,U,mp_forest,simple,easy,0,mp:train
calib,sample_000769.npz,/home/zzy/TrajectoryPlanning/distill/data/benchmark/mp/train/sample_000569.npz,mp,forest,U,mp_forest,simple,easy,0,mp:train
calib,sample_000770.npz,/home/zzy/TrajectoryPlanning/distill/data/benchmark/mp/train/sample_000571.npz,mp,forest,U,mp_forest,simple,easy,0,mp:train
calib,sample_000771.npz,/home/zzy/TrajectoryPlanning/distill/data/benchmark/mp/train/sample_000572.npz,mp,forest,U,mp_forest,simple,easy,0,mp:train
calib,sample_000772.npz,/home/zzy/TrajectoryPlanning/distill/data/benchmark/mp/train/sample_000574.npz,mp,forest,U,mp_forest,simple,easy,0,mp:train
calib,sample_000773.npz,/home/zzy/TrajectoryPlanning/distill/data/benchmark/mp/train/sample_000575.npz,mp,forest,U,mp_forest,simple,easy,0,mp:train
calib,sample_000774.npz,/home/zzy/TrajectoryPlanning/distill/data/benchmark/mp/train/sample_000578.npz,mp,forest,U,mp_forest,simple,easy,0,mp:train
calib,sample_000775.npz,/home/zzy/TrajectoryPlanning/distill/data/benchmark/mp/train/sample_000582.npz,mp,forest,U,mp_forest,simple,easy,0,mp:train
calib,sample_000776.npz,/home/zzy/TrajectoryPlanning/distill/data/benchmark/mp/train/sample_000584.npz,mp,forest,U,mp_forest,simple,easy,0,mp:train
calib,sample_000777.npz,/home/zzy/TrajectoryPlanning/distill/data/benchmark/mp/train/sample_000587.npz,mp,forest,U,mp_forest,simple,easy,0,mp:train
calib,sample_000778.npz,/home/zzy/TrajectoryPlanning/distill/data/benchmark/mp/train/sample_000588.npz,mp,forest,U,mp_forest,simple,easy,0,mp:train
calib,sample_000779.npz,/home/zzy/TrajectoryPlanning/distill/data/benchmark/mp/train/sample_000589.npz,mp,forest,U,mp_forest,simple,easy,0,mp:train
calib,sample_000780.npz,/home/zzy/TrajectoryPlanning/distill/data/benchmark/mp/train/sample_000591.npz,mp,forest,U,mp_forest,simple,easy,0,mp:train
calib,sample_000781.npz,/home/zzy/TrajectoryPlanning/distill/data/benchmark/mp/train/sample_000594.npz,mp,forest,U,mp_forest,simple,easy,0,mp:train
calib,sample_000782.npz,/home/zzy/TrajectoryPlanning/distill/data/benchmark/mp/train/sample_000595.npz,mp,forest,U,mp_forest,simple,easy,0,mp:train
calib,sample_000783.npz,/home/zzy/TrajectoryPlanning/distill/data/benchmark/mp/train/sample_000596.npz,mp,forest,U,mp_forest,simple,easy,0,mp:train
calib,sample_000784.npz,/home/zzy/TrajectoryPlanning/distill/data/benchmark/mp/train/sample_000598.npz,mp,forest,U,mp_forest,simple,easy,0,mp:train
calib,sample_000785.npz,/home/zzy/TrajectoryPlanning/distill/data/benchmark/mp/train/sample_000600.npz,mp,forest,U,mp_forest,simple,easy,0,mp:train
calib,sample_000786.npz,/home/zzy/TrajectoryPlanning/distill/data/benchmark/mp/train/sample_000602.npz,mp,forest,U,mp_forest,simple,easy,0,mp:train
calib,sample_000787.npz,/home/zzy/TrajectoryPlanning/distill/data/benchmark/mp/train/sample_000604.npz,mp,forest,U,mp_forest,simple,easy,0,mp:train
calib,sample_000788.npz,/home/zzy/TrajectoryPlanning/distill/data/benchmark/mp/train/sample_000605.npz,mp,forest,U,mp_forest,simple,easy,0,mp:train
calib,sample_000789.npz,/home/zzy/TrajectoryPlanning/distill/data/benchmark/mp/train/sample_000607.npz,mp,forest,U,mp_forest,simple,easy,0,mp:train
calib,sample_000790.npz,/home/zzy/TrajectoryPlanning/distill/data/benchmark/mp/train/sample_000609.npz,mp,forest,U,mp_forest,simple,easy,0,mp:train
calib,sample_000791.npz,/home/zzy/TrajectoryPlanning/distill/data/benchmark/mp/train/sample_000611.npz,mp,forest,U,mp_forest,simple,easy,0,mp:train
calib,sample_000792.npz,/home/zzy/TrajectoryPlanning/distill/data/benchmark/mp/train/sample_000612.npz,mp,forest,U,mp_forest,simple,easy,0,mp:train
calib,sample_000793.npz,/home/zzy/TrajectoryPlanning/distill/data/benchmark/mp/train/sample_000613.npz,mp,forest,U,mp_forest,simple,easy,0,mp:train
calib,sample_000794.npz,/home/zzy/TrajectoryPlanning/distill/data/benchmark/mp/train/sample_000615.npz,mp,forest,U,mp_forest,simple,easy,0,mp:train
calib,sample_000795.npz,/home/zzy/TrajectoryPlanning/distill/data/benchmark/mp/train/sample_000616.npz,mp,forest,U,mp_forest,simple,easy,0,mp:train
calib,sample_000796.npz,/home/zzy/TrajectoryPlanning/distill/data/benchmark/mp/train/sample_000622.npz,mp,forest,U,mp_forest,simple,easy,0,mp:train
calib,sample_000797.npz,/home/zzy/TrajectoryPlanning/distill/data/benchmark/mp/train/sample_000623.npz,mp,forest,U,mp_forest,simple,easy,0,mp:train
calib,sample_000798.npz,/home/zzy/TrajectoryPlanning/distill/data/benchmark/mp/train/sample_000624.npz,mp,forest,U,mp_forest,simple,easy,0,mp:train
calib,sample_000799.npz,/home/zzy/TrajectoryPlanning/distill/data/benchmark/mp/train/sample_000625.npz,mp,forest,U,mp_forest,simple,easy,0,mp:train
calib,sample_000800.npz,/home/zzy/TrajectoryPlanning/distill/data/benchmark/mp/train/sample_000626.npz,mp,forest,U,mp_forest,simple,easy,0,mp:train
calib,sample_000801.npz,/home/zzy/TrajectoryPlanning/distill/data/benchmark/mp/train/sample_000629.npz,mp,forest,U,mp_forest,simple,easy,0,mp:train
calib,sample_000802.npz,/home/zzy/TrajectoryPlanning/distill/data/benchmark/mp/train/sample_000630.npz,mp,forest,U,mp_forest,simple,easy,0,mp:train
calib,sample_000803.npz,/home/zzy/TrajectoryPlanning/distill/data/benchmark/mp/train/sample_000634.npz,mp,forest,U,mp_forest,simple,easy,0,mp:train
calib,sample_000804.npz,/home/zzy/TrajectoryPlanning/distill/data/benchmark/mp/train/sample_000635.npz,mp,forest,U,mp_forest,simple,easy,0,mp:train
calib,sample_000805.npz,/home/zzy/TrajectoryPlanning/distill/data/benchmark/mp/train/sample_000637.npz,mp,forest,U,mp_forest,simple,easy,0,mp:train
calib,sample_000806.npz,/home/zzy/TrajectoryPlanning/distill/data/benchmark/mp/train/sample_000638.npz,mp,forest,U,mp_forest,simple,easy,0,mp:train
calib,sample_000807.npz,/home/zzy/TrajectoryPlanning/distill/data/benchmark/mp/train/sample_000642.npz,mp,forest,U,mp_forest,simple,easy,0,mp:train
calib,sample_000808.npz,/home/zzy/TrajectoryPlanning/distill/data/benchmark/mp/train/sample_000647.npz,mp,forest,U,mp_forest,simple,easy,0,mp:train
calib,sample_000809.npz,/home/zzy/TrajectoryPlanning/distill/data/benchmark/mp/train/sample_000648.npz,mp,forest,U,mp_forest,simple,easy,0,mp:train
calib,sample_000810.npz,/home/zzy/TrajectoryPlanning/distill/data/benchmark/mp/train/sample_000649.npz,mp,forest,U,mp_forest,simple,easy,0,mp:train
calib,sample_000811.npz,/home/zzy/TrajectoryPlanning/distill/data/benchmark/mp/train/sample_000653.npz,mp,forest,U,mp_forest,simple,easy,0,mp:train
calib,sample_000812.npz,/home/zzy/TrajectoryPlanning/distill/data/benchmark/mp/train/sample_000658.npz,mp,forest,U,mp_forest,simple,easy,0,mp:train
calib,sample_000813.npz,/home/zzy/TrajectoryPlanning/distill/data/benchmark/mp/train/sample_000665.npz,mp,forest,U,mp_forest,simple,easy,0,mp:train
calib,sample_000814.npz,/home/zzy/TrajectoryPlanning/distill/data/benchmark/mp/train/sample_000667.npz,mp,forest,U,mp_forest,simple,easy,0,mp:train
calib,sample_000815.npz,/home/zzy/TrajectoryPlanning/distill/data/benchmark/mp/train/sample_000670.npz,mp,forest,U,mp_forest,simple,easy,0,mp:train
calib,sample_000816.npz,/home/zzy/TrajectoryPlanning/distill/data/benchmark/mp/train/sample_000671.npz,mp,forest,U,mp_forest,simple,easy,0,mp:train
calib,sample_000817.npz,/home/zzy/TrajectoryPlanning/distill/data/benchmark/mp/train/sample_000674.npz,mp,forest,U,mp_forest,simple,easy,0,mp:train
calib,sample_000818.npz,/home/zzy/TrajectoryPlanning/distill/data/benchmark/mp/train/sample_000677.npz,mp,forest,U,mp_forest,simple,easy,0,mp:train
calib,sample_000819.npz,/home/zzy/TrajectoryPlanning/distill/data/benchmark/mp/train/sample_000678.npz,mp,forest,U,mp_forest,simple,easy,0,mp:train
calib,sample_000820.npz,/home/zzy/TrajectoryPlanning/distill/data/benchmark/mp/train/sample_000680.npz,mp,forest,U,mp_forest,simple,easy,0,mp:train
calib,sample_000821.npz,/home/zzy/TrajectoryPlanning/distill/data/benchmark/mp/train/sample_000681.npz,mp,forest,U,mp_forest,simple,easy,0,mp:train
calib,sample_000822.npz,/home/zzy/TrajectoryPlanning/distill/data/benchmark/mp/train/sample_000684.npz,mp,forest,U,mp_forest,simple,easy,0,mp:train
calib,sample_000823.npz,/home/zzy/TrajectoryPlanning/distill/data/benchmark/mp/train/sample_000686.npz,mp,forest,U,mp_forest,simple,easy,0,mp:train
calib,sample_000824.npz,/home/zzy/TrajectoryPlanning/distill/data/benchmark/mp/train/sample_000687.npz,mp,forest,U,mp_forest,simple,easy,0,mp:train
calib,sample_000825.npz,/home/zzy/TrajectoryPlanning/distill/data/benchmark/mp/train/sample_000689.npz,mp,forest,U,mp_forest,simple,easy,0,mp:train
calib,sample_000826.npz,/home/zzy/TrajectoryPlanning/distill/data/benchmark/mp/train/sample_000690.npz,mp,forest,U,mp_forest,simple,easy,0,mp:train
calib,sample_000827.npz,/home/zzy/TrajectoryPlanning/distill/data/benchmark/mp/train/sample_000692.npz,mp,forest,U,mp_forest,simple,easy,0,mp:train
calib,sample_000828.npz,/home/zzy/TrajectoryPlanning/distill/data/benchmark/mp/train/sample_000693.npz,mp,forest,U,mp_forest,simple,easy,0,mp:train
calib,sample_000829.npz,/home/zzy/TrajectoryPlanning/distill/data/benchmark/mp/train/sample_000696.npz,mp,forest,U,mp_forest,simple,easy,0,mp:train
calib,sample_000830.npz,/home/zzy/TrajectoryPlanning/distill/data/benchmark/mp/train/sample_000701.npz,mp,forest,U,mp_forest,simple,easy,0,mp:train
calib,sample_000831.npz,/home/zzy/TrajectoryPlanning/distill/data/benchmark/mp/train/sample_000702.npz,mp,forest,U,mp_forest,simple,easy,0,mp:train
calib,sample_000832.npz,/home/zzy/TrajectoryPlanning/distill/data/benchmark/mp/train/sample_000706.npz,mp,forest,U,mp_forest,simple,easy,0,mp:train
calib,sample_000833.npz,/home/zzy/TrajectoryPlanning/distill/data/benchmark/mp/train/sample_000707.npz,mp,forest,U,mp_forest,simple,easy,0,mp:train
calib,sample_000834.npz,/home/zzy/TrajectoryPlanning/distill/data/benchmark/mp/train/sample_000709.npz,mp,forest,U,mp_forest,simple,easy,0,mp:train
calib,sample_000835.npz,/home/zzy/TrajectoryPlanning/distill/data/benchmark/mp/train/sample_000711.npz,mp,forest,U,mp_forest,simple,easy,0,mp:train
calib,sample_000836.npz,/home/zzy/TrajectoryPlanning/distill/data/benchmark/mp/train/sample_000712.npz,mp,forest,U,mp_forest,simple,easy,0,mp:train
calib,sample_000837.npz,/home/zzy/TrajectoryPlanning/distill/data/benchmark/mp/train/sample_000713.npz,mp,forest,U,mp_forest,simple,easy,0,mp:train
calib,sample_000838.npz,/home/zzy/TrajectoryPlanning/distill/data/benchmark/mp/train/sample_000714.npz,mp,forest,U,mp_forest,simple,easy,0,mp:train
calib,sample_000839.npz,/home/zzy/TrajectoryPlanning/distill/data/benchmark/mp/train/sample_000717.npz,mp,forest,U,mp_forest,simple,easy,0,mp:train
calib,sample_000840.npz,/home/zzy/TrajectoryPlanning/distill/data/benchmark/mp/train/sample_000718.npz,mp,forest,U,mp_forest,simple,easy,0,mp:train
calib,sample_000841.npz,/home/zzy/TrajectoryPlanning/distill/data/benchmark/mp/train/sample_000721.npz,mp,forest,U,mp_forest,simple,easy,0,mp:train
calib,sample_000842.npz,/home/zzy/TrajectoryPlanning/distill/data/benchmark/mp/train/sample_000722.npz,mp,forest,U,mp_forest,simple,easy,0,mp:train
calib,sample_000843.npz,/home/zzy/TrajectoryPlanning/distill/data/benchmark/mp/train/sample_000725.npz,mp,forest,U,mp_forest,simple,easy,0,mp:train
calib,sample_000844.npz,/home/zzy/TrajectoryPlanning/distill/data/benchmark/mp/train/sample_000726.npz,mp,forest,U,mp_forest,simple,easy,0,mp:train
calib,sample_000845.npz,/home/zzy/TrajectoryPlanning/distill/data/benchmark/mp/train/sample_000727.npz,mp,forest,U,mp_forest,simple,easy,0,mp:train
calib,sample_000846.npz,/home/zzy/TrajectoryPlanning/distill/data/benchmark/mp/train/sample_000728.npz,mp,forest,U,mp_forest,simple,easy,0,mp:train
calib,sample_000847.npz,/home/zzy/TrajectoryPlanning/distill/data/benchmark/mp/train/sample_000729.npz,mp,forest,U,mp_forest,simple,easy,0,mp:train
calib,sample_000848.npz,/home/zzy/TrajectoryPlanning/distill/data/benchmark/mp/train/sample_000731.npz,mp,forest,U,mp_forest,simple,easy,0,mp:train
calib,sample_000849.npz,/home/zzy/TrajectoryPlanning/distill/data/benchmark/mp/train/sample_000732.npz,mp,forest,U,mp_forest,simple,easy,0,mp:train
calib,sample_000850.npz,/home/zzy/TrajectoryPlanning/distill/data/benchmark/mp/train/sample_000733.npz,mp,forest,U,mp_forest,simple,easy,0,mp:train
calib,sample_000851.npz,/home/zzy/TrajectoryPlanning/distill/data/benchmark/mp/train/sample_000734.npz,mp,forest,U,mp_forest,simple,easy,0,mp:train
calib,sample_000852.npz,/home/zzy/TrajectoryPlanning/distill/data/benchmark/mp/train/sample_000736.npz,mp,forest,U,mp_forest,simple,easy,0,mp:train
calib,sample_000853.npz,/home/zzy/TrajectoryPlanning/distill/data/benchmark/mp/train/sample_000737.npz,mp,forest,U,mp_forest,simple,easy,0,mp:train
calib,sample_000854.npz,/home/zzy/TrajectoryPlanning/distill/data/benchmark/mp/train/sample_000738.npz,mp,forest,U,mp_forest,simple,easy,0,mp:train
calib,sample_000855.npz,/home/zzy/TrajectoryPlanning/distill/data/benchmark/mp/train/sample_000741.npz,mp,forest,U,mp_forest,simple,easy,0,mp:train
calib,sample_000856.npz,/home/zzy/TrajectoryPlanning/distill/data/benchmark/mp/train/sample_000742.npz,mp,forest,U,mp_forest,simple,easy,0,mp:train
calib,sample_000857.npz,/home/zzy/TrajectoryPlanning/distill/data/benchmark/mp/train/sample_000744.npz,mp,forest,U,mp_forest,simple,easy,0,mp:train
calib,sample_000858.npz,/home/zzy/TrajectoryPlanning/distill/data/benchmark/mp/train/sample_000746.npz,mp,forest,U,mp_forest,simple,easy,0,mp:train
calib,sample_000859.npz,/home/zzy/TrajectoryPlanning/distill/data/benchmark/mp/train/sample_000750.npz,mp,forest,U,mp_forest,simple,easy,0,mp:train
calib,sample_000860.npz,/home/zzy/TrajectoryPlanning/distill/data/benchmark/mp/train/sample_000752.npz,mp,forest,U,mp_forest,simple,easy,0,mp:train
calib,sample_000861.npz,/home/zzy/TrajectoryPlanning/distill/data/benchmark/mp/train/sample_000753.npz,mp,forest,U,mp_forest,simple,easy,0,mp:train
calib,sample_000862.npz,/home/zzy/TrajectoryPlanning/distill/data/benchmark/mp/train/sample_000754.npz,mp,forest,U,mp_forest,simple,easy,0,mp:train
calib,sample_000863.npz,/home/zzy/TrajectoryPlanning/distill/data/benchmark/mp/train/sample_000760.npz,mp,forest,U,mp_forest,simple,easy,0,mp:train
calib,sample_000864.npz,/home/zzy/TrajectoryPlanning/distill/data/benchmark/mp/train/sample_000761.npz,mp,forest,U,mp_forest,simple,easy,0,mp:train
calib,sample_000865.npz,/home/zzy/TrajectoryPlanning/distill/data/benchmark/mp/train/sample_000762.npz,mp,forest,U,mp_forest,simple,easy,0,mp:train
calib,sample_000866.npz,/home/zzy/TrajectoryPlanning/distill/data/benchmark/mp/train/sample_000769.npz,mp,forest,U,mp_forest,simple,easy,0,mp:train
calib,sample_000867.npz,/home/zzy/TrajectoryPlanning/distill/data/benchmark/mp/train/sample_000770.npz,mp,forest,U,mp_forest,simple,easy,0,mp:train
calib,sample_000868.npz,/home/zzy/TrajectoryPlanning/distill/data/benchmark/mp/train/sample_000771.npz,mp,forest,U,mp_forest,simple,easy,0,mp:train
calib,sample_000869.npz,/home/zzy/TrajectoryPlanning/distill/data/benchmark/mp/train/sample_000773.npz,mp,forest,U,mp_forest,simple,easy,0,mp:train
calib,sample_000870.npz,/home/zzy/TrajectoryPlanning/distill/data/benchmark/mp/train/sample_000774.npz,mp,forest,U,mp_forest,simple,easy,0,mp:train
calib,sample_000871.npz,/home/zzy/TrajectoryPlanning/distill/data/benchmark/mp/train/sample_000776.npz,mp,forest,U,mp_forest,simple,easy,0,mp:train
calib,sample_000872.npz,/home/zzy/TrajectoryPlanning/distill/data/benchmark/mp/train/sample_000777.npz,mp,forest,U,mp_forest,simple,easy,0,mp:train
calib,sample_000873.npz,/home/zzy/TrajectoryPlanning/distill/data/benchmark/mp/train/sample_000782.npz,mp,forest,U,mp_forest,simple,easy,0,mp:train
calib,sample_000874.npz,/home/zzy/TrajectoryPlanning/distill/data/benchmark/mp/train/sample_000783.npz,mp,forest,U,mp_forest,simple,easy,0,mp:train
calib,sample_000875.npz,/home/zzy/TrajectoryPlanning/distill/data/benchmark/mp/train/sample_000784.npz,mp,forest,U,mp_forest,simple,easy,0,mp:train
calib,sample_000876.npz,/home/zzy/TrajectoryPlanning/distill/data/benchmark/mp/train/sample_000787.npz,mp,forest,U,mp_forest,simple,easy,0,mp:train
calib,sample_000877.npz,/home/zzy/TrajectoryPlanning/distill/data/benchmark/mp/train/sample_000790.npz,mp,forest,U,mp_forest,simple,easy,0,mp:train
calib,sample_000878.npz,/home/zzy/TrajectoryPlanning/distill/data/benchmark/mp/train/sample_000791.npz,mp,forest,U,mp_forest,simple,easy,0,mp:train
calib,sample_000879.npz,/home/zzy/TrajectoryPlanning/distill/data/benchmark/mp/train/sample_000792.npz,mp,forest,U,mp_forest,simple,easy,0,mp:train
calib,sample_000880.npz,/home/zzy/TrajectoryPlanning/distill/data/benchmark/mp/train/sample_000795.npz,mp,forest,U,mp_forest,simple,easy,0,mp:train
calib,sample_000881.npz,/home/zzy/TrajectoryPlanning/distill/data/benchmark/mp/train/sample_000797.npz,mp,forest,U,mp_forest,simple,easy,0,mp:train
calib,sample_000882.npz,/home/zzy/TrajectoryPlanning/distill/data/benchmark/mp/train/sample_000798.npz,mp,forest,U,mp_forest,simple,easy,0,mp:train
calib,sample_000883.npz,/home/zzy/TrajectoryPlanning/distill/data/benchmark/mp/train/sample_000799.npz,mp,forest,U,mp_forest,simple,easy,0,mp:train
calib,sample_000884.npz,/home/zzy/TrajectoryPlanning/distill/data/benchmark/mp/test/sample_000401.npz,mp,gaps_and_forest,U,mp_gaps_and_forest,hard,hard,0,mp:test
calib,sample_000885.npz,/home/zzy/TrajectoryPlanning/distill/data/benchmark/mp/test/sample_000407.npz,mp,gaps_and_forest,U,mp_gaps_and_forest,hard,hard,0,mp:test
calib,sample_000886.npz,/home/zzy/TrajectoryPlanning/distill/data/benchmark/mp/test/sample_000412.npz,mp,gaps_and_forest,U,mp_gaps_and_forest,hard,hard,0,mp:test
calib,sample_000887.npz,/home/zzy/TrajectoryPlanning/distill/data/benchmark/mp/test/sample_000427.npz,mp,gaps_and_forest,U,mp_gaps_and_forest,hard,hard,0,mp:test
calib,sample_000888.npz,/home/zzy/TrajectoryPlanning/distill/data/benchmark/mp/test/sample_000430.npz,mp,gaps_and_forest,U,mp_gaps_and_forest,hard,hard,0,mp:test
calib,sample_000889.npz,/home/zzy/TrajectoryPlanning/distill/data/benchmark/mp/test/sample_000442.npz,mp,gaps_and_forest,U,mp_gaps_and_forest,hard,hard,0,mp:test
calib,sample_000890.npz,/home/zzy/TrajectoryPlanning/distill/data/benchmark/mp/test/sample_000453.npz,mp,gaps_and_forest,U,mp_gaps_and_forest,hard,hard,0,mp:test
calib,sample_000891.npz,/home/zzy/TrajectoryPlanning/distill/data/benchmark/mp/test/sample_000456.npz,mp,gaps_and_forest,U,mp_gaps_and_forest,hard,hard,0,mp:test
calib,sample_000892.npz,/home/zzy/TrajectoryPlanning/distill/data/benchmark/mp/test/sample_000462.npz,mp,gaps_and_forest,U,mp_gaps_and_forest,hard,hard,0,mp:test
calib,sample_000893.npz,/home/zzy/TrajectoryPlanning/distill/data/benchmark/mp/test/sample_000465.npz,mp,gaps_and_forest,U,mp_gaps_and_forest,hard,hard,0,mp:test
calib,sample_000894.npz,/home/zzy/TrajectoryPlanning/distill/data/benchmark/mp/test/sample_000470.npz,mp,gaps_and_forest,U,mp_gaps_and_forest,hard,hard,0,mp:test
calib,sample_000895.npz,/home/zzy/TrajectoryPlanning/distill/data/benchmark/mp/test/sample_000473.npz,mp,gaps_and_forest,U,mp_gaps_and_forest,hard,hard,0,mp:test
calib,sample_000896.npz,/home/zzy/TrajectoryPlanning/distill/data/benchmark/mp/test/sample_000486.npz,mp,gaps_and_forest,U,mp_gaps_and_forest,hard,hard,0,mp:test
calib,sample_000897.npz,/home/zzy/TrajectoryPlanning/distill/data/benchmark/mp/test/sample_000489.npz,mp,gaps_and_forest,U,mp_gaps_and_forest,hard,hard,0,mp:test
calib,sample_000898.npz,/home/zzy/TrajectoryPlanning/distill/data/benchmark/mp/test/sample_000491.npz,mp,gaps_and_forest,U,mp_gaps_and_forest,hard,hard,0,mp:test
calib,sample_000899.npz,/home/zzy/TrajectoryPlanning/distill/data/benchmark/mp/train/sample_003203.npz,mp,gaps_and_forest,U,mp_gaps_and_forest,hard,hard,0,mp:train
calib,sample_000900.npz,/home/zzy/TrajectoryPlanning/distill/data/benchmark/mp/train/sample_003210.npz,mp,gaps_and_forest,U,mp_gaps_and_forest,hard,hard,0,mp:train
calib,sample_000901.npz,/home/zzy/TrajectoryPlanning/distill/data/benchmark/mp/train/sample_003217.npz,mp,gaps_and_forest,U,mp_gaps_and_forest,hard,hard,0,mp:train
calib,sample_000902.npz,/home/zzy/TrajectoryPlanning/distill/data/benchmark/mp/train/sample_003230.npz,mp,gaps_and_forest,U,mp_gaps_and_forest,hard,hard,0,mp:train
calib,sample_000903.npz,/home/zzy/TrajectoryPlanning/distill/data/benchmark/mp/train/sample_003234.npz,mp,gaps_and_forest,U,mp_gaps_and_forest,hard,hard,0,mp:train
calib,sample_000904.npz,/home/zzy/TrajectoryPlanning/distill/data/benchmark/mp/train/sample_003249.npz,mp,gaps_and_forest,U,mp_gaps_and_forest,hard,hard,0,mp:train
calib,sample_000905.npz,/home/zzy/TrajectoryPlanning/distill/data/benchmark/mp/train/sample_003254.npz,mp,gaps_and_forest,U,mp_gaps_and_forest,hard,hard,0,mp:train
calib,sample_000906.npz,/home/zzy/TrajectoryPlanning/distill/data/benchmark/mp/train/sample_003258.npz,mp,gaps_and_forest,U,mp_gaps_and_forest,hard,hard,0,mp:train
calib,sample_000907.npz,/home/zzy/TrajectoryPlanning/distill/data/benchmark/mp/train/sample_003264.npz,mp,gaps_and_forest,U,mp_gaps_and_forest,hard,hard,0,mp:train
calib,sample_000908.npz,/home/zzy/TrajectoryPlanning/distill/data/benchmark/mp/train/sample_003266.npz,mp,gaps_and_forest,U,mp_gaps_and_forest,hard,hard,0,mp:train
calib,sample_000909.npz,/home/zzy/TrajectoryPlanning/distill/data/benchmark/mp/train/sample_003270.npz,mp,gaps_and_forest,U,mp_gaps_and_forest,hard,hard,0,mp:train
calib,sample_000910.npz,/home/zzy/TrajectoryPlanning/distill/data/benchmark/mp/train/sample_003281.npz,mp,gaps_and_forest,U,mp_gaps_and_forest,hard,hard,0,mp:train
calib,sample_000911.npz,/home/zzy/TrajectoryPlanning/distill/data/benchmark/mp/train/sample_003286.npz,mp,gaps_and_forest,U,mp_gaps_and_forest,hard,hard,0,mp:train
calib,sample_000912.npz,/home/zzy/TrajectoryPlanning/distill/data/benchmark/mp/train/sample_003295.npz,mp,gaps_and_forest,U,mp_gaps_and_forest,hard,hard,0,mp:train
calib,sample_000913.npz,/home/zzy/TrajectoryPlanning/distill/data/benchmark/mp/train/sample_003298.npz,mp,gaps_and_forest,U,mp_gaps_and_forest,hard,hard,0,mp:train
calib,sample_000914.npz,/home/zzy/TrajectoryPlanning/distill/data/benchmark/mp/train/sample_003303.npz,mp,gaps_and_forest,U,mp_gaps_and_forest,hard,hard,0,mp:train
calib,sample_000915.npz,/home/zzy/TrajectoryPlanning/distill/data/benchmark/mp/train/sample_003307.npz,mp,gaps_and_forest,U,mp_gaps_and_forest,hard,hard,0,mp:train
calib,sample_000916.npz,/home/zzy/TrajectoryPlanning/distill/data/benchmark/mp/train/sample_003316.npz,mp,gaps_and_forest,U,mp_gaps_and_forest,hard,hard,0,mp:train
calib,sample_000917.npz,/home/zzy/TrajectoryPlanning/distill/data/benchmark/mp/train/sample_003348.npz,mp,gaps_and_forest,U,mp_gaps_and_forest,hard,hard,0,mp:train
calib,sample_000918.npz,/home/zzy/TrajectoryPlanning/distill/data/benchmark/mp/train/sample_003363.npz,mp,gaps_and_forest,U,mp_gaps_and_forest,hard,hard,0,mp:train
calib,sample_000919.npz,/home/zzy/TrajectoryPlanning/distill/data/benchmark/mp/train/sample_003365.npz,mp,gaps_and_forest,U,mp_gaps_and_forest,hard,hard,0,mp:train
calib,sample_000920.npz,/home/zzy/TrajectoryPlanning/distill/data/benchmark/mp/train/sample_003377.npz,mp,gaps_and_forest,U,mp_gaps_and_forest,hard,hard,0,mp:train
calib,sample_000921.npz,/home/zzy/TrajectoryPlanning/distill/data/benchmark/mp/train/sample_003386.npz,mp,gaps_and_forest,U,mp_gaps_and_forest,hard,hard,0,mp:train
calib,sample_000922.npz,/home/zzy/TrajectoryPlanning/distill/data/benchmark/mp/train/sample_003397.npz,mp,gaps_and_forest,U,mp_gaps_and_forest,hard,hard,0,mp:train
calib,sample_000923.npz,/home/zzy/TrajectoryPlanning/distill/data/benchmark/mp/train/sample_003399.npz,mp,gaps_and_forest,U,mp_gaps_and_forest,hard,hard,0,mp:train
calib,sample_000924.npz,/home/zzy/TrajectoryPlanning/distill/data/benchmark/mp/train/sample_003420.npz,mp,gaps_and_forest,U,mp_gaps_and_forest,hard,hard,0,mp:train
calib,sample_000925.npz,/home/zzy/TrajectoryPlanning/distill/data/benchmark/mp/train/sample_003430.npz,mp,gaps_and_forest,U,mp_gaps_and_forest,hard,hard,0,mp:train
calib,sample_000926.npz,/home/zzy/TrajectoryPlanning/distill/data/benchmark/mp/train/sample_003442.npz,mp,gaps_and_forest,U,mp_gaps_and_forest,hard,hard,0,mp:train
calib,sample_000927.npz,/home/zzy/TrajectoryPlanning/distill/data/benchmark/mp/train/sample_003448.npz,mp,gaps_and_forest,U,mp_gaps_and_forest,hard,hard,0,mp:train
calib,sample_000928.npz,/home/zzy/TrajectoryPlanning/distill/data/benchmark/mp/train/sample_003456.npz,mp,gaps_and_forest,U,mp_gaps_and_forest,hard,hard,0,mp:train
calib,sample_000929.npz,/home/zzy/TrajectoryPlanning/distill/data/benchmark/mp/train/sample_003468.npz,mp,gaps_and_forest,U,mp_gaps_and_forest,hard,hard,0,mp:train
calib,sample_000930.npz,/home/zzy/TrajectoryPlanning/distill/data/benchmark/mp/train/sample_003477.npz,mp,gaps_and_forest,U,mp_gaps_and_forest,hard,hard,0,mp:train
calib,sample_000931.npz,/home/zzy/TrajectoryPlanning/distill/data/benchmark/mp/train/sample_003510.npz,mp,gaps_and_forest,U,mp_gaps_and_forest,hard,hard,0,mp:train
calib,sample_000932.npz,/home/zzy/TrajectoryPlanning/distill/data/benchmark/mp/train/sample_003512.npz,mp,gaps_and_forest,U,mp_gaps_and_forest,hard,hard,0,mp:train
calib,sample_000933.npz,/home/zzy/TrajectoryPlanning/distill/data/benchmark/mp/train/sample_003517.npz,mp,gaps_and_forest,U,mp_gaps_and_forest,hard,hard,0,mp:train
calib,sample_000934.npz,/home/zzy/TrajectoryPlanning/distill/data/benchmark/mp/train/sample_003524.npz,mp,gaps_and_forest,U,mp_gaps_and_forest,hard,hard,0,mp:train
calib,sample_000935.npz,/home/zzy/TrajectoryPlanning/distill/data/benchmark/mp/train/sample_003530.npz,mp,gaps_and_forest,U,mp_gaps_and_forest,hard,hard,0,mp:train
calib,sample_000936.npz,/home/zzy/TrajectoryPlanning/distill/data/benchmark/mp/train/sample_003532.npz,mp,gaps_and_forest,U,mp_gaps_and_forest,hard,hard,0,mp:train
calib,sample_000937.npz,/home/zzy/TrajectoryPlanning/distill/data/benchmark/mp/train/sample_003546.npz,mp,gaps_and_forest,U,mp_gaps_and_forest,hard,hard,0,mp:train
calib,sample_000938.npz,/home/zzy/TrajectoryPlanning/distill/data/benchmark/mp/train/sample_003548.npz,mp,gaps_and_forest,U,mp_gaps_and_forest,hard,hard,0,mp:train
calib,sample_000939.npz,/home/zzy/TrajectoryPlanning/distill/data/benchmark/mp/train/sample_003564.npz,mp,gaps_and_forest,U,mp_gaps_and_forest,hard,hard,0,mp:train
calib,sample_000940.npz,/home/zzy/TrajectoryPlanning/distill/data/benchmark/mp/train/sample_003574.npz,mp,gaps_and_forest,U,mp_gaps_and_forest,hard,hard,0,mp:train
calib,sample_000941.npz,/home/zzy/TrajectoryPlanning/distill/data/benchmark/mp/train/sample_003576.npz,mp,gaps_and_forest,U,mp_gaps_and_forest,hard,hard,0,mp:train
calib,sample_000942.npz,/home/zzy/TrajectoryPlanning/distill/data/benchmark/mp/train/sample_003578.npz,mp,gaps_and_forest,U,mp_gaps_and_forest,hard,hard,0,mp:train
calib,sample_000943.npz,/home/zzy/TrajectoryPlanning/distill/data/benchmark/mp/train/sample_003582.npz,mp,gaps_and_forest,U,mp_gaps_and_forest,hard,hard,0,mp:train
calib,sample_000944.npz,/home/zzy/TrajectoryPlanning/distill/data/benchmark/mp/train/sample_003583.npz,mp,gaps_and_forest,U,mp_gaps_and_forest,hard,hard,0,mp:train
calib,sample_000945.npz,/home/zzy/TrajectoryPlanning/distill/data/benchmark/mp/train/sample_003613.npz,mp,gaps_and_forest,U,mp_gaps_and_forest,hard,hard,0,mp:train
calib,sample_000946.npz,/home/zzy/TrajectoryPlanning/distill/data/benchmark/mp/train/sample_003620.npz,mp,gaps_and_forest,U,mp_gaps_and_forest,hard,hard,0,mp:train
calib,sample_000947.npz,/home/zzy/TrajectoryPlanning/distill/data/benchmark/mp/train/sample_003622.npz,mp,gaps_and_forest,U,mp_gaps_and_forest,hard,hard,0,mp:train
calib,sample_000948.npz,/home/zzy/TrajectoryPlanning/distill/data/benchmark/mp/train/sample_003623.npz,mp,gaps_and_forest,U,mp_gaps_and_forest,hard,hard,0,mp:train
calib,sample_000949.npz,/home/zzy/TrajectoryPlanning/distill/data/benchmark/mp/train/sample_003653.npz,mp,gaps_and_forest,U,mp_gaps_and_forest,hard,hard,0,mp:train
calib,sample_000950.npz,/home/zzy/TrajectoryPlanning/distill/data/benchmark/mp/train/sample_003663.npz,mp,gaps_and_forest,U,mp_gaps_and_forest,hard,hard,0,mp:train
calib,sample_000951.npz,/home/zzy/TrajectoryPlanning/distill/data/benchmark/mp/train/sample_003666.npz,mp,gaps_and_forest,U,mp_gaps_and_forest,hard,hard,0,mp:train
calib,sample_000952.npz,/home/zzy/TrajectoryPlanning/distill/data/benchmark/mp/train/sample_003667.npz,mp,gaps_and_forest,U,mp_gaps_and_forest,hard,hard,0,mp:train
calib,sample_000953.npz,/home/zzy/TrajectoryPlanning/distill/data/benchmark/mp/train/sample_003681.npz,mp,gaps_and_forest,U,mp_gaps_and_forest,hard,hard,0,mp:train
calib,sample_000954.npz,/home/zzy/TrajectoryPlanning/distill/data/benchmark/mp/train/sample_003683.npz,mp,gaps_and_forest,U,mp_gaps_and_forest,hard,hard,0,mp:train
calib,sample_000955.npz,/home/zzy/TrajectoryPlanning/distill/data/benchmark/mp/train/sample_003688.npz,mp,gaps_and_forest,U,mp_gaps_and_forest,hard,hard,0,mp:train
calib,sample_000956.npz,/home/zzy/TrajectoryPlanning/distill/data/benchmark/mp/train/sample_003691.npz,mp,gaps_and_forest,U,mp_gaps_and_forest,hard,hard,0,mp:train
calib,sample_000957.npz,/home/zzy/TrajectoryPlanning/distill/data/benchmark/mp/train/sample_003692.npz,mp,gaps_and_forest,U,mp_gaps_and_forest,hard,hard,0,mp:train
calib,sample_000958.npz,/home/zzy/TrajectoryPlanning/distill/data/benchmark/mp/train/sample_003698.npz,mp,gaps_and_forest,U,mp_gaps_and_forest,hard,hard,0,mp:train
calib,sample_000959.npz,/home/zzy/TrajectoryPlanning/distill/data/benchmark/mp/train/sample_003699.npz,mp,gaps_and_forest,U,mp_gaps_and_forest,hard,hard,0,mp:train
calib,sample_000960.npz,/home/zzy/TrajectoryPlanning/distill/data/benchmark/mp/train/sample_003701.npz,mp,gaps_and_forest,U,mp_gaps_and_forest,hard,hard,0,mp:train
calib,sample_000961.npz,/home/zzy/TrajectoryPlanning/distill/data/benchmark/mp/train/sample_003713.npz,mp,gaps_and_forest,U,mp_gaps_and_forest,hard,hard,0,mp:train
calib,sample_000962.npz,/home/zzy/TrajectoryPlanning/distill/data/benchmark/mp/train/sample_003725.npz,mp,gaps_and_forest,U,mp_gaps_and_forest,hard,hard,0,mp:train
calib,sample_000963.npz,/home/zzy/TrajectoryPlanning/distill/data/benchmark/mp/train/sample_003727.npz,mp,gaps_and_forest,U,mp_gaps_and_forest,hard,hard,0,mp:train
calib,sample_000964.npz,/home/zzy/TrajectoryPlanning/distill/data/benchmark/mp/train/sample_003729.npz,mp,gaps_and_forest,U,mp_gaps_and_forest,hard,hard,0,mp:train
calib,sample_000965.npz,/home/zzy/TrajectoryPlanning/distill/data/benchmark/mp/train/sample_003759.npz,mp,gaps_and_forest,U,mp_gaps_and_forest,hard,hard,0,mp:train
calib,sample_000966.npz,/home/zzy/TrajectoryPlanning/distill/data/benchmark/mp/train/sample_003760.npz,mp,gaps_and_forest,U,mp_gaps_and_forest,hard,hard,0,mp:train
calib,sample_000967.npz,/home/zzy/TrajectoryPlanning/distill/data/benchmark/mp/train/sample_003787.npz,mp,gaps_and_forest,U,mp_gaps_and_forest,hard,hard,0,mp:train
calib,sample_000968.npz,/home/zzy/TrajectoryPlanning/distill/data/benchmark/mp/train/sample_003788.npz,mp,gaps_and_forest,U,mp_gaps_and_forest,hard,hard,0,mp:train
calib,sample_000969.npz,/home/zzy/TrajectoryPlanning/distill/data/benchmark/mp/train/sample_003809.npz,mp,gaps_and_forest,U,mp_gaps_and_forest,hard,hard,0,mp:train
calib,sample_000970.npz,/home/zzy/TrajectoryPlanning/distill/data/benchmark/mp/train/sample_003816.npz,mp,gaps_and_forest,U,mp_gaps_and_forest,hard,hard,0,mp:train
calib,sample_000971.npz,/home/zzy/TrajectoryPlanning/distill/data/benchmark/mp/train/sample_003818.npz,mp,gaps_and_forest,U,mp_gaps_and_forest,hard,hard,0,mp:train
calib,sample_000972.npz,/home/zzy/TrajectoryPlanning/distill/data/benchmark/mp/train/sample_003829.npz,mp,gaps_and_forest,U,mp_gaps_and_forest,hard,hard,0,mp:train
calib,sample_000973.npz,/home/zzy/TrajectoryPlanning/distill/data/benchmark/mp/train/sample_003838.npz,mp,gaps_and_forest,U,mp_gaps_and_forest,hard,hard,0,mp:train
calib,sample_000974.npz,/home/zzy/TrajectoryPlanning/distill/data/benchmark/mp/train/sample_003840.npz,mp,gaps_and_forest,U,mp_gaps_and_forest,hard,hard,0,mp:train
calib,sample_000975.npz,/home/zzy/TrajectoryPlanning/distill/data/benchmark/mp/train/sample_003851.npz,mp,gaps_and_forest,U,mp_gaps_and_forest,hard,hard,0,mp:train
calib,sample_000976.npz,/home/zzy/TrajectoryPlanning/distill/data/benchmark/mp/train/sample_003854.npz,mp,gaps_and_forest,U,mp_gaps_and_forest,hard,hard,0,mp:train
calib,sample_000977.npz,/home/zzy/TrajectoryPlanning/distill/data/benchmark/mp/train/sample_003884.npz,mp,gaps_and_forest,U,mp_gaps_and_forest,hard,hard,0,mp:train
calib,sample_000978.npz,/home/zzy/TrajectoryPlanning/distill/data/benchmark/mp/train/sample_003911.npz,mp,gaps_and_forest,U,mp_gaps_and_forest,hard,hard,0,mp:train
calib,sample_000979.npz,/home/zzy/TrajectoryPlanning/distill/data/benchmark/mp/train/sample_003912.npz,mp,gaps_and_forest,U,mp_gaps_and_forest,hard,hard,0,mp:train
calib,sample_000980.npz,/home/zzy/TrajectoryPlanning/distill/data/benchmark/mp/train/sample_003920.npz,mp,gaps_and_forest,U,mp_gaps_and_forest,hard,hard,0,mp:train
calib,sample_000981.npz,/home/zzy/TrajectoryPlanning/distill/data/benchmark/mp/train/sample_003931.npz,mp,gaps_and_forest,U,mp_gaps_and_forest,hard,hard,0,mp:train
calib,sample_000982.npz,/home/zzy/TrajectoryPlanning/distill/data/benchmark/mp/train/sample_003940.npz,mp,gaps_and_forest,U,mp_gaps_and_forest,hard,hard,0,mp:train
calib,sample_000983.npz,/home/zzy/TrajectoryPlanning/distill/data/benchmark/mp/train/sample_003942.npz,mp,gaps_and_forest,U,mp_gaps_and_forest,hard,hard,0,mp:train
calib,sample_000984.npz,/home/zzy/TrajectoryPlanning/distill/data/benchmark/mp/train/sample_003949.npz,mp,gaps_and_forest,U,mp_gaps_and_forest,hard,hard,0,mp:train
calib,sample_000985.npz,/home/zzy/TrajectoryPlanning/distill/data/benchmark/mp/train/sample_003959.npz,mp,gaps_and_forest,U,mp_gaps_and_forest,hard,hard,0,mp:train
calib,sample_000986.npz,/home/zzy/TrajectoryPlanning/distill/data/benchmark/mp/train/sample_003964.npz,mp,gaps_and_forest,U,mp_gaps_and_forest,hard,hard,0,mp:train
calib,sample_000987.npz,/home/zzy/TrajectoryPlanning/distill/data/benchmark/mp/train/sample_003968.npz,mp,gaps_and_forest,U,mp_gaps_and_forest,hard,hard,0,mp:train
calib,sample_000988.npz,/home/zzy/TrajectoryPlanning/distill/data/benchmark/mp/train/sample_003972.npz,mp,gaps_and_forest,U,mp_gaps_and_forest,hard,hard,0,mp:train
calib,sample_000989.npz,/home/zzy/TrajectoryPlanning/distill/data/benchmark/mp/train/sample_003987.npz,mp,gaps_and_forest,U,mp_gaps_and_forest,hard,hard,0,mp:train
calib,sample_000990.npz,/home/zzy/TrajectoryPlanning/distill/data/benchmark/mp/train/sample_003994.npz,mp,gaps_and_forest,U,mp_gaps_and_forest,hard,hard,0,mp:train
calib,sample_000991.npz,/home/zzy/TrajectoryPlanning/distill/data/benchmark/mp/train/sample_003995.npz,mp,gaps_and_forest,U,mp_gaps_and_forest,hard,hard,0,mp:train
calib,sample_000992.npz,/home/zzy/TrajectoryPlanning/distill/data/benchmark/mp/train/sample_003996.npz,mp,gaps_and_forest,U,mp_gaps_and_forest,hard,hard,0,mp:train
calib,sample_000993.npz,/home/zzy/TrajectoryPlanning/distill/data/benchmark/mp/test/sample_000101.npz,mp,mazes,U,mp_mazes,hard,hard,0,mp:test
calib,sample_000994.npz,/home/zzy/TrajectoryPlanning/distill/data/benchmark/mp/test/sample_000130.npz,mp,mazes,U,mp_mazes,hard,hard,0,mp:test
calib,sample_000995.npz,/home/zzy/TrajectoryPlanning/distill/data/benchmark/mp/test/sample_000131.npz,mp,mazes,U,mp_mazes,hard,hard,0,mp:test
calib,sample_000996.npz,/home/zzy/TrajectoryPlanning/distill/data/benchmark/mp/test/sample_000137.npz,mp,mazes,U,mp_mazes,hard,hard,0,mp:test
calib,sample_000997.npz,/home/zzy/TrajectoryPlanning/distill/data/benchmark/mp/test/sample_000141.npz,mp,mazes,U,mp_mazes,hard,hard,0,mp:test
calib,sample_000998.npz,/home/zzy/TrajectoryPlanning/distill/data/benchmark/mp/test/sample_000144.npz,mp,mazes,U,mp_mazes,hard,hard,0,mp:test
calib,sample_000999.npz,/home/zzy/TrajectoryPlanning/distill/data/benchmark/mp/test/sample_000151.npz,mp,mazes,U,mp_mazes,hard,hard,0,mp:test
calib,sample_001000.npz,/home/zzy/TrajectoryPlanning/distill/data/benchmark/mp/test/sample_000166.npz,mp,mazes,U,mp_mazes,hard,hard,0,mp:test
calib,sample_001001.npz,/home/zzy/TrajectoryPlanning/distill/data/benchmark/mp/test/sample_000177.npz,mp,mazes,U,mp_mazes,hard,hard,0,mp:test
calib,sample_001002.npz,/home/zzy/TrajectoryPlanning/distill/data/benchmark/mp/test/sample_000182.npz,mp,mazes,U,mp_mazes,hard,hard,0,mp:test
calib,sample_001003.npz,/home/zzy/TrajectoryPlanning/distill/data/benchmark/mp/test/sample_000187.npz,mp,mazes,U,mp_mazes,hard,hard,0,mp:test
calib,sample_001004.npz,/home/zzy/TrajectoryPlanning/distill/data/benchmark/mp/test/sample_000195.npz,mp,mazes,U,mp_mazes,hard,hard,0,mp:test
calib,sample_001005.npz,/home/zzy/TrajectoryPlanning/distill/data/benchmark/mp/test/sample_000197.npz,mp,mazes,U,mp_mazes,hard,hard,0,mp:test
calib,sample_001006.npz,/home/zzy/TrajectoryPlanning/distill/data/benchmark/mp/train/sample_000806.npz,mp,mazes,U,mp_mazes,hard,hard,0,mp:train
calib,sample_001007.npz,/home/zzy/TrajectoryPlanning/distill/data/benchmark/mp/train/sample_000811.npz,mp,mazes,U,mp_mazes,hard,hard,0,mp:train
calib,sample_001008.npz,/home/zzy/TrajectoryPlanning/distill/data/benchmark/mp/train/sample_000812.npz,mp,mazes,U,mp_mazes,hard,hard,0,mp:train
calib,sample_001009.npz,/home/zzy/TrajectoryPlanning/distill/data/benchmark/mp/train/sample_000816.npz,mp,mazes,U,mp_mazes,hard,hard,0,mp:train
calib,sample_001010.npz,/home/zzy/TrajectoryPlanning/distill/data/benchmark/mp/train/sample_000832.npz,mp,mazes,U,mp_mazes,hard,hard,0,mp:train
calib,sample_001011.npz,/home/zzy/TrajectoryPlanning/distill/data/benchmark/mp/train/sample_000843.npz,mp,mazes,U,mp_mazes,hard,hard,0,mp:train
calib,sample_001012.npz,/home/zzy/TrajectoryPlanning/distill/data/benchmark/mp/train/sample_000851.npz,mp,mazes,U,mp_mazes,hard,hard,0,mp:train
calib,sample_001013.npz,/home/zzy/TrajectoryPlanning/distill/data/benchmark/mp/train/sample_000856.npz,mp,mazes,U,mp_mazes,hard,hard,0,mp:train
calib,sample_001014.npz,/home/zzy/TrajectoryPlanning/distill/data/benchmark/mp/train/sample_000860.npz,mp,mazes,U,mp_mazes,hard,hard,0,mp:train
calib,sample_001015.npz,/home/zzy/TrajectoryPlanning/distill/data/benchmark/mp/train/sample_000862.npz,mp,mazes,U,mp_mazes,hard,hard,0,mp:train
calib,sample_001016.npz,/home/zzy/TrajectoryPlanning/distill/data/benchmark/mp/train/sample_000871.npz,mp,mazes,U,mp_mazes,hard,hard,0,mp:train
calib,sample_001017.npz,/home/zzy/TrajectoryPlanning/distill/data/benchmark/mp/train/sample_000875.npz,mp,mazes,U,mp_mazes,hard,hard,0,mp:train
calib,sample_001018.npz,/home/zzy/TrajectoryPlanning/distill/data/benchmark/mp/train/sample_000889.npz,mp,mazes,U,mp_mazes,hard,hard,0,mp:train
calib,sample_001019.npz,/home/zzy/TrajectoryPlanning/distill/data/benchmark/mp/train/sample_000894.npz,mp,mazes,U,mp_mazes,hard,hard,0,mp:train
calib,sample_001020.npz,/home/zzy/TrajectoryPlanning/distill/data/benchmark/mp/train/sample_000895.npz,mp,mazes,U,mp_mazes,hard,hard,0,mp:train
calib,sample_001021.npz,/home/zzy/TrajectoryPlanning/distill/data/benchmark/mp/train/sample_000896.npz,mp,mazes,U,mp_mazes,hard,hard,0,mp:train
calib,sample_001022.npz,/home/zzy/TrajectoryPlanning/distill/data/benchmark/mp/train/sample_000907.npz,mp,mazes,U,mp_mazes,hard,hard,0,mp:train
calib,sample_001023.npz,/home/zzy/TrajectoryPlanning/distill/data/benchmark/mp/train/sample_000911.npz,mp,mazes,U,mp_mazes,hard,hard,0,mp:train
calib,sample_001024.npz,/home/zzy/TrajectoryPlanning/distill/data/benchmark/mp/train/sample_000915.npz,mp,mazes,U,mp_mazes,hard,hard,0,mp:train
calib,sample_001025.npz,/home/zzy/TrajectoryPlanning/distill/data/benchmark/mp/train/sample_000921.npz,mp,mazes,U,mp_mazes,hard,hard,0,mp:train
calib,sample_001026.npz,/home/zzy/TrajectoryPlanning/distill/data/benchmark/mp/train/sample_000933.npz,mp,mazes,U,mp_mazes,hard,hard,0,mp:train
calib,sample_001027.npz,/home/zzy/TrajectoryPlanning/distill/data/benchmark/mp/train/sample_000937.npz,mp,mazes,U,mp_mazes,hard,hard,0,mp:train
calib,sample_001028.npz,/home/zzy/TrajectoryPlanning/distill/data/benchmark/mp/train/sample_000947.npz,mp,mazes,U,mp_mazes,hard,hard,0,mp:train
calib,sample_001029.npz,/home/zzy/TrajectoryPlanning/distill/data/benchmark/mp/train/sample_000950.npz,mp,mazes,U,mp_mazes,hard,hard,0,mp:train
calib,sample_001030.npz,/home/zzy/TrajectoryPlanning/distill/data/benchmark/mp/train/sample_000969.npz,mp,mazes,U,mp_mazes,hard,hard,0,mp:train
calib,sample_001031.npz,/home/zzy/TrajectoryPlanning/distill/data/benchmark/mp/train/sample_000971.npz,mp,mazes,U,mp_mazes,hard,hard,0,mp:train
calib,sample_001032.npz,/home/zzy/TrajectoryPlanning/distill/data/benchmark/mp/train/sample_000989.npz,mp,mazes,U,mp_mazes,hard,hard,0,mp:train
calib,sample_001033.npz,/home/zzy/TrajectoryPlanning/distill/data/benchmark/mp/train/sample_001005.npz,mp,mazes,U,mp_mazes,hard,hard,0,mp:train
calib,sample_001034.npz,/home/zzy/TrajectoryPlanning/distill/data/benchmark/mp/train/sample_001008.npz,mp,mazes,U,mp_mazes,hard,hard,0,mp:train
calib,sample_001035.npz,/home/zzy/TrajectoryPlanning/distill/data/benchmark/mp/train/sample_001021.npz,mp,mazes,U,mp_mazes,hard,hard,0,mp:train
calib,sample_001036.npz,/home/zzy/TrajectoryPlanning/distill/data/benchmark/mp/train/sample_001022.npz,mp,mazes,U,mp_mazes,hard,hard,0,mp:train
calib,sample_001037.npz,/home/zzy/TrajectoryPlanning/distill/data/benchmark/mp/train/sample_001023.npz,mp,mazes,U,mp_mazes,hard,hard,0,mp:train
calib,sample_001038.npz,/home/zzy/TrajectoryPlanning/distill/data/benchmark/mp/train/sample_001024.npz,mp,mazes,U,mp_mazes,hard,hard,0,mp:train
calib,sample_001039.npz,/home/zzy/TrajectoryPlanning/distill/data/benchmark/mp/train/sample_001034.npz,mp,mazes,U,mp_mazes,hard,hard,0,mp:train
calib,sample_001040.npz,/home/zzy/TrajectoryPlanning/distill/data/benchmark/mp/train/sample_001061.npz,mp,mazes,U,mp_mazes,hard,hard,0,mp:train
calib,sample_001041.npz,/home/zzy/TrajectoryPlanning/distill/data/benchmark/mp/train/sample_001066.npz,mp,mazes,U,mp_mazes,hard,hard,0,mp:train
calib,sample_001042.npz,/home/zzy/TrajectoryPlanning/distill/data/benchmark/mp/train/sample_001068.npz,mp,mazes,U,mp_mazes,hard,hard,0,mp:train
calib,sample_001043.npz,/home/zzy/TrajectoryPlanning/distill/data/benchmark/mp/train/sample_001069.npz,mp,mazes,U,mp_mazes,hard,hard,0,mp:train
calib,sample_001044.npz,/home/zzy/TrajectoryPlanning/distill/data/benchmark/mp/train/sample_001088.npz,mp,mazes,U,mp_mazes,hard,hard,0,mp:train
calib,sample_001045.npz,/home/zzy/TrajectoryPlanning/distill/data/benchmark/mp/train/sample_001104.npz,mp,mazes,U,mp_mazes,hard,hard,0,mp:train
calib,sample_001046.npz,/home/zzy/TrajectoryPlanning/distill/data/benchmark/mp/train/sample_001133.npz,mp,mazes,U,mp_mazes,hard,hard,0,mp:train
calib,sample_001047.npz,/home/zzy/TrajectoryPlanning/distill/data/benchmark/mp/train/sample_001136.npz,mp,mazes,U,mp_mazes,hard,hard,0,mp:train
calib,sample_001048.npz,/home/zzy/TrajectoryPlanning/distill/data/benchmark/mp/train/sample_001138.npz,mp,mazes,U,mp_mazes,hard,hard,0,mp:train
calib,sample_001049.npz,/home/zzy/TrajectoryPlanning/distill/data/benchmark/mp/train/sample_001145.npz,mp,mazes,U,mp_mazes,hard,hard,0,mp:train
calib,sample_001050.npz,/home/zzy/TrajectoryPlanning/distill/data/benchmark/mp/train/sample_001157.npz,mp,mazes,U,mp_mazes,hard,hard,0,mp:train
calib,sample_001051.npz,/home/zzy/TrajectoryPlanning/distill/data/benchmark/mp/train/sample_001159.npz,mp,mazes,U,mp_mazes,hard,hard,0,mp:train
calib,sample_001052.npz,/home/zzy/TrajectoryPlanning/distill/data/benchmark/mp/train/sample_001162.npz,mp,mazes,U,mp_mazes,hard,hard,0,mp:train
calib,sample_001053.npz,/home/zzy/TrajectoryPlanning/distill/data/benchmark/mp/train/sample_001164.npz,mp,mazes,U,mp_mazes,hard,hard,0,mp:train
calib,sample_001054.npz,/home/zzy/TrajectoryPlanning/distill/data/benchmark/mp/train/sample_001176.npz,mp,mazes,U,mp_mazes,hard,hard,0,mp:train
calib,sample_001055.npz,/home/zzy/TrajectoryPlanning/distill/data/benchmark/mp/train/sample_001183.npz,mp,mazes,U,mp_mazes,hard,hard,0,mp:train
calib,sample_001056.npz,/home/zzy/TrajectoryPlanning/distill/data/benchmark/mp/train/sample_001186.npz,mp,mazes,U,mp_mazes,hard,hard,0,mp:train
calib,sample_001057.npz,/home/zzy/TrajectoryPlanning/distill/data/benchmark/mp/train/sample_001203.npz,mp,mazes,U,mp_mazes,hard,hard,0,mp:train
calib,sample_001058.npz,/home/zzy/TrajectoryPlanning/distill/data/benchmark/mp/train/sample_001204.npz,mp,mazes,U,mp_mazes,hard,hard,0,mp:train
calib,sample_001059.npz,/home/zzy/TrajectoryPlanning/distill/data/benchmark/mp/train/sample_001221.npz,mp,mazes,U,mp_mazes,hard,hard,0,mp:train
calib,sample_001060.npz,/home/zzy/TrajectoryPlanning/distill/data/benchmark/mp/train/sample_001224.npz,mp,mazes,U,mp_mazes,hard,hard,0,mp:train
calib,sample_001061.npz,/home/zzy/TrajectoryPlanning/distill/data/benchmark/mp/train/sample_001228.npz,mp,mazes,U,mp_mazes,hard,hard,0,mp:train
calib,sample_001062.npz,/home/zzy/TrajectoryPlanning/distill/data/benchmark/mp/train/sample_001229.npz,mp,mazes,U,mp_mazes,hard,hard,0,mp:train
calib,sample_001063.npz,/home/zzy/TrajectoryPlanning/distill/data/benchmark/mp/train/sample_001231.npz,mp,mazes,U,mp_mazes,hard,hard,0,mp:train
calib,sample_001064.npz,/home/zzy/TrajectoryPlanning/distill/data/benchmark/mp/train/sample_001232.npz,mp,mazes,U,mp_mazes,hard,hard,0,mp:train
calib,sample_001065.npz,/home/zzy/TrajectoryPlanning/distill/data/benchmark/mp/train/sample_001234.npz,mp,mazes,U,mp_mazes,hard,hard,0,mp:train
calib,sample_001066.npz,/home/zzy/TrajectoryPlanning/distill/data/benchmark/mp/train/sample_001240.npz,mp,mazes,U,mp_mazes,hard,hard,0,mp:train
calib,sample_001067.npz,/home/zzy/TrajectoryPlanning/distill/data/benchmark/mp/train/sample_001248.npz,mp,mazes,U,mp_mazes,hard,hard,0,mp:train
calib,sample_001068.npz,/home/zzy/TrajectoryPlanning/distill/data/benchmark/mp/train/sample_001270.npz,mp,mazes,U,mp_mazes,hard,hard,0,mp:train
calib,sample_001069.npz,/home/zzy/TrajectoryPlanning/distill/data/benchmark/mp/train/sample_001271.npz,mp,mazes,U,mp_mazes,hard,hard,0,mp:train
calib,sample_001070.npz,/home/zzy/TrajectoryPlanning/distill/data/benchmark/mp/train/sample_001274.npz,mp,mazes,U,mp_mazes,hard,hard,0,mp:train
calib,sample_001071.npz,/home/zzy/TrajectoryPlanning/distill/data/benchmark/mp/train/sample_001276.npz,mp,mazes,U,mp_mazes,hard,hard,0,mp:train
calib,sample_001072.npz,/home/zzy/TrajectoryPlanning/distill/data/benchmark/mp/train/sample_001277.npz,mp,mazes,U,mp_mazes,hard,hard,0,mp:train
calib,sample_001073.npz,/home/zzy/TrajectoryPlanning/distill/data/benchmark/mp/train/sample_001278.npz,mp,mazes,U,mp_mazes,hard,hard,0,mp:train
calib,sample_001074.npz,/home/zzy/TrajectoryPlanning/distill/data/benchmark/mp/train/sample_001282.npz,mp,mazes,U,mp_mazes,hard,hard,0,mp:train
calib,sample_001075.npz,/home/zzy/TrajectoryPlanning/distill/data/benchmark/mp/train/sample_001284.npz,mp,mazes,U,mp_mazes,hard,hard,0,mp:train
calib,sample_001076.npz,/home/zzy/TrajectoryPlanning/distill/data/benchmark/mp/train/sample_001302.npz,mp,mazes,U,mp_mazes,hard,hard,0,mp:train
calib,sample_001077.npz,/home/zzy/TrajectoryPlanning/distill/data/benchmark/mp/train/sample_001327.npz,mp,mazes,U,mp_mazes,hard,hard,0,mp:train
calib,sample_001078.npz,/home/zzy/TrajectoryPlanning/distill/data/benchmark/mp/train/sample_001373.npz,mp,mazes,U,mp_mazes,hard,hard,0,mp:train
calib,sample_001079.npz,/home/zzy/TrajectoryPlanning/distill/data/benchmark/mp/train/sample_001395.npz,mp,mazes,U,mp_mazes,hard,hard,0,mp:train
calib,sample_001080.npz,/home/zzy/TrajectoryPlanning/distill/data/benchmark/mp/train/sample_001396.npz,mp,mazes,U,mp_mazes,hard,hard,0,mp:train
calib,sample_001081.npz,/home/zzy/TrajectoryPlanning/distill/data/benchmark/mp/train/sample_001410.npz,mp,mazes,U,mp_mazes,hard,hard,0,mp:train
calib,sample_001082.npz,/home/zzy/TrajectoryPlanning/distill/data/benchmark/mp/train/sample_001429.npz,mp,mazes,U,mp_mazes,hard,hard,0,mp:train
calib,sample_001083.npz,/home/zzy/TrajectoryPlanning/distill/data/benchmark/mp/train/sample_001431.npz,mp,mazes,U,mp_mazes,hard,hard,0,mp:train
calib,sample_001084.npz,/home/zzy/TrajectoryPlanning/distill/data/benchmark/mp/train/sample_001432.npz,mp,mazes,U,mp_mazes,hard,hard,0,mp:train
calib,sample_001085.npz,/home/zzy/TrajectoryPlanning/distill/data/benchmark/mp/train/sample_001433.npz,mp,mazes,U,mp_mazes,hard,hard,0,mp:train
calib,sample_001086.npz,/home/zzy/TrajectoryPlanning/distill/data/benchmark/mp/train/sample_001436.npz,mp,mazes,U,mp_mazes,hard,hard,0,mp:train
calib,sample_001087.npz,/home/zzy/TrajectoryPlanning/distill/data/benchmark/mp/train/sample_001444.npz,mp,mazes,U,mp_mazes,hard,hard,0,mp:train
calib,sample_001088.npz,/home/zzy/TrajectoryPlanning/distill/data/benchmark/mp/train/sample_001446.npz,mp,mazes,U,mp_mazes,hard,hard,0,mp:train
calib,sample_001089.npz,/home/zzy/TrajectoryPlanning/distill/data/benchmark/mp/train/sample_001451.npz,mp,mazes,U,mp_mazes,hard,hard,0,mp:train
calib,sample_001090.npz,/home/zzy/TrajectoryPlanning/distill/data/benchmark/mp/train/sample_001454.npz,mp,mazes,U,mp_mazes,hard,hard,0,mp:train
calib,sample_001091.npz,/home/zzy/TrajectoryPlanning/distill/data/benchmark/mp/train/sample_001455.npz,mp,mazes,U,mp_mazes,hard,hard,0,mp:train
calib,sample_001092.npz,/home/zzy/TrajectoryPlanning/distill/data/benchmark/mp/train/sample_001459.npz,mp,mazes,U,mp_mazes,hard,hard,0,mp:train
calib,sample_001093.npz,/home/zzy/TrajectoryPlanning/distill/data/benchmark/mp/train/sample_001461.npz,mp,mazes,U,mp_mazes,hard,hard,0,mp:train
calib,sample_001094.npz,/home/zzy/TrajectoryPlanning/distill/data/benchmark/mp/train/sample_001462.npz,mp,mazes,U,mp_mazes,hard,hard,0,mp:train
calib,sample_001095.npz,/home/zzy/TrajectoryPlanning/distill/data/benchmark/mp/train/sample_001492.npz,mp,mazes,U,mp_mazes,hard,hard,0,mp:train
calib,sample_001096.npz,/home/zzy/TrajectoryPlanning/distill/data/benchmark/mp/train/sample_001494.npz,mp,mazes,U,mp_mazes,hard,hard,0,mp:train
calib,sample_001097.npz,/home/zzy/TrajectoryPlanning/distill/data/benchmark/mp/train/sample_001509.npz,mp,mazes,U,mp_mazes,hard,hard,0,mp:train
calib,sample_001098.npz,/home/zzy/TrajectoryPlanning/distill/data/benchmark/mp/train/sample_001510.npz,mp,mazes,U,mp_mazes,hard,hard,0,mp:train
calib,sample_001099.npz,/home/zzy/TrajectoryPlanning/distill/data/benchmark/mp/train/sample_001515.npz,mp,mazes,U,mp_mazes,hard,hard,0,mp:train
calib,sample_001100.npz,/home/zzy/TrajectoryPlanning/distill/data/benchmark/mp/train/sample_001529.npz,mp,mazes,U,mp_mazes,hard,hard,0,mp:train
calib,sample_001101.npz,/home/zzy/TrajectoryPlanning/distill/data/benchmark/mp/train/sample_001530.npz,mp,mazes,U,mp_mazes,hard,hard,0,mp:train
calib,sample_001102.npz,/home/zzy/TrajectoryPlanning/distill/data/benchmark/mp/train/sample_001547.npz,mp,mazes,U,mp_mazes,hard,hard,0,mp:train
calib,sample_001103.npz,/home/zzy/TrajectoryPlanning/distill/data/benchmark/mp/train/sample_001552.npz,mp,mazes,U,mp_mazes,hard,hard,0,mp:train
calib,sample_001104.npz,/home/zzy/TrajectoryPlanning/distill/data/benchmark/mp/train/sample_001554.npz,mp,mazes,U,mp_mazes,hard,hard,0,mp:train
calib,sample_001105.npz,/home/zzy/TrajectoryPlanning/distill/data/benchmark/mp/train/sample_001555.npz,mp,mazes,U,mp_mazes,hard,hard,0,mp:train
calib,sample_001106.npz,/home/zzy/TrajectoryPlanning/distill/data/benchmark/mp/train/sample_001561.npz,mp,mazes,U,mp_mazes,hard,hard,0,mp:train
calib,sample_001107.npz,/home/zzy/TrajectoryPlanning/distill/data/benchmark/mp/train/sample_001563.npz,mp,mazes,U,mp_mazes,hard,hard,0,mp:train
calib,sample_001108.npz,/home/zzy/TrajectoryPlanning/distill/data/benchmark/mp/train/sample_001564.npz,mp,mazes,U,mp_mazes,hard,hard,0,mp:train
calib,sample_001109.npz,/home/zzy/TrajectoryPlanning/distill/data/benchmark/mp/train/sample_001573.npz,mp,mazes,U,mp_mazes,hard,hard,0,mp:train
calib,sample_001110.npz,/home/zzy/TrajectoryPlanning/distill/data/benchmark/mp/train/sample_001575.npz,mp,mazes,U,mp_mazes,hard,hard,0,mp:train
calib,sample_001111.npz,/home/zzy/TrajectoryPlanning/distill/data/benchmark/mp/train/sample_001579.npz,mp,mazes,U,mp_mazes,hard,hard,0,mp:train
calib,sample_001112.npz,/home/zzy/TrajectoryPlanning/distill/data/benchmark/mp/train/sample_001581.npz,mp,mazes,U,mp_mazes,hard,hard,0,mp:train
calib,sample_001113.npz,/home/zzy/TrajectoryPlanning/distill/data/benchmark/mp/train/sample_001582.npz,mp,mazes,U,mp_mazes,hard,hard,0,mp:train
calib,sample_001114.npz,/home/zzy/TrajectoryPlanning/distill/data/benchmark/mp/train/sample_001592.npz,mp,mazes,U,mp_mazes,hard,hard,0,mp:train
calib,sample_001115.npz,/home/zzy/TrajectoryPlanning/distill/data/benchmark/mp/test/sample_000604.npz,mp,multiple_bugtraps,U,mp_multiple_bugtraps,hard,hard,0,mp:test
calib,sample_001116.npz,/home/zzy/TrajectoryPlanning/distill/data/benchmark/mp/test/sample_000609.npz,mp,multiple_bugtraps,U,mp_multiple_bugtraps,hard,hard,0,mp:test
calib,sample_001117.npz,/home/zzy/TrajectoryPlanning/distill/data/benchmark/mp/test/sample_000623.npz,mp,multiple_bugtraps,U,mp_multiple_bugtraps,hard,hard,0,mp:test
calib,sample_001118.npz,/home/zzy/TrajectoryPlanning/distill/data/benchmark/mp/test/sample_000627.npz,mp,multiple_bugtraps,U,mp_multiple_bugtraps,hard,hard,0,mp:test
calib,sample_001119.npz,/home/zzy/TrajectoryPlanning/distill/data/benchmark/mp/test/sample_000631.npz,mp,multiple_bugtraps,U,mp_multiple_bugtraps,hard,hard,0,mp:test
calib,sample_001120.npz,/home/zzy/TrajectoryPlanning/distill/data/benchmark/mp/test/sample_000633.npz,mp,multiple_bugtraps,U,mp_multiple_bugtraps,hard,hard,0,mp:test
calib,sample_001121.npz,/home/zzy/TrajectoryPlanning/distill/data/benchmark/mp/test/sample_000634.npz,mp,multiple_bugtraps,U,mp_multiple_bugtraps,hard,hard,0,mp:test
calib,sample_001122.npz,/home/zzy/TrajectoryPlanning/distill/data/benchmark/mp/test/sample_000637.npz,mp,multiple_bugtraps,U,mp_multiple_bugtraps,hard,hard,0,mp:test
calib,sample_001123.npz,/home/zzy/TrajectoryPlanning/distill/data/benchmark/mp/test/sample_000640.npz,mp,multiple_bugtraps,U,mp_multiple_bugtraps,hard,hard,0,mp:test
calib,sample_001124.npz,/home/zzy/TrajectoryPlanning/distill/data/benchmark/mp/test/sample_000654.npz,mp,multiple_bugtraps,U,mp_multiple_bugtraps,hard,hard,0,mp:test
calib,sample_001125.npz,/home/zzy/TrajectoryPlanning/distill/data/benchmark/mp/test/sample_000656.npz,mp,multiple_bugtraps,U,mp_multiple_bugtraps,hard,hard,0,mp:test
calib,sample_001126.npz,/home/zzy/TrajectoryPlanning/distill/data/benchmark/mp/test/sample_000661.npz,mp,multiple_bugtraps,U,mp_multiple_bugtraps,hard,hard,0,mp:test
calib,sample_001127.npz,/home/zzy/TrajectoryPlanning/distill/data/benchmark/mp/test/sample_000662.npz,mp,multiple_bugtraps,U,mp_multiple_bugtraps,hard,hard,0,mp:test
calib,sample_001128.npz,/home/zzy/TrajectoryPlanning/distill/data/benchmark/mp/test/sample_000667.npz,mp,multiple_bugtraps,U,mp_multiple_bugtraps,hard,hard,0,mp:test
calib,sample_001129.npz,/home/zzy/TrajectoryPlanning/distill/data/benchmark/mp/test/sample_000679.npz,mp,multiple_bugtraps,U,mp_multiple_bugtraps,hard,hard,0,mp:test
calib,sample_001130.npz,/home/zzy/TrajectoryPlanning/distill/data/benchmark/mp/test/sample_000692.npz,mp,multiple_bugtraps,U,mp_multiple_bugtraps,hard,hard,0,mp:test
calib,sample_001131.npz,/home/zzy/TrajectoryPlanning/distill/data/benchmark/mp/test/sample_000697.npz,mp,multiple_bugtraps,U,mp_multiple_bugtraps,hard,hard,0,mp:test
calib,sample_001132.npz,/home/zzy/TrajectoryPlanning/distill/data/benchmark/mp/train/sample_004804.npz,mp,multiple_bugtraps,U,mp_multiple_bugtraps,hard,hard,0,mp:train
calib,sample_001133.npz,/home/zzy/TrajectoryPlanning/distill/data/benchmark/mp/train/sample_004811.npz,mp,multiple_bugtraps,U,mp_multiple_bugtraps,hard,hard,0,mp:train
calib,sample_001134.npz,/home/zzy/TrajectoryPlanning/distill/data/benchmark/mp/train/sample_004828.npz,mp,multiple_bugtraps,U,mp_multiple_bugtraps,hard,hard,0,mp:train
calib,sample_001135.npz,/home/zzy/TrajectoryPlanning/distill/data/benchmark/mp/train/sample_004840.npz,mp,multiple_bugtraps,U,mp_multiple_bugtraps,hard,hard,0,mp:train
calib,sample_001136.npz,/home/zzy/TrajectoryPlanning/distill/data/benchmark/mp/train/sample_004848.npz,mp,multiple_bugtraps,U,mp_multiple_bugtraps,hard,hard,0,mp:train
calib,sample_001137.npz,/home/zzy/TrajectoryPlanning/distill/data/benchmark/mp/train/sample_004853.npz,mp,multiple_bugtraps,U,mp_multiple_bugtraps,hard,hard,0,mp:train
calib,sample_001138.npz,/home/zzy/TrajectoryPlanning/distill/data/benchmark/mp/train/sample_004858.npz,mp,multiple_bugtraps,U,mp_multiple_bugtraps,hard,hard,0,mp:train
calib,sample_001139.npz,/home/zzy/TrajectoryPlanning/distill/data/benchmark/mp/train/sample_004867.npz,mp,multiple_bugtraps,U,mp_multiple_bugtraps,hard,hard,0,mp:train
calib,sample_001140.npz,/home/zzy/TrajectoryPlanning/distill/data/benchmark/mp/train/sample_004888.npz,mp,multiple_bugtraps,U,mp_multiple_bugtraps,hard,hard,0,mp:train
calib,sample_001141.npz,/home/zzy/TrajectoryPlanning/distill/data/benchmark/mp/train/sample_004894.npz,mp,multiple_bugtraps,U,mp_multiple_bugtraps,hard,hard,0,mp:train
calib,sample_001142.npz,/home/zzy/TrajectoryPlanning/distill/data/benchmark/mp/train/sample_004902.npz,mp,multiple_bugtraps,U,mp_multiple_bugtraps,hard,hard,0,mp:train
calib,sample_001143.npz,/home/zzy/TrajectoryPlanning/distill/data/benchmark/mp/train/sample_004945.npz,mp,multiple_bugtraps,U,mp_multiple_bugtraps,hard,hard,0,mp:train
calib,sample_001144.npz,/home/zzy/TrajectoryPlanning/distill/data/benchmark/mp/train/sample_004948.npz,mp,multiple_bugtraps,U,mp_multiple_bugtraps,hard,hard,0,mp:train
calib,sample_001145.npz,/home/zzy/TrajectoryPlanning/distill/data/benchmark/mp/train/sample_004955.npz,mp,multiple_bugtraps,U,mp_multiple_bugtraps,hard,hard,0,mp:train
calib,sample_001146.npz,/home/zzy/TrajectoryPlanning/distill/data/benchmark/mp/train/sample_004957.npz,mp,multiple_bugtraps,U,mp_multiple_bugtraps,hard,hard,0,mp:train
calib,sample_001147.npz,/home/zzy/TrajectoryPlanning/distill/data/benchmark/mp/train/sample_004959.npz,mp,multiple_bugtraps,U,mp_multiple_bugtraps,hard,hard,0,mp:train
calib,sample_001148.npz,/home/zzy/TrajectoryPlanning/distill/data/benchmark/mp/train/sample_004963.npz,mp,multiple_bugtraps,U,mp_multiple_bugtraps,hard,hard,0,mp:train
calib,sample_001149.npz,/home/zzy/TrajectoryPlanning/distill/data/benchmark/mp/train/sample_004969.npz,mp,multiple_bugtraps,U,mp_multiple_bugtraps,hard,hard,0,mp:train
calib,sample_001150.npz,/home/zzy/TrajectoryPlanning/distill/data/benchmark/mp/train/sample_004976.npz,mp,multiple_bugtraps,U,mp_multiple_bugtraps,hard,hard,0,mp:train
calib,sample_001151.npz,/home/zzy/TrajectoryPlanning/distill/data/benchmark/mp/train/sample_004984.npz,mp,multiple_bugtraps,U,mp_multiple_bugtraps,hard,hard,0,mp:train
calib,sample_001152.npz,/home/zzy/TrajectoryPlanning/distill/data/benchmark/mp/train/sample_005009.npz,mp,multiple_bugtraps,U,mp_multiple_bugtraps,hard,hard,0,mp:train
calib,sample_001153.npz,/home/zzy/TrajectoryPlanning/distill/data/benchmark/mp/train/sample_005022.npz,mp,multiple_bugtraps,U,mp_multiple_bugtraps,hard,hard,0,mp:train
calib,sample_001154.npz,/home/zzy/TrajectoryPlanning/distill/data/benchmark/mp/train/sample_005028.npz,mp,multiple_bugtraps,U,mp_multiple_bugtraps,hard,hard,0,mp:train
calib,sample_001155.npz,/home/zzy/TrajectoryPlanning/distill/data/benchmark/mp/train/sample_005038.npz,mp,multiple_bugtraps,U,mp_multiple_bugtraps,hard,hard,0,mp:train
calib,sample_001156.npz,/home/zzy/TrajectoryPlanning/distill/data/benchmark/mp/train/sample_005039.npz,mp,multiple_bugtraps,U,mp_multiple_bugtraps,hard,hard,0,mp:train
calib,sample_001157.npz,/home/zzy/TrajectoryPlanning/distill/data/benchmark/mp/train/sample_005042.npz,mp,multiple_bugtraps,U,mp_multiple_bugtraps,hard,hard,0,mp:train
calib,sample_001158.npz,/home/zzy/TrajectoryPlanning/distill/data/benchmark/mp/train/sample_005044.npz,mp,multiple_bugtraps,U,mp_multiple_bugtraps,hard,hard,0,mp:train
calib,sample_001159.npz,/home/zzy/TrajectoryPlanning/distill/data/benchmark/mp/train/sample_005049.npz,mp,multiple_bugtraps,U,mp_multiple_bugtraps,hard,hard,0,mp:train
calib,sample_001160.npz,/home/zzy/TrajectoryPlanning/distill/data/benchmark/mp/train/sample_005059.npz,mp,multiple_bugtraps,U,mp_multiple_bugtraps,hard,hard,0,mp:train
calib,sample_001161.npz,/home/zzy/TrajectoryPlanning/distill/data/benchmark/mp/train/sample_005061.npz,mp,multiple_bugtraps,U,mp_multiple_bugtraps,hard,hard,0,mp:train
calib,sample_001162.npz,/home/zzy/TrajectoryPlanning/distill/data/benchmark/mp/train/sample_005065.npz,mp,multiple_bugtraps,U,mp_multiple_bugtraps,hard,hard,0,mp:train
calib,sample_001163.npz,/home/zzy/TrajectoryPlanning/distill/data/benchmark/mp/train/sample_005085.npz,mp,multiple_bugtraps,U,mp_multiple_bugtraps,hard,hard,0,mp:train
calib,sample_001164.npz,/home/zzy/TrajectoryPlanning/distill/data/benchmark/mp/train/sample_005089.npz,mp,multiple_bugtraps,U,mp_multiple_bugtraps,hard,hard,0,mp:train
calib,sample_001165.npz,/home/zzy/TrajectoryPlanning/distill/data/benchmark/mp/train/sample_005090.npz,mp,multiple_bugtraps,U,mp_multiple_bugtraps,hard,hard,0,mp:train
calib,sample_001166.npz,/home/zzy/TrajectoryPlanning/distill/data/benchmark/mp/train/sample_005093.npz,mp,multiple_bugtraps,U,mp_multiple_bugtraps,hard,hard,0,mp:train
calib,sample_001167.npz,/home/zzy/TrajectoryPlanning/distill/data/benchmark/mp/train/sample_005100.npz,mp,multiple_bugtraps,U,mp_multiple_bugtraps,hard,hard,0,mp:train
calib,sample_001168.npz,/home/zzy/TrajectoryPlanning/distill/data/benchmark/mp/train/sample_005106.npz,mp,multiple_bugtraps,U,mp_multiple_bugtraps,hard,hard,0,mp:train
calib,sample_001169.npz,/home/zzy/TrajectoryPlanning/distill/data/benchmark/mp/train/sample_005107.npz,mp,multiple_bugtraps,U,mp_multiple_bugtraps,hard,hard,0,mp:train
calib,sample_001170.npz,/home/zzy/TrajectoryPlanning/distill/data/benchmark/mp/train/sample_005119.npz,mp,multiple_bugtraps,U,mp_multiple_bugtraps,hard,hard,0,mp:train
calib,sample_001171.npz,/home/zzy/TrajectoryPlanning/distill/data/benchmark/mp/train/sample_005137.npz,mp,multiple_bugtraps,U,mp_multiple_bugtraps,hard,hard,0,mp:train
calib,sample_001172.npz,/home/zzy/TrajectoryPlanning/distill/data/benchmark/mp/train/sample_005151.npz,mp,multiple_bugtraps,U,mp_multiple_bugtraps,hard,hard,0,mp:train
calib,sample_001173.npz,/home/zzy/TrajectoryPlanning/distill/data/benchmark/mp/train/sample_005155.npz,mp,multiple_bugtraps,U,mp_multiple_bugtraps,hard,hard,0,mp:train
calib,sample_001174.npz,/home/zzy/TrajectoryPlanning/distill/data/benchmark/mp/train/sample_005158.npz,mp,multiple_bugtraps,U,mp_multiple_bugtraps,hard,hard,0,mp:train
calib,sample_001175.npz,/home/zzy/TrajectoryPlanning/distill/data/benchmark/mp/train/sample_005169.npz,mp,multiple_bugtraps,U,mp_multiple_bugtraps,hard,hard,0,mp:train
calib,sample_001176.npz,/home/zzy/TrajectoryPlanning/distill/data/benchmark/mp/train/sample_005177.npz,mp,multiple_bugtraps,U,mp_multiple_bugtraps,hard,hard,0,mp:train
calib,sample_001177.npz,/home/zzy/TrajectoryPlanning/distill/data/benchmark/mp/train/sample_005198.npz,mp,multiple_bugtraps,U,mp_multiple_bugtraps,hard,hard,0,mp:train
calib,sample_001178.npz,/home/zzy/TrajectoryPlanning/distill/data/benchmark/mp/train/sample_005210.npz,mp,multiple_bugtraps,U,mp_multiple_bugtraps,hard,hard,0,mp:train
calib,sample_001179.npz,/home/zzy/TrajectoryPlanning/distill/data/benchmark/mp/train/sample_005217.npz,mp,multiple_bugtraps,U,mp_multiple_bugtraps,hard,hard,0,mp:train
calib,sample_001180.npz,/home/zzy/TrajectoryPlanning/distill/data/benchmark/mp/train/sample_005227.npz,mp,multiple_bugtraps,U,mp_multiple_bugtraps,hard,hard,0,mp:train
calib,sample_001181.npz,/home/zzy/TrajectoryPlanning/distill/data/benchmark/mp/train/sample_005240.npz,mp,multiple_bugtraps,U,mp_multiple_bugtraps,hard,hard,0,mp:train
calib,sample_001182.npz,/home/zzy/TrajectoryPlanning/distill/data/benchmark/mp/train/sample_005245.npz,mp,multiple_bugtraps,U,mp_multiple_bugtraps,hard,hard,0,mp:train
calib,sample_001183.npz,/home/zzy/TrajectoryPlanning/distill/data/benchmark/mp/train/sample_005257.npz,mp,multiple_bugtraps,U,mp_multiple_bugtraps,hard,hard,0,mp:train
calib,sample_001184.npz,/home/zzy/TrajectoryPlanning/distill/data/benchmark/mp/train/sample_005259.npz,mp,multiple_bugtraps,U,mp_multiple_bugtraps,hard,hard,0,mp:train
calib,sample_001185.npz,/home/zzy/TrajectoryPlanning/distill/data/benchmark/mp/train/sample_005260.npz,mp,multiple_bugtraps,U,mp_multiple_bugtraps,hard,hard,0,mp:train
calib,sample_001186.npz,/home/zzy/TrajectoryPlanning/distill/data/benchmark/mp/train/sample_005261.npz,mp,multiple_bugtraps,U,mp_multiple_bugtraps,hard,hard,0,mp:train
calib,sample_001187.npz,/home/zzy/TrajectoryPlanning/distill/data/benchmark/mp/train/sample_005274.npz,mp,multiple_bugtraps,U,mp_multiple_bugtraps,hard,hard,0,mp:train
calib,sample_001188.npz,/home/zzy/TrajectoryPlanning/distill/data/benchmark/mp/train/sample_005283.npz,mp,multiple_bugtraps,U,mp_multiple_bugtraps,hard,hard,0,mp:train
calib,sample_001189.npz,/home/zzy/TrajectoryPlanning/distill/data/benchmark/mp/train/sample_005295.npz,mp,multiple_bugtraps,U,mp_multiple_bugtraps,hard,hard,0,mp:train
calib,sample_001190.npz,/home/zzy/TrajectoryPlanning/distill/data/benchmark/mp/train/sample_005298.npz,mp,multiple_bugtraps,U,mp_multiple_bugtraps,hard,hard,0,mp:train
calib,sample_001191.npz,/home/zzy/TrajectoryPlanning/distill/data/benchmark/mp/train/sample_005306.npz,mp,multiple_bugtraps,U,mp_multiple_bugtraps,hard,hard,0,mp:train
calib,sample_001192.npz,/home/zzy/TrajectoryPlanning/distill/data/benchmark/mp/train/sample_005308.npz,mp,multiple_bugtraps,U,mp_multiple_bugtraps,hard,hard,0,mp:train
calib,sample_001193.npz,/home/zzy/TrajectoryPlanning/distill/data/benchmark/mp/train/sample_005310.npz,mp,multiple_bugtraps,U,mp_multiple_bugtraps,hard,hard,0,mp:train
calib,sample_001194.npz,/home/zzy/TrajectoryPlanning/distill/data/benchmark/mp/train/sample_005313.npz,mp,multiple_bugtraps,U,mp_multiple_bugtraps,hard,hard,0,mp:train
calib,sample_001195.npz,/home/zzy/TrajectoryPlanning/distill/data/benchmark/mp/train/sample_005320.npz,mp,multiple_bugtraps,U,mp_multiple_bugtraps,hard,hard,0,mp:train
calib,sample_001196.npz,/home/zzy/TrajectoryPlanning/distill/data/benchmark/mp/train/sample_005331.npz,mp,multiple_bugtraps,U,mp_multiple_bugtraps,hard,hard,0,mp:train
calib,sample_001197.npz,/home/zzy/TrajectoryPlanning/distill/data/benchmark/mp/train/sample_005336.npz,mp,multiple_bugtraps,U,mp_multiple_bugtraps,hard,hard,0,mp:train
calib,sample_001198.npz,/home/zzy/TrajectoryPlanning/distill/data/benchmark/mp/train/sample_005337.npz,mp,multiple_bugtraps,U,mp_multiple_bugtraps,hard,hard,0,mp:train
calib,sample_001199.npz,/home/zzy/TrajectoryPlanning/distill/data/benchmark/mp/train/sample_005362.npz,mp,multiple_bugtraps,U,mp_multiple_bugtraps,hard,hard,0,mp:train
calib,sample_001200.npz,/home/zzy/TrajectoryPlanning/distill/data/benchmark/mp/train/sample_005376.npz,mp,multiple_bugtraps,U,mp_multiple_bugtraps,hard,hard,0,mp:train
calib,sample_001201.npz,/home/zzy/TrajectoryPlanning/distill/data/benchmark/mp/train/sample_005382.npz,mp,multiple_bugtraps,U,mp_multiple_bugtraps,hard,hard,0,mp:train
calib,sample_001202.npz,/home/zzy/TrajectoryPlanning/distill/data/benchmark/mp/train/sample_005388.npz,mp,multiple_bugtraps,U,mp_multiple_bugtraps,hard,hard,0,mp:train
calib,sample_001203.npz,/home/zzy/TrajectoryPlanning/distill/data/benchmark/mp/train/sample_005416.npz,mp,multiple_bugtraps,U,mp_multiple_bugtraps,hard,hard,0,mp:train
calib,sample_001204.npz,/home/zzy/TrajectoryPlanning/distill/data/benchmark/mp/train/sample_005417.npz,mp,multiple_bugtraps,U,mp_multiple_bugtraps,hard,hard,0,mp:train
calib,sample_001205.npz,/home/zzy/TrajectoryPlanning/distill/data/benchmark/mp/train/sample_005422.npz,mp,multiple_bugtraps,U,mp_multiple_bugtraps,hard,hard,0,mp:train
calib,sample_001206.npz,/home/zzy/TrajectoryPlanning/distill/data/benchmark/mp/train/sample_005423.npz,mp,multiple_bugtraps,U,mp_multiple_bugtraps,hard,hard,0,mp:train
calib,sample_001207.npz,/home/zzy/TrajectoryPlanning/distill/data/benchmark/mp/train/sample_005431.npz,mp,multiple_bugtraps,U,mp_multiple_bugtraps,hard,hard,0,mp:train
calib,sample_001208.npz,/home/zzy/TrajectoryPlanning/distill/data/benchmark/mp/train/sample_005433.npz,mp,multiple_bugtraps,U,mp_multiple_bugtraps,hard,hard,0,mp:train
calib,sample_001209.npz,/home/zzy/TrajectoryPlanning/distill/data/benchmark/mp/train/sample_005441.npz,mp,multiple_bugtraps,U,mp_multiple_bugtraps,hard,hard,0,mp:train
calib,sample_001210.npz,/home/zzy/TrajectoryPlanning/distill/data/benchmark/mp/train/sample_005444.npz,mp,multiple_bugtraps,U,mp_multiple_bugtraps,hard,hard,0,mp:train
calib,sample_001211.npz,/home/zzy/TrajectoryPlanning/distill/data/benchmark/mp/train/sample_005447.npz,mp,multiple_bugtraps,U,mp_multiple_bugtraps,hard,hard,0,mp:train
calib,sample_001212.npz,/home/zzy/TrajectoryPlanning/distill/data/benchmark/mp/train/sample_005451.npz,mp,multiple_bugtraps,U,mp_multiple_bugtraps,hard,hard,0,mp:train
calib,sample_001213.npz,/home/zzy/TrajectoryPlanning/distill/data/benchmark/mp/train/sample_005453.npz,mp,multiple_bugtraps,U,mp_multiple_bugtraps,hard,hard,0,mp:train
calib,sample_001214.npz,/home/zzy/TrajectoryPlanning/distill/data/benchmark/mp/train/sample_005457.npz,mp,multiple_bugtraps,U,mp_multiple_bugtraps,hard,hard,0,mp:train
calib,sample_001215.npz,/home/zzy/TrajectoryPlanning/distill/data/benchmark/mp/train/sample_005462.npz,mp,multiple_bugtraps,U,mp_multiple_bugtraps,hard,hard,0,mp:train
calib,sample_001216.npz,/home/zzy/TrajectoryPlanning/distill/data/benchmark/mp/train/sample_005475.npz,mp,multiple_bugtraps,U,mp_multiple_bugtraps,hard,hard,0,mp:train
calib,sample_001217.npz,/home/zzy/TrajectoryPlanning/distill/data/benchmark/mp/train/sample_005478.npz,mp,multiple_bugtraps,U,mp_multiple_bugtraps,hard,hard,0,mp:train
calib,sample_001218.npz,/home/zzy/TrajectoryPlanning/distill/data/benchmark/mp/train/sample_005479.npz,mp,multiple_bugtraps,U,mp_multiple_bugtraps,hard,hard,0,mp:train
calib,sample_001219.npz,/home/zzy/TrajectoryPlanning/distill/data/benchmark/mp/train/sample_005482.npz,mp,multiple_bugtraps,U,mp_multiple_bugtraps,hard,hard,0,mp:train
calib,sample_001220.npz,/home/zzy/TrajectoryPlanning/distill/data/benchmark/mp/train/sample_005484.npz,mp,multiple_bugtraps,U,mp_multiple_bugtraps,hard,hard,0,mp:train
calib,sample_001221.npz,/home/zzy/TrajectoryPlanning/distill/data/benchmark/mp/train/sample_005498.npz,mp,multiple_bugtraps,U,mp_multiple_bugtraps,hard,hard,0,mp:train
calib,sample_001222.npz,/home/zzy/TrajectoryPlanning/distill/data/benchmark/mp/train/sample_005505.npz,mp,multiple_bugtraps,U,mp_multiple_bugtraps,hard,hard,0,mp:train
calib,sample_001223.npz,/home/zzy/TrajectoryPlanning/distill/data/benchmark/mp/train/sample_005512.npz,mp,multiple_bugtraps,U,mp_multiple_bugtraps,hard,hard,0,mp:train
calib,sample_001224.npz,/home/zzy/TrajectoryPlanning/distill/data/benchmark/mp/train/sample_005518.npz,mp,multiple_bugtraps,U,mp_multiple_bugtraps,hard,hard,0,mp:train
calib,sample_001225.npz,/home/zzy/TrajectoryPlanning/distill/data/benchmark/mp/train/sample_005520.npz,mp,multiple_bugtraps,U,mp_multiple_bugtraps,hard,hard,0,mp:train
calib,sample_001226.npz,/home/zzy/TrajectoryPlanning/distill/data/benchmark/mp/train/sample_005523.npz,mp,multiple_bugtraps,U,mp_multiple_bugtraps,hard,hard,0,mp:train
calib,sample_001227.npz,/home/zzy/TrajectoryPlanning/distill/data/benchmark/mp/train/sample_005526.npz,mp,multiple_bugtraps,U,mp_multiple_bugtraps,hard,hard,0,mp:train
calib,sample_001228.npz,/home/zzy/TrajectoryPlanning/distill/data/benchmark/mp/train/sample_005535.npz,mp,multiple_bugtraps,U,mp_multiple_bugtraps,hard,hard,0,mp:train
calib,sample_001229.npz,/home/zzy/TrajectoryPlanning/distill/data/benchmark/mp/train/sample_005547.npz,mp,multiple_bugtraps,U,mp_multiple_bugtraps,hard,hard,0,mp:train
calib,sample_001230.npz,/home/zzy/TrajectoryPlanning/distill/data/benchmark/mp/train/sample_005549.npz,mp,multiple_bugtraps,U,mp_multiple_bugtraps,hard,hard,0,mp:train
calib,sample_001231.npz,/home/zzy/TrajectoryPlanning/distill/data/benchmark/mp/train/sample_005559.npz,mp,multiple_bugtraps,U,mp_multiple_bugtraps,hard,hard,0,mp:train
calib,sample_001232.npz,/home/zzy/TrajectoryPlanning/distill/data/benchmark/mp/train/sample_005565.npz,mp,multiple_bugtraps,U,mp_multiple_bugtraps,hard,hard,0,mp:train
calib,sample_001233.npz,/home/zzy/TrajectoryPlanning/distill/data/benchmark/mp/train/sample_005568.npz,mp,multiple_bugtraps,U,mp_multiple_bugtraps,hard,hard,0,mp:train
calib,sample_001234.npz,/home/zzy/TrajectoryPlanning/distill/data/benchmark/mp/train/sample_005580.npz,mp,multiple_bugtraps,U,mp_multiple_bugtraps,hard,hard,0,mp:train
calib,sample_001235.npz,/home/zzy/TrajectoryPlanning/distill/data/benchmark/mp/train/sample_005582.npz,mp,multiple_bugtraps,U,mp_multiple_bugtraps,hard,hard,0,mp:train
calib,sample_001236.npz,/home/zzy/TrajectoryPlanning/distill/data/benchmark/mp/train/sample_005595.npz,mp,multiple_bugtraps,U,mp_multiple_bugtraps,hard,hard,0,mp:train
calib,sample_001237.npz,/home/zzy/TrajectoryPlanning/distill/data/benchmark/mp/train/sample_005597.npz,mp,multiple_bugtraps,U,mp_multiple_bugtraps,hard,hard,0,mp:train
calib,sample_001238.npz,/home/zzy/TrajectoryPlanning/distill/data/benchmark/mp/test/sample_000303.npz,mp,shifting_gaps,U,mp_shifting_gaps,medium,medium,0,mp:test
calib,sample_001239.npz,/home/zzy/TrajectoryPlanning/distill/data/benchmark/mp/test/sample_000312.npz,mp,shifting_gaps,U,mp_shifting_gaps,medium,medium,0,mp:test
calib,sample_001240.npz,/home/zzy/TrajectoryPlanning/distill/data/benchmark/mp/test/sample_000321.npz,mp,shifting_gaps,U,mp_shifting_gaps,medium,medium,0,mp:test
calib,sample_001241.npz,/home/zzy/TrajectoryPlanning/distill/data/benchmark/mp/test/sample_000345.npz,mp,shifting_gaps,U,mp_shifting_gaps,medium,medium,0,mp:test
calib,sample_001242.npz,/home/zzy/TrajectoryPlanning/distill/data/benchmark/mp/test/sample_000355.npz,mp,shifting_gaps,U,mp_shifting_gaps,medium,medium,0,mp:test
calib,sample_001243.npz,/home/zzy/TrajectoryPlanning/distill/data/benchmark/mp/test/sample_000356.npz,mp,shifting_gaps,U,mp_shifting_gaps,medium,medium,0,mp:test
calib,sample_001244.npz,/home/zzy/TrajectoryPlanning/distill/data/benchmark/mp/test/sample_000366.npz,mp,shifting_gaps,U,mp_shifting_gaps,medium,medium,0,mp:test
calib,sample_001245.npz,/home/zzy/TrajectoryPlanning/distill/data/benchmark/mp/test/sample_000377.npz,mp,shifting_gaps,U,mp_shifting_gaps,medium,medium,0,mp:test
calib,sample_001246.npz,/home/zzy/TrajectoryPlanning/distill/data/benchmark/mp/test/sample_000378.npz,mp,shifting_gaps,U,mp_shifting_gaps,medium,medium,0,mp:test
calib,sample_001247.npz,/home/zzy/TrajectoryPlanning/distill/data/benchmark/mp/test/sample_000380.npz,mp,shifting_gaps,U,mp_shifting_gaps,medium,medium,0,mp:test
calib,sample_001248.npz,/home/zzy/TrajectoryPlanning/distill/data/benchmark/mp/test/sample_000392.npz,mp,shifting_gaps,U,mp_shifting_gaps,medium,medium,0,mp:test
calib,sample_001249.npz,/home/zzy/TrajectoryPlanning/distill/data/benchmark/mp/test/sample_000394.npz,mp,shifting_gaps,U,mp_shifting_gaps,medium,medium,0,mp:test
calib,sample_001250.npz,/home/zzy/TrajectoryPlanning/distill/data/benchmark/mp/train/sample_002405.npz,mp,shifting_gaps,U,mp_shifting_gaps,medium,medium,0,mp:train
calib,sample_001251.npz,/home/zzy/TrajectoryPlanning/distill/data/benchmark/mp/train/sample_002410.npz,mp,shifting_gaps,U,mp_shifting_gaps,medium,medium,0,mp:train
calib,sample_001252.npz,/home/zzy/TrajectoryPlanning/distill/data/benchmark/mp/train/sample_002411.npz,mp,shifting_gaps,U,mp_shifting_gaps,medium,medium,0,mp:train
calib,sample_001253.npz,/home/zzy/TrajectoryPlanning/distill/data/benchmark/mp/train/sample_002413.npz,mp,shifting_gaps,U,mp_shifting_gaps,medium,medium,0,mp:train
calib,sample_001254.npz,/home/zzy/TrajectoryPlanning/distill/data/benchmark/mp/train/sample_002416.npz,mp,shifting_gaps,U,mp_shifting_gaps,medium,medium,0,mp:train
calib,sample_001255.npz,/home/zzy/TrajectoryPlanning/distill/data/benchmark/mp/train/sample_002418.npz,mp,shifting_gaps,U,mp_shifting_gaps,medium,medium,0,mp:train
calib,sample_001256.npz,/home/zzy/TrajectoryPlanning/distill/data/benchmark/mp/train/sample_002426.npz,mp,shifting_gaps,U,mp_shifting_gaps,medium,medium,0,mp:train
calib,sample_001257.npz,/home/zzy/TrajectoryPlanning/distill/data/benchmark/mp/train/sample_002431.npz,mp,shifting_gaps,U,mp_shifting_gaps,medium,medium,0,mp:train
calib,sample_001258.npz,/home/zzy/TrajectoryPlanning/distill/data/benchmark/mp/train/sample_002435.npz,mp,shifting_gaps,U,mp_shifting_gaps,medium,medium,0,mp:train
calib,sample_001259.npz,/home/zzy/TrajectoryPlanning/distill/data/benchmark/mp/train/sample_002447.npz,mp,shifting_gaps,U,mp_shifting_gaps,medium,medium,0,mp:train
calib,sample_001260.npz,/home/zzy/TrajectoryPlanning/distill/data/benchmark/mp/train/sample_002459.npz,mp,shifting_gaps,U,mp_shifting_gaps,medium,medium,0,mp:train
calib,sample_001261.npz,/home/zzy/TrajectoryPlanning/distill/data/benchmark/mp/train/sample_002460.npz,mp,shifting_gaps,U,mp_shifting_gaps,medium,medium,0,mp:train
calib,sample_001262.npz,/home/zzy/TrajectoryPlanning/distill/data/benchmark/mp/train/sample_002465.npz,mp,shifting_gaps,U,mp_shifting_gaps,medium,medium,0,mp:train
calib,sample_001263.npz,/home/zzy/TrajectoryPlanning/distill/data/benchmark/mp/train/sample_002466.npz,mp,shifting_gaps,U,mp_shifting_gaps,medium,medium,0,mp:train
calib,sample_001264.npz,/home/zzy/TrajectoryPlanning/distill/data/benchmark/mp/train/sample_002471.npz,mp,shifting_gaps,U,mp_shifting_gaps,medium,medium,0,mp:train
calib,sample_001265.npz,/home/zzy/TrajectoryPlanning/distill/data/benchmark/mp/train/sample_002476.npz,mp,shifting_gaps,U,mp_shifting_gaps,medium,medium,0,mp:train
calib,sample_001266.npz,/home/zzy/TrajectoryPlanning/distill/data/benchmark/mp/train/sample_002510.npz,mp,shifting_gaps,U,mp_shifting_gaps,medium,medium,0,mp:train
calib,sample_001267.npz,/home/zzy/TrajectoryPlanning/distill/data/benchmark/mp/train/sample_002518.npz,mp,shifting_gaps,U,mp_shifting_gaps,medium,medium,0,mp:train
calib,sample_001268.npz,/home/zzy/TrajectoryPlanning/distill/data/benchmark/mp/train/sample_002521.npz,mp,shifting_gaps,U,mp_shifting_gaps,medium,medium,0,mp:train
calib,sample_001269.npz,/home/zzy/TrajectoryPlanning/distill/data/benchmark/mp/train/sample_002533.npz,mp,shifting_gaps,U,mp_shifting_gaps,medium,medium,0,mp:train
calib,sample_001270.npz,/home/zzy/TrajectoryPlanning/distill/data/benchmark/mp/train/sample_002550.npz,mp,shifting_gaps,U,mp_shifting_gaps,medium,medium,0,mp:train
calib,sample_001271.npz,/home/zzy/TrajectoryPlanning/distill/data/benchmark/mp/train/sample_002569.npz,mp,shifting_gaps,U,mp_shifting_gaps,medium,medium,0,mp:train
calib,sample_001272.npz,/home/zzy/TrajectoryPlanning/distill/data/benchmark/mp/train/sample_002574.npz,mp,shifting_gaps,U,mp_shifting_gaps,medium,medium,0,mp:train
calib,sample_001273.npz,/home/zzy/TrajectoryPlanning/distill/data/benchmark/mp/train/sample_002581.npz,mp,shifting_gaps,U,mp_shifting_gaps,medium,medium,0,mp:train
calib,sample_001274.npz,/home/zzy/TrajectoryPlanning/distill/data/benchmark/mp/train/sample_002590.npz,mp,shifting_gaps,U,mp_shifting_gaps,medium,medium,0,mp:train
calib,sample_001275.npz,/home/zzy/TrajectoryPlanning/distill/data/benchmark/mp/train/sample_002593.npz,mp,shifting_gaps,U,mp_shifting_gaps,medium,medium,0,mp:train
calib,sample_001276.npz,/home/zzy/TrajectoryPlanning/distill/data/benchmark/mp/train/sample_002594.npz,mp,shifting_gaps,U,mp_shifting_gaps,medium,medium,0,mp:train
calib,sample_001277.npz,/home/zzy/TrajectoryPlanning/distill/data/benchmark/mp/train/sample_002600.npz,mp,shifting_gaps,U,mp_shifting_gaps,medium,medium,0,mp:train
calib,sample_001278.npz,/home/zzy/TrajectoryPlanning/distill/data/benchmark/mp/train/sample_002611.npz,mp,shifting_gaps,U,mp_shifting_gaps,medium,medium,0,mp:train
calib,sample_001279.npz,/home/zzy/TrajectoryPlanning/distill/data/benchmark/mp/train/sample_002617.npz,mp,shifting_gaps,U,mp_shifting_gaps,medium,medium,0,mp:train
calib,sample_001280.npz,/home/zzy/TrajectoryPlanning/distill/data/benchmark/mp/train/sample_002618.npz,mp,shifting_gaps,U,mp_shifting_gaps,medium,medium,0,mp:train
calib,sample_001281.npz,/home/zzy/TrajectoryPlanning/distill/data/benchmark/mp/train/sample_002625.npz,mp,shifting_gaps,U,mp_shifting_gaps,medium,medium,0,mp:train
calib,sample_001282.npz,/home/zzy/TrajectoryPlanning/distill/data/benchmark/mp/train/sample_002632.npz,mp,shifting_gaps,U,mp_shifting_gaps,medium,medium,0,mp:train
calib,sample_001283.npz,/home/zzy/TrajectoryPlanning/distill/data/benchmark/mp/train/sample_002634.npz,mp,shifting_gaps,U,mp_shifting_gaps,medium,medium,0,mp:train
calib,sample_001284.npz,/home/zzy/TrajectoryPlanning/distill/data/benchmark/mp/train/sample_002639.npz,mp,shifting_gaps,U,mp_shifting_gaps,medium,medium,0,mp:train
calib,sample_001285.npz,/home/zzy/TrajectoryPlanning/distill/data/benchmark/mp/train/sample_002644.npz,mp,shifting_gaps,U,mp_shifting_gaps,medium,medium,0,mp:train
calib,sample_001286.npz,/home/zzy/TrajectoryPlanning/distill/data/benchmark/mp/train/sample_002648.npz,mp,shifting_gaps,U,mp_shifting_gaps,medium,medium,0,mp:train
calib,sample_001287.npz,/home/zzy/TrajectoryPlanning/distill/data/benchmark/mp/train/sample_002654.npz,mp,shifting_gaps,U,mp_shifting_gaps,medium,medium,0,mp:train
calib,sample_001288.npz,/home/zzy/TrajectoryPlanning/distill/data/benchmark/mp/train/sample_002655.npz,mp,shifting_gaps,U,mp_shifting_gaps,medium,medium,0,mp:train
calib,sample_001289.npz,/home/zzy/TrajectoryPlanning/distill/data/benchmark/mp/train/sample_002666.npz,mp,shifting_gaps,U,mp_shifting_gaps,medium,medium,0,mp:train
calib,sample_001290.npz,/home/zzy/TrajectoryPlanning/distill/data/benchmark/mp/train/sample_002672.npz,mp,shifting_gaps,U,mp_shifting_gaps,medium,medium,0,mp:train
calib,sample_001291.npz,/home/zzy/TrajectoryPlanning/distill/data/benchmark/mp/train/sample_002673.npz,mp,shifting_gaps,U,mp_shifting_gaps,medium,medium,0,mp:train
calib,sample_001292.npz,/home/zzy/TrajectoryPlanning/distill/data/benchmark/mp/train/sample_002675.npz,mp,shifting_gaps,U,mp_shifting_gaps,medium,medium,0,mp:train
calib,sample_001293.npz,/home/zzy/TrajectoryPlanning/distill/data/benchmark/mp/train/sample_002676.npz,mp,shifting_gaps,U,mp_shifting_gaps,medium,medium,0,mp:train
calib,sample_001294.npz,/home/zzy/TrajectoryPlanning/distill/data/benchmark/mp/train/sample_002692.npz,mp,shifting_gaps,U,mp_shifting_gaps,medium,medium,0,mp:train
calib,sample_001295.npz,/home/zzy/TrajectoryPlanning/distill/data/benchmark/mp/train/sample_002717.npz,mp,shifting_gaps,U,mp_shifting_gaps,medium,medium,0,mp:train
calib,sample_001296.npz,/home/zzy/TrajectoryPlanning/distill/data/benchmark/mp/train/sample_002727.npz,mp,shifting_gaps,U,mp_shifting_gaps,medium,medium,0,mp:train
calib,sample_001297.npz,/home/zzy/TrajectoryPlanning/distill/data/benchmark/mp/train/sample_002728.npz,mp,shifting_gaps,U,mp_shifting_gaps,medium,medium,0,mp:train
calib,sample_001298.npz,/home/zzy/TrajectoryPlanning/distill/data/benchmark/mp/train/sample_002744.npz,mp,shifting_gaps,U,mp_shifting_gaps,medium,medium,0,mp:train
calib,sample_001299.npz,/home/zzy/TrajectoryPlanning/distill/data/benchmark/mp/train/sample_002748.npz,mp,shifting_gaps,U,mp_shifting_gaps,medium,medium,0,mp:train
calib,sample_001300.npz,/home/zzy/TrajectoryPlanning/distill/data/benchmark/mp/train/sample_002752.npz,mp,shifting_gaps,U,mp_shifting_gaps,medium,medium,0,mp:train
calib,sample_001301.npz,/home/zzy/TrajectoryPlanning/distill/data/benchmark/mp/train/sample_002760.npz,mp,shifting_gaps,U,mp_shifting_gaps,medium,medium,0,mp:train
calib,sample_001302.npz,/home/zzy/TrajectoryPlanning/distill/data/benchmark/mp/train/sample_002762.npz,mp,shifting_gaps,U,mp_shifting_gaps,medium,medium,0,mp:train
calib,sample_001303.npz,/home/zzy/TrajectoryPlanning/distill/data/benchmark/mp/train/sample_002774.npz,mp,shifting_gaps,U,mp_shifting_gaps,medium,medium,0,mp:train
calib,sample_001304.npz,/home/zzy/TrajectoryPlanning/distill/data/benchmark/mp/train/sample_002775.npz,mp,shifting_gaps,U,mp_shifting_gaps,medium,medium,0,mp:train
calib,sample_001305.npz,/home/zzy/TrajectoryPlanning/distill/data/benchmark/mp/train/sample_002780.npz,mp,shifting_gaps,U,mp_shifting_gaps,medium,medium,0,mp:train
calib,sample_001306.npz,/home/zzy/TrajectoryPlanning/distill/data/benchmark/mp/train/sample_002797.npz,mp,shifting_gaps,U,mp_shifting_gaps,medium,medium,0,mp:train
calib,sample_001307.npz,/home/zzy/TrajectoryPlanning/distill/data/benchmark/mp/train/sample_002798.npz,mp,shifting_gaps,U,mp_shifting_gaps,medium,medium,0,mp:train
calib,sample_001308.npz,/home/zzy/TrajectoryPlanning/distill/data/benchmark/mp/train/sample_002808.npz,mp,shifting_gaps,U,mp_shifting_gaps,medium,medium,0,mp:train
calib,sample_001309.npz,/home/zzy/TrajectoryPlanning/distill/data/benchmark/mp/train/sample_002821.npz,mp,shifting_gaps,U,mp_shifting_gaps,medium,medium,0,mp:train
calib,sample_001310.npz,/home/zzy/TrajectoryPlanning/distill/data/benchmark/mp/train/sample_002824.npz,mp,shifting_gaps,U,mp_shifting_gaps,medium,medium,0,mp:train
calib,sample_001311.npz,/home/zzy/TrajectoryPlanning/distill/data/benchmark/mp/train/sample_002834.npz,mp,shifting_gaps,U,mp_shifting_gaps,medium,medium,0,mp:train
calib,sample_001312.npz,/home/zzy/TrajectoryPlanning/distill/data/benchmark/mp/train/sample_002835.npz,mp,shifting_gaps,U,mp_shifting_gaps,medium,medium,0,mp:train
calib,sample_001313.npz,/home/zzy/TrajectoryPlanning/distill/data/benchmark/mp/train/sample_002857.npz,mp,shifting_gaps,U,mp_shifting_gaps,medium,medium,0,mp:train
calib,sample_001314.npz,/home/zzy/TrajectoryPlanning/distill/data/benchmark/mp/train/sample_002859.npz,mp,shifting_gaps,U,mp_shifting_gaps,medium,medium,0,mp:train
calib,sample_001315.npz,/home/zzy/TrajectoryPlanning/distill/data/benchmark/mp/train/sample_002871.npz,mp,shifting_gaps,U,mp_shifting_gaps,medium,medium,0,mp:train
calib,sample_001316.npz,/home/zzy/TrajectoryPlanning/distill/data/benchmark/mp/train/sample_002874.npz,mp,shifting_gaps,U,mp_shifting_gaps,medium,medium,0,mp:train
calib,sample_001317.npz,/home/zzy/TrajectoryPlanning/distill/data/benchmark/mp/train/sample_002880.npz,mp,shifting_gaps,U,mp_shifting_gaps,medium,medium,0,mp:train
calib,sample_001318.npz,/home/zzy/TrajectoryPlanning/distill/data/benchmark/mp/train/sample_002881.npz,mp,shifting_gaps,U,mp_shifting_gaps,medium,medium,0,mp:train
calib,sample_001319.npz,/home/zzy/TrajectoryPlanning/distill/data/benchmark/mp/train/sample_002887.npz,mp,shifting_gaps,U,mp_shifting_gaps,medium,medium,0,mp:train
calib,sample_001320.npz,/home/zzy/TrajectoryPlanning/distill/data/benchmark/mp/train/sample_002891.npz,mp,shifting_gaps,U,mp_shifting_gaps,medium,medium,0,mp:train
calib,sample_001321.npz,/home/zzy/TrajectoryPlanning/distill/data/benchmark/mp/train/sample_002920.npz,mp,shifting_gaps,U,mp_shifting_gaps,medium,medium,0,mp:train
calib,sample_001322.npz,/home/zzy/TrajectoryPlanning/distill/data/benchmark/mp/train/sample_002927.npz,mp,shifting_gaps,U,mp_shifting_gaps,medium,medium,0,mp:train
calib,sample_001323.npz,/home/zzy/TrajectoryPlanning/distill/data/benchmark/mp/train/sample_002934.npz,mp,shifting_gaps,U,mp_shifting_gaps,medium,medium,0,mp:train
calib,sample_001324.npz,/home/zzy/TrajectoryPlanning/distill/data/benchmark/mp/train/sample_002950.npz,mp,shifting_gaps,U,mp_shifting_gaps,medium,medium,0,mp:train
calib,sample_001325.npz,/home/zzy/TrajectoryPlanning/distill/data/benchmark/mp/train/sample_002960.npz,mp,shifting_gaps,U,mp_shifting_gaps,medium,medium,0,mp:train
calib,sample_001326.npz,/home/zzy/TrajectoryPlanning/distill/data/benchmark/mp/train/sample_002978.npz,mp,shifting_gaps,U,mp_shifting_gaps,medium,medium,0,mp:train
calib,sample_001327.npz,/home/zzy/TrajectoryPlanning/distill/data/benchmark/mp/train/sample_002982.npz,mp,shifting_gaps,U,mp_shifting_gaps,medium,medium,0,mp:train
calib,sample_001328.npz,/home/zzy/TrajectoryPlanning/distill/data/benchmark/mp/train/sample_002983.npz,mp,shifting_gaps,U,mp_shifting_gaps,medium,medium,0,mp:train
calib,sample_001329.npz,/home/zzy/TrajectoryPlanning/distill/data/benchmark/mp/train/sample_002985.npz,mp,shifting_gaps,U,mp_shifting_gaps,medium,medium,0,mp:train
calib,sample_001330.npz,/home/zzy/TrajectoryPlanning/distill/data/benchmark/mp/train/sample_002990.npz,mp,shifting_gaps,U,mp_shifting_gaps,medium,medium,0,mp:train
calib,sample_001331.npz,/home/zzy/TrajectoryPlanning/distill/data/benchmark/mp/train/sample_002997.npz,mp,shifting_gaps,U,mp_shifting_gaps,medium,medium,0,mp:train
calib,sample_001332.npz,/home/zzy/TrajectoryPlanning/distill/data/benchmark/mp/train/sample_003001.npz,mp,shifting_gaps,U,mp_shifting_gaps,medium,medium,0,mp:train
calib,sample_001333.npz,/home/zzy/TrajectoryPlanning/distill/data/benchmark/mp/train/sample_003002.npz,mp,shifting_gaps,U,mp_shifting_gaps,medium,medium,0,mp:train
calib,sample_001334.npz,/home/zzy/TrajectoryPlanning/distill/data/benchmark/mp/train/sample_003011.npz,mp,shifting_gaps,U,mp_shifting_gaps,medium,medium,0,mp:train
calib,sample_001335.npz,/home/zzy/TrajectoryPlanning/distill/data/benchmark/mp/train/sample_003020.npz,mp,shifting_gaps,U,mp_shifting_gaps,medium,medium,0,mp:train
calib,sample_001336.npz,/home/zzy/TrajectoryPlanning/distill/data/benchmark/mp/train/sample_003022.npz,mp,shifting_gaps,U,mp_shifting_gaps,medium,medium,0,mp:train
calib,sample_001337.npz,/home/zzy/TrajectoryPlanning/distill/data/benchmark/mp/train/sample_003024.npz,mp,shifting_gaps,U,mp_shifting_gaps,medium,medium,0,mp:train
calib,sample_001338.npz,/home/zzy/TrajectoryPlanning/distill/data/benchmark/mp/train/sample_003027.npz,mp,shifting_gaps,U,mp_shifting_gaps,medium,medium,0,mp:train
calib,sample_001339.npz,/home/zzy/TrajectoryPlanning/distill/data/benchmark/mp/train/sample_003030.npz,mp,shifting_gaps,U,mp_shifting_gaps,medium,medium,0,mp:train
calib,sample_001340.npz,/home/zzy/TrajectoryPlanning/distill/data/benchmark/mp/train/sample_003033.npz,mp,shifting_gaps,U,mp_shifting_gaps,medium,medium,0,mp:train
calib,sample_001341.npz,/home/zzy/TrajectoryPlanning/distill/data/benchmark/mp/train/sample_003034.npz,mp,shifting_gaps,U,mp_shifting_gaps,medium,medium,0,mp:train
calib,sample_001342.npz,/home/zzy/TrajectoryPlanning/distill/data/benchmark/mp/train/sample_003035.npz,mp,shifting_gaps,U,mp_shifting_gaps,medium,medium,0,mp:train
calib,sample_001343.npz,/home/zzy/TrajectoryPlanning/distill/data/benchmark/mp/train/sample_003037.npz,mp,shifting_gaps,U,mp_shifting_gaps,medium,medium,0,mp:train
calib,sample_001344.npz,/home/zzy/TrajectoryPlanning/distill/data/benchmark/mp/train/sample_003054.npz,mp,shifting_gaps,U,mp_shifting_gaps,medium,medium,0,mp:train
calib,sample_001345.npz,/home/zzy/TrajectoryPlanning/distill/data/benchmark/mp/train/sample_003061.npz,mp,shifting_gaps,U,mp_shifting_gaps,medium,medium,0,mp:train
calib,sample_001346.npz,/home/zzy/TrajectoryPlanning/distill/data/benchmark/mp/train/sample_003073.npz,mp,shifting_gaps,U,mp_shifting_gaps,medium,medium,0,mp:train
calib,sample_001347.npz,/home/zzy/TrajectoryPlanning/distill/data/benchmark/mp/train/sample_003074.npz,mp,shifting_gaps,U,mp_shifting_gaps,medium,medium,0,mp:train
calib,sample_001348.npz,/home/zzy/TrajectoryPlanning/distill/data/benchmark/mp/train/sample_003092.npz,mp,shifting_gaps,U,mp_shifting_gaps,medium,medium,0,mp:train
calib,sample_001349.npz,/home/zzy/TrajectoryPlanning/distill/data/benchmark/mp/train/sample_003093.npz,mp,shifting_gaps,U,mp_shifting_gaps,medium,medium,0,mp:train
calib,sample_001350.npz,/home/zzy/TrajectoryPlanning/distill/data/benchmark/mp/train/sample_003111.npz,mp,shifting_gaps,U,mp_shifting_gaps,medium,medium,0,mp:train
calib,sample_001351.npz,/home/zzy/TrajectoryPlanning/distill/data/benchmark/mp/train/sample_003112.npz,mp,shifting_gaps,U,mp_shifting_gaps,medium,medium,0,mp:train
calib,sample_001352.npz,/home/zzy/TrajectoryPlanning/distill/data/benchmark/mp/train/sample_003115.npz,mp,shifting_gaps,U,mp_shifting_gaps,medium,medium,0,mp:train
calib,sample_001353.npz,/home/zzy/TrajectoryPlanning/distill/data/benchmark/mp/train/sample_003124.npz,mp,shifting_gaps,U,mp_shifting_gaps,medium,medium,0,mp:train
calib,sample_001354.npz,/home/zzy/TrajectoryPlanning/distill/data/benchmark/mp/train/sample_003130.npz,mp,shifting_gaps,U,mp_shifting_gaps,medium,medium,0,mp:train
calib,sample_001355.npz,/home/zzy/TrajectoryPlanning/distill/data/benchmark/mp/train/sample_003133.npz,mp,shifting_gaps,U,mp_shifting_gaps,medium,medium,0,mp:train
calib,sample_001356.npz,/home/zzy/TrajectoryPlanning/distill/data/benchmark/mp/train/sample_003138.npz,mp,shifting_gaps,U,mp_shifting_gaps,medium,medium,0,mp:train
calib,sample_001357.npz,/home/zzy/TrajectoryPlanning/distill/data/benchmark/mp/train/sample_003140.npz,mp,shifting_gaps,U,mp_shifting_gaps,medium,medium,0,mp:train
calib,sample_001358.npz,/home/zzy/TrajectoryPlanning/distill/data/benchmark/mp/train/sample_003142.npz,mp,shifting_gaps,U,mp_shifting_gaps,medium,medium,0,mp:train
calib,sample_001359.npz,/home/zzy/TrajectoryPlanning/distill/data/benchmark/mp/train/sample_003145.npz,mp,shifting_gaps,U,mp_shifting_gaps,medium,medium,0,mp:train
calib,sample_001360.npz,/home/zzy/TrajectoryPlanning/distill/data/benchmark/mp/train/sample_003150.npz,mp,shifting_gaps,U,mp_shifting_gaps,medium,medium,0,mp:train
calib,sample_001361.npz,/home/zzy/TrajectoryPlanning/distill/data/benchmark/mp/train/sample_003157.npz,mp,shifting_gaps,U,mp_shifting_gaps,medium,medium,0,mp:train
calib,sample_001362.npz,/home/zzy/TrajectoryPlanning/distill/data/benchmark/mp/train/sample_003164.npz,mp,shifting_gaps,U,mp_shifting_gaps,medium,medium,0,mp:train
calib,sample_001363.npz,/home/zzy/TrajectoryPlanning/distill/data/benchmark/mp/train/sample_003167.npz,mp,shifting_gaps,U,mp_shifting_gaps,medium,medium,0,mp:train
calib,sample_001364.npz,/home/zzy/TrajectoryPlanning/distill/data/benchmark/mp/train/sample_003176.npz,mp,shifting_gaps,U,mp_shifting_gaps,medium,medium,0,mp:train
calib,sample_001365.npz,/home/zzy/TrajectoryPlanning/distill/data/benchmark/mp/train/sample_003187.npz,mp,shifting_gaps,U,mp_shifting_gaps,medium,medium,0,mp:train
calib,sample_001366.npz,/home/zzy/TrajectoryPlanning/distill/data/benchmark/mp/train/sample_003197.npz,mp,shifting_gaps,U,mp_shifting_gaps,medium,medium,0,mp:train
calib,sample_001367.npz,/home/zzy/TrajectoryPlanning/distill/data/benchmark/mp/test/sample_000502.npz,mp,single_bugtrap,U,mp_single_bugtrap,medium,medium,0,mp:test
calib,sample_001368.npz,/home/zzy/TrajectoryPlanning/distill/data/benchmark/mp/test/sample_000527.npz,mp,single_bugtrap,U,mp_single_bugtrap,medium,medium,0,mp:test
calib,sample_001369.npz,/home/zzy/TrajectoryPlanning/distill/data/benchmark/mp/test/sample_000533.npz,mp,single_bugtrap,U,mp_single_bugtrap,medium,medium,0,mp:test
calib,sample_001370.npz,/home/zzy/TrajectoryPlanning/distill/data/benchmark/mp/test/sample_000535.npz,mp,single_bugtrap,U,mp_single_bugtrap,medium,medium,0,mp:test
calib,sample_001371.npz,/home/zzy/TrajectoryPlanning/distill/data/benchmark/mp/test/sample_000545.npz,mp,single_bugtrap,U,mp_single_bugtrap,medium,medium,0,mp:test
calib,sample_001372.npz,/home/zzy/TrajectoryPlanning/distill/data/benchmark/mp/test/sample_000549.npz,mp,single_bugtrap,U,mp_single_bugtrap,medium,medium,0,mp:test
calib,sample_001373.npz,/home/zzy/TrajectoryPlanning/distill/data/benchmark/mp/test/sample_000558.npz,mp,single_bugtrap,U,mp_single_bugtrap,medium,medium,0,mp:test
calib,sample_001374.npz,/home/zzy/TrajectoryPlanning/distill/data/benchmark/mp/test/sample_000570.npz,mp,single_bugtrap,U,mp_single_bugtrap,medium,medium,0,mp:test
calib,sample_001375.npz,/home/zzy/TrajectoryPlanning/distill/data/benchmark/mp/test/sample_000576.npz,mp,single_bugtrap,U,mp_single_bugtrap,medium,medium,0,mp:test
calib,sample_001376.npz,/home/zzy/TrajectoryPlanning/distill/data/benchmark/mp/test/sample_000579.npz,mp,single_bugtrap,U,mp_single_bugtrap,medium,medium,0,mp:test
calib,sample_001377.npz,/home/zzy/TrajectoryPlanning/distill/data/benchmark/mp/test/sample_000586.npz,mp,single_bugtrap,U,mp_single_bugtrap,medium,medium,0,mp:test
calib,sample_001378.npz,/home/zzy/TrajectoryPlanning/distill/data/benchmark/mp/test/sample_000599.npz,mp,single_bugtrap,U,mp_single_bugtrap,medium,medium,0,mp:test
calib,sample_001379.npz,/home/zzy/TrajectoryPlanning/distill/data/benchmark/mp/train/sample_004007.npz,mp,single_bugtrap,U,mp_single_bugtrap,medium,medium,0,mp:train
calib,sample_001380.npz,/home/zzy/TrajectoryPlanning/distill/data/benchmark/mp/train/sample_004008.npz,mp,single_bugtrap,U,mp_single_bugtrap,medium,medium,0,mp:train
calib,sample_001381.npz,/home/zzy/TrajectoryPlanning/distill/data/benchmark/mp/train/sample_004026.npz,mp,single_bugtrap,U,mp_single_bugtrap,medium,medium,0,mp:train
calib,sample_001382.npz,/home/zzy/TrajectoryPlanning/distill/data/benchmark/mp/train/sample_004038.npz,mp,single_bugtrap,U,mp_single_bugtrap,medium,medium,0,mp:train
calib,sample_001383.npz,/home/zzy/TrajectoryPlanning/distill/data/benchmark/mp/train/sample_004044.npz,mp,single_bugtrap,U,mp_single_bugtrap,medium,medium,0,mp:train
calib,sample_001384.npz,/home/zzy/TrajectoryPlanning/distill/data/benchmark/mp/train/sample_004047.npz,mp,single_bugtrap,U,mp_single_bugtrap,medium,medium,0,mp:train
calib,sample_001385.npz,/home/zzy/TrajectoryPlanning/distill/data/benchmark/mp/train/sample_004056.npz,mp,single_bugtrap,U,mp_single_bugtrap,medium,medium,0,mp:train
calib,sample_001386.npz,/home/zzy/TrajectoryPlanning/distill/data/benchmark/mp/train/sample_004060.npz,mp,single_bugtrap,U,mp_single_bugtrap,medium,medium,0,mp:train
calib,sample_001387.npz,/home/zzy/TrajectoryPlanning/distill/data/benchmark/mp/train/sample_004066.npz,mp,single_bugtrap,U,mp_single_bugtrap,medium,medium,0,mp:train
calib,sample_001388.npz,/home/zzy/TrajectoryPlanning/distill/data/benchmark/mp/train/sample_004069.npz,mp,single_bugtrap,U,mp_single_bugtrap,medium,medium,0,mp:train
calib,sample_001389.npz,/home/zzy/TrajectoryPlanning/distill/data/benchmark/mp/train/sample_004073.npz,mp,single_bugtrap,U,mp_single_bugtrap,medium,medium,0,mp:train
calib,sample_001390.npz,/home/zzy/TrajectoryPlanning/distill/data/benchmark/mp/train/sample_004076.npz,mp,single_bugtrap,U,mp_single_bugtrap,medium,medium,0,mp:train
calib,sample_001391.npz,/home/zzy/TrajectoryPlanning/distill/data/benchmark/mp/train/sample_004079.npz,mp,single_bugtrap,U,mp_single_bugtrap,medium,medium,0,mp:train
calib,sample_001392.npz,/home/zzy/TrajectoryPlanning/distill/data/benchmark/mp/train/sample_004085.npz,mp,single_bugtrap,U,mp_single_bugtrap,medium,medium,0,mp:train
calib,sample_001393.npz,/home/zzy/TrajectoryPlanning/distill/data/benchmark/mp/train/sample_004092.npz,mp,single_bugtrap,U,mp_single_bugtrap,medium,medium,0,mp:train
calib,sample_001394.npz,/home/zzy/TrajectoryPlanning/distill/data/benchmark/mp/train/sample_004094.npz,mp,single_bugtrap,U,mp_single_bugtrap,medium,medium,0,mp:train
calib,sample_001395.npz,/home/zzy/TrajectoryPlanning/distill/data/benchmark/mp/train/sample_004099.npz,mp,single_bugtrap,U,mp_single_bugtrap,medium,medium,0,mp:train
calib,sample_001396.npz,/home/zzy/TrajectoryPlanning/distill/data/benchmark/mp/train/sample_004100.npz,mp,single_bugtrap,U,mp_single_bugtrap,medium,medium,0,mp:train
calib,sample_001397.npz,/home/zzy/TrajectoryPlanning/distill/data/benchmark/mp/train/sample_004103.npz,mp,single_bugtrap,U,mp_single_bugtrap,medium,medium,0,mp:train
calib,sample_001398.npz,/home/zzy/TrajectoryPlanning/distill/data/benchmark/mp/train/sample_004107.npz,mp,single_bugtrap,U,mp_single_bugtrap,medium,medium,0,mp:train
calib,sample_001399.npz,/home/zzy/TrajectoryPlanning/distill/data/benchmark/mp/train/sample_004111.npz,mp,single_bugtrap,U,mp_single_bugtrap,medium,medium,0,mp:train
calib,sample_001400.npz,/home/zzy/TrajectoryPlanning/distill/data/benchmark/mp/train/sample_004112.npz,mp,single_bugtrap,U,mp_single_bugtrap,medium,medium,0,mp:train
calib,sample_001401.npz,/home/zzy/TrajectoryPlanning/distill/data/benchmark/mp/train/sample_004125.npz,mp,single_bugtrap,U,mp_single_bugtrap,medium,medium,0,mp:train
calib,sample_001402.npz,/home/zzy/TrajectoryPlanning/distill/data/benchmark/mp/train/sample_004132.npz,mp,single_bugtrap,U,mp_single_bugtrap,medium,medium,0,mp:train
calib,sample_001403.npz,/home/zzy/TrajectoryPlanning/distill/data/benchmark/mp/train/sample_004133.npz,mp,single_bugtrap,U,mp_single_bugtrap,medium,medium,0,mp:train
calib,sample_001404.npz,/home/zzy/TrajectoryPlanning/distill/data/benchmark/mp/train/sample_004137.npz,mp,single_bugtrap,U,mp_single_bugtrap,medium,medium,0,mp:train
calib,sample_001405.npz,/home/zzy/TrajectoryPlanning/distill/data/benchmark/mp/train/sample_004139.npz,mp,single_bugtrap,U,mp_single_bugtrap,medium,medium,0,mp:train
calib,sample_001406.npz,/home/zzy/TrajectoryPlanning/distill/data/benchmark/mp/train/sample_004147.npz,mp,single_bugtrap,U,mp_single_bugtrap,medium,medium,0,mp:train
calib,sample_001407.npz,/home/zzy/TrajectoryPlanning/distill/data/benchmark/mp/train/sample_004158.npz,mp,single_bugtrap,U,mp_single_bugtrap,medium,medium,0,mp:train
calib,sample_001408.npz,/home/zzy/TrajectoryPlanning/distill/data/benchmark/mp/train/sample_004162.npz,mp,single_bugtrap,U,mp_single_bugtrap,medium,medium,0,mp:train
calib,sample_001409.npz,/home/zzy/TrajectoryPlanning/distill/data/benchmark/mp/train/sample_004167.npz,mp,single_bugtrap,U,mp_single_bugtrap,medium,medium,0,mp:train
calib,sample_001410.npz,/home/zzy/TrajectoryPlanning/distill/data/benchmark/mp/train/sample_004169.npz,mp,single_bugtrap,U,mp_single_bugtrap,medium,medium,0,mp:train
calib,sample_001411.npz,/home/zzy/TrajectoryPlanning/distill/data/benchmark/mp/train/sample_004177.npz,mp,single_bugtrap,U,mp_single_bugtrap,medium,medium,0,mp:train
calib,sample_001412.npz,/home/zzy/TrajectoryPlanning/distill/data/benchmark/mp/train/sample_004185.npz,mp,single_bugtrap,U,mp_single_bugtrap,medium,medium,0,mp:train
calib,sample_001413.npz,/home/zzy/TrajectoryPlanning/distill/data/benchmark/mp/train/sample_004189.npz,mp,single_bugtrap,U,mp_single_bugtrap,medium,medium,0,mp:train
calib,sample_001414.npz,/home/zzy/TrajectoryPlanning/distill/data/benchmark/mp/train/sample_004199.npz,mp,single_bugtrap,U,mp_single_bugtrap,medium,medium,0,mp:train
calib,sample_001415.npz,/home/zzy/TrajectoryPlanning/distill/data/benchmark/mp/train/sample_004209.npz,mp,single_bugtrap,U,mp_single_bugtrap,medium,medium,0,mp:train
calib,sample_001416.npz,/home/zzy/TrajectoryPlanning/distill/data/benchmark/mp/train/sample_004215.npz,mp,single_bugtrap,U,mp_single_bugtrap,medium,medium,0,mp:train
calib,sample_001417.npz,/home/zzy/TrajectoryPlanning/distill/data/benchmark/mp/train/sample_004216.npz,mp,single_bugtrap,U,mp_single_bugtrap,medium,medium,0,mp:train
calib,sample_001418.npz,/home/zzy/TrajectoryPlanning/distill/data/benchmark/mp/train/sample_004223.npz,mp,single_bugtrap,U,mp_single_bugtrap,medium,medium,0,mp:train
calib,sample_001419.npz,/home/zzy/TrajectoryPlanning/distill/data/benchmark/mp/train/sample_004224.npz,mp,single_bugtrap,U,mp_single_bugtrap,medium,medium,0,mp:train
calib,sample_001420.npz,/home/zzy/TrajectoryPlanning/distill/data/benchmark/mp/train/sample_004225.npz,mp,single_bugtrap,U,mp_single_bugtrap,medium,medium,0,mp:train
calib,sample_001421.npz,/home/zzy/TrajectoryPlanning/distill/data/benchmark/mp/train/sample_004226.npz,mp,single_bugtrap,U,mp_single_bugtrap,medium,medium,0,mp:train
calib,sample_001422.npz,/home/zzy/TrajectoryPlanning/distill/data/benchmark/mp/train/sample_004249.npz,mp,single_bugtrap,U,mp_single_bugtrap,medium,medium,0,mp:train
calib,sample_001423.npz,/home/zzy/TrajectoryPlanning/distill/data/benchmark/mp/train/sample_004261.npz,mp,single_bugtrap,U,mp_single_bugtrap,medium,medium,0,mp:train
calib,sample_001424.npz,/home/zzy/TrajectoryPlanning/distill/data/benchmark/mp/train/sample_004263.npz,mp,single_bugtrap,U,mp_single_bugtrap,medium,medium,0,mp:train
calib,sample_001425.npz,/home/zzy/TrajectoryPlanning/distill/data/benchmark/mp/train/sample_004264.npz,mp,single_bugtrap,U,mp_single_bugtrap,medium,medium,0,mp:train
calib,sample_001426.npz,/home/zzy/TrajectoryPlanning/distill/data/benchmark/mp/train/sample_004275.npz,mp,single_bugtrap,U,mp_single_bugtrap,medium,medium,0,mp:train
calib,sample_001427.npz,/home/zzy/TrajectoryPlanning/distill/data/benchmark/mp/train/sample_004280.npz,mp,single_bugtrap,U,mp_single_bugtrap,medium,medium,0,mp:train
calib,sample_001428.npz,/home/zzy/TrajectoryPlanning/distill/data/benchmark/mp/train/sample_004284.npz,mp,single_bugtrap,U,mp_single_bugtrap,medium,medium,0,mp:train
calib,sample_001429.npz,/home/zzy/TrajectoryPlanning/distill/data/benchmark/mp/train/sample_004295.npz,mp,single_bugtrap,U,mp_single_bugtrap,medium,medium,0,mp:train
calib,sample_001430.npz,/home/zzy/TrajectoryPlanning/distill/data/benchmark/mp/train/sample_004299.npz,mp,single_bugtrap,U,mp_single_bugtrap,medium,medium,0,mp:train
calib,sample_001431.npz,/home/zzy/TrajectoryPlanning/distill/data/benchmark/mp/train/sample_004320.npz,mp,single_bugtrap,U,mp_single_bugtrap,medium,medium,0,mp:train
calib,sample_001432.npz,/home/zzy/TrajectoryPlanning/distill/data/benchmark/mp/train/sample_004321.npz,mp,single_bugtrap,U,mp_single_bugtrap,medium,medium,0,mp:train
calib,sample_001433.npz,/home/zzy/TrajectoryPlanning/distill/data/benchmark/mp/train/sample_004326.npz,mp,single_bugtrap,U,mp_single_bugtrap,medium,medium,0,mp:train
calib,sample_001434.npz,/home/zzy/TrajectoryPlanning/distill/data/benchmark/mp/train/sample_004328.npz,mp,single_bugtrap,U,mp_single_bugtrap,medium,medium,0,mp:train
calib,sample_001435.npz,/home/zzy/TrajectoryPlanning/distill/data/benchmark/mp/train/sample_004334.npz,mp,single_bugtrap,U,mp_single_bugtrap,medium,medium,0,mp:train
calib,sample_001436.npz,/home/zzy/TrajectoryPlanning/distill/data/benchmark/mp/train/sample_004336.npz,mp,single_bugtrap,U,mp_single_bugtrap,medium,medium,0,mp:train
calib,sample_001437.npz,/home/zzy/TrajectoryPlanning/distill/data/benchmark/mp/train/sample_004350.npz,mp,single_bugtrap,U,mp_single_bugtrap,medium,medium,0,mp:train
calib,sample_001438.npz,/home/zzy/TrajectoryPlanning/distill/data/benchmark/mp/train/sample_004369.npz,mp,single_bugtrap,U,mp_single_bugtrap,medium,medium,0,mp:train
calib,sample_001439.npz,/home/zzy/TrajectoryPlanning/distill/data/benchmark/mp/train/sample_004374.npz,mp,single_bugtrap,U,mp_single_bugtrap,medium,medium,0,mp:train
calib,sample_001440.npz,/home/zzy/TrajectoryPlanning/distill/data/benchmark/mp/train/sample_004375.npz,mp,single_bugtrap,U,mp_single_bugtrap,medium,medium,0,mp:train
calib,sample_001441.npz,/home/zzy/TrajectoryPlanning/distill/data/benchmark/mp/train/sample_004379.npz,mp,single_bugtrap,U,mp_single_bugtrap,medium,medium,0,mp:train
calib,sample_001442.npz,/home/zzy/TrajectoryPlanning/distill/data/benchmark/mp/train/sample_004383.npz,mp,single_bugtrap,U,mp_single_bugtrap,medium,medium,0,mp:train
calib,sample_001443.npz,/home/zzy/TrajectoryPlanning/distill/data/benchmark/mp/train/sample_004384.npz,mp,single_bugtrap,U,mp_single_bugtrap,medium,medium,0,mp:train
calib,sample_001444.npz,/home/zzy/TrajectoryPlanning/distill/data/benchmark/mp/train/sample_004402.npz,mp,single_bugtrap,U,mp_single_bugtrap,medium,medium,0,mp:train
calib,sample_001445.npz,/home/zzy/TrajectoryPlanning/distill/data/benchmark/mp/train/sample_004410.npz,mp,single_bugtrap,U,mp_single_bugtrap,medium,medium,0,mp:train
calib,sample_001446.npz,/home/zzy/TrajectoryPlanning/distill/data/benchmark/mp/train/sample_004418.npz,mp,single_bugtrap,U,mp_single_bugtrap,medium,medium,0,mp:train
calib,sample_001447.npz,/home/zzy/TrajectoryPlanning/distill/data/benchmark/mp/train/sample_004423.npz,mp,single_bugtrap,U,mp_single_bugtrap,medium,medium,0,mp:train
calib,sample_001448.npz,/home/zzy/TrajectoryPlanning/distill/data/benchmark/mp/train/sample_004427.npz,mp,single_bugtrap,U,mp_single_bugtrap,medium,medium,0,mp:train
calib,sample_001449.npz,/home/zzy/TrajectoryPlanning/distill/data/benchmark/mp/train/sample_004442.npz,mp,single_bugtrap,U,mp_single_bugtrap,medium,medium,0,mp:train
calib,sample_001450.npz,/home/zzy/TrajectoryPlanning/distill/data/benchmark/mp/train/sample_004454.npz,mp,single_bugtrap,U,mp_single_bugtrap,medium,medium,0,mp:train
calib,sample_001451.npz,/home/zzy/TrajectoryPlanning/distill/data/benchmark/mp/train/sample_004457.npz,mp,single_bugtrap,U,mp_single_bugtrap,medium,medium,0,mp:train
calib,sample_001452.npz,/home/zzy/TrajectoryPlanning/distill/data/benchmark/mp/train/sample_004459.npz,mp,single_bugtrap,U,mp_single_bugtrap,medium,medium,0,mp:train
calib,sample_001453.npz,/home/zzy/TrajectoryPlanning/distill/data/benchmark/mp/train/sample_004463.npz,mp,single_bugtrap,U,mp_single_bugtrap,medium,medium,0,mp:train
calib,sample_001454.npz,/home/zzy/TrajectoryPlanning/distill/data/benchmark/mp/train/sample_004482.npz,mp,single_bugtrap,U,mp_single_bugtrap,medium,medium,0,mp:train
calib,sample_001455.npz,/home/zzy/TrajectoryPlanning/distill/data/benchmark/mp/train/sample_004492.npz,mp,single_bugtrap,U,mp_single_bugtrap,medium,medium,0,mp:train
calib,sample_001456.npz,/home/zzy/TrajectoryPlanning/distill/data/benchmark/mp/train/sample_004508.npz,mp,single_bugtrap,U,mp_single_bugtrap,medium,medium,0,mp:train
calib,sample_001457.npz,/home/zzy/TrajectoryPlanning/distill/data/benchmark/mp/train/sample_004509.npz,mp,single_bugtrap,U,mp_single_bugtrap,medium,medium,0,mp:train
calib,sample_001458.npz,/home/zzy/TrajectoryPlanning/distill/data/benchmark/mp/train/sample_004511.npz,mp,single_bugtrap,U,mp_single_bugtrap,medium,medium,0,mp:train
calib,sample_001459.npz,/home/zzy/TrajectoryPlanning/distill/data/benchmark/mp/train/sample_004515.npz,mp,single_bugtrap,U,mp_single_bugtrap,medium,medium,0,mp:train
calib,sample_001460.npz,/home/zzy/TrajectoryPlanning/distill/data/benchmark/mp/train/sample_004525.npz,mp,single_bugtrap,U,mp_single_bugtrap,medium,medium,0,mp:train
calib,sample_001461.npz,/home/zzy/TrajectoryPlanning/distill/data/benchmark/mp/train/sample_004547.npz,mp,single_bugtrap,U,mp_single_bugtrap,medium,medium,0,mp:train
calib,sample_001462.npz,/home/zzy/TrajectoryPlanning/distill/data/benchmark/mp/train/sample_004557.npz,mp,single_bugtrap,U,mp_single_bugtrap,medium,medium,0,mp:train
calib,sample_001463.npz,/home/zzy/TrajectoryPlanning/distill/data/benchmark/mp/train/sample_004563.npz,mp,single_bugtrap,U,mp_single_bugtrap,medium,medium,0,mp:train
calib,sample_001464.npz,/home/zzy/TrajectoryPlanning/distill/data/benchmark/mp/train/sample_004564.npz,mp,single_bugtrap,U,mp_single_bugtrap,medium,medium,0,mp:train
calib,sample_001465.npz,/home/zzy/TrajectoryPlanning/distill/data/benchmark/mp/train/sample_004567.npz,mp,single_bugtrap,U,mp_single_bugtrap,medium,medium,0,mp:train
calib,sample_001466.npz,/home/zzy/TrajectoryPlanning/distill/data/benchmark/mp/train/sample_004598.npz,mp,single_bugtrap,U,mp_single_bugtrap,medium,medium,0,mp:train
calib,sample_001467.npz,/home/zzy/TrajectoryPlanning/distill/data/benchmark/mp/train/sample_004600.npz,mp,single_bugtrap,U,mp_single_bugtrap,medium,medium,0,mp:train
calib,sample_001468.npz,/home/zzy/TrajectoryPlanning/distill/data/benchmark/mp/train/sample_004608.npz,mp,single_bugtrap,U,mp_single_bugtrap,medium,medium,0,mp:train
calib,sample_001469.npz,/home/zzy/TrajectoryPlanning/distill/data/benchmark/mp/train/sample_004612.npz,mp,single_bugtrap,U,mp_single_bugtrap,medium,medium,0,mp:train
calib,sample_001470.npz,/home/zzy/TrajectoryPlanning/distill/data/benchmark/mp/train/sample_004613.npz,mp,single_bugtrap,U,mp_single_bugtrap,medium,medium,0,mp:train
calib,sample_001471.npz,/home/zzy/TrajectoryPlanning/distill/data/benchmark/mp/train/sample_004621.npz,mp,single_bugtrap,U,mp_single_bugtrap,medium,medium,0,mp:train
calib,sample_001472.npz,/home/zzy/TrajectoryPlanning/distill/data/benchmark/mp/train/sample_004632.npz,mp,single_bugtrap,U,mp_single_bugtrap,medium,medium,0,mp:train
calib,sample_001473.npz,/home/zzy/TrajectoryPlanning/distill/data/benchmark/mp/train/sample_004634.npz,mp,single_bugtrap,U,mp_single_bugtrap,medium,medium,0,mp:train
calib,sample_001474.npz,/home/zzy/TrajectoryPlanning/distill/data/benchmark/mp/train/sample_004635.npz,mp,single_bugtrap,U,mp_single_bugtrap,medium,medium,0,mp:train
calib,sample_001475.npz,/home/zzy/TrajectoryPlanning/distill/data/benchmark/mp/train/sample_004644.npz,mp,single_bugtrap,U,mp_single_bugtrap,medium,medium,0,mp:train
calib,sample_001476.npz,/home/zzy/TrajectoryPlanning/distill/data/benchmark/mp/train/sample_004645.npz,mp,single_bugtrap,U,mp_single_bugtrap,medium,medium,0,mp:train
calib,sample_001477.npz,/home/zzy/TrajectoryPlanning/distill/data/benchmark/mp/train/sample_004654.npz,mp,single_bugtrap,U,mp_single_bugtrap,medium,medium,0,mp:train
calib,sample_001478.npz,/home/zzy/TrajectoryPlanning/distill/data/benchmark/mp/train/sample_004671.npz,mp,single_bugtrap,U,mp_single_bugtrap,medium,medium,0,mp:train
calib,sample_001479.npz,/home/zzy/TrajectoryPlanning/distill/data/benchmark/mp/train/sample_004679.npz,mp,single_bugtrap,U,mp_single_bugtrap,medium,medium,0,mp:train
calib,sample_001480.npz,/home/zzy/TrajectoryPlanning/distill/data/benchmark/mp/train/sample_004681.npz,mp,single_bugtrap,U,mp_single_bugtrap,medium,medium,0,mp:train
calib,sample_001481.npz,/home/zzy/TrajectoryPlanning/distill/data/benchmark/mp/train/sample_004685.npz,mp,single_bugtrap,U,mp_single_bugtrap,medium,medium,0,mp:train
calib,sample_001482.npz,/home/zzy/TrajectoryPlanning/distill/data/benchmark/mp/train/sample_004692.npz,mp,single_bugtrap,U,mp_single_bugtrap,medium,medium,0,mp:train
calib,sample_001483.npz,/home/zzy/TrajectoryPlanning/distill/data/benchmark/mp/train/sample_004706.npz,mp,single_bugtrap,U,mp_single_bugtrap,medium,medium,0,mp:train
calib,sample_001484.npz,/home/zzy/TrajectoryPlanning/distill/data/benchmark/mp/train/sample_004714.npz,mp,single_bugtrap,U,mp_single_bugtrap,medium,medium,0,mp:train
calib,sample_001485.npz,/home/zzy/TrajectoryPlanning/distill/data/benchmark/mp/train/sample_004718.npz,mp,single_bugtrap,U,mp_single_bugtrap,medium,medium,0,mp:train
calib,sample_001486.npz,/home/zzy/TrajectoryPlanning/distill/data/benchmark/mp/train/sample_004719.npz,mp,single_bugtrap,U,mp_single_bugtrap,medium,medium,0,mp:train
calib,sample_001487.npz,/home/zzy/TrajectoryPlanning/distill/data/benchmark/mp/train/sample_004726.npz,mp,single_bugtrap,U,mp_single_bugtrap,medium,medium,0,mp:train
calib,sample_001488.npz,/home/zzy/TrajectoryPlanning/distill/data/benchmark/mp/train/sample_004731.npz,mp,single_bugtrap,U,mp_single_bugtrap,medium,medium,0,mp:train
calib,sample_001489.npz,/home/zzy/TrajectoryPlanning/distill/data/benchmark/mp/train/sample_004733.npz,mp,single_bugtrap,U,mp_single_bugtrap,medium,medium,0,mp:train
calib,sample_001490.npz,/home/zzy/TrajectoryPlanning/distill/data/benchmark/mp/train/sample_004740.npz,mp,single_bugtrap,U,mp_single_bugtrap,medium,medium,0,mp:train
calib,sample_001491.npz,/home/zzy/TrajectoryPlanning/distill/data/benchmark/mp/train/sample_004749.npz,mp,single_bugtrap,U,mp_single_bugtrap,medium,medium,0,mp:train
calib,sample_001492.npz,/home/zzy/TrajectoryPlanning/distill/data/benchmark/mp/train/sample_004759.npz,mp,single_bugtrap,U,mp_single_bugtrap,medium,medium,0,mp:train
calib,sample_001493.npz,/home/zzy/TrajectoryPlanning/distill/data/benchmark/mp/train/sample_004765.npz,mp,single_bugtrap,U,mp_single_bugtrap,medium,medium,0,mp:train
calib,sample_001494.npz,/home/zzy/TrajectoryPlanning/distill/data/benchmark/mp/train/sample_004769.npz,mp,single_bugtrap,U,mp_single_bugtrap,medium,medium,0,mp:train
calib,sample_001495.npz,/home/zzy/TrajectoryPlanning/distill/data/benchmark/mp/train/sample_004775.npz,mp,single_bugtrap,U,mp_single_bugtrap,medium,medium,0,mp:train
calib,sample_001496.npz,/home/zzy/TrajectoryPlanning/distill/data/benchmark/mp/train/sample_004778.npz,mp,single_bugtrap,U,mp_single_bugtrap,medium,medium,0,mp:train
calib,sample_001497.npz,/home/zzy/TrajectoryPlanning/distill/data/benchmark/mp/train/sample_004781.npz,mp,single_bugtrap,U,mp_single_bugtrap,medium,medium,0,mp:train
calib,sample_001498.npz,/home/zzy/TrajectoryPlanning/distill/data/benchmark/mp/train/sample_004789.npz,mp,single_bugtrap,U,mp_single_bugtrap,medium,medium,0,mp:train
calib,sample_001499.npz,/home/zzy/TrajectoryPlanning/distill/data/benchmark/mp/train/sample_004793.npz,mp,single_bugtrap,U,mp_single_bugtrap,medium,medium,0,mp:train
