split,sample_name,source_path,source_dataset,scenario,category,map_id,difficulty_raw,difficulty,ood_family,split_hint
train,sample_000000.npz,/home/zzy/TrajectoryPlanning/distill/data/benchmark/csm/test/sample_000000.npz,csm,csm_city_street,U,packed_000,medium,medium,1,csm:test
train,sample_000001.npz,/home/zzy/TrajectoryPlanning/distill/data/benchmark/csm/train/sample_000000.npz,csm,csm_city_street,U,packed_000,medium,medium,1,csm:train
train,sample_000002.npz,/home/zzy/TrajectoryPlanning/distill/data/benchmark/csm/train/sample_000001.npz,csm,csm_city_street,U,packed_000,medium,medium,1,csm:train
train,sample_000003.npz,/home/zzy/TrajectoryPlanning/distill/data/benchmark/csm/test/sample_000002.npz,csm,csm_city_street,U,packed_000,medium,medium,1,csm:test
train,sample_000004.npz,/home/zzy/TrajectoryPlanning/distill/data/benchmark/csm/train/sample_000002.npz,csm,csm_city_street,U,packed_000,medium,medium,1,csm:train
train,sample_000005.npz,/home/zzy/TrajectoryPlanning/distill/data/benchmark/csm/test/sample_000003.npz,csm,csm_city_street,U,packed_000,medium,medium,1,csm:test
train,sample_000006.npz,/home/zzy/TrajectoryPlanning/distill/data/benchmark/csm/test/sample_000004.npz,csm,csm_city_street,U,packed_000,medium,medium,1,csm:test
train,sample_000007.npz,/home/zzy/TrajectoryPlanning/distill/data/benchmark/csm/train/sample_000004.npz,csm,csm_city_street,U,packed_000,medium,medium,1,csm:train
train,sample_000008.npz,/home/zzy/TrajectoryPlanning/distill/data/benchmark/csm/test/sample_000005.npz,csm,csm_city_street,U,packed_000,medium,medium,1,csm:test
train,sample_000009.npz,/home/zzy/TrajectoryPlanning/distill/data/benchmark/csm/train/sample_000005.npz,csm,csm_city_street,U,packed_000,medium,medium,1,csm:train
train,sample_000010.npz,/home/zzy/TrajectoryPlanning/distill/data/benchmark/csm/train/sample_000006.npz,csm,csm_city_street,U,packed_000,medium,medium,1,csm:train
train,sample_000011.npz,/home/zzy/TrajectoryPlanning/distill/data/benchmark/csm/test/sample_000006.npz,csm,csm_city_street,U,packed_000,medium,medium,1,csm:test
train,sample_000012.npz,/home/zzy/TrajectoryPlanning/distill/data/benchmark/csm/test/sample_000007.npz,csm,csm_city_street,U,packed_000,medium,medium,1,csm:test
train,sample_000013.npz,/home/zzy/TrajectoryPlanning/distill/data/benchmark/csm/train/sample_000008.npz,csm,csm_city_street,U,packed_000,medium,medium,1,csm:train
train,sample_000014.npz,/home/zzy/TrajectoryPlanning/distill/data/benchmark/csm/test/sample_000008.npz,csm,csm_city_street,U,packed_000,medium,medium,1,csm:test
train,sample_000015.npz,/home/zzy/TrajectoryPlanning/distill/data/benchmark/csm/test/sample_000009.npz,csm,csm_city_street,U,packed_000,medium,medium,1,csm:test
train,sample_000016.npz,/home/zzy/TrajectoryPlanning/distill/data/benchmark/csm/train/sample_000009.npz,csm,csm_city_street,U,packed_000,medium,medium,1,csm:train
train,sample_000017.npz,/home/zzy/TrajectoryPlanning/distill/data/benchmark/csm/train/sample_000010.npz,csm,csm_city_street,U,packed_000,medium,medium,1,csm:train
train,sample_000018.npz,/home/zzy/TrajectoryPlanning/distill/data/benchmark/csm/train/sample_000011.npz,csm,csm_city_street,U,packed_000,medium,medium,1,csm:train
train,sample_000019.npz,/home/zzy/TrajectoryPlanning/distill/data/benchmark/csm/test/sample_000012.npz,csm,csm_city_street,U,packed_000,medium,medium,1,csm:test
train,sample_000020.npz,/home/zzy/TrajectoryPlanning/distill/data/benchmark/csm/train/sample_000012.npz,csm,csm_city_street,U,packed_000,medium,medium,1,csm:train
train,sample_000021.npz,/home/zzy/TrajectoryPlanning/distill/data/benchmark/csm/train/sample_000013.npz,csm,csm_city_street,U,packed_000,medium,medium,1,csm:train
train,sample_000022.npz,/home/zzy/TrajectoryPlanning/distill/data/benchmark/csm/test/sample_000013.npz,csm,csm_city_street,U,packed_000,medium,medium,1,csm:test
train,sample_000023.npz,/home/zzy/TrajectoryPlanning/distill/data/benchmark/csm/test/sample_000014.npz,csm,csm_city_street,U,packed_000,medium,medium,1,csm:test
train,sample_000024.npz,/home/zzy/TrajectoryPlanning/distill/data/benchmark/csm/train/sample_000014.npz,csm,csm_city_street,U,packed_000,medium,medium,1,csm:train
train,sample_000025.npz,/home/zzy/TrajectoryPlanning/distill/data/benchmark/csm/test/sample_000015.npz,csm,csm_city_street,U,packed_000,medium,medium,1,csm:test
train,sample_000026.npz,/home/zzy/TrajectoryPlanning/distill/data/benchmark/csm/train/sample_000015.npz,csm,csm_city_street,U,packed_000,medium,medium,1,csm:train
train,sample_000027.npz,/home/zzy/TrajectoryPlanning/distill/data/benchmark/csm/train/sample_000016.npz,csm,csm_city_street,U,packed_000,medium,medium,1,csm:train
train,sample_000028.npz,/home/zzy/TrajectoryPlanning/distill/data/benchmark/csm/train/sample_000017.npz,csm,csm_city_street,U,packed_000,medium,medium,1,csm:train
train,sample_000029.npz,/home/zzy/TrajectoryPlanning/distill/data/benchmark/csm/test/sample_000018.npz,csm,csm_city_street,U,packed_000,medium,medium,1,csm:test
train,sample_000030.npz,/home/zzy/TrajectoryPlanning/distill/data/benchmark/csm/train/sample_000018.npz,csm,csm_city_street,U,packed_000,medium,medium,1,csm:train
train,sample_000031.npz,/home/zzy/TrajectoryPlanning/distill/data/benchmark/csm/test/sample_000019.npz,csm,csm_city_street,U,packed_000,medium,medium,1,csm:test
train,sample_000032.npz,/home/zzy/TrajectoryPlanning/distill/data/benchmark/csm/train/sample_000019.npz,csm,csm_city_street,U,packed_000,medium,medium,1,csm:train
train,sample_000033.npz,/home/zzy/TrajectoryPlanning/distill/data/benchmark/csm/test/sample_000020.npz,csm,csm_city_street,U,packed_000,medium,medium,1,csm:test
train,sample_000034.npz,/home/zzy/TrajectoryPlanning/distill/data/benchmark/csm/train/sample_000021.npz,csm,csm_city_street,U,packed_000,medium,medium,1,csm:train
train,sample_000035.npz,/home/zzy/TrajectoryPlanning/distill/data/benchmark/csm/test/sample_000021.npz,csm,csm_city_street,U,packed_000,medium,medium,1,csm:test
train,sample_000036.npz,/home/zzy/TrajectoryPlanning/distill/data/benchmark/csm/train/sample_000023.npz,csm,csm_city_street,U,packed_000,medium,medium,1,csm:train
train,sample_000037.npz,/home/zzy/TrajectoryPlanning/distill/data/benchmark/csm/train/sample_000024.npz,csm,csm_city_street,U,packed_000,medium,medium,1,csm:train
train,sample_000038.npz,/home/zzy/TrajectoryPlanning/distill/data/benchmark/csm/test/sample_000025.npz,csm,csm_city_street,U,packed_000,medium,medium,1,csm:test
train,sample_000039.npz,/home/zzy/TrajectoryPlanning/distill/data/benchmark/csm/train/sample_000026.npz,csm,csm_city_street,U,packed_000,simple,easy,1,csm:train
train,sample_000040.npz,/home/zzy/TrajectoryPlanning/distill/data/benchmark/csm/test/sample_000026.npz,csm,csm_city_street,U,packed_000,medium,medium,1,csm:test
train,sample_000041.npz,/home/zzy/TrajectoryPlanning/distill/data/benchmark/csm/train/sample_000028.npz,csm,csm_city_street,U,packed_000,medium,medium,1,csm:train
train,sample_000042.npz,/home/zzy/TrajectoryPlanning/distill/data/benchmark/csm/test/sample_000028.npz,csm,csm_city_street,U,packed_000,medium,medium,1,csm:test
train,sample_000043.npz,/home/zzy/TrajectoryPlanning/distill/data/benchmark/csm/train/sample_000029.npz,csm,csm_city_street,U,packed_000,medium,medium,1,csm:train
train,sample_000044.npz,/home/zzy/TrajectoryPlanning/distill/data/benchmark/csm/test/sample_000029.npz,csm,csm_city_street,U,packed_000,medium,medium,1,csm:test
train,sample_000045.npz,/home/zzy/TrajectoryPlanning/distill/data/benchmark/csm/train/sample_000030.npz,csm,csm_city_street,U,packed_000,medium,medium,1,csm:train
train,sample_000046.npz,/home/zzy/TrajectoryPlanning/distill/data/benchmark/csm/train/sample_000031.npz,csm,csm_city_street,U,packed_000,medium,medium,1,csm:train
train,sample_000047.npz,/home/zzy/TrajectoryPlanning/distill/data/benchmark/csm/test/sample_000031.npz,csm,csm_city_street,U,packed_000,medium,medium,1,csm:test
train,sample_000048.npz,/home/zzy/TrajectoryPlanning/distill/data/benchmark/csm/test/sample_000032.npz,csm,csm_city_street,U,packed_000,medium,medium,1,csm:test
train,sample_000049.npz,/home/zzy/TrajectoryPlanning/distill/data/benchmark/csm/train/sample_000033.npz,csm,csm_city_street,U,packed_000,medium,medium,1,csm:train
train,sample_000050.npz,/home/zzy/TrajectoryPlanning/distill/data/benchmark/csm/train/sample_000034.npz,csm,csm_city_street,U,packed_000,medium,medium,1,csm:train
train,sample_000051.npz,/home/zzy/TrajectoryPlanning/distill/data/benchmark/csm/test/sample_000034.npz,csm,csm_city_street,U,packed_000,medium,medium,1,csm:test
train,sample_000052.npz,/home/zzy/TrajectoryPlanning/distill/data/benchmark/csm/test/sample_000035.npz,csm,csm_city_street,U,packed_000,medium,medium,1,csm:test
train,sample_000053.npz,/home/zzy/TrajectoryPlanning/distill/data/benchmark/csm/train/sample_000036.npz,csm,csm_city_street,U,packed_000,medium,medium,1,csm:train
train,sample_000054.npz,/home/zzy/TrajectoryPlanning/distill/data/benchmark/csm/test/sample_000038.npz,csm,csm_city_street,U,packed_000,medium,medium,1,csm:test
train,sample_000055.npz,/home/zzy/TrajectoryPlanning/distill/data/benchmark/csm/train/sample_000040.npz,csm,csm_city_street,U,packed_001,medium,medium,1,csm:train
train,sample_000056.npz,/home/zzy/TrajectoryPlanning/distill/data/benchmark/csm/train/sample_000041.npz,csm,csm_city_street,U,packed_001,medium,medium,1,csm:train
train,sample_000057.npz,/home/zzy/TrajectoryPlanning/distill/data/benchmark/csm/test/sample_000041.npz,csm,csm_city_street,U,packed_001,medium,medium,1,csm:test
train,sample_000058.npz,/home/zzy/TrajectoryPlanning/distill/data/benchmark/csm/test/sample_000042.npz,csm,csm_city_street,U,packed_001,simple,easy,1,csm:test
train,sample_000059.npz,/home/zzy/TrajectoryPlanning/distill/data/benchmark/csm/test/sample_000043.npz,csm,csm_city_street,U,packed_001,medium,medium,1,csm:test
train,sample_000060.npz,/home/zzy/TrajectoryPlanning/distill/data/benchmark/csm/train/sample_000044.npz,csm,csm_city_street,U,packed_001,medium,medium,1,csm:train
train,sample_000061.npz,/home/zzy/TrajectoryPlanning/distill/data/benchmark/csm/train/sample_000045.npz,csm,csm_city_street,U,packed_001,medium,medium,1,csm:train
train,sample_000062.npz,/home/zzy/TrajectoryPlanning/distill/data/benchmark/csm/test/sample_000045.npz,csm,csm_city_street,U,packed_001,hard,hard,1,csm:test
train,sample_000063.npz,/home/zzy/TrajectoryPlanning/distill/data/benchmark/csm/test/sample_000046.npz,csm,csm_city_street,U,packed_001,medium,medium,1,csm:test
train,sample_000064.npz,/home/zzy/TrajectoryPlanning/distill/data/benchmark/csm/test/sample_000047.npz,csm,csm_city_street,U,packed_001,medium,medium,1,csm:test
train,sample_000065.npz,/home/zzy/TrajectoryPlanning/distill/data/benchmark/csm/test/sample_000050.npz,csm,csm_city_street,U,packed_001,simple,easy,1,csm:test
train,sample_000066.npz,/home/zzy/TrajectoryPlanning/distill/data/benchmark/csm/test/sample_000051.npz,csm,csm_city_street,U,packed_001,medium,medium,1,csm:test
train,sample_000067.npz,/home/zzy/TrajectoryPlanning/distill/data/benchmark/csm/train/sample_000051.npz,csm,csm_city_street,U,packed_001,medium,medium,1,csm:train
train,sample_000068.npz,/home/zzy/TrajectoryPlanning/distill/data/benchmark/csm/test/sample_000054.npz,csm,csm_city_street,U,packed_001,medium,medium,1,csm:test
train,sample_000069.npz,/home/zzy/TrajectoryPlanning/distill/data/benchmark/csm/train/sample_000054.npz,csm,csm_city_street,U,packed_001,medium,medium,1,csm:train
train,sample_000070.npz,/home/zzy/TrajectoryPlanning/distill/data/benchmark/csm/train/sample_000055.npz,csm,csm_city_street,U,packed_001,medium,medium,1,csm:train
train,sample_000071.npz,/home/zzy/TrajectoryPlanning/distill/data/benchmark/csm/test/sample_000056.npz,csm,csm_city_street,U,packed_001,medium,medium,1,csm:test
train,sample_000072.npz,/home/zzy/TrajectoryPlanning/distill/data/benchmark/csm/train/sample_000056.npz,csm,csm_city_street,U,packed_001,medium,medium,1,csm:train
train,sample_000073.npz,/home/zzy/TrajectoryPlanning/distill/data/benchmark/csm/test/sample_000057.npz,csm,csm_city_street,U,packed_001,medium,medium,1,csm:test
train,sample_000074.npz,/home/zzy/TrajectoryPlanning/distill/data/benchmark/csm/test/sample_000058.npz,csm,csm_city_street,U,packed_001,medium,medium,1,csm:test
train,sample_000075.npz,/home/zzy/TrajectoryPlanning/distill/data/benchmark/csm/test/sample_000059.npz,csm,csm_city_street,U,packed_001,medium,medium,1,csm:test
train,sample_000076.npz,/home/zzy/TrajectoryPlanning/distill/data/benchmark/csm/train/sample_000061.npz,csm,csm_city_street,U,packed_001,medium,medium,1,csm:train
train,sample_000077.npz,/home/zzy/TrajectoryPlanning/distill/data/benchmark/csm/test/sample_000062.npz,csm,csm_city_street,U,packed_001,medium,medium,1,csm:test
train,sample_000078.npz,/home/zzy/TrajectoryPlanning/distill/data/benchmark/csm/train/sample_000062.npz,csm,csm_city_street,U,packed_001,medium,medium,1,csm:train
train,sample_000079.npz,/home/zzy/TrajectoryPlanning/distill/data/benchmark/csm/test/sample_000064.npz,csm,csm_city_street,U,packed_001,medium,medium,1,csm:test
train,sample_000080.npz,/home/zzy/TrajectoryPlanning/distill/data/benchmark/csm/train/sample_000064.npz,csm,csm_city_street,U,packed_001,medium,medium,1,csm:train
train,sample_000081.npz,/home/zzy/TrajectoryPlanning/distill/data/benchmark/csm/train/sample_000065.npz,csm,csm_city_street,U,packed_001,medium,medium,1,csm:train
train,sample_000082.npz,/home/zzy/TrajectoryPlanning/distill/data/benchmark/csm/train/sample_000066.npz,csm,csm_city_street,U,packed_001,medium,medium,1,csm:train
train,sample_000083.npz,/home/zzy/TrajectoryPlanning/distill/data/benchmark/csm/train/sample_000069.npz,csm,csm_city_street,U,packed_001,medium,medium,1,csm:train
train,sample_000084.npz,/home/zzy/TrajectoryPlanning/distill/data/benchmark/csm/train/sample_000071.npz,csm,csm_city_street,U,packed_001,medium,medium,1,csm:train
train,sample_000085.npz,/home/zzy/TrajectoryPlanning/distill/data/benchmark/csm/test/sample_000073.npz,csm,csm_city_street,U,packed_001,medium,medium,1,csm:test
train,sample_000086.npz,/home/zzy/TrajectoryPlanning/distill/data/benchmark/csm/train/sample_000073.npz,csm,csm_city_street,U,packed_001,medium,medium,1,csm:train
train,sample_000087.npz,/home/zzy/TrajectoryPlanning/distill/data/benchmark/csm/test/sample_000074.npz,csm,csm_city_street,U,packed_001,medium,medium,1,csm:test
train,sample_000088.npz,/home/zzy/TrajectoryPlanning/distill/data/benchmark/csm/test/sample_000075.npz,csm,csm_city_street,U,packed_001,medium,medium,1,csm:test
train,sample_000089.npz,/home/zzy/TrajectoryPlanning/distill/data/benchmark/csm/train/sample_000077.npz,csm,csm_city_street,U,packed_001,medium,medium,1,csm:train
train,sample_000090.npz,/home/zzy/TrajectoryPlanning/distill/data/benchmark/csm/test/sample_000077.npz,csm,csm_city_street,U,packed_001,medium,medium,1,csm:test
train,sample_000091.npz,/home/zzy/TrajectoryPlanning/distill/data/benchmark/csm/test/sample_000078.npz,csm,csm_city_street,U,packed_001,medium,medium,1,csm:test
train,sample_000092.npz,/home/zzy/TrajectoryPlanning/distill/data/benchmark/csm/train/sample_000078.npz,csm,csm_city_street,U,packed_001,medium,medium,1,csm:train
train,sample_000093.npz,/home/zzy/TrajectoryPlanning/distill/data/benchmark/csm/train/sample_000079.npz,csm,csm_city_street,U,packed_001,medium,medium,1,csm:train
train,sample_000094.npz,/home/zzy/TrajectoryPlanning/distill/data/benchmark/csm/test/sample_000080.npz,csm,csm_city_street,U,packed_002,medium,medium,1,csm:test
train,sample_000095.npz,/home/zzy/TrajectoryPlanning/distill/data/benchmark/csm/test/sample_000081.npz,csm,csm_city_street,U,packed_002,medium,medium,1,csm:test
train,sample_000096.npz,/home/zzy/TrajectoryPlanning/distill/data/benchmark/csm/train/sample_000081.npz,csm,csm_city_street,U,packed_002,medium,medium,1,csm:train
train,sample_000097.npz,/home/zzy/TrajectoryPlanning/distill/data/benchmark/csm/train/sample_000083.npz,csm,csm_city_street,U,packed_002,medium,medium,1,csm:train
train,sample_000098.npz,/home/zzy/TrajectoryPlanning/distill/data/benchmark/csm/test/sample_000084.npz,csm,csm_city_street,U,packed_002,medium,medium,1,csm:test
train,sample_000099.npz,/home/zzy/TrajectoryPlanning/distill/data/benchmark/csm/train/sample_000086.npz,csm,csm_city_street,U,packed_002,medium,medium,1,csm:train
train,sample_000100.npz,/home/zzy/TrajectoryPlanning/distill/data/benchmark/csm/test/sample_000087.npz,csm,csm_city_street,U,packed_002,medium,medium,1,csm:test
train,sample_000101.npz,/home/zzy/TrajectoryPlanning/distill/data/benchmark/csm/train/sample_000087.npz,csm,csm_city_street,U,packed_002,medium,medium,1,csm:train
train,sample_000102.npz,/home/zzy/TrajectoryPlanning/distill/data/benchmark/csm/train/sample_000088.npz,csm,csm_city_street,U,packed_002,medium,medium,1,csm:train
train,sample_000103.npz,/home/zzy/TrajectoryPlanning/distill/data/benchmark/csm/test/sample_000088.npz,csm,csm_city_street,U,packed_002,medium,medium,1,csm:test
train,sample_000104.npz,/home/zzy/TrajectoryPlanning/distill/data/benchmark/csm/train/sample_000089.npz,csm,csm_city_street,U,packed_002,medium,medium,1,csm:train
train,sample_000105.npz,/home/zzy/TrajectoryPlanning/distill/data/benchmark/csm/test/sample_000089.npz,csm,csm_city_street,U,packed_002,medium,medium,1,csm:test
train,sample_000106.npz,/home/zzy/TrajectoryPlanning/distill/data/benchmark/csm/train/sample_000092.npz,csm,csm_city_street,U,packed_002,medium,medium,1,csm:train
train,sample_000107.npz,/home/zzy/TrajectoryPlanning/distill/data/benchmark/csm/train/sample_000093.npz,csm,csm_city_street,U,packed_002,medium,medium,1,csm:train
train,sample_000108.npz,/home/zzy/TrajectoryPlanning/distill/data/benchmark/csm/test/sample_000094.npz,csm,csm_city_street,U,packed_002,simple,easy,1,csm:test
train,sample_000109.npz,/home/zzy/TrajectoryPlanning/distill/data/benchmark/csm/train/sample_000094.npz,csm,csm_city_street,U,packed_002,medium,medium,1,csm:train
train,sample_000110.npz,/home/zzy/TrajectoryPlanning/distill/data/benchmark/csm/test/sample_000095.npz,csm,csm_city_street,U,packed_002,medium,medium,1,csm:test
train,sample_000111.npz,/home/zzy/TrajectoryPlanning/distill/data/benchmark/csm/train/sample_000095.npz,csm,csm_city_street,U,packed_002,medium,medium,1,csm:train
train,sample_000112.npz,/home/zzy/TrajectoryPlanning/distill/data/benchmark/csm/test/sample_000096.npz,csm,csm_city_street,U,packed_002,medium,medium,1,csm:test
train,sample_000113.npz,/home/zzy/TrajectoryPlanning/distill/data/benchmark/csm/train/sample_000096.npz,csm,csm_city_street,U,packed_002,medium,medium,1,csm:train
train,sample_000114.npz,/home/zzy/TrajectoryPlanning/distill/data/benchmark/csm/test/sample_000097.npz,csm,csm_city_street,U,packed_002,medium,medium,1,csm:test
train,sample_000115.npz,/home/zzy/TrajectoryPlanning/distill/data/benchmark/csm/train/sample_000097.npz,csm,csm_city_street,U,packed_002,medium,medium,1,csm:train
train,sample_000116.npz,/home/zzy/TrajectoryPlanning/distill/data/benchmark/csm/test/sample_000098.npz,csm,csm_city_street,U,packed_002,medium,medium,1,csm:test
train,sample_000117.npz,/home/zzy/TrajectoryPlanning/distill/data/benchmark/csm/train/sample_000099.npz,csm,csm_city_street,U,packed_002,medium,medium,1,csm:train
train,sample_000118.npz,/home/zzy/TrajectoryPlanning/distill/data/benchmark/csm/test/sample_000099.npz,csm,csm_city_street,U,packed_002,medium,medium,1,csm:test
train,sample_000119.npz,/home/zzy/TrajectoryPlanning/distill/data/benchmark/csm/test/sample_000101.npz,csm,csm_city_street,U,packed_002,medium,medium,1,csm:test
train,sample_000120.npz,/home/zzy/TrajectoryPlanning/distill/data/benchmark/csm/train/sample_000101.npz,csm,csm_city_street,U,packed_002,medium,medium,1,csm:train
train,sample_000121.npz,/home/zzy/TrajectoryPlanning/distill/data/benchmark/csm/train/sample_000102.npz,csm,csm_city_street,U,packed_002,medium,medium,1,csm:train
train,sample_000122.npz,/home/zzy/TrajectoryPlanning/distill/data/benchmark/csm/train/sample_000104.npz,csm,csm_city_street,U,packed_002,medium,medium,1,csm:train
train,sample_000123.npz,/home/zzy/TrajectoryPlanning/distill/data/benchmark/csm/test/sample_000104.npz,csm,csm_city_street,U,packed_002,medium,medium,1,csm:test
train,sample_000124.npz,/home/zzy/TrajectoryPlanning/distill/data/benchmark/csm/train/sample_000105.npz,csm,csm_city_street,U,packed_002,medium,medium,1,csm:train
train,sample_000125.npz,/home/zzy/TrajectoryPlanning/distill/data/benchmark/csm/test/sample_000106.npz,csm,csm_city_street,U,packed_002,medium,medium,1,csm:test
train,sample_000126.npz,/home/zzy/TrajectoryPlanning/distill/data/benchmark/csm/train/sample_000107.npz,csm,csm_city_street,U,packed_002,medium,medium,1,csm:train
train,sample_000127.npz,/home/zzy/TrajectoryPlanning/distill/data/benchmark/csm/test/sample_000108.npz,csm,csm_city_street,U,packed_002,medium,medium,1,csm:test
train,sample_000128.npz,/home/zzy/TrajectoryPlanning/distill/data/benchmark/csm/train/sample_000108.npz,csm,csm_city_street,U,packed_002,medium,medium,1,csm:train
train,sample_000129.npz,/home/zzy/TrajectoryPlanning/distill/data/benchmark/csm/train/sample_000109.npz,csm,csm_city_street,U,packed_002,medium,medium,1,csm:train
train,sample_000130.npz,/home/zzy/TrajectoryPlanning/distill/data/benchmark/csm/train/sample_000110.npz,csm,csm_city_street,U,packed_002,medium,medium,1,csm:train
train,sample_000131.npz,/home/zzy/TrajectoryPlanning/distill/data/benchmark/csm/test/sample_000110.npz,csm,csm_city_street,U,packed_002,medium,medium,1,csm:test
train,sample_000132.npz,/home/zzy/TrajectoryPlanning/distill/data/benchmark/csm/train/sample_000111.npz,csm,csm_city_street,U,packed_002,medium,medium,1,csm:train
train,sample_000133.npz,/home/zzy/TrajectoryPlanning/distill/data/benchmark/csm/test/sample_000113.npz,csm,csm_city_street,U,packed_002,medium,medium,1,csm:test
train,sample_000134.npz,/home/zzy/TrajectoryPlanning/distill/data/benchmark/csm/train/sample_000113.npz,csm,csm_city_street,U,packed_002,medium,medium,1,csm:train
train,sample_000135.npz,/home/zzy/TrajectoryPlanning/distill/data/benchmark/csm/train/sample_000114.npz,csm,csm_city_street,U,packed_002,medium,medium,1,csm:train
train,sample_000136.npz,/home/zzy/TrajectoryPlanning/distill/data/benchmark/csm/train/sample_000115.npz,csm,csm_city_street,U,packed_002,medium,medium,1,csm:train
train,sample_000137.npz,/home/zzy/TrajectoryPlanning/distill/data/benchmark/csm/test/sample_000115.npz,csm,csm_city_street,U,packed_002,medium,medium,1,csm:test
train,sample_000138.npz,/home/zzy/TrajectoryPlanning/distill/data/benchmark/csm/train/sample_000116.npz,csm,csm_city_street,U,packed_002,medium,medium,1,csm:train
train,sample_000139.npz,/home/zzy/TrajectoryPlanning/distill/data/benchmark/csm/test/sample_000116.npz,csm,csm_city_street,U,packed_002,medium,medium,1,csm:test
train,sample_000140.npz,/home/zzy/TrajectoryPlanning/distill/data/benchmark/csm/train/sample_000117.npz,csm,csm_city_street,U,packed_002,medium,medium,1,csm:train
train,sample_000141.npz,/home/zzy/TrajectoryPlanning/distill/data/benchmark/csm/test/sample_000117.npz,csm,csm_city_street,U,packed_002,medium,medium,1,csm:test
train,sample_000142.npz,/home/zzy/TrajectoryPlanning/distill/data/benchmark/csm/test/sample_000118.npz,csm,csm_city_street,U,packed_002,medium,medium,1,csm:test
train,sample_000143.npz,/home/zzy/TrajectoryPlanning/distill/data/benchmark/csm/train/sample_000118.npz,csm,csm_city_street,U,packed_002,medium,medium,1,csm:train
train,sample_000144.npz,/home/zzy/TrajectoryPlanning/distill/data/benchmark/csm/train/sample_000119.npz,csm,csm_city_street,U,packed_002,medium,medium,1,csm:train
train,sample_000145.npz,/home/zzy/TrajectoryPlanning/distill/data/benchmark/csm/train/sample_000121.npz,csm,csm_city_street,U,packed_003,medium,medium,1,csm:train
train,sample_000146.npz,/home/zzy/TrajectoryPlanning/distill/data/benchmark/csm/test/sample_000122.npz,csm,csm_city_street,U,packed_003,medium,medium,1,csm:test
train,sample_000147.npz,/home/zzy/TrajectoryPlanning/distill/data/benchmark/csm/test/sample_000123.npz,csm,csm_city_street,U,packed_003,medium,medium,1,csm:test
train,sample_000148.npz,/home/zzy/TrajectoryPlanning/distill/data/benchmark/csm/test/sample_000124.npz,csm,csm_city_street,U,packed_003,medium,medium,1,csm:test
train,sample_000149.npz,/home/zzy/TrajectoryPlanning/distill/data/benchmark/csm/train/sample_000125.npz,csm,csm_city_street,U,packed_003,medium,medium,1,csm:train
train,sample_000150.npz,/home/zzy/TrajectoryPlanning/distill/data/benchmark/csm/train/sample_000126.npz,csm,csm_city_street,U,packed_003,medium,medium,1,csm:train
train,sample_000151.npz,/home/zzy/TrajectoryPlanning/distill/data/benchmark/csm/test/sample_000126.npz,csm,csm_city_street,U,packed_003,medium,medium,1,csm:test
train,sample_000152.npz,/home/zzy/TrajectoryPlanning/distill/data/benchmark/csm/train/sample_000127.npz,csm,csm_city_street,U,packed_003,medium,medium,1,csm:train
train,sample_000153.npz,/home/zzy/TrajectoryPlanning/distill/data/benchmark/csm/test/sample_000127.npz,csm,csm_city_street,U,packed_003,medium,medium,1,csm:test
train,sample_000154.npz,/home/zzy/TrajectoryPlanning/distill/data/benchmark/csm/test/sample_000128.npz,csm,csm_city_street,U,packed_003,medium,medium,1,csm:test
train,sample_000155.npz,/home/zzy/TrajectoryPlanning/distill/data/benchmark/csm/train/sample_000128.npz,csm,csm_city_street,U,packed_003,medium,medium,1,csm:train
train,sample_000156.npz,/home/zzy/TrajectoryPlanning/distill/data/benchmark/csm/test/sample_000129.npz,csm,csm_city_street,U,packed_003,medium,medium,1,csm:test
train,sample_000157.npz,/home/zzy/TrajectoryPlanning/distill/data/benchmark/csm/test/sample_000130.npz,csm,csm_city_street,U,packed_003,medium,medium,1,csm:test
train,sample_000158.npz,/home/zzy/TrajectoryPlanning/distill/data/benchmark/csm/train/sample_000130.npz,csm,csm_city_street,U,packed_003,hard,hard,1,csm:train
train,sample_000159.npz,/home/zzy/TrajectoryPlanning/distill/data/benchmark/csm/train/sample_000131.npz,csm,csm_city_street,U,packed_003,medium,medium,1,csm:train
train,sample_000160.npz,/home/zzy/TrajectoryPlanning/distill/data/benchmark/csm/test/sample_000131.npz,csm,csm_city_street,U,packed_003,medium,medium,1,csm:test
train,sample_000161.npz,/home/zzy/TrajectoryPlanning/distill/data/benchmark/csm/train/sample_000132.npz,csm,csm_city_street,U,packed_003,medium,medium,1,csm:train
train,sample_000162.npz,/home/zzy/TrajectoryPlanning/distill/data/benchmark/csm/test/sample_000132.npz,csm,csm_city_street,U,packed_003,medium,medium,1,csm:test
train,sample_000163.npz,/home/zzy/TrajectoryPlanning/distill/data/benchmark/csm/train/sample_000133.npz,csm,csm_city_street,U,packed_003,medium,medium,1,csm:train
train,sample_000164.npz,/home/zzy/TrajectoryPlanning/distill/data/benchmark/csm/test/sample_000133.npz,csm,csm_city_street,U,packed_003,medium,medium,1,csm:test
train,sample_000165.npz,/home/zzy/TrajectoryPlanning/distill/data/benchmark/csm/train/sample_000134.npz,csm,csm_city_street,U,packed_003,simple,easy,1,csm:train
train,sample_000166.npz,/home/zzy/TrajectoryPlanning/distill/data/benchmark/csm/test/sample_000134.npz,csm,csm_city_street,U,packed_003,medium,medium,1,csm:test
train,sample_000167.npz,/home/zzy/TrajectoryPlanning/distill/data/benchmark/csm/train/sample_000135.npz,csm,csm_city_street,U,packed_003,medium,medium,1,csm:train
train,sample_000168.npz,/home/zzy/TrajectoryPlanning/distill/data/benchmark/csm/test/sample_000135.npz,csm,csm_city_street,U,packed_003,medium,medium,1,csm:test
train,sample_000169.npz,/home/zzy/TrajectoryPlanning/distill/data/benchmark/csm/train/sample_000136.npz,csm,csm_city_street,U,packed_003,medium,medium,1,csm:train
train,sample_000170.npz,/home/zzy/TrajectoryPlanning/distill/data/benchmark/csm/test/sample_000136.npz,csm,csm_city_street,U,packed_003,medium,medium,1,csm:test
train,sample_000171.npz,/home/zzy/TrajectoryPlanning/distill/data/benchmark/csm/test/sample_000137.npz,csm,csm_city_street,U,packed_003,medium,medium,1,csm:test
train,sample_000172.npz,/home/zzy/TrajectoryPlanning/distill/data/benchmark/csm/train/sample_000138.npz,csm,csm_city_street,U,packed_003,medium,medium,1,csm:train
train,sample_000173.npz,/home/zzy/TrajectoryPlanning/distill/data/benchmark/csm/test/sample_000138.npz,csm,csm_city_street,U,packed_003,medium,medium,1,csm:test
train,sample_000174.npz,/home/zzy/TrajectoryPlanning/distill/data/benchmark/csm/test/sample_000139.npz,csm,csm_city_street,U,packed_003,medium,medium,1,csm:test
train,sample_000175.npz,/home/zzy/TrajectoryPlanning/distill/data/benchmark/csm/train/sample_000140.npz,csm,csm_city_street,U,packed_003,medium,medium,1,csm:train
train,sample_000176.npz,/home/zzy/TrajectoryPlanning/distill/data/benchmark/csm/test/sample_000140.npz,csm,csm_city_street,U,packed_003,medium,medium,1,csm:test
train,sample_000177.npz,/home/zzy/TrajectoryPlanning/distill/data/benchmark/csm/test/sample_000141.npz,csm,csm_city_street,U,packed_003,medium,medium,1,csm:test
train,sample_000178.npz,/home/zzy/TrajectoryPlanning/distill/data/benchmark/csm/train/sample_000141.npz,csm,csm_city_street,U,packed_003,hard,hard,1,csm:train
train,sample_000179.npz,/home/zzy/TrajectoryPlanning/distill/data/benchmark/csm/test/sample_000142.npz,csm,csm_city_street,U,packed_003,medium,medium,1,csm:test
train,sample_000180.npz,/home/zzy/TrajectoryPlanning/distill/data/benchmark/csm/train/sample_000143.npz,csm,csm_city_street,U,packed_003,medium,medium,1,csm:train
train,sample_000181.npz,/home/zzy/TrajectoryPlanning/distill/data/benchmark/csm/test/sample_000143.npz,csm,csm_city_street,U,packed_003,medium,medium,1,csm:test
train,sample_000182.npz,/home/zzy/TrajectoryPlanning/distill/data/benchmark/csm/test/sample_000144.npz,csm,csm_city_street,U,packed_003,medium,medium,1,csm:test
train,sample_000183.npz,/home/zzy/TrajectoryPlanning/distill/data/benchmark/csm/train/sample_000144.npz,csm,csm_city_street,U,packed_003,medium,medium,1,csm:train
train,sample_000184.npz,/home/zzy/TrajectoryPlanning/distill/data/benchmark/csm/test/sample_000145.npz,csm,csm_city_street,U,packed_003,medium,medium,1,csm:test
train,sample_000185.npz,/home/zzy/TrajectoryPlanning/distill/data/benchmark/csm/test/sample_000146.npz,csm,csm_city_street,U,packed_003,medium,medium,1,csm:test
train,sample_000186.npz,/home/zzy/TrajectoryPlanning/distill/data/benchmark/csm/train/sample_000146.npz,csm,csm_city_street,U,packed_003,medium,medium,1,csm:train
train,sample_000187.npz,/home/zzy/TrajectoryPlanning/distill/data/benchmark/csm/test/sample_000148.npz,csm,csm_city_street,U,packed_003,medium,medium,1,csm:test
train,sample_000188.npz,/home/zzy/TrajectoryPlanning/distill/data/benchmark/csm/train/sample_000149.npz,csm,csm_city_street,U,packed_003,medium,medium,1,csm:train
train,sample_000189.npz,/home/zzy/TrajectoryPlanning/distill/data/benchmark/csm/test/sample_000149.npz,csm,csm_city_street,U,packed_003,medium,medium,1,csm:test
train,sample_000190.npz,/home/zzy/TrajectoryPlanning/distill/data/benchmark/csm/test/sample_000150.npz,csm,csm_city_street,U,packed_003,medium,medium,1,csm:test
train,sample_000191.npz,/home/zzy/TrajectoryPlanning/distill/data/benchmark/csm/test/sample_000151.npz,csm,csm_city_street,U,packed_003,medium,medium,1,csm:test
train,sample_000192.npz,/home/zzy/TrajectoryPlanning/distill/data/benchmark/csm/test/sample_000152.npz,csm,csm_city_street,U,packed_003,medium,medium,1,csm:test
train,sample_000193.npz,/home/zzy/TrajectoryPlanning/distill/data/benchmark/csm/train/sample_000153.npz,csm,csm_city_street,U,packed_003,medium,medium,1,csm:train
train,sample_000194.npz,/home/zzy/TrajectoryPlanning/distill/data/benchmark/csm/train/sample_000155.npz,csm,csm_city_street,U,packed_003,medium,medium,1,csm:train
train,sample_000195.npz,/home/zzy/TrajectoryPlanning/distill/data/benchmark/csm/test/sample_000156.npz,csm,csm_city_street,U,packed_003,medium,medium,1,csm:test
train,sample_000196.npz,/home/zzy/TrajectoryPlanning/distill/data/benchmark/csm/train/sample_000156.npz,csm,csm_city_street,U,packed_003,medium,medium,1,csm:train
train,sample_000197.npz,/home/zzy/TrajectoryPlanning/distill/data/benchmark/csm/test/sample_000157.npz,csm,csm_city_street,U,packed_003,medium,medium,1,csm:test
train,sample_000198.npz,/home/zzy/TrajectoryPlanning/distill/data/benchmark/csm/train/sample_000158.npz,csm,csm_city_street,U,packed_003,medium,medium,1,csm:train
train,sample_000199.npz,/home/zzy/TrajectoryPlanning/distill/data/benchmark/csm/train/sample_000159.npz,csm,csm_city_street,U,packed_003,medium,medium,1,csm:train
train,sample_000200.npz,/home/zzy/TrajectoryPlanning/distill/data/benchmark/csm/test/sample_000159.npz,csm,csm_city_street,U,packed_003,medium,medium,1,csm:test
train,sample_000201.npz,/home/zzy/TrajectoryPlanning/distill/data/benchmark/csm/test/sample_000160.npz,csm,csm_city_street,U,packed_004,simple,easy,1,csm:test
train,sample_000202.npz,/home/zzy/TrajectoryPlanning/distill/data/benchmark/csm/train/sample_000160.npz,csm,csm_city_street,U,packed_004,medium,medium,1,csm:train
train,sample_000203.npz,/home/zzy/TrajectoryPlanning/distill/data/benchmark/csm/train/sample_000161.npz,csm,csm_city_street,U,packed_004,hard,hard,1,csm:train
train,sample_000204.npz,/home/zzy/TrajectoryPlanning/distill/data/benchmark/csm/test/sample_000162.npz,csm,csm_city_street,U,packed_004,medium,medium,1,csm:test
train,sample_000205.npz,/home/zzy/TrajectoryPlanning/distill/data/benchmark/csm/train/sample_000163.npz,csm,csm_city_street,U,packed_004,medium,medium,1,csm:train
train,sample_000206.npz,/home/zzy/TrajectoryPlanning/distill/data/benchmark/csm/test/sample_000164.npz,csm,csm_city_street,U,packed_004,medium,medium,1,csm:test
train,sample_000207.npz,/home/zzy/TrajectoryPlanning/distill/data/benchmark/csm/train/sample_000165.npz,csm,csm_city_street,U,packed_004,medium,medium,1,csm:train
train,sample_000208.npz,/home/zzy/TrajectoryPlanning/distill/data/benchmark/csm/train/sample_000166.npz,csm,csm_city_street,U,packed_004,medium,medium,1,csm:train
train,sample_000209.npz,/home/zzy/TrajectoryPlanning/distill/data/benchmark/csm/train/sample_000167.npz,csm,csm_city_street,U,packed_004,medium,medium,1,csm:train
train,sample_000210.npz,/home/zzy/TrajectoryPlanning/distill/data/benchmark/csm/train/sample_000168.npz,csm,csm_city_street,U,packed_004,medium,medium,1,csm:train
train,sample_000211.npz,/home/zzy/TrajectoryPlanning/distill/data/benchmark/csm/train/sample_000169.npz,csm,csm_city_street,U,packed_004,medium,medium,1,csm:train
train,sample_000212.npz,/home/zzy/TrajectoryPlanning/distill/data/benchmark/csm/train/sample_000170.npz,csm,csm_city_street,U,packed_004,medium,medium,1,csm:train
train,sample_000213.npz,/home/zzy/TrajectoryPlanning/distill/data/benchmark/csm/train/sample_000171.npz,csm,csm_city_street,U,packed_004,medium,medium,1,csm:train
train,sample_000214.npz,/home/zzy/TrajectoryPlanning/distill/data/benchmark/csm/test/sample_000172.npz,csm,csm_city_street,U,packed_004,medium,medium,1,csm:test
train,sample_000215.npz,/home/zzy/TrajectoryPlanning/distill/data/benchmark/csm/test/sample_000173.npz,csm,csm_city_street,U,packed_004,medium,medium,1,csm:test
train,sample_000216.npz,/home/zzy/TrajectoryPlanning/distill/data/benchmark/csm/train/sample_000173.npz,csm,csm_city_street,U,packed_004,medium,medium,1,csm:train
train,sample_000217.npz,/home/zzy/TrajectoryPlanning/distill/data/benchmark/csm/train/sample_000174.npz,csm,csm_city_street,U,packed_004,medium,medium,1,csm:train
train,sample_000218.npz,/home/zzy/TrajectoryPlanning/distill/data/benchmark/csm/test/sample_000175.npz,csm,csm_city_street,U,packed_004,medium,medium,1,csm:test
train,sample_000219.npz,/home/zzy/TrajectoryPlanning/distill/data/benchmark/csm/test/sample_000176.npz,csm,csm_city_street,U,packed_004,medium,medium,1,csm:test
train,sample_000220.npz,/home/zzy/TrajectoryPlanning/distill/data/benchmark/csm/test/sample_000177.npz,csm,csm_city_street,U,packed_004,simple,easy,1,csm:test
train,sample_000221.npz,/home/zzy/TrajectoryPlanning/distill/data/benchmark/csm/train/sample_000177.npz,csm,csm_city_street,U,packed_004,medium,medium,1,csm:train
train,sample_000222.npz,/home/zzy/TrajectoryPlanning/distill/data/benchmark/csm/train/sample_000178.npz,csm,csm_city_street,U,packed_004,medium,medium,1,csm:train
train,sample_000223.npz,/home/zzy/TrajectoryPlanning/distill/data/benchmark/csm/test/sample_000179.npz,csm,csm_city_street,U,packed_004,medium,medium,1,csm:test
train,sample_000224.npz,/home/zzy/TrajectoryPlanning/distill/data/benchmark/csm/train/sample_000181.npz,csm,csm_city_street,U,packed_004,medium,medium,1,csm:train
train,sample_000225.npz,/home/zzy/TrajectoryPlanning/distill/data/benchmark/csm/test/sample_000182.npz,csm,csm_city_street,U,packed_004,medium,medium,1,csm:test
train,sample_000226.npz,/home/zzy/TrajectoryPlanning/distill/data/benchmark/csm/train/sample_000182.npz,csm,csm_city_street,U,packed_004,medium,medium,1,csm:train
train,sample_000227.npz,/home/zzy/TrajectoryPlanning/distill/data/benchmark/csm/test/sample_000184.npz,csm,csm_city_street,U,packed_004,medium,medium,1,csm:test
train,sample_000228.npz,/home/zzy/TrajectoryPlanning/distill/data/benchmark/csm/train/sample_000184.npz,csm,csm_city_street,U,packed_004,medium,medium,1,csm:train
train,sample_000229.npz,/home/zzy/TrajectoryPlanning/distill/data/benchmark/csm/train/sample_000185.npz,csm,csm_city_street,U,packed_004,simple,easy,1,csm:train
train,sample_000230.npz,/home/zzy/TrajectoryPlanning/distill/data/benchmark/csm/train/sample_000186.npz,csm,csm_city_street,U,packed_004,medium,medium,1,csm:train
train,sample_000231.npz,/home/zzy/TrajectoryPlanning/distill/data/benchmark/csm/test/sample_000187.npz,csm,csm_city_street,U,packed_004,simple,easy,1,csm:test
train,sample_000232.npz,/home/zzy/TrajectoryPlanning/distill/data/benchmark/csm/test/sample_000188.npz,csm,csm_city_street,U,packed_004,medium,medium,1,csm:test
train,sample_000233.npz,/home/zzy/TrajectoryPlanning/distill/data/benchmark/csm/train/sample_000188.npz,csm,csm_city_street,U,packed_004,medium,medium,1,csm:train
train,sample_000234.npz,/home/zzy/TrajectoryPlanning/distill/data/benchmark/csm/train/sample_000189.npz,csm,csm_city_street,U,packed_004,medium,medium,1,csm:train
train,sample_000235.npz,/home/zzy/TrajectoryPlanning/distill/data/benchmark/csm/test/sample_000192.npz,csm,csm_city_street,U,packed_004,medium,medium,1,csm:test
train,sample_000236.npz,/home/zzy/TrajectoryPlanning/distill/data/benchmark/csm/train/sample_000193.npz,csm,csm_city_street,U,packed_004,hard,hard,1,csm:train
train,sample_000237.npz,/home/zzy/TrajectoryPlanning/distill/data/benchmark/csm/train/sample_000194.npz,csm,csm_city_street,U,packed_004,medium,medium,1,csm:train
train,sample_000238.npz,/home/zzy/TrajectoryPlanning/distill/data/benchmark/csm/test/sample_000194.npz,csm,csm_city_street,U,packed_004,medium,medium,1,csm:test
train,sample_000239.npz,/home/zzy/TrajectoryPlanning/distill/data/benchmark/csm/test/sample_000195.npz,csm,csm_city_street,U,packed_004,medium,medium,1,csm:test
train,sample_000240.npz,/home/zzy/TrajectoryPlanning/distill/data/benchmark/csm/train/sample_000195.npz,csm,csm_city_street,U,packed_004,hard,hard,1,csm:train
train,sample_000241.npz,/home/zzy/TrajectoryPlanning/distill/data/benchmark/csm/test/sample_000197.npz,csm,csm_city_street,U,packed_004,simple,easy,1,csm:test
train,sample_000242.npz,/home/zzy/TrajectoryPlanning/distill/data/benchmark/csm/train/sample_000200.npz,csm,csm_city_street,U,packed_005,hard,hard,1,csm:train
train,sample_000243.npz,/home/zzy/TrajectoryPlanning/distill/data/benchmark/csm/train/sample_000201.npz,csm,csm_city_street,U,packed_005,medium,medium,1,csm:train
train,sample_000244.npz,/home/zzy/TrajectoryPlanning/distill/data/benchmark/csm/train/sample_000202.npz,csm,csm_city_street,U,packed_005,medium,medium,1,csm:train
train,sample_000245.npz,/home/zzy/TrajectoryPlanning/distill/data/benchmark/csm/test/sample_000202.npz,csm,csm_city_street,U,packed_005,medium,medium,1,csm:test
train,sample_000246.npz,/home/zzy/TrajectoryPlanning/distill/data/benchmark/csm/train/sample_000203.npz,csm,csm_city_street,U,packed_005,medium,medium,1,csm:train
train,sample_000247.npz,/home/zzy/TrajectoryPlanning/distill/data/benchmark/csm/train/sample_000204.npz,csm,csm_city_street,U,packed_005,medium,medium,1,csm:train
train,sample_000248.npz,/home/zzy/TrajectoryPlanning/distill/data/benchmark/csm/test/sample_000204.npz,csm,csm_city_street,U,packed_005,medium,medium,1,csm:test
train,sample_000249.npz,/home/zzy/TrajectoryPlanning/distill/data/benchmark/csm/test/sample_000205.npz,csm,csm_city_street,U,packed_005,medium,medium,1,csm:test
train,sample_000250.npz,/home/zzy/TrajectoryPlanning/distill/data/benchmark/csm/train/sample_000205.npz,csm,csm_city_street,U,packed_005,medium,medium,1,csm:train
train,sample_000251.npz,/home/zzy/TrajectoryPlanning/distill/data/benchmark/csm/train/sample_000206.npz,csm,csm_city_street,U,packed_005,medium,medium,1,csm:train
train,sample_000252.npz,/home/zzy/TrajectoryPlanning/distill/data/benchmark/csm/train/sample_000207.npz,csm,csm_city_street,U,packed_005,medium,medium,1,csm:train
train,sample_000253.npz,/home/zzy/TrajectoryPlanning/distill/data/benchmark/csm/test/sample_000207.npz,csm,csm_city_street,U,packed_005,medium,medium,1,csm:test
train,sample_000254.npz,/home/zzy/TrajectoryPlanning/distill/data/benchmark/csm/train/sample_000208.npz,csm,csm_city_street,U,packed_005,hard,hard,1,csm:train
train,sample_000255.npz,/home/zzy/TrajectoryPlanning/distill/data/benchmark/csm/test/sample_000209.npz,csm,csm_city_street,U,packed_005,hard,hard,1,csm:test
train,sample_000256.npz,/home/zzy/TrajectoryPlanning/distill/data/benchmark/csm/train/sample_000209.npz,csm,csm_city_street,U,packed_005,hard,hard,1,csm:train
train,sample_000257.npz,/home/zzy/TrajectoryPlanning/distill/data/benchmark/csm/train/sample_000210.npz,csm,csm_city_street,U,packed_005,hard,hard,1,csm:train
train,sample_000258.npz,/home/zzy/TrajectoryPlanning/distill/data/benchmark/csm/train/sample_000211.npz,csm,csm_city_street,U,packed_005,medium,medium,1,csm:train
train,sample_000259.npz,/home/zzy/TrajectoryPlanning/distill/data/benchmark/csm/test/sample_000211.npz,csm,csm_city_street,U,packed_005,medium,medium,1,csm:test
train,sample_000260.npz,/home/zzy/TrajectoryPlanning/distill/data/benchmark/csm/test/sample_000212.npz,csm,csm_city_street,U,packed_005,medium,medium,1,csm:test
train,sample_000261.npz,/home/zzy/TrajectoryPlanning/distill/data/benchmark/csm/train/sample_000213.npz,csm,csm_city_street,U,packed_005,medium,medium,1,csm:train
train,sample_000262.npz,/home/zzy/TrajectoryPlanning/distill/data/benchmark/csm/test/sample_000213.npz,csm,csm_city_street,U,packed_005,hard,hard,1,csm:test
train,sample_000263.npz,/home/zzy/TrajectoryPlanning/distill/data/benchmark/csm/test/sample_000214.npz,csm,csm_city_street,U,packed_005,medium,medium,1,csm:test
train,sample_000264.npz,/home/zzy/TrajectoryPlanning/distill/data/benchmark/csm/test/sample_000215.npz,csm,csm_city_street,U,packed_005,medium,medium,1,csm:test
train,sample_000265.npz,/home/zzy/TrajectoryPlanning/distill/data/benchmark/csm/train/sample_000215.npz,csm,csm_city_street,U,packed_005,hard,hard,1,csm:train
train,sample_000266.npz,/home/zzy/TrajectoryPlanning/distill/data/benchmark/csm/test/sample_000216.npz,csm,csm_city_street,U,packed_005,medium,medium,1,csm:test
train,sample_000267.npz,/home/zzy/TrajectoryPlanning/distill/data/benchmark/csm/test/sample_000217.npz,csm,csm_city_street,U,packed_005,medium,medium,1,csm:test
train,sample_000268.npz,/home/zzy/TrajectoryPlanning/distill/data/benchmark/csm/train/sample_000218.npz,csm,csm_city_street,U,packed_005,medium,medium,1,csm:train
train,sample_000269.npz,/home/zzy/TrajectoryPlanning/distill/data/benchmark/csm/test/sample_000218.npz,csm,csm_city_street,U,packed_005,hard,hard,1,csm:test
train,sample_000270.npz,/home/zzy/TrajectoryPlanning/distill/data/benchmark/csm/train/sample_000219.npz,csm,csm_city_street,U,packed_005,medium,medium,1,csm:train
train,sample_000271.npz,/home/zzy/TrajectoryPlanning/distill/data/benchmark/csm/test/sample_000220.npz,csm,csm_city_street,U,packed_005,medium,medium,1,csm:test
train,sample_000272.npz,/home/zzy/TrajectoryPlanning/distill/data/benchmark/csm/train/sample_000220.npz,csm,csm_city_street,U,packed_005,hard,hard,1,csm:train
train,sample_000273.npz,/home/zzy/TrajectoryPlanning/distill/data/benchmark/csm/test/sample_000221.npz,csm,csm_city_street,U,packed_005,hard,hard,1,csm:test
train,sample_000274.npz,/home/zzy/TrajectoryPlanning/distill/data/benchmark/csm/train/sample_000222.npz,csm,csm_city_street,U,packed_005,hard,hard,1,csm:train
train,sample_000275.npz,/home/zzy/TrajectoryPlanning/distill/data/benchmark/csm/train/sample_000223.npz,csm,csm_city_street,U,packed_005,medium,medium,1,csm:train
train,sample_000276.npz,/home/zzy/TrajectoryPlanning/distill/data/benchmark/csm/test/sample_000223.npz,csm,csm_city_street,U,packed_005,hard,hard,1,csm:test
train,sample_000277.npz,/home/zzy/TrajectoryPlanning/distill/data/benchmark/csm/train/sample_000225.npz,csm,csm_city_street,U,packed_005,medium,medium,1,csm:train
train,sample_000278.npz,/home/zzy/TrajectoryPlanning/distill/data/benchmark/csm/test/sample_000225.npz,csm,csm_city_street,U,packed_005,hard,hard,1,csm:test
train,sample_000279.npz,/home/zzy/TrajectoryPlanning/distill/data/benchmark/csm/train/sample_000226.npz,csm,csm_city_street,U,packed_005,medium,medium,1,csm:train
train,sample_000280.npz,/home/zzy/TrajectoryPlanning/distill/data/benchmark/csm/test/sample_000226.npz,csm,csm_city_street,U,packed_005,hard,hard,1,csm:test
train,sample_000281.npz,/home/zzy/TrajectoryPlanning/distill/data/benchmark/csm/train/sample_000227.npz,csm,csm_city_street,U,packed_005,medium,medium,1,csm:train
train,sample_000282.npz,/home/zzy/TrajectoryPlanning/distill/data/benchmark/csm/test/sample_000227.npz,csm,csm_city_street,U,packed_005,medium,medium,1,csm:test
train,sample_000283.npz,/home/zzy/TrajectoryPlanning/distill/data/benchmark/csm/train/sample_000228.npz,csm,csm_city_street,U,packed_005,medium,medium,1,csm:train
train,sample_000284.npz,/home/zzy/TrajectoryPlanning/distill/data/benchmark/csm/test/sample_000228.npz,csm,csm_city_street,U,packed_005,medium,medium,1,csm:test
train,sample_000285.npz,/home/zzy/TrajectoryPlanning/distill/data/benchmark/csm/test/sample_000229.npz,csm,csm_city_street,U,packed_005,medium,medium,1,csm:test
train,sample_000286.npz,/home/zzy/TrajectoryPlanning/distill/data/benchmark/csm/train/sample_000229.npz,csm,csm_city_street,U,packed_005,hard,hard,1,csm:train
train,sample_000287.npz,/home/zzy/TrajectoryPlanning/distill/data/benchmark/csm/train/sample_000230.npz,csm,csm_city_street,U,packed_005,medium,medium,1,csm:train
train,sample_000288.npz,/home/zzy/TrajectoryPlanning/distill/data/benchmark/csm/train/sample_000231.npz,csm,csm_city_street,U,packed_005,medium,medium,1,csm:train
train,sample_000289.npz,/home/zzy/TrajectoryPlanning/distill/data/benchmark/csm/test/sample_000231.npz,csm,csm_city_street,U,packed_005,hard,hard,1,csm:test
train,sample_000290.npz,/home/zzy/TrajectoryPlanning/distill/data/benchmark/csm/test/sample_000232.npz,csm,csm_city_street,U,packed_005,medium,medium,1,csm:test
train,sample_000291.npz,/home/zzy/TrajectoryPlanning/distill/data/benchmark/csm/test/sample_000233.npz,csm,csm_city_street,U,packed_005,medium,medium,1,csm:test
train,sample_000292.npz,/home/zzy/TrajectoryPlanning/distill/data/benchmark/csm/train/sample_000234.npz,csm,csm_city_street,U,packed_005,medium,medium,1,csm:train
train,sample_000293.npz,/home/zzy/TrajectoryPlanning/distill/data/benchmark/csm/train/sample_000235.npz,csm,csm_city_street,U,packed_005,hard,hard,1,csm:train
train,sample_000294.npz,/home/zzy/TrajectoryPlanning/distill/data/benchmark/csm/train/sample_000236.npz,csm,csm_city_street,U,packed_005,medium,medium,1,csm:train
train,sample_000295.npz,/home/zzy/TrajectoryPlanning/distill/data/benchmark/csm/test/sample_000236.npz,csm,csm_city_street,U,packed_005,hard,hard,1,csm:test
train,sample_000296.npz,/home/zzy/TrajectoryPlanning/distill/data/benchmark/csm/train/sample_000237.npz,csm,csm_city_street,U,packed_005,medium,medium,1,csm:train
train,sample_000297.npz,/home/zzy/TrajectoryPlanning/distill/data/benchmark/csm/test/sample_000237.npz,csm,csm_city_street,U,packed_005,hard,hard,1,csm:test
train,sample_000298.npz,/home/zzy/TrajectoryPlanning/distill/data/benchmark/csm/train/sample_000238.npz,csm,csm_city_street,U,packed_005,medium,medium,1,csm:train
train,sample_000299.npz,/home/zzy/TrajectoryPlanning/distill/data/benchmark/csm/test/sample_000238.npz,csm,csm_city_street,U,packed_005,hard,hard,1,csm:test
train,sample_000300.npz,/home/zzy/TrajectoryPlanning/distill/data/benchmark/csm/test/sample_000239.npz,csm,csm_city_street,U,packed_005,medium,medium,1,csm:test
train,sample_000301.npz,/home/zzy/TrajectoryPlanning/distill/data/benchmark/csm/train/sample_000239.npz,csm,csm_city_street,U,packed_005,hard,hard,1,csm:train
train,sample_000302.npz,/home/zzy/TrajectoryPlanning/distill/data/benchmark/csm/train/sample_000240.npz,csm,csm_city_street,U,packed_006,medium,medium,1,csm:train
train,sample_000303.npz,/home/zzy/TrajectoryPlanning/distill/data/benchmark/csm/test/sample_000241.npz,csm,csm_city_street,U,packed_006,hard,hard,1,csm:test
train,sample_000304.npz,/home/zzy/TrajectoryPlanning/distill/data/benchmark/csm/train/sample_000242.npz,csm,csm_city_street,U,packed_006,medium,medium,1,csm:train
train,sample_000305.npz,/home/zzy/TrajectoryPlanning/distill/data/benchmark/csm/test/sample_000243.npz,csm,csm_city_street,U,packed_006,medium,medium,1,csm:test
train,sample_000306.npz,/home/zzy/TrajectoryPlanning/distill/data/benchmark/csm/train/sample_000244.npz,csm,csm_city_street,U,packed_006,medium,medium,1,csm:train
train,sample_000307.npz,/home/zzy/TrajectoryPlanning/distill/data/benchmark/csm/test/sample_000244.npz,csm,csm_city_street,U,packed_006,hard,hard,1,csm:test
train,sample_000308.npz,/home/zzy/TrajectoryPlanning/distill/data/benchmark/csm/test/sample_000245.npz,csm,csm_city_street,U,packed_006,medium,medium,1,csm:test
train,sample_000309.npz,/home/zzy/TrajectoryPlanning/distill/data/benchmark/csm/train/sample_000245.npz,csm,csm_city_street,U,packed_006,medium,medium,1,csm:train
train,sample_000310.npz,/home/zzy/TrajectoryPlanning/distill/data/benchmark/csm/train/sample_000246.npz,csm,csm_city_street,U,packed_006,medium,medium,1,csm:train
train,sample_000311.npz,/home/zzy/TrajectoryPlanning/distill/data/benchmark/csm/train/sample_000247.npz,csm,csm_city_street,U,packed_006,medium,medium,1,csm:train
train,sample_000312.npz,/home/zzy/TrajectoryPlanning/distill/data/benchmark/csm/test/sample_000247.npz,csm,csm_city_street,U,packed_006,medium,medium,1,csm:test
train,sample_000313.npz,/home/zzy/TrajectoryPlanning/distill/data/benchmark/csm/train/sample_000248.npz,csm,csm_city_street,U,packed_006,medium,medium,1,csm:train
train,sample_000314.npz,/home/zzy/TrajectoryPlanning/distill/data/benchmark/csm/train/sample_000249.npz,csm,csm_city_street,U,packed_006,medium,medium,1,csm:train
train,sample_000315.npz,/home/zzy/TrajectoryPlanning/distill/data/benchmark/csm/train/sample_000250.npz,csm,csm_city_street,U,packed_006,simple,easy,1,csm:train
train,sample_000316.npz,/home/zzy/TrajectoryPlanning/distill/data/benchmark/csm/test/sample_000250.npz,csm,csm_city_street,U,packed_006,medium,medium,1,csm:test
train,sample_000317.npz,/home/zzy/TrajectoryPlanning/distill/data/benchmark/csm/train/sample_000252.npz,csm,csm_city_street,U,packed_006,medium,medium,1,csm:train
train,sample_000318.npz,/home/zzy/TrajectoryPlanning/distill/data/benchmark/csm/test/sample_000253.npz,csm,csm_city_street,U,packed_006,medium,medium,1,csm:test
train,sample_000319.npz,/home/zzy/TrajectoryPlanning/distill/data/benchmark/csm/train/sample_000254.npz,csm,csm_city_street,U,packed_006,medium,medium,1,csm:train
train,sample_000320.npz,/home/zzy/TrajectoryPlanning/distill/data/benchmark/csm/train/sample_000255.npz,csm,csm_city_street,U,packed_006,medium,medium,1,csm:train
train,sample_000321.npz,/home/zzy/TrajectoryPlanning/distill/data/benchmark/csm/test/sample_000255.npz,csm,csm_city_street,U,packed_006,hard,hard,1,csm:test
train,sample_000322.npz,/home/zzy/TrajectoryPlanning/distill/data/benchmark/csm/train/sample_000256.npz,csm,csm_city_street,U,packed_006,medium,medium,1,csm:train
train,sample_000323.npz,/home/zzy/TrajectoryPlanning/distill/data/benchmark/csm/test/sample_000256.npz,csm,csm_city_street,U,packed_006,medium,medium,1,csm:test
train,sample_000324.npz,/home/zzy/TrajectoryPlanning/distill/data/benchmark/csm/test/sample_000257.npz,csm,csm_city_street,U,packed_006,hard,hard,1,csm:test
train,sample_000325.npz,/home/zzy/TrajectoryPlanning/distill/data/benchmark/csm/test/sample_000258.npz,csm,csm_city_street,U,packed_006,medium,medium,1,csm:test
train,sample_000326.npz,/home/zzy/TrajectoryPlanning/distill/data/benchmark/csm/train/sample_000258.npz,csm,csm_city_street,U,packed_006,medium,medium,1,csm:train
train,sample_000327.npz,/home/zzy/TrajectoryPlanning/distill/data/benchmark/csm/train/sample_000259.npz,csm,csm_city_street,U,packed_006,medium,medium,1,csm:train
train,sample_000328.npz,/home/zzy/TrajectoryPlanning/distill/data/benchmark/csm/test/sample_000261.npz,csm,csm_city_street,U,packed_006,medium,medium,1,csm:test
train,sample_000329.npz,/home/zzy/TrajectoryPlanning/distill/data/benchmark/csm/train/sample_000262.npz,csm,csm_city_street,U,packed_006,medium,medium,1,csm:train
train,sample_000330.npz,/home/zzy/TrajectoryPlanning/distill/data/benchmark/csm/test/sample_000262.npz,csm,csm_city_street,U,packed_006,hard,hard,1,csm:test
train,sample_000331.npz,/home/zzy/TrajectoryPlanning/distill/data/benchmark/csm/train/sample_000263.npz,csm,csm_city_street,U,packed_006,medium,medium,1,csm:train
train,sample_000332.npz,/home/zzy/TrajectoryPlanning/distill/data/benchmark/csm/test/sample_000263.npz,csm,csm_city_street,U,packed_006,medium,medium,1,csm:test
train,sample_000333.npz,/home/zzy/TrajectoryPlanning/distill/data/benchmark/csm/train/sample_000266.npz,csm,csm_city_street,U,packed_006,medium,medium,1,csm:train
train,sample_000334.npz,/home/zzy/TrajectoryPlanning/distill/data/benchmark/csm/test/sample_000266.npz,csm,csm_city_street,U,packed_006,medium,medium,1,csm:test
train,sample_000335.npz,/home/zzy/TrajectoryPlanning/distill/data/benchmark/csm/train/sample_000267.npz,csm,csm_city_street,U,packed_006,medium,medium,1,csm:train
train,sample_000336.npz,/home/zzy/TrajectoryPlanning/distill/data/benchmark/csm/test/sample_000267.npz,csm,csm_city_street,U,packed_006,hard,hard,1,csm:test
train,sample_000337.npz,/home/zzy/TrajectoryPlanning/distill/data/benchmark/csm/train/sample_000268.npz,csm,csm_city_street,U,packed_006,hard,hard,1,csm:train
train,sample_000338.npz,/home/zzy/TrajectoryPlanning/distill/data/benchmark/csm/train/sample_000269.npz,csm,csm_city_street,U,packed_006,medium,medium,1,csm:train
train,sample_000339.npz,/home/zzy/TrajectoryPlanning/distill/data/benchmark/csm/train/sample_000270.npz,csm,csm_city_street,U,packed_006,medium,medium,1,csm:train
train,sample_000340.npz,/home/zzy/TrajectoryPlanning/distill/data/benchmark/csm/train/sample_000271.npz,csm,csm_city_street,U,packed_006,hard,hard,1,csm:train
train,sample_000341.npz,/home/zzy/TrajectoryPlanning/distill/data/benchmark/csm/test/sample_000271.npz,csm,csm_city_street,U,packed_006,hard,hard,1,csm:test
train,sample_000342.npz,/home/zzy/TrajectoryPlanning/distill/data/benchmark/csm/train/sample_000272.npz,csm,csm_city_street,U,packed_006,medium,medium,1,csm:train
train,sample_000343.npz,/home/zzy/TrajectoryPlanning/distill/data/benchmark/csm/test/sample_000272.npz,csm,csm_city_street,U,packed_006,hard,hard,1,csm:test
train,sample_000344.npz,/home/zzy/TrajectoryPlanning/distill/data/benchmark/csm/test/sample_000273.npz,csm,csm_city_street,U,packed_006,medium,medium,1,csm:test
train,sample_000345.npz,/home/zzy/TrajectoryPlanning/distill/data/benchmark/csm/train/sample_000273.npz,csm,csm_city_street,U,packed_006,medium,medium,1,csm:train
train,sample_000346.npz,/home/zzy/TrajectoryPlanning/distill/data/benchmark/csm/train/sample_000274.npz,csm,csm_city_street,U,packed_006,medium,medium,1,csm:train
train,sample_000347.npz,/home/zzy/TrajectoryPlanning/distill/data/benchmark/csm/test/sample_000274.npz,csm,csm_city_street,U,packed_006,hard,hard,1,csm:test
train,sample_000348.npz,/home/zzy/TrajectoryPlanning/distill/data/benchmark/csm/train/sample_000275.npz,csm,csm_city_street,U,packed_006,medium,medium,1,csm:train
train,sample_000349.npz,/home/zzy/TrajectoryPlanning/distill/data/benchmark/csm/test/sample_000275.npz,csm,csm_city_street,U,packed_006,medium,medium,1,csm:test
train,sample_000350.npz,/home/zzy/TrajectoryPlanning/distill/data/benchmark/csm/train/sample_000276.npz,csm,csm_city_street,U,packed_006,medium,medium,1,csm:train
train,sample_000351.npz,/home/zzy/TrajectoryPlanning/distill/data/benchmark/csm/test/sample_000277.npz,csm,csm_city_street,U,packed_006,medium,medium,1,csm:test
train,sample_000352.npz,/home/zzy/TrajectoryPlanning/distill/data/benchmark/csm/test/sample_000278.npz,csm,csm_city_street,U,packed_006,medium,medium,1,csm:test
train,sample_000353.npz,/home/zzy/TrajectoryPlanning/distill/data/benchmark/csm/test/sample_000280.npz,csm,csm_city_street,U,packed_007,medium,medium,1,csm:test
train,sample_000354.npz,/home/zzy/TrajectoryPlanning/distill/data/benchmark/csm/train/sample_000281.npz,csm,csm_city_street,U,packed_007,medium,medium,1,csm:train
train,sample_000355.npz,/home/zzy/TrajectoryPlanning/distill/data/benchmark/csm/train/sample_000283.npz,csm,csm_city_street,U,packed_007,medium,medium,1,csm:train
train,sample_000356.npz,/home/zzy/TrajectoryPlanning/distill/data/benchmark/csm/test/sample_000283.npz,csm,csm_city_street,U,packed_007,hard,hard,1,csm:test
train,sample_000357.npz,/home/zzy/TrajectoryPlanning/distill/data/benchmark/csm/train/sample_000284.npz,csm,csm_city_street,U,packed_007,medium,medium,1,csm:train
train,sample_000358.npz,/home/zzy/TrajectoryPlanning/distill/data/benchmark/csm/train/sample_000286.npz,csm,csm_city_street,U,packed_007,medium,medium,1,csm:train
train,sample_000359.npz,/home/zzy/TrajectoryPlanning/distill/data/benchmark/csm/test/sample_000286.npz,csm,csm_city_street,U,packed_007,hard,hard,1,csm:test
train,sample_000360.npz,/home/zzy/TrajectoryPlanning/distill/data/benchmark/csm/test/sample_000288.npz,csm,csm_city_street,U,packed_007,medium,medium,1,csm:test
train,sample_000361.npz,/home/zzy/TrajectoryPlanning/distill/data/benchmark/csm/train/sample_000291.npz,csm,csm_city_street,U,packed_007,medium,medium,1,csm:train
train,sample_000362.npz,/home/zzy/TrajectoryPlanning/distill/data/benchmark/csm/train/sample_000293.npz,csm,csm_city_street,U,packed_007,medium,medium,1,csm:train
train,sample_000363.npz,/home/zzy/TrajectoryPlanning/distill/data/benchmark/csm/test/sample_000293.npz,csm,csm_city_street,U,packed_007,hard,hard,1,csm:test
train,sample_000364.npz,/home/zzy/TrajectoryPlanning/distill/data/benchmark/csm/train/sample_000295.npz,csm,csm_city_street,U,packed_007,medium,medium,1,csm:train
train,sample_000365.npz,/home/zzy/TrajectoryPlanning/distill/data/benchmark/csm/test/sample_000295.npz,csm,csm_city_street,U,packed_007,hard,hard,1,csm:test
train,sample_000366.npz,/home/zzy/TrajectoryPlanning/distill/data/benchmark/csm/test/sample_000297.npz,csm,csm_city_street,U,packed_007,medium,medium,1,csm:test
train,sample_000367.npz,/home/zzy/TrajectoryPlanning/distill/data/benchmark/csm/test/sample_000299.npz,csm,csm_city_street,U,packed_007,hard,hard,1,csm:test
train,sample_000368.npz,/home/zzy/TrajectoryPlanning/distill/data/benchmark/csm/train/sample_000301.npz,csm,csm_city_street,U,packed_007,medium,medium,1,csm:train
train,sample_000369.npz,/home/zzy/TrajectoryPlanning/distill/data/benchmark/csm/test/sample_000301.npz,csm,csm_city_street,U,packed_007,hard,hard,1,csm:test
train,sample_000370.npz,/home/zzy/TrajectoryPlanning/distill/data/benchmark/csm/test/sample_000303.npz,csm,csm_city_street,U,packed_007,medium,medium,1,csm:test
train,sample_000371.npz,/home/zzy/TrajectoryPlanning/distill/data/benchmark/csm/train/sample_000304.npz,csm,csm_city_street,U,packed_007,medium,medium,1,csm:train
train,sample_000372.npz,/home/zzy/TrajectoryPlanning/distill/data/benchmark/csm/test/sample_000305.npz,csm,csm_city_street,U,packed_007,medium,medium,1,csm:test
train,sample_000373.npz,/home/zzy/TrajectoryPlanning/distill/data/benchmark/csm/train/sample_000305.npz,csm,csm_city_street,U,packed_007,medium,medium,1,csm:train
train,sample_000374.npz,/home/zzy/TrajectoryPlanning/distill/data/benchmark/csm/test/sample_000306.npz,csm,csm_city_street,U,packed_007,medium,medium,1,csm:test
train,sample_000375.npz,/home/zzy/TrajectoryPlanning/distill/data/benchmark/csm/train/sample_000308.npz,csm,csm_city_street,U,packed_007,medium,medium,1,csm:train
train,sample_000376.npz,/home/zzy/TrajectoryPlanning/distill/data/benchmark/csm/test/sample_000308.npz,csm,csm_city_street,U,packed_007,hard,hard,1,csm:test
train,sample_000377.npz,/home/zzy/TrajectoryPlanning/distill/data/benchmark/csm/test/sample_000309.npz,csm,csm_city_street,U,packed_007,medium,medium,1,csm:test
train,sample_000378.npz,/home/zzy/TrajectoryPlanning/distill/data/benchmark/csm/train/sample_000310.npz,csm,csm_city_street,U,packed_007,medium,medium,1,csm:train
train,sample_000379.npz,/home/zzy/TrajectoryPlanning/distill/data/benchmark/csm/test/sample_000310.npz,csm,csm_city_street,U,packed_007,medium,medium,1,csm:test
train,sample_000380.npz,/home/zzy/TrajectoryPlanning/distill/data/benchmark/csm/train/sample_000311.npz,csm,csm_city_street,U,packed_007,medium,medium,1,csm:train
train,sample_000381.npz,/home/zzy/TrajectoryPlanning/distill/data/benchmark/csm/test/sample_000311.npz,csm,csm_city_street,U,packed_007,hard,hard,1,csm:test
train,sample_000382.npz,/home/zzy/TrajectoryPlanning/distill/data/benchmark/csm/train/sample_000312.npz,csm,csm_city_street,U,packed_007,medium,medium,1,csm:train
train,sample_000383.npz,/home/zzy/TrajectoryPlanning/distill/data/benchmark/csm/train/sample_000313.npz,csm,csm_city_street,U,packed_007,medium,medium,1,csm:train
train,sample_000384.npz,/home/zzy/TrajectoryPlanning/distill/data/benchmark/csm/train/sample_000314.npz,csm,csm_city_street,U,packed_007,medium,medium,1,csm:train
train,sample_000385.npz,/home/zzy/TrajectoryPlanning/distill/data/benchmark/csm/test/sample_000315.npz,csm,csm_city_street,U,packed_007,medium,medium,1,csm:test
train,sample_000386.npz,/home/zzy/TrajectoryPlanning/distill/data/benchmark/csm/train/sample_000317.npz,csm,csm_city_street,U,packed_007,hard,hard,1,csm:train
train,sample_000387.npz,/home/zzy/TrajectoryPlanning/distill/data/benchmark/csm/test/sample_000317.npz,csm,csm_city_street,U,packed_007,hard,hard,1,csm:test
train,sample_000388.npz,/home/zzy/TrajectoryPlanning/distill/data/benchmark/csm/test/sample_000318.npz,csm,csm_city_street,U,packed_007,medium,medium,1,csm:test
train,sample_000389.npz,/home/zzy/TrajectoryPlanning/distill/data/benchmark/csm/train/sample_000318.npz,csm,csm_city_street,U,packed_007,medium,medium,1,csm:train
train,sample_000390.npz,/home/zzy/TrajectoryPlanning/distill/data/benchmark/csm/train/sample_000319.npz,csm,csm_city_street,U,packed_007,medium,medium,1,csm:train
train,sample_000391.npz,/home/zzy/TrajectoryPlanning/distill/data/benchmark/csm/test/sample_000319.npz,csm,csm_city_street,U,packed_007,medium,medium,1,csm:test
train,sample_000392.npz,/home/zzy/TrajectoryPlanning/distill/data/benchmark/csm/test/sample_000320.npz,csm,csm_city_street,U,packed_008,hard,hard,1,csm:test
train,sample_000393.npz,/home/zzy/TrajectoryPlanning/distill/data/benchmark/csm/test/sample_000322.npz,csm,csm_city_street,U,packed_008,medium,medium,1,csm:test
train,sample_000394.npz,/home/zzy/TrajectoryPlanning/distill/data/benchmark/csm/train/sample_000324.npz,csm,csm_city_street,U,packed_008,medium,medium,1,csm:train
train,sample_000395.npz,/home/zzy/TrajectoryPlanning/distill/data/benchmark/csm/train/sample_000325.npz,csm,csm_city_street,U,packed_008,medium,medium,1,csm:train
train,sample_000396.npz,/home/zzy/TrajectoryPlanning/distill/data/benchmark/csm/train/sample_000327.npz,csm,csm_city_street,U,packed_008,medium,medium,1,csm:train
train,sample_000397.npz,/home/zzy/TrajectoryPlanning/distill/data/benchmark/csm/test/sample_000327.npz,csm,csm_city_street,U,packed_008,medium,medium,1,csm:test
train,sample_000398.npz,/home/zzy/TrajectoryPlanning/distill/data/benchmark/csm/test/sample_000328.npz,csm,csm_city_street,U,packed_008,medium,medium,1,csm:test
train,sample_000399.npz,/home/zzy/TrajectoryPlanning/distill/data/benchmark/csm/train/sample_000328.npz,csm,csm_city_street,U,packed_008,medium,medium,1,csm:train
train,sample_000400.npz,/home/zzy/TrajectoryPlanning/distill/data/benchmark/csm/test/sample_000329.npz,csm,csm_city_street,U,packed_008,hard,hard,1,csm:test
train,sample_000401.npz,/home/zzy/TrajectoryPlanning/distill/data/benchmark/csm/train/sample_000331.npz,csm,csm_city_street,U,packed_008,medium,medium,1,csm:train
train,sample_000402.npz,/home/zzy/TrajectoryPlanning/distill/data/benchmark/csm/train/sample_000332.npz,csm,csm_city_street,U,packed_008,medium,medium,1,csm:train
train,sample_000403.npz,/home/zzy/TrajectoryPlanning/distill/data/benchmark/csm/train/sample_000333.npz,csm,csm_city_street,U,packed_008,medium,medium,1,csm:train
train,sample_000404.npz,/home/zzy/TrajectoryPlanning/distill/data/benchmark/csm/test/sample_000335.npz,csm,csm_city_street,U,packed_008,hard,hard,1,csm:test
train,sample_000405.npz,/home/zzy/TrajectoryPlanning/distill/data/benchmark/csm/test/sample_000336.npz,csm,csm_city_street,U,packed_008,medium,medium,1,csm:test
train,sample_000406.npz,/home/zzy/TrajectoryPlanning/distill/data/benchmark/csm/train/sample_000337.npz,csm,csm_city_street,U,packed_008,medium,medium,1,csm:train
train,sample_000407.npz,/home/zzy/TrajectoryPlanning/distill/data/benchmark/csm/test/sample_000337.npz,csm,csm_city_street,U,packed_008,hard,hard,1,csm:test
train,sample_000408.npz,/home/zzy/TrajectoryPlanning/distill/data/benchmark/csm/test/sample_000338.npz,csm,csm_city_street,U,packed_008,simple,easy,1,csm:test
train,sample_000409.npz,/home/zzy/TrajectoryPlanning/distill/data/benchmark/csm/train/sample_000338.npz,csm,csm_city_street,U,packed_008,medium,medium,1,csm:train
train,sample_000410.npz,/home/zzy/TrajectoryPlanning/distill/data/benchmark/csm/train/sample_000339.npz,csm,csm_city_street,U,packed_008,medium,medium,1,csm:train
train,sample_000411.npz,/home/zzy/TrajectoryPlanning/distill/data/benchmark/csm/train/sample_000341.npz,csm,csm_city_street,U,packed_008,medium,medium,1,csm:train
train,sample_000412.npz,/home/zzy/TrajectoryPlanning/distill/data/benchmark/csm/test/sample_000341.npz,csm,csm_city_street,U,packed_008,medium,medium,1,csm:test
train,sample_000413.npz,/home/zzy/TrajectoryPlanning/distill/data/benchmark/csm/train/sample_000342.npz,csm,csm_city_street,U,packed_008,medium,medium,1,csm:train
train,sample_000414.npz,/home/zzy/TrajectoryPlanning/distill/data/benchmark/csm/test/sample_000342.npz,csm,csm_city_street,U,packed_008,hard,hard,1,csm:test
train,sample_000415.npz,/home/zzy/TrajectoryPlanning/distill/data/benchmark/csm/test/sample_000343.npz,csm,csm_city_street,U,packed_008,simple,easy,1,csm:test
train,sample_000416.npz,/home/zzy/TrajectoryPlanning/distill/data/benchmark/csm/train/sample_000344.npz,csm,csm_city_street,U,packed_008,medium,medium,1,csm:train
train,sample_000417.npz,/home/zzy/TrajectoryPlanning/distill/data/benchmark/csm/test/sample_000344.npz,csm,csm_city_street,U,packed_008,medium,medium,1,csm:test
train,sample_000418.npz,/home/zzy/TrajectoryPlanning/distill/data/benchmark/csm/test/sample_000345.npz,csm,csm_city_street,U,packed_008,medium,medium,1,csm:test
train,sample_000419.npz,/home/zzy/TrajectoryPlanning/distill/data/benchmark/csm/train/sample_000345.npz,csm,csm_city_street,U,packed_008,medium,medium,1,csm:train
train,sample_000420.npz,/home/zzy/TrajectoryPlanning/distill/data/benchmark/csm/train/sample_000346.npz,csm,csm_city_street,U,packed_008,medium,medium,1,csm:train
train,sample_000421.npz,/home/zzy/TrajectoryPlanning/distill/data/benchmark/csm/train/sample_000347.npz,csm,csm_city_street,U,packed_008,medium,medium,1,csm:train
train,sample_000422.npz,/home/zzy/TrajectoryPlanning/distill/data/benchmark/csm/train/sample_000348.npz,csm,csm_city_street,U,packed_008,medium,medium,1,csm:train
train,sample_000423.npz,/home/zzy/TrajectoryPlanning/distill/data/benchmark/csm/test/sample_000348.npz,csm,csm_city_street,U,packed_008,hard,hard,1,csm:test
train,sample_000424.npz,/home/zzy/TrajectoryPlanning/distill/data/benchmark/csm/train/sample_000349.npz,csm,csm_city_street,U,packed_008,medium,medium,1,csm:train
train,sample_000425.npz,/home/zzy/TrajectoryPlanning/distill/data/benchmark/csm/train/sample_000351.npz,csm,csm_city_street,U,packed_008,medium,medium,1,csm:train
train,sample_000426.npz,/home/zzy/TrajectoryPlanning/distill/data/benchmark/csm/test/sample_000351.npz,csm,csm_city_street,U,packed_008,medium,medium,1,csm:test
train,sample_000427.npz,/home/zzy/TrajectoryPlanning/distill/data/benchmark/csm/train/sample_000353.npz,csm,csm_city_street,U,packed_008,medium,medium,1,csm:train
train,sample_000428.npz,/home/zzy/TrajectoryPlanning/distill/data/benchmark/csm/test/sample_000353.npz,csm,csm_city_street,U,packed_008,medium,medium,1,csm:test
train,sample_000429.npz,/home/zzy/TrajectoryPlanning/distill/data/benchmark/csm/test/sample_000355.npz,csm,csm_city_street,U,packed_008,hard,hard,1,csm:test
train,sample_000430.npz,/home/zzy/TrajectoryPlanning/distill/data/benchmark/csm/train/sample_000356.npz,csm,csm_city_street,U,packed_008,medium,medium,1,csm:train
train,sample_000431.npz,/home/zzy/TrajectoryPlanning/distill/data/benchmark/csm/test/sample_000358.npz,csm,csm_city_street,U,packed_008,hard,hard,1,csm:test
train,sample_000432.npz,/home/zzy/TrajectoryPlanning/distill/data/benchmark/csm/train/sample_000358.npz,csm,csm_city_street,U,packed_008,hard,hard,1,csm:train
train,sample_000433.npz,/home/zzy/TrajectoryPlanning/distill/data/benchmark/csm/test/sample_000359.npz,csm,csm_city_street,U,packed_008,medium,medium,1,csm:test
train,sample_000434.npz,/home/zzy/TrajectoryPlanning/distill/data/benchmark/csm/train/sample_000359.npz,csm,csm_city_street,U,packed_008,medium,medium,1,csm:train
train,sample_000435.npz,/home/zzy/TrajectoryPlanning/distill/data/benchmark/csm/test/sample_000360.npz,csm,csm_city_street,U,packed_009,medium,medium,1,csm:test
train,sample_000436.npz,/home/zzy/TrajectoryPlanning/distill/data/benchmark/csm/train/sample_000361.npz,csm,csm_city_street,U,packed_009,medium,medium,1,csm:train
train,sample_000437.npz,/home/zzy/TrajectoryPlanning/distill/data/benchmark/csm/test/sample_000361.npz,csm,csm_city_street,U,packed_009,hard,hard,1,csm:test
train,sample_000438.npz,/home/zzy/TrajectoryPlanning/distill/data/benchmark/csm/train/sample_000362.npz,csm,csm_city_street,U,packed_009,medium,medium,1,csm:train
train,sample_000439.npz,/home/zzy/TrajectoryPlanning/distill/data/benchmark/csm/train/sample_000364.npz,csm,csm_city_street,U,packed_009,medium,medium,1,csm:train
train,sample_000440.npz,/home/zzy/TrajectoryPlanning/distill/data/benchmark/csm/test/sample_000365.npz,csm,csm_city_street,U,packed_009,simple,easy,1,csm:test
train,sample_000441.npz,/home/zzy/TrajectoryPlanning/distill/data/benchmark/csm/test/sample_000366.npz,csm,csm_city_street,U,packed_009,medium,medium,1,csm:test
train,sample_000442.npz,/home/zzy/TrajectoryPlanning/distill/data/benchmark/csm/train/sample_000366.npz,csm,csm_city_street,U,packed_009,medium,medium,1,csm:train
train,sample_000443.npz,/home/zzy/TrajectoryPlanning/distill/data/benchmark/csm/train/sample_000367.npz,csm,csm_city_street,U,packed_009,medium,medium,1,csm:train
train,sample_000444.npz,/home/zzy/TrajectoryPlanning/distill/data/benchmark/csm/train/sample_000368.npz,csm,csm_city_street,U,packed_009,hard,hard,1,csm:train
train,sample_000445.npz,/home/zzy/TrajectoryPlanning/distill/data/benchmark/csm/train/sample_000369.npz,csm,csm_city_street,U,packed_009,medium,medium,1,csm:train
train,sample_000446.npz,/home/zzy/TrajectoryPlanning/distill/data/benchmark/csm/test/sample_000369.npz,csm,csm_city_street,U,packed_009,medium,medium,1,csm:test
train,sample_000447.npz,/home/zzy/TrajectoryPlanning/distill/data/benchmark/csm/train/sample_000370.npz,csm,csm_city_street,U,packed_009,medium,medium,1,csm:train
train,sample_000448.npz,/home/zzy/TrajectoryPlanning/distill/data/benchmark/csm/test/sample_000370.npz,csm,csm_city_street,U,packed_009,hard,hard,1,csm:test
train,sample_000449.npz,/home/zzy/TrajectoryPlanning/distill/data/benchmark/csm/train/sample_000371.npz,csm,csm_city_street,U,packed_009,medium,medium,1,csm:train
train,sample_000450.npz,/home/zzy/TrajectoryPlanning/distill/data/benchmark/csm/train/sample_000374.npz,csm,csm_city_street,U,packed_009,hard,hard,1,csm:train
train,sample_000451.npz,/home/zzy/TrajectoryPlanning/distill/data/benchmark/csm/train/sample_000375.npz,csm,csm_city_street,U,packed_009,medium,medium,1,csm:train
train,sample_000452.npz,/home/zzy/TrajectoryPlanning/distill/data/benchmark/csm/train/sample_000376.npz,csm,csm_city_street,U,packed_009,medium,medium,1,csm:train
train,sample_000453.npz,/home/zzy/TrajectoryPlanning/distill/data/benchmark/csm/test/sample_000377.npz,csm,csm_city_street,U,packed_009,medium,medium,1,csm:test
train,sample_000454.npz,/home/zzy/TrajectoryPlanning/distill/data/benchmark/csm/train/sample_000378.npz,csm,csm_city_street,U,packed_009,medium,medium,1,csm:train
train,sample_000455.npz,/home/zzy/TrajectoryPlanning/distill/data/benchmark/csm/test/sample_000378.npz,csm,csm_city_street,U,packed_009,medium,medium,1,csm:test
train,sample_000456.npz,/home/zzy/TrajectoryPlanning/distill/data/benchmark/csm/test/sample_000379.npz,csm,csm_city_street,U,packed_009,medium,medium,1,csm:test
train,sample_000457.npz,/home/zzy/TrajectoryPlanning/distill/data/benchmark/csm/test/sample_000380.npz,csm,csm_city_street,U,packed_009,simple,easy,1,csm:test
train,sample_000458.npz,/home/zzy/TrajectoryPlanning/distill/data/benchmark/csm/train/sample_000381.npz,csm,csm_city_street,U,packed_009,medium,medium,1,csm:train
train,sample_000459.npz,/home/zzy/TrajectoryPlanning/distill/data/benchmark/csm/train/sample_000383.npz,csm,csm_city_street,U,packed_009,medium,medium,1,csm:train
train,sample_000460.npz,/home/zzy/TrajectoryPlanning/distill/data/benchmark/csm/train/sample_000384.npz,csm,csm_city_street,U,packed_009,medium,medium,1,csm:train
train,sample_000461.npz,/home/zzy/TrajectoryPlanning/distill/data/benchmark/csm/test/sample_000386.npz,csm,csm_city_street,U,packed_009,medium,medium,1,csm:test
train,sample_000462.npz,/home/zzy/TrajectoryPlanning/distill/data/benchmark/csm/train/sample_000386.npz,csm,csm_city_street,U,packed_009,hard,hard,1,csm:train
train,sample_000463.npz,/home/zzy/TrajectoryPlanning/distill/data/benchmark/csm/test/sample_000387.npz,csm,csm_city_street,U,packed_009,medium,medium,1,csm:test
train,sample_000464.npz,/home/zzy/TrajectoryPlanning/distill/data/benchmark/csm/train/sample_000387.npz,csm,csm_city_street,U,packed_009,medium,medium,1,csm:train
train,sample_000465.npz,/home/zzy/TrajectoryPlanning/distill/data/benchmark/csm/train/sample_000388.npz,csm,csm_city_street,U,packed_009,medium,medium,1,csm:train
train,sample_000466.npz,/home/zzy/TrajectoryPlanning/distill/data/benchmark/csm/test/sample_000389.npz,csm,csm_city_street,U,packed_009,medium,medium,1,csm:test
train,sample_000467.npz,/home/zzy/TrajectoryPlanning/distill/data/benchmark/csm/train/sample_000389.npz,csm,csm_city_street,U,packed_009,medium,medium,1,csm:train
train,sample_000468.npz,/home/zzy/TrajectoryPlanning/distill/data/benchmark/csm/train/sample_000391.npz,csm,csm_city_street,U,packed_009,medium,medium,1,csm:train
train,sample_000469.npz,/home/zzy/TrajectoryPlanning/distill/data/benchmark/csm/train/sample_000392.npz,csm,csm_city_street,U,packed_009,medium,medium,1,csm:train
train,sample_000470.npz,/home/zzy/TrajectoryPlanning/distill/data/benchmark/csm/train/sample_000393.npz,csm,csm_city_street,U,packed_009,medium,medium,1,csm:train
train,sample_000471.npz,/home/zzy/TrajectoryPlanning/distill/data/benchmark/csm/test/sample_000394.npz,csm,csm_city_street,U,packed_009,medium,medium,1,csm:test
train,sample_000472.npz,/home/zzy/TrajectoryPlanning/distill/data/benchmark/csm/test/sample_000395.npz,csm,csm_city_street,U,packed_009,medium,medium,1,csm:test
train,sample_000473.npz,/home/zzy/TrajectoryPlanning/distill/data/benchmark/csm/train/sample_000395.npz,csm,csm_city_street,U,packed_009,medium,medium,1,csm:train
train,sample_000474.npz,/home/zzy/TrajectoryPlanning/distill/data/benchmark/csm/train/sample_000396.npz,csm,csm_city_street,U,packed_009,medium,medium,1,csm:train
train,sample_000475.npz,/home/zzy/TrajectoryPlanning/distill/data/benchmark/csm/test/sample_000397.npz,csm,csm_city_street,U,packed_009,medium,medium,1,csm:test
train,sample_000476.npz,/home/zzy/TrajectoryPlanning/distill/data/benchmark/csm/train/sample_000398.npz,csm,csm_city_street,U,packed_009,hard,hard,1,csm:train
train,sample_000477.npz,/home/zzy/TrajectoryPlanning/distill/data/benchmark/csm/train/sample_000399.npz,csm,csm_city_street,U,packed_009,medium,medium,1,csm:train
train,sample_000478.npz,/home/zzy/TrajectoryPlanning/distill/data/benchmark/csm/train/sample_000400.npz,csm,csm_city_street,U,packed_010,medium,medium,1,csm:train
train,sample_000479.npz,/home/zzy/TrajectoryPlanning/distill/data/benchmark/csm/train/sample_000401.npz,csm,csm_city_street,U,packed_010,medium,medium,1,csm:train
train,sample_000480.npz,/home/zzy/TrajectoryPlanning/distill/data/benchmark/csm/train/sample_000402.npz,csm,csm_city_street,U,packed_010,medium,medium,1,csm:train
train,sample_000481.npz,/home/zzy/TrajectoryPlanning/distill/data/benchmark/csm/train/sample_000405.npz,csm,csm_city_street,U,packed_010,medium,medium,1,csm:train
train,sample_000482.npz,/home/zzy/TrajectoryPlanning/distill/data/benchmark/csm/train/sample_000407.npz,csm,csm_city_street,U,packed_010,medium,medium,1,csm:train
train,sample_000483.npz,/home/zzy/TrajectoryPlanning/distill/data/benchmark/csm/train/sample_000408.npz,csm,csm_city_street,U,packed_010,hard,hard,1,csm:train
train,sample_000484.npz,/home/zzy/TrajectoryPlanning/distill/data/benchmark/csm/train/sample_000409.npz,csm,csm_city_street,U,packed_010,medium,medium,1,csm:train
train,sample_000485.npz,/home/zzy/TrajectoryPlanning/distill/data/benchmark/csm/train/sample_000410.npz,csm,csm_city_street,U,packed_010,medium,medium,1,csm:train
train,sample_000486.npz,/home/zzy/TrajectoryPlanning/distill/data/benchmark/csm/train/sample_000411.npz,csm,csm_city_street,U,packed_010,medium,medium,1,csm:train
train,sample_000487.npz,/home/zzy/TrajectoryPlanning/distill/data/benchmark/csm/train/sample_000412.npz,csm,csm_city_street,U,packed_010,medium,medium,1,csm:train
train,sample_000488.npz,/home/zzy/TrajectoryPlanning/distill/data/benchmark/csm/train/sample_000414.npz,csm,csm_city_street,U,packed_010,medium,medium,1,csm:train
train,sample_000489.npz,/home/zzy/TrajectoryPlanning/distill/data/benchmark/csm/train/sample_000415.npz,csm,csm_city_street,U,packed_010,medium,medium,1,csm:train
train,sample_000490.npz,/home/zzy/TrajectoryPlanning/distill/data/benchmark/csm/train/sample_000417.npz,csm,csm_city_street,U,packed_010,medium,medium,1,csm:train
train,sample_000491.npz,/home/zzy/TrajectoryPlanning/distill/data/benchmark/csm/train/sample_000418.npz,csm,csm_city_street,U,packed_010,medium,medium,1,csm:train
train,sample_000492.npz,/home/zzy/TrajectoryPlanning/distill/data/benchmark/csm/train/sample_000419.npz,csm,csm_city_street,U,packed_010,medium,medium,1,csm:train
train,sample_000493.npz,/home/zzy/TrajectoryPlanning/distill/data/benchmark/csm/train/sample_000420.npz,csm,csm_city_street,U,packed_010,hard,hard,1,csm:train
train,sample_000494.npz,/home/zzy/TrajectoryPlanning/distill/data/benchmark/csm/train/sample_000421.npz,csm,csm_city_street,U,packed_010,medium,medium,1,csm:train
train,sample_000495.npz,/home/zzy/TrajectoryPlanning/distill/data/benchmark/csm/train/sample_000422.npz,csm,csm_city_street,U,packed_010,medium,medium,1,csm:train
train,sample_000496.npz,/home/zzy/TrajectoryPlanning/distill/data/benchmark/csm/train/sample_000423.npz,csm,csm_city_street,U,packed_010,medium,medium,1,csm:train
train,sample_000497.npz,/home/zzy/TrajectoryPlanning/distill/data/benchmark/csm/train/sample_000424.npz,csm,csm_city_street,U,packed_010,medium,medium,1,csm:train
train,sample_000498.npz,/home/zzy/TrajectoryPlanning/distill/data/benchmark/csm/train/sample_000425.npz,csm,csm_city_street,U,packed_010,medium,medium,1,csm:train
train,sample_000499.npz,/home/zzy/TrajectoryPlanning/distill/data/benchmark/csm/train/sample_000426.npz,csm,csm_city_street,U,packed_010,medium,medium,1,csm:train
train,sample_000500.npz,/home/zzy/TrajectoryPlanning/distill/data/benchmark/csm/train/sample_000427.npz,csm,csm_city_street,U,packed_010,medium,medium,1,csm:train
train,sample_000501.npz,/home/zzy/TrajectoryPlanning/distill/data/benchmark/csm/train/sample_000428.npz,csm,csm_city_street,U,packed_010,medium,medium,1,csm:train
train,sample_000502.npz,/home/zzy/TrajectoryPlanning/distill/data/benchmark/csm/train/sample_000430.npz,csm,csm_city_street,U,packed_010,medium,medium,1,csm:train
train,sample_000503.npz,/home/zzy/TrajectoryPlanning/distill/data/benchmark/csm/train/sample_000431.npz,csm,csm_city_street,U,packed_010,medium,medium,1,csm:train
train,sample_000504.npz,/home/zzy/TrajectoryPlanning/distill/data/benchmark/csm/train/sample_000432.npz,csm,csm_city_street,U,packed_010,medium,medium,1,csm:train
train,sample_000505.npz,/home/zzy/TrajectoryPlanning/distill/data/benchmark/csm/train/sample_000435.npz,csm,csm_city_street,U,packed_010,medium,medium,1,csm:train
train,sample_000506.npz,/home/zzy/TrajectoryPlanning/distill/data/benchmark/csm/train/sample_000439.npz,csm,csm_city_street,U,packed_010,medium,medium,1,csm:train
train,sample_000507.npz,/home/zzy/TrajectoryPlanning/distill/data/benchmark/csm/train/sample_000440.npz,csm,csm_city_street,U,packed_011,medium,medium,1,csm:train
train,sample_000508.npz,/home/zzy/TrajectoryPlanning/distill/data/benchmark/csm/train/sample_000441.npz,csm,csm_city_street,U,packed_011,medium,medium,1,csm:train
train,sample_000509.npz,/home/zzy/TrajectoryPlanning/distill/data/benchmark/csm/train/sample_000444.npz,csm,csm_city_street,U,packed_011,medium,medium,1,csm:train
train,sample_000510.npz,/home/zzy/TrajectoryPlanning/distill/data/benchmark/csm/train/sample_000445.npz,csm,csm_city_street,U,packed_011,medium,medium,1,csm:train
train,sample_000511.npz,/home/zzy/TrajectoryPlanning/distill/data/benchmark/csm/train/sample_000446.npz,csm,csm_city_street,U,packed_011,medium,medium,1,csm:train
train,sample_000512.npz,/home/zzy/TrajectoryPlanning/distill/data/benchmark/csm/train/sample_000448.npz,csm,csm_city_street,U,packed_011,medium,medium,1,csm:train
train,sample_000513.npz,/home/zzy/TrajectoryPlanning/distill/data/benchmark/csm/train/sample_000450.npz,csm,csm_city_street,U,packed_011,medium,medium,1,csm:train
train,sample_000514.npz,/home/zzy/TrajectoryPlanning/distill/data/benchmark/csm/train/sample_000451.npz,csm,csm_city_street,U,packed_011,medium,medium,1,csm:train
train,sample_000515.npz,/home/zzy/TrajectoryPlanning/distill/data/benchmark/csm/train/sample_000452.npz,csm,csm_city_street,U,packed_011,medium,medium,1,csm:train
train,sample_000516.npz,/home/zzy/TrajectoryPlanning/distill/data/benchmark/csm/train/sample_000453.npz,csm,csm_city_street,U,packed_011,medium,medium,1,csm:train
train,sample_000517.npz,/home/zzy/TrajectoryPlanning/distill/data/benchmark/csm/train/sample_000454.npz,csm,csm_city_street,U,packed_011,medium,medium,1,csm:train
train,sample_000518.npz,/home/zzy/TrajectoryPlanning/distill/data/benchmark/csm/train/sample_000455.npz,csm,csm_city_street,U,packed_011,medium,medium,1,csm:train
train,sample_000519.npz,/home/zzy/TrajectoryPlanning/distill/data/benchmark/csm/train/sample_000456.npz,csm,csm_city_street,U,packed_011,medium,medium,1,csm:train
train,sample_000520.npz,/home/zzy/TrajectoryPlanning/distill/data/benchmark/csm/train/sample_000457.npz,csm,csm_city_street,U,packed_011,medium,medium,1,csm:train
train,sample_000521.npz,/home/zzy/TrajectoryPlanning/distill/data/benchmark/csm/train/sample_000458.npz,csm,csm_city_street,U,packed_011,hard,hard,1,csm:train
train,sample_000522.npz,/home/zzy/TrajectoryPlanning/distill/data/benchmark/csm/train/sample_000459.npz,csm,csm_city_street,U,packed_011,medium,medium,1,csm:train
train,sample_000523.npz,/home/zzy/TrajectoryPlanning/distill/data/benchmark/csm/train/sample_000460.npz,csm,csm_city_street,U,packed_011,medium,medium,1,csm:train
train,sample_000524.npz,/home/zzy/TrajectoryPlanning/distill/data/benchmark/csm/train/sample_000462.npz,csm,csm_city_street,U,packed_011,medium,medium,1,csm:train
train,sample_000525.npz,/home/zzy/TrajectoryPlanning/distill/data/benchmark/csm/train/sample_000463.npz,csm,csm_city_street,U,packed_011,medium,medium,1,csm:train
train,sample_000526.npz,/home/zzy/TrajectoryPlanning/distill/data/benchmark/csm/train/sample_000464.npz,csm,csm_city_street,U,packed_011,medium,medium,1,csm:train
train,sample_000527.npz,/home/zzy/TrajectoryPlanning/distill/data/benchmark/csm/train/sample_000465.npz,csm,csm_city_street,U,packed_011,medium,medium,1,csm:train
train,sample_000528.npz,/home/zzy/TrajectoryPlanning/distill/data/benchmark/csm/train/sample_000467.npz,csm,csm_city_street,U,packed_011,medium,medium,1,csm:train
train,sample_000529.npz,/home/zzy/TrajectoryPlanning/distill/data/benchmark/csm/train/sample_000468.npz,csm,csm_city_street,U,packed_011,medium,medium,1,csm:train
train,sample_000530.npz,/home/zzy/TrajectoryPlanning/distill/data/benchmark/csm/train/sample_000471.npz,csm,csm_city_street,U,packed_011,hard,hard,1,csm:train
train,sample_000531.npz,/home/zzy/TrajectoryPlanning/distill/data/benchmark/csm/train/sample_000472.npz,csm,csm_city_street,U,packed_011,medium,medium,1,csm:train
train,sample_000532.npz,/home/zzy/TrajectoryPlanning/distill/data/benchmark/csm/train/sample_000473.npz,csm,csm_city_street,U,packed_011,medium,medium,1,csm:train
train,sample_000533.npz,/home/zzy/TrajectoryPlanning/distill/data/benchmark/csm/train/sample_000474.npz,csm,csm_city_street,U,packed_011,medium,medium,1,csm:train
train,sample_000534.npz,/home/zzy/TrajectoryPlanning/distill/data/benchmark/csm/train/sample_000475.npz,csm,csm_city_street,U,packed_011,medium,medium,1,csm:train
train,sample_000535.npz,/home/zzy/TrajectoryPlanning/distill/data/benchmark/csm/train/sample_000476.npz,csm,csm_city_street,U,packed_011,medium,medium,1,csm:train
train,sample_000536.npz,/home/zzy/TrajectoryPlanning/distill/data/benchmark/csm/train/sample_000477.npz,csm,csm_city_street,U,packed_011,medium,medium,1,csm:train
train,sample_000537.npz,/home/zzy/TrajectoryPlanning/distill/data/benchmark/csm/train/sample_000478.npz,csm,csm_city_street,U,packed_011,medium,medium,1,csm:train
train,sample_000538.npz,/home/zzy/TrajectoryPlanning/distill/data/benchmark/csm/train/sample_000482.npz,csm,csm_city_street,U,packed_012,medium,medium,1,csm:train
train,sample_000539.npz,/home/zzy/TrajectoryPlanning/distill/data/benchmark/csm/train/sample_000484.npz,csm,csm_city_street,U,packed_012,simple,easy,1,csm:train
train,sample_000540.npz,/home/zzy/TrajectoryPlanning/distill/data/benchmark/csm/train/sample_000485.npz,csm,csm_city_street,U,packed_012,medium,medium,1,csm:train
train,sample_000541.npz,/home/zzy/TrajectoryPlanning/distill/data/benchmark/csm/train/sample_000487.npz,csm,csm_city_street,U,packed_012,medium,medium,1,csm:train
train,sample_000542.npz,/home/zzy/TrajectoryPlanning/distill/data/benchmark/csm/train/sample_000491.npz,csm,csm_city_street,U,packed_012,medium,medium,1,csm:train
train,sample_000543.npz,/home/zzy/TrajectoryPlanning/distill/data/benchmark/csm/train/sample_000492.npz,csm,csm_city_street,U,packed_012,medium,medium,1,csm:train
train,sample_000544.npz,/home/zzy/TrajectoryPlanning/distill/data/benchmark/csm/train/sample_000495.npz,csm,csm_city_street,U,packed_012,hard,hard,1,csm:train
train,sample_000545.npz,/home/zzy/TrajectoryPlanning/distill/data/benchmark/csm/train/sample_000501.npz,csm,csm_city_street,U,packed_012,medium,medium,1,csm:train
train,sample_000546.npz,/home/zzy/TrajectoryPlanning/distill/data/benchmark/csm/train/sample_000502.npz,csm,csm_city_street,U,packed_012,medium,medium,1,csm:train
train,sample_000547.npz,/home/zzy/TrajectoryPlanning/distill/data/benchmark/csm/train/sample_000504.npz,csm,csm_city_street,U,packed_012,medium,medium,1,csm:train
train,sample_000548.npz,/home/zzy/TrajectoryPlanning/distill/data/benchmark/csm/train/sample_000505.npz,csm,csm_city_street,U,packed_012,medium,medium,1,csm:train
train,sample_000549.npz,/home/zzy/TrajectoryPlanning/distill/data/benchmark/csm/train/sample_000507.npz,csm,csm_city_street,U,packed_012,medium,medium,1,csm:train
train,sample_000550.npz,/home/zzy/TrajectoryPlanning/distill/data/benchmark/csm/train/sample_000510.npz,csm,csm_city_street,U,packed_012,medium,medium,1,csm:train
train,sample_000551.npz,/home/zzy/TrajectoryPlanning/distill/data/benchmark/csm/train/sample_000513.npz,csm,csm_city_street,U,packed_012,simple,easy,1,csm:train
train,sample_000552.npz,/home/zzy/TrajectoryPlanning/distill/data/benchmark/csm/train/sample_000517.npz,csm,csm_city_street,U,packed_012,hard,hard,1,csm:train
train,sample_000553.npz,/home/zzy/TrajectoryPlanning/distill/data/benchmark/csm/train/sample_000518.npz,csm,csm_city_street,U,packed_012,hard,hard,1,csm:train
train,sample_000554.npz,/home/zzy/TrajectoryPlanning/distill/data/benchmark/csm/train/sample_000520.npz,csm,csm_city_street,U,packed_013,medium,medium,1,csm:train
train,sample_000555.npz,/home/zzy/TrajectoryPlanning/distill/data/benchmark/csm/train/sample_000522.npz,csm,csm_city_street,U,packed_013,medium,medium,1,csm:train
train,sample_000556.npz,/home/zzy/TrajectoryPlanning/distill/data/benchmark/csm/train/sample_000523.npz,csm,csm_city_street,U,packed_013,simple,easy,1,csm:train
train,sample_000557.npz,/home/zzy/TrajectoryPlanning/distill/data/benchmark/csm/train/sample_000525.npz,csm,csm_city_street,U,packed_013,medium,medium,1,csm:train
train,sample_000558.npz,/home/zzy/TrajectoryPlanning/distill/data/benchmark/csm/train/sample_000527.npz,csm,csm_city_street,U,packed_013,medium,medium,1,csm:train
train,sample_000559.npz,/home/zzy/TrajectoryPlanning/distill/data/benchmark/csm/train/sample_000528.npz,csm,csm_city_street,U,packed_013,simple,easy,1,csm:train
train,sample_000560.npz,/home/zzy/TrajectoryPlanning/distill/data/benchmark/csm/train/sample_000531.npz,csm,csm_city_street,U,packed_013,medium,medium,1,csm:train
train,sample_000561.npz,/home/zzy/TrajectoryPlanning/distill/data/benchmark/csm/train/sample_000532.npz,csm,csm_city_street,U,packed_013,medium,medium,1,csm:train
train,sample_000562.npz,/home/zzy/TrajectoryPlanning/distill/data/benchmark/csm/train/sample_000540.npz,csm,csm_city_street,U,packed_013,simple,easy,1,csm:train
train,sample_000563.npz,/home/zzy/TrajectoryPlanning/distill/data/benchmark/csm/train/sample_000541.npz,csm,csm_city_street,U,packed_013,medium,medium,1,csm:train
train,sample_000564.npz,/home/zzy/TrajectoryPlanning/distill/data/benchmark/csm/train/sample_000542.npz,csm,csm_city_street,U,packed_013,medium,medium,1,csm:train
train,sample_000565.npz,/home/zzy/TrajectoryPlanning/distill/data/benchmark/csm/train/sample_000543.npz,csm,csm_city_street,U,packed_013,simple,easy,1,csm:train
train,sample_000566.npz,/home/zzy/TrajectoryPlanning/distill/data/benchmark/csm/train/sample_000545.npz,csm,csm_city_street,U,packed_013,simple,easy,1,csm:train
train,sample_000567.npz,/home/zzy/TrajectoryPlanning/distill/data/benchmark/csm/train/sample_000547.npz,csm,csm_city_street,U,packed_013,medium,medium,1,csm:train
train,sample_000568.npz,/home/zzy/TrajectoryPlanning/distill/data/benchmark/csm/train/sample_000549.npz,csm,csm_city_street,U,packed_013,medium,medium,1,csm:train
train,sample_000569.npz,/home/zzy/TrajectoryPlanning/distill/data/benchmark/csm/train/sample_000550.npz,csm,csm_city_street,U,packed_013,medium,medium,1,csm:train
train,sample_000570.npz,/home/zzy/TrajectoryPlanning/distill/data/benchmark/csm/train/sample_000551.npz,csm,csm_city_street,U,packed_013,medium,medium,1,csm:train
train,sample_000571.npz,/home/zzy/TrajectoryPlanning/distill/data/benchmark/csm/train/sample_000553.npz,csm,csm_city_street,U,packed_013,medium,medium,1,csm:train
train,sample_000572.npz,/home/zzy/TrajectoryPlanning/distill/data/benchmark/csm/train/sample_000558.npz,csm,csm_city_street,U,packed_013,medium,medium,1,csm:train
train,sample_000573.npz,/home/zzy/TrajectoryPlanning/distill/data/benchmark/csm/train/sample_000564.npz,csm,csm_city_street,U,packed_014,medium,medium,1,csm:train
train,sample_000574.npz,/home/zzy/TrajectoryPlanning/distill/data/benchmark/csm/train/sample_000565.npz,csm,csm_city_street,U,packed_014,medium,medium,1,csm:train
train,sample_000575.npz,/home/zzy/TrajectoryPlanning/distill/data/benchmark/csm/train/sample_000571.npz,csm,csm_city_street,U,packed_014,medium,medium,1,csm:train
train,sample_000576.npz,/home/zzy/TrajectoryPlanning/distill/data/benchmark/csm/train/sample_000573.npz,csm,csm_city_street,U,packed_014,simple,easy,1,csm:train
train,sample_000577.npz,/home/zzy/TrajectoryPlanning/distill/data/benchmark/csm/train/sample_000574.npz,csm,csm_city_street,U,packed_014,medium,medium,1,csm:train
train,sample_000578.npz,/home/zzy/TrajectoryPlanning/distill/data/benchmark/csm/train/sample_000575.npz,csm,csm_city_street,U,packed_014,medium,medium,1,csm:train
train,sample_000579.npz,/home/zzy/TrajectoryPlanning/distill/data/benchmark/csm/train/sample_000581.npz,csm,csm_city_street,U,packed_014,medium,medium,1,csm:train
train,sample_000580.npz,/home/zzy/TrajectoryPlanning/distill/data/benchmark/csm/train/sample_000583.npz,csm,csm_city_street,U,packed_014,medium,medium,1,csm:train
train,sample_000581.npz,/home/zzy/TrajectoryPlanning/distill/data/benchmark/csm/train/sample_000585.npz,csm,csm_city_street,U,packed_014,medium,medium,1,csm:train
train,sample_000582.npz,/home/zzy/TrajectoryPlanning/distill/data/benchmark/csm/train/sample_000586.npz,csm,csm_city_street,U,packed_014,simple,easy,1,csm:train
train,sample_000583.npz,/home/zzy/TrajectoryPlanning/distill/data/benchmark/csm/train/sample_000587.npz,csm,csm_city_street,U,packed_014,simple,easy,1,csm:train
train,sample_000584.npz,/home/zzy/TrajectoryPlanning/distill/data/benchmark/csm/train/sample_000588.npz,csm,csm_city_street,U,packed_014,medium,medium,1,csm:train
train,sample_000585.npz,/home/zzy/TrajectoryPlanning/distill/data/benchmark/csm/train/sample_000589.npz,csm,csm_city_street,U,packed_014,medium,medium,1,csm:train
train,sample_000586.npz,/home/zzy/TrajectoryPlanning/distill/data/benchmark/csm/train/sample_000590.npz,csm,csm_city_street,U,packed_014,medium,medium,1,csm:train
train,sample_000587.npz,/home/zzy/TrajectoryPlanning/distill/data/benchmark/csm/train/sample_000595.npz,csm,csm_city_street,U,packed_014,medium,medium,1,csm:train
train,sample_000588.npz,/home/zzy/TrajectoryPlanning/distill/data/benchmark/csm/train/sample_000600.npz,csm,csm_city_street,U,packed_015,simple,easy,1,csm:train
train,sample_000589.npz,/home/zzy/TrajectoryPlanning/distill/data/benchmark/csm/train/sample_000602.npz,csm,csm_city_street,U,packed_015,medium,medium,1,csm:train
train,sample_000590.npz,/home/zzy/TrajectoryPlanning/distill/data/benchmark/csm/train/sample_000605.npz,csm,csm_city_street,U,packed_015,medium,medium,1,csm:train
train,sample_000591.npz,/home/zzy/TrajectoryPlanning/distill/data/benchmark/csm/train/sample_000607.npz,csm,csm_city_street,U,packed_015,medium,medium,1,csm:train
train,sample_000592.npz,/home/zzy/TrajectoryPlanning/distill/data/benchmark/csm/train/sample_000611.npz,csm,csm_city_street,U,packed_015,medium,medium,1,csm:train
train,sample_000593.npz,/home/zzy/TrajectoryPlanning/distill/data/benchmark/csm/train/sample_000613.npz,csm,csm_city_street,U,packed_015,medium,medium,1,csm:train
train,sample_000594.npz,/home/zzy/TrajectoryPlanning/distill/data/benchmark/csm/train/sample_000615.npz,csm,csm_city_street,U,packed_015,medium,medium,1,csm:train
train,sample_000595.npz,/home/zzy/TrajectoryPlanning/distill/data/benchmark/csm/train/sample_000616.npz,csm,csm_city_street,U,packed_015,medium,medium,1,csm:train
train,sample_000596.npz,/home/zzy/TrajectoryPlanning/distill/data/benchmark/csm/train/sample_000619.npz,csm,csm_city_street,U,packed_015,medium,medium,1,csm:train
train,sample_000597.npz,/home/zzy/TrajectoryPlanning/distill/data/benchmark/csm/train/sample_000621.npz,csm,csm_city_street,U,packed_015,hard,hard,1,csm:train
train,sample_000598.npz,/home/zzy/TrajectoryPlanning/distill/data/benchmark/csm/train/sample_000623.npz,csm,csm_city_street,U,packed_015,medium,medium,1,csm:train
train,sample_000599.npz,/home/zzy/TrajectoryPlanning/distill/data/benchmark/csm/train/sample_000625.npz,csm,csm_city_street,U,packed_015,medium,medium,1,csm:train
train,sample_000600.npz,/home/zzy/TrajectoryPlanning/distill/data/benchmark/csm/train/sample_000626.npz,csm,csm_city_street,U,packed_015,medium,medium,1,csm:train
train,sample_000601.npz,/home/zzy/TrajectoryPlanning/distill/data/benchmark/csm/train/sample_000628.npz,csm,csm_city_street,U,packed_015,hard,hard,1,csm:train
train,sample_000602.npz,/home/zzy/TrajectoryPlanning/distill/data/benchmark/csm/train/sample_000634.npz,csm,csm_city_street,U,packed_015,medium,medium,1,csm:train
train,sample_000603.npz,/home/zzy/TrajectoryPlanning/distill/data/benchmark/csm/train/sample_000636.npz,csm,csm_city_street,U,packed_015,simple,easy,1,csm:train
train,sample_000604.npz,/home/zzy/TrajectoryPlanning/distill/data/benchmark/csm/train/sample_000638.npz,csm,csm_city_street,U,packed_015,hard,hard,1,csm:train
train,sample_000605.npz,/home/zzy/TrajectoryPlanning/distill/data/benchmark/csm/train/sample_000640.npz,csm,csm_city_street,U,packed_016,medium,medium,1,csm:train
train,sample_000606.npz,/home/zzy/TrajectoryPlanning/distill/data/benchmark/csm/train/sample_000642.npz,csm,csm_city_street,U,packed_016,medium,medium,1,csm:train
train,sample_000607.npz,/home/zzy/TrajectoryPlanning/distill/data/benchmark/csm/train/sample_000644.npz,csm,csm_city_street,U,packed_016,medium,medium,1,csm:train
train,sample_000608.npz,/home/zzy/TrajectoryPlanning/distill/data/benchmark/csm/train/sample_000645.npz,csm,csm_city_street,U,packed_016,medium,medium,1,csm:train
train,sample_000609.npz,/home/zzy/TrajectoryPlanning/distill/data/benchmark/csm/train/sample_000646.npz,csm,csm_city_street,U,packed_016,simple,easy,1,csm:train
train,sample_000610.npz,/home/zzy/TrajectoryPlanning/distill/data/benchmark/csm/train/sample_000647.npz,csm,csm_city_street,U,packed_016,medium,medium,1,csm:train
train,sample_000611.npz,/home/zzy/TrajectoryPlanning/distill/data/benchmark/csm/train/sample_000648.npz,csm,csm_city_street,U,packed_016,medium,medium,1,csm:train
train,sample_000612.npz,/home/zzy/TrajectoryPlanning/distill/data/benchmark/csm/train/sample_000650.npz,csm,csm_city_street,U,packed_016,medium,medium,1,csm:train
train,sample_000613.npz,/home/zzy/TrajectoryPlanning/distill/data/benchmark/csm/train/sample_000651.npz,csm,csm_city_street,U,packed_016,medium,medium,1,csm:train
train,sample_000614.npz,/home/zzy/TrajectoryPlanning/distill/data/benchmark/csm/train/sample_000653.npz,csm,csm_city_street,U,packed_016,medium,medium,1,csm:train
train,sample_000615.npz,/home/zzy/TrajectoryPlanning/distill/data/benchmark/csm/train/sample_000654.npz,csm,csm_city_street,U,packed_016,medium,medium,1,csm:train
train,sample_000616.npz,/home/zzy/TrajectoryPlanning/distill/data/benchmark/csm/train/sample_000657.npz,csm,csm_city_street,U,packed_016,medium,medium,1,csm:train
train,sample_000617.npz,/home/zzy/TrajectoryPlanning/distill/data/benchmark/csm/train/sample_000658.npz,csm,csm_city_street,U,packed_016,medium,medium,1,csm:train
train,sample_000618.npz,/home/zzy/TrajectoryPlanning/distill/data/benchmark/csm/train/sample_000659.npz,csm,csm_city_street,U,packed_016,medium,medium,1,csm:train
train,sample_000619.npz,/home/zzy/TrajectoryPlanning/distill/data/benchmark/csm/train/sample_000661.npz,csm,csm_city_street,U,packed_016,medium,medium,1,csm:train
train,sample_000620.npz,/home/zzy/TrajectoryPlanning/distill/data/benchmark/csm/train/sample_000662.npz,csm,csm_city_street,U,packed_016,simple,easy,1,csm:train
train,sample_000621.npz,/home/zzy/TrajectoryPlanning/distill/data/benchmark/csm/train/sample_000666.npz,csm,csm_city_street,U,packed_016,medium,medium,1,csm:train
train,sample_000622.npz,/home/zzy/TrajectoryPlanning/distill/data/benchmark/csm/train/sample_000669.npz,csm,csm_city_street,U,packed_016,medium,medium,1,csm:train
train,sample_000623.npz,/home/zzy/TrajectoryPlanning/distill/data/benchmark/csm/train/sample_000670.npz,csm,csm_city_street,U,packed_016,medium,medium,1,csm:train
train,sample_000624.npz,/home/zzy/TrajectoryPlanning/distill/data/benchmark/csm/train/sample_000676.npz,csm,csm_city_street,U,packed_016,medium,medium,1,csm:train
train,sample_000625.npz,/home/zzy/TrajectoryPlanning/distill/data/benchmark/csm/train/sample_000678.npz,csm,csm_city_street,U,packed_016,medium,medium,1,csm:train
train,sample_000626.npz,/home/zzy/TrajectoryPlanning/distill/data/benchmark/csm/train/sample_000679.npz,csm,csm_city_street,U,packed_016,medium,medium,1,csm:train
train,sample_000627.npz,/home/zzy/TrajectoryPlanning/distill/data/benchmark/csm/train/sample_000680.npz,csm,csm_city_street,U,packed_017,simple,easy,1,csm:train
train,sample_000628.npz,/home/zzy/TrajectoryPlanning/distill/data/benchmark/csm/train/sample_000681.npz,csm,csm_city_street,U,packed_017,simple,easy,1,csm:train
train,sample_000629.npz,/home/zzy/TrajectoryPlanning/distill/data/benchmark/csm/train/sample_000682.npz,csm,csm_city_street,U,packed_017,simple,easy,1,csm:train
train,sample_000630.npz,/home/zzy/TrajectoryPlanning/distill/data/benchmark/csm/train/sample_000685.npz,csm,csm_city_street,U,packed_017,medium,medium,1,csm:train
train,sample_000631.npz,/home/zzy/TrajectoryPlanning/distill/data/benchmark/csm/train/sample_000687.npz,csm,csm_city_street,U,packed_017,medium,medium,1,csm:train
train,sample_000632.npz,/home/zzy/TrajectoryPlanning/distill/data/benchmark/csm/train/sample_000690.npz,csm,csm_city_street,U,packed_017,medium,medium,1,csm:train
train,sample_000633.npz,/home/zzy/TrajectoryPlanning/distill/data/benchmark/csm/train/sample_000691.npz,csm,csm_city_street,U,packed_017,medium,medium,1,csm:train
train,sample_000634.npz,/home/zzy/TrajectoryPlanning/distill/data/benchmark/csm/train/sample_000692.npz,csm,csm_city_street,U,packed_017,medium,medium,1,csm:train
train,sample_000635.npz,/home/zzy/TrajectoryPlanning/distill/data/benchmark/csm/train/sample_000693.npz,csm,csm_city_street,U,packed_017,medium,medium,1,csm:train
train,sample_000636.npz,/home/zzy/TrajectoryPlanning/distill/data/benchmark/csm/train/sample_000694.npz,csm,csm_city_street,U,packed_017,medium,medium,1,csm:train
train,sample_000637.npz,/home/zzy/TrajectoryPlanning/distill/data/benchmark/csm/train/sample_000695.npz,csm,csm_city_street,U,packed_017,simple,easy,1,csm:train
train,sample_000638.npz,/home/zzy/TrajectoryPlanning/distill/data/benchmark/csm/train/sample_000696.npz,csm,csm_city_street,U,packed_017,medium,medium,1,csm:train
train,sample_000639.npz,/home/zzy/TrajectoryPlanning/distill/data/benchmark/csm/train/sample_000698.npz,csm,csm_city_street,U,packed_017,medium,medium,1,csm:train
train,sample_000640.npz,/home/zzy/TrajectoryPlanning/distill/data/benchmark/csm/train/sample_000699.npz,csm,csm_city_street,U,packed_017,medium,medium,1,csm:train
train,sample_000641.npz,/home/zzy/TrajectoryPlanning/distill/data/benchmark/csm/train/sample_000701.npz,csm,csm_city_street,U,packed_017,medium,medium,1,csm:train
train,sample_000642.npz,/home/zzy/TrajectoryPlanning/distill/data/benchmark/csm/train/sample_000703.npz,csm,csm_city_street,U,packed_017,medium,medium,1,csm:train
train,sample_000643.npz,/home/zzy/TrajectoryPlanning/distill/data/benchmark/csm/train/sample_000705.npz,csm,csm_city_street,U,packed_017,medium,medium,1,csm:train
train,sample_000644.npz,/home/zzy/TrajectoryPlanning/distill/data/benchmark/csm/train/sample_000706.npz,csm,csm_city_street,U,packed_017,simple,easy,1,csm:train
train,sample_000645.npz,/home/zzy/TrajectoryPlanning/distill/data/benchmark/csm/train/sample_000707.npz,csm,csm_city_street,U,packed_017,medium,medium,1,csm:train
train,sample_000646.npz,/home/zzy/TrajectoryPlanning/distill/data/benchmark/csm/train/sample_000708.npz,csm,csm_city_street,U,packed_017,medium,medium,1,csm:train
train,sample_000647.npz,/home/zzy/TrajectoryPlanning/distill/data/benchmark/csm/train/sample_000710.npz,csm,csm_city_street,U,packed_017,medium,medium,1,csm:train
train,sample_000648.npz,/home/zzy/TrajectoryPlanning/distill/data/benchmark/csm/train/sample_000713.npz,csm,csm_city_street,U,packed_017,medium,medium,1,csm:train
train,sample_000649.npz,/home/zzy/TrajectoryPlanning/distill/data/benchmark/csm/train/sample_000715.npz,csm,csm_city_street,U,packed_017,medium,medium,1,csm:train
train,sample_000650.npz,/home/zzy/TrajectoryPlanning/distill/data/benchmark/csm/train/sample_000717.npz,csm,csm_city_street,U,packed_017,medium,medium,1,csm:train
train,sample_000651.npz,/home/zzy/TrajectoryPlanning/distill/data/benchmark/csm/train/sample_000720.npz,csm,csm_city_street,U,packed_018,medium,medium,1,csm:train
train,sample_000652.npz,/home/zzy/TrajectoryPlanning/distill/data/benchmark/csm/train/sample_000723.npz,csm,csm_city_street,U,packed_018,hard,hard,1,csm:train
train,sample_000653.npz,/home/zzy/TrajectoryPlanning/distill/data/benchmark/csm/train/sample_000731.npz,csm,csm_city_street,U,packed_018,medium,medium,1,csm:train
train,sample_000654.npz,/home/zzy/TrajectoryPlanning/distill/data/benchmark/csm/train/sample_000733.npz,csm,csm_city_street,U,packed_018,medium,medium,1,csm:train
train,sample_000655.npz,/home/zzy/TrajectoryPlanning/distill/data/benchmark/csm/train/sample_000735.npz,csm,csm_city_street,U,packed_018,medium,medium,1,csm:train
train,sample_000656.npz,/home/zzy/TrajectoryPlanning/distill/data/benchmark/csm/train/sample_000736.npz,csm,csm_city_street,U,packed_018,medium,medium,1,csm:train
train,sample_000657.npz,/home/zzy/TrajectoryPlanning/distill/data/benchmark/csm/train/sample_000737.npz,csm,csm_city_street,U,packed_018,medium,medium,1,csm:train
train,sample_000658.npz,/home/zzy/TrajectoryPlanning/distill/data/benchmark/csm/train/sample_000739.npz,csm,csm_city_street,U,packed_018,medium,medium,1,csm:train
train,sample_000659.npz,/home/zzy/TrajectoryPlanning/distill/data/benchmark/csm/train/sample_000740.npz,csm,csm_city_street,U,packed_018,medium,medium,1,csm:train
train,sample_000660.npz,/home/zzy/TrajectoryPlanning/distill/data/benchmark/csm/train/sample_000744.npz,csm,csm_city_street,U,packed_018,medium,medium,1,csm:train
train,sample_000661.npz,/home/zzy/TrajectoryPlanning/distill/data/benchmark/csm/train/sample_000746.npz,csm,csm_city_street,U,packed_018,medium,medium,1,csm:train
train,sample_000662.npz,/home/zzy/TrajectoryPlanning/distill/data/benchmark/csm/train/sample_000747.npz,csm,csm_city_street,U,packed_018,medium,medium,1,csm:train
train,sample_000663.npz,/home/zzy/TrajectoryPlanning/distill/data/benchmark/csm/train/sample_000748.npz,csm,csm_city_street,U,packed_018,medium,medium,1,csm:train
train,sample_000664.npz,/home/zzy/TrajectoryPlanning/distill/data/benchmark/csm/train/sample_000749.npz,csm,csm_city_street,U,packed_018,medium,medium,1,csm:train
train,sample_000665.npz,/home/zzy/TrajectoryPlanning/distill/data/benchmark/csm/train/sample_000751.npz,csm,csm_city_street,U,packed_018,medium,medium,1,csm:train
train,sample_000666.npz,/home/zzy/TrajectoryPlanning/distill/data/benchmark/csm/train/sample_000752.npz,csm,csm_city_street,U,packed_018,medium,medium,1,csm:train
train,sample_000667.npz,/home/zzy/TrajectoryPlanning/distill/data/benchmark/csm/train/sample_000754.npz,csm,csm_city_street,U,packed_018,medium,medium,1,csm:train
train,sample_000668.npz,/home/zzy/TrajectoryPlanning/distill/data/benchmark/csm/train/sample_000755.npz,csm,csm_city_street,U,packed_018,medium,medium,1,csm:train
train,sample_000669.npz,/home/zzy/TrajectoryPlanning/distill/data/benchmark/csm/train/sample_000756.npz,csm,csm_city_street,U,packed_018,medium,medium,1,csm:train
train,sample_000670.npz,/home/zzy/TrajectoryPlanning/distill/data/benchmark/csm/train/sample_000758.npz,csm,csm_city_street,U,packed_018,medium,medium,1,csm:train
train,sample_000671.npz,/home/zzy/TrajectoryPlanning/distill/data/benchmark/csm/train/sample_000759.npz,csm,csm_city_street,U,packed_018,medium,medium,1,csm:train
train,sample_000672.npz,/home/zzy/TrajectoryPlanning/distill/data/benchmark/csm/train/sample_000760.npz,csm,csm_city_street,U,packed_019,medium,medium,1,csm:train
train,sample_000673.npz,/home/zzy/TrajectoryPlanning/distill/data/benchmark/csm/train/sample_000761.npz,csm,csm_city_street,U,packed_019,medium,medium,1,csm:train
train,sample_000674.npz,/home/zzy/TrajectoryPlanning/distill/data/benchmark/csm/train/sample_000762.npz,csm,csm_city_street,U,packed_019,medium,medium,1,csm:train
train,sample_000675.npz,/home/zzy/TrajectoryPlanning/distill/data/benchmark/csm/train/sample_000763.npz,csm,csm_city_street,U,packed_019,medium,medium,1,csm:train
train,sample_000676.npz,/home/zzy/TrajectoryPlanning/distill/data/benchmark/csm/train/sample_000766.npz,csm,csm_city_street,U,packed_019,medium,medium,1,csm:train
train,sample_000677.npz,/home/zzy/TrajectoryPlanning/distill/data/benchmark/csm/train/sample_000767.npz,csm,csm_city_street,U,packed_019,medium,medium,1,csm:train
train,sample_000678.npz,/home/zzy/TrajectoryPlanning/distill/data/benchmark/csm/train/sample_000768.npz,csm,csm_city_street,U,packed_019,medium,medium,1,csm:train
train,sample_000679.npz,/home/zzy/TrajectoryPlanning/distill/data/benchmark/csm/train/sample_000769.npz,csm,csm_city_street,U,packed_019,simple,easy,1,csm:train
train,sample_000680.npz,/home/zzy/TrajectoryPlanning/distill/data/benchmark/csm/train/sample_000770.npz,csm,csm_city_street,U,packed_019,simple,easy,1,csm:train
train,sample_000681.npz,/home/zzy/TrajectoryPlanning/distill/data/benchmark/csm/train/sample_000771.npz,csm,csm_city_street,U,packed_019,medium,medium,1,csm:train
train,sample_000682.npz,/home/zzy/TrajectoryPlanning/distill/data/benchmark/csm/train/sample_000772.npz,csm,csm_city_street,U,packed_019,medium,medium,1,csm:train
train,sample_000683.npz,/home/zzy/TrajectoryPlanning/distill/data/benchmark/csm/train/sample_000774.npz,csm,csm_city_street,U,packed_019,simple,easy,1,csm:train
train,sample_000684.npz,/home/zzy/TrajectoryPlanning/distill/data/benchmark/csm/train/sample_000776.npz,csm,csm_city_street,U,packed_019,medium,medium,1,csm:train
train,sample_000685.npz,/home/zzy/TrajectoryPlanning/distill/data/benchmark/csm/train/sample_000777.npz,csm,csm_city_street,U,packed_019,medium,medium,1,csm:train
train,sample_000686.npz,/home/zzy/TrajectoryPlanning/distill/data/benchmark/csm/train/sample_000779.npz,csm,csm_city_street,U,packed_019,medium,medium,1,csm:train
train,sample_000687.npz,/home/zzy/TrajectoryPlanning/distill/data/benchmark/csm/train/sample_000780.npz,csm,csm_city_street,U,packed_019,medium,medium,1,csm:train
train,sample_000688.npz,/home/zzy/TrajectoryPlanning/distill/data/benchmark/csm/train/sample_000781.npz,csm,csm_city_street,U,packed_019,medium,medium,1,csm:train
train,sample_000689.npz,/home/zzy/TrajectoryPlanning/distill/data/benchmark/csm/train/sample_000783.npz,csm,csm_city_street,U,packed_019,medium,medium,1,csm:train
train,sample_000690.npz,/home/zzy/TrajectoryPlanning/distill/data/benchmark/csm/train/sample_000784.npz,csm,csm_city_street,U,packed_019,medium,medium,1,csm:train
train,sample_000691.npz,/home/zzy/TrajectoryPlanning/distill/data/benchmark/csm/train/sample_000785.npz,csm,csm_city_street,U,packed_019,medium,medium,1,csm:train
train,sample_000692.npz,/home/zzy/TrajectoryPlanning/distill/data/benchmark/csm/train/sample_000786.npz,csm,csm_city_street,U,packed_019,medium,medium,1,csm:train
train,sample_000693.npz,/home/zzy/TrajectoryPlanning/distill/data/benchmark/csm/train/sample_000788.npz,csm,csm_city_street,U,packed_019,medium,medium,1,csm:train
train,sample_000694.npz,/home/zzy/TrajectoryPlanning/distill/data/benchmark/csm/train/sample_000789.npz,csm,csm_city_street,U,packed_019,medium,medium,1,csm:train
train,sample_000695.npz,/home/zzy/TrajectoryPlanning/distill/data/benchmark/csm/train/sample_000790.npz,csm,csm_city_street,U,packed_019,medium,medium,1,csm:train
train,sample_000696.npz,/home/zzy/TrajectoryPlanning/distill/data/benchmark/csm/train/sample_000791.npz,csm,csm_city_street,U,packed_019,medium,medium,1,csm:train
train,sample_000697.npz,/home/zzy/TrajectoryPlanning/distill/data/benchmark/csm/train/sample_000793.npz,csm,csm_city_street,U,packed_019,simple,easy,1,csm:train
train,sample_000698.npz,/home/zzy/TrajectoryPlanning/distill/data/benchmark/csm/train/sample_000794.npz,csm,csm_city_street,U,packed_019,medium,medium,1,csm:train
train,sample_000699.npz,/home/zzy/TrajectoryPlanning/distill/data/benchmark/csm/train/sample_000795.npz,csm,csm_city_street,U,packed_019,medium,medium,1,csm:train
train,sample_000700.npz,/home/zzy/TrajectoryPlanning/distill/data/benchmark/csm/train/sample_000796.npz,csm,csm_city_street,U,packed_019,medium,medium,1,csm:train
train,sample_000701.npz,/home/zzy/TrajectoryPlanning/distill/data/benchmark/csm/train/sample_000797.npz,csm,csm_city_street,U,packed_019,medium,medium,1,csm:train
train,sample_000702.npz,/home/zzy/TrajectoryPlanning/distill/data/benchmark/csm/train/sample_000798.npz,csm,csm_city_street,U,packed_019,medium,medium,1,csm:train
train,sample_000703.npz,/home/zzy/TrajectoryPlanning/distill/data/benchmark/mp/test/sample_000200.npz,mp,alternating_gaps,U,mp_alternating_gaps,medium,medium,0,mp:test
train,sample_000704.npz,/home/zzy/TrajectoryPlanning/distill/data/benchmark/mp/test/sample_000202.npz,mp,alternating_gaps,U,mp_alternating_gaps,medium,medium,0,mp:test
train,sample_000705.npz,/home/zzy/TrajectoryPlanning/distill/data/benchmark/mp/test/sample_000203.npz,mp,alternating_gaps,U,mp_alternating_gaps,medium,medium,0,mp:test
train,sample_000706.npz,/home/zzy/TrajectoryPlanning/distill/data/benchmark/mp/test/sample_000205.npz,mp,alternating_gaps,U,mp_alternating_gaps,medium,medium,0,mp:test
train,sample_000707.npz,/home/zzy/TrajectoryPlanning/distill/data/benchmark/mp/test/sample_000206.npz,mp,alternating_gaps,U,mp_alternating_gaps,medium,medium,0,mp:test
train,sample_000708.npz,/home/zzy/TrajectoryPlanning/distill/data/benchmark/mp/test/sample_000207.npz,mp,alternating_gaps,U,mp_alternating_gaps,medium,medium,0,mp:test
train,sample_000709.npz,/home/zzy/TrajectoryPlanning/distill/data/benchmark/mp/test/sample_000208.npz,mp,alternating_gaps,U,mp_alternating_gaps,medium,medium,0,mp:test
train,sample_000710.npz,/home/zzy/TrajectoryPlanning/distill/data/benchmark/mp/test/sample_000209.npz,mp,alternating_gaps,U,mp_alternating_gaps,medium,medium,0,mp:test
train,sample_000711.npz,/home/zzy/TrajectoryPlanning/distill/data/benchmark/mp/test/sample_000210.npz,mp,alternating_gaps,U,mp_alternating_gaps,medium,medium,0,mp:test
train,sample_000712.npz,/home/zzy/TrajectoryPlanning/distill/data/benchmark/mp/test/sample_000211.npz,mp,alternating_gaps,U,mp_alternating_gaps,medium,medium,0,mp:test
train,sample_000713.npz,/home/zzy/TrajectoryPlanning/distill/data/benchmark/mp/test/sample_000212.npz,mp,alternating_gaps,U,mp_alternating_gaps,medium,medium,0,mp:test
train,sample_000714.npz,/home/zzy/TrajectoryPlanning/distill/data/benchmark/mp/test/sample_000213.npz,mp,alternating_gaps,U,mp_alternating_gaps,medium,medium,0,mp:test
train,sample_000715.npz,/home/zzy/TrajectoryPlanning/distill/data/benchmark/mp/test/sample_000214.npz,mp,alternating_gaps,U,mp_alternating_gaps,medium,medium,0,mp:test
train,sample_000716.npz,/home/zzy/TrajectoryPlanning/distill/data/benchmark/mp/test/sample_000215.npz,mp,alternating_gaps,U,mp_alternating_gaps,medium,medium,0,mp:test
train,sample_000717.npz,/home/zzy/TrajectoryPlanning/distill/data/benchmark/mp/test/sample_000216.npz,mp,alternating_gaps,U,mp_alternating_gaps,medium,medium,0,mp:test
train,sample_000718.npz,/home/zzy/TrajectoryPlanning/distill/data/benchmark/mp/test/sample_000217.npz,mp,alternating_gaps,U,mp_alternating_gaps,medium,medium,0,mp:test
train,sample_000719.npz,/home/zzy/TrajectoryPlanning/distill/data/benchmark/mp/test/sample_000218.npz,mp,alternating_gaps,U,mp_alternating_gaps,medium,medium,0,mp:test
train,sample_000720.npz,/home/zzy/TrajectoryPlanning/distill/data/benchmark/mp/test/sample_000219.npz,mp,alternating_gaps,U,mp_alternating_gaps,medium,medium,0,mp:test
train,sample_000721.npz,/home/zzy/TrajectoryPlanning/distill/data/benchmark/mp/test/sample_000220.npz,mp,alternating_gaps,U,mp_alternating_gaps,medium,medium,0,mp:test
train,sample_000722.npz,/home/zzy/TrajectoryPlanning/distill/data/benchmark/mp/test/sample_000222.npz,mp,alternating_gaps,U,mp_alternating_gaps,medium,medium,0,mp:test
train,sample_000723.npz,/home/zzy/TrajectoryPlanning/distill/data/benchmark/mp/test/sample_000223.npz,mp,alternating_gaps,U,mp_alternating_gaps,medium,medium,0,mp:test
train,sample_000724.npz,/home/zzy/TrajectoryPlanning/distill/data/benchmark/mp/test/sample_000225.npz,mp,alternating_gaps,U,mp_alternating_gaps,medium,medium,0,mp:test
train,sample_000725.npz,/home/zzy/TrajectoryPlanning/distill/data/benchmark/mp/test/sample_000226.npz,mp,alternating_gaps,U,mp_alternating_gaps,medium,medium,0,mp:test
train,sample_000726.npz,/home/zzy/TrajectoryPlanning/distill/data/benchmark/mp/test/sample_000227.npz,mp,alternating_gaps,U,mp_alternating_gaps,medium,medium,0,mp:test
train,sample_000727.npz,/home/zzy/TrajectoryPlanning/distill/data/benchmark/mp/test/sample_000228.npz,mp,alternating_gaps,U,mp_alternating_gaps,medium,medium,0,mp:test
train,sample_000728.npz,/home/zzy/TrajectoryPlanning/distill/data/benchmark/mp/test/sample_000229.npz,mp,alternating_gaps,U,mp_alternating_gaps,medium,medium,0,mp:test
train,sample_000729.npz,/home/zzy/TrajectoryPlanning/distill/data/benchmark/mp/test/sample_000230.npz,mp,alternating_gaps,U,mp_alternating_gaps,medium,medium,0,mp:test
train,sample_000730.npz,/home/zzy/TrajectoryPlanning/distill/data/benchmark/mp/test/sample_000231.npz,mp,alternating_gaps,U,mp_alternating_gaps,medium,medium,0,mp:test
train,sample_000731.npz,/home/zzy/TrajectoryPlanning/distill/data/benchmark/mp/test/sample_000233.npz,mp,alternating_gaps,U,mp_alternating_gaps,medium,medium,0,mp:test
train,sample_000732.npz,/home/zzy/TrajectoryPlanning/distill/data/benchmark/mp/test/sample_000234.npz,mp,alternating_gaps,U,mp_alternating_gaps,medium,medium,0,mp:test
train,sample_000733.npz,/home/zzy/TrajectoryPlanning/distill/data/benchmark/mp/test/sample_000235.npz,mp,alternating_gaps,U,mp_alternating_gaps,medium,medium,0,mp:test
train,sample_000734.npz,/home/zzy/TrajectoryPlanning/distill/data/benchmark/mp/test/sample_000236.npz,mp,alternating_gaps,U,mp_alternating_gaps,medium,medium,0,mp:test
train,sample_000735.npz,/home/zzy/TrajectoryPlanning/distill/data/benchmark/mp/test/sample_000237.npz,mp,alternating_gaps,U,mp_alternating_gaps,medium,medium,0,mp:test
train,sample_000736.npz,/home/zzy/TrajectoryPlanning/distill/data/benchmark/mp/test/sample_000238.npz,mp,alternating_gaps,U,mp_alternating_gaps,medium,medium,0,mp:test
train,sample_000737.npz,/home/zzy/TrajectoryPlanning/distill/data/benchmark/mp/test/sample_000239.npz,mp,alternating_gaps,U,mp_alternating_gaps,medium,medium,0,mp:test
train,sample_000738.npz,/home/zzy/TrajectoryPlanning/distill/data/benchmark/mp/test/sample_000240.npz,mp,alternating_gaps,U,mp_alternating_gaps,medium,medium,0,mp:test
train,sample_000739.npz,/home/zzy/TrajectoryPlanning/distill/data/benchmark/mp/test/sample_000241.npz,mp,alternating_gaps,U,mp_alternating_gaps,medium,medium,0,mp:test
train,sample_000740.npz,/home/zzy/TrajectoryPlanning/distill/data/benchmark/mp/test/sample_000243.npz,mp,alternating_gaps,U,mp_alternating_gaps,medium,medium,0,mp:test
train,sample_000741.npz,/home/zzy/TrajectoryPlanning/distill/data/benchmark/mp/test/sample_000244.npz,mp,alternating_gaps,U,mp_alternating_gaps,medium,medium,0,mp:test
train,sample_000742.npz,/home/zzy/TrajectoryPlanning/distill/data/benchmark/mp/test/sample_000245.npz,mp,alternating_gaps,U,mp_alternating_gaps,medium,medium,0,mp:test
train,sample_000743.npz,/home/zzy/TrajectoryPlanning/distill/data/benchmark/mp/test/sample_000246.npz,mp,alternating_gaps,U,mp_alternating_gaps,medium,medium,0,mp:test
train,sample_000744.npz,/home/zzy/TrajectoryPlanning/distill/data/benchmark/mp/test/sample_000247.npz,mp,alternating_gaps,U,mp_alternating_gaps,medium,medium,0,mp:test
train,sample_000745.npz,/home/zzy/TrajectoryPlanning/distill/data/benchmark/mp/test/sample_000248.npz,mp,alternating_gaps,U,mp_alternating_gaps,medium,medium,0,mp:test
train,sample_000746.npz,/home/zzy/TrajectoryPlanning/distill/data/benchmark/mp/test/sample_000249.npz,mp,alternating_gaps,U,mp_alternating_gaps,medium,medium,0,mp:test
train,sample_000747.npz,/home/zzy/TrajectoryPlanning/distill/data/benchmark/mp/test/sample_000250.npz,mp,alternating_gaps,U,mp_alternating_gaps,medium,medium,0,mp:test
train,sample_000748.npz,/home/zzy/TrajectoryPlanning/distill/data/benchmark/mp/test/sample_000251.npz,mp,alternating_gaps,U,mp_alternating_gaps,medium,medium,0,mp:test
train,sample_000749.npz,/home/zzy/TrajectoryPlanning/distill/data/benchmark/mp/test/sample_000252.npz,mp,alternating_gaps,U,mp_alternating_gaps,medium,medium,0,mp:test
train,sample_000750.npz,/home/zzy/TrajectoryPlanning/distill/data/benchmark/mp/test/sample_000253.npz,mp,alternating_gaps,U,mp_alternating_gaps,medium,medium,0,mp:test
train,sample_000751.npz,/home/zzy/TrajectoryPlanning/distill/data/benchmark/mp/test/sample_000256.npz,mp,alternating_gaps,U,mp_alternating_gaps,medium,medium,0,mp:test
train,sample_000752.npz,/home/zzy/TrajectoryPlanning/distill/data/benchmark/mp/test/sample_000257.npz,mp,alternating_gaps,U,mp_alternating_gaps,medium,medium,0,mp:test
train,sample_000753.npz,/home/zzy/TrajectoryPlanning/distill/data/benchmark/mp/test/sample_000258.npz,mp,alternating_gaps,U,mp_alternating_gaps,medium,medium,0,mp:test
train,sample_000754.npz,/home/zzy/TrajectoryPlanning/distill/data/benchmark/mp/test/sample_000260.npz,mp,alternating_gaps,U,mp_alternating_gaps,medium,medium,0,mp:test
train,sample_000755.npz,/home/zzy/TrajectoryPlanning/distill/data/benchmark/mp/test/sample_000262.npz,mp,alternating_gaps,U,mp_alternating_gaps,medium,medium,0,mp:test
train,sample_000756.npz,/home/zzy/TrajectoryPlanning/distill/data/benchmark/mp/test/sample_000263.npz,mp,alternating_gaps,U,mp_alternating_gaps,medium,medium,0,mp:test
train,sample_000757.npz,/home/zzy/TrajectoryPlanning/distill/data/benchmark/mp/test/sample_000264.npz,mp,alternating_gaps,U,mp_alternating_gaps,medium,medium,0,mp:test
train,sample_000758.npz,/home/zzy/TrajectoryPlanning/distill/data/benchmark/mp/test/sample_000265.npz,mp,alternating_gaps,U,mp_alternating_gaps,medium,medium,0,mp:test
train,sample_000759.npz,/home/zzy/TrajectoryPlanning/distill/data/benchmark/mp/test/sample_000266.npz,mp,alternating_gaps,U,mp_alternating_gaps,medium,medium,0,mp:test
train,sample_000760.npz,/home/zzy/TrajectoryPlanning/distill/data/benchmark/mp/test/sample_000267.npz,mp,alternating_gaps,U,mp_alternating_gaps,medium,medium,0,mp:test
train,sample_000761.npz,/home/zzy/TrajectoryPlanning/distill/data/benchmark/mp/test/sample_000268.npz,mp,alternating_gaps,U,mp_alternating_gaps,medium,medium,0,mp:test
train,sample_000762.npz,/home/zzy/TrajectoryPlanning/distill/data/benchmark/mp/test/sample_000270.npz,mp,alternating_gaps,U,mp_alternating_gaps,medium,medium,0,mp:test
train,sample_000763.npz,/home/zzy/TrajectoryPlanning/distill/data/benchmark/mp/test/sample_000271.npz,mp,alternating_gaps,U,mp_alternating_gaps,medium,medium,0,mp:test
train,sample_000764.npz,/home/zzy/TrajectoryPlanning/distill/data/benchmark/mp/test/sample_000272.npz,mp,alternating_gaps,U,mp_alternating_gaps,medium,medium,0,mp:test
train,sample_000765.npz,/home/zzy/TrajectoryPlanning/distill/data/benchmark/mp/test/sample_000273.npz,mp,alternating_gaps,U,mp_alternating_gaps,medium,medium,0,mp:test
train,sample_000766.npz,/home/zzy/TrajectoryPlanning/distill/data/benchmark/mp/test/sample_000275.npz,mp,alternating_gaps,U,mp_alternating_gaps,medium,medium,0,mp:test
train,sample_000767.npz,/home/zzy/TrajectoryPlanning/distill/data/benchmark/mp/test/sample_000276.npz,mp,alternating_gaps,U,mp_alternating_gaps,medium,medium,0,mp:test
train,sample_000768.npz,/home/zzy/TrajectoryPlanning/distill/data/benchmark/mp/test/sample_000279.npz,mp,alternating_gaps,U,mp_alternating_gaps,medium,medium,0,mp:test
train,sample_000769.npz,/home/zzy/TrajectoryPlanning/distill/data/benchmark/mp/test/sample_000280.npz,mp,alternating_gaps,U,mp_alternating_gaps,medium,medium,0,mp:test
train,sample_000770.npz,/home/zzy/TrajectoryPlanning/distill/data/benchmark/mp/test/sample_000281.npz,mp,alternating_gaps,U,mp_alternating_gaps,medium,medium,0,mp:test
train,sample_000771.npz,/home/zzy/TrajectoryPlanning/distill/data/benchmark/mp/test/sample_000283.npz,mp,alternating_gaps,U,mp_alternating_gaps,medium,medium,0,mp:test
train,sample_000772.npz,/home/zzy/TrajectoryPlanning/distill/data/benchmark/mp/test/sample_000284.npz,mp,alternating_gaps,U,mp_alternating_gaps,medium,medium,0,mp:test
train,sample_000773.npz,/home/zzy/TrajectoryPlanning/distill/data/benchmark/mp/test/sample_000286.npz,mp,alternating_gaps,U,mp_alternating_gaps,medium,medium,0,mp:test
train,sample_000774.npz,/home/zzy/TrajectoryPlanning/distill/data/benchmark/mp/test/sample_000287.npz,mp,alternating_gaps,U,mp_alternating_gaps,medium,medium,0,mp:test
train,sample_000775.npz,/home/zzy/TrajectoryPlanning/distill/data/benchmark/mp/test/sample_000288.npz,mp,alternating_gaps,U,mp_alternating_gaps,medium,medium,0,mp:test
train,sample_000776.npz,/home/zzy/TrajectoryPlanning/distill/data/benchmark/mp/test/sample_000289.npz,mp,alternating_gaps,U,mp_alternating_gaps,medium,medium,0,mp:test
train,sample_000777.npz,/home/zzy/TrajectoryPlanning/distill/data/benchmark/mp/test/sample_000290.npz,mp,alternating_gaps,U,mp_alternating_gaps,medium,medium,0,mp:test
train,sample_000778.npz,/home/zzy/TrajectoryPlanning/distill/data/benchmark/mp/test/sample_000291.npz,mp,alternating_gaps,U,mp_alternating_gaps,medium,medium,0,mp:test
train,sample_000779.npz,/home/zzy/TrajectoryPlanning/distill/data/benchmark/mp/test/sample_000292.npz,mp,alternating_gaps,U,mp_alternating_gaps,medium,medium,0,mp:test
train,sample_000780.npz,/home/zzy/TrajectoryPlanning/distill/data/benchmark/mp/test/sample_000294.npz,mp,alternating_gaps,U,mp_alternating_gaps,medium,medium,0,mp:test
train,sample_000781.npz,/home/zzy/TrajectoryPlanning/distill/data/benchmark/mp/test/sample_000295.npz,mp,alternating_gaps,U,mp_alternating_gaps,medium,medium,0,mp:test
train,sample_000782.npz,/home/zzy/TrajectoryPlanning/distill/data/benchmark/mp/test/sample_000296.npz,mp,alternating_gaps,U,mp_alternating_gaps,medium,medium,0,mp:test
train,sample_000783.npz,/home/zzy/TrajectoryPlanning/distill/data/benchmark/mp/test/sample_000298.npz,mp,alternating_gaps,U,mp_alternating_gaps,medium,medium,0,mp:test
train,sample_000784.npz,/home/zzy/TrajectoryPlanning/distill/data/benchmark/mp/test/sample_000299.npz,mp,alternating_gaps,U,mp_alternating_gaps,medium,medium,0,mp:test
train,sample_000785.npz,/home/zzy/TrajectoryPlanning/distill/data/benchmark/mp/train/sample_001600.npz,mp,alternating_gaps,U,mp_alternating_gaps,medium,medium,0,mp:train
train,sample_000786.npz,/home/zzy/TrajectoryPlanning/distill/data/benchmark/mp/train/sample_001602.npz,mp,alternating_gaps,U,mp_alternating_gaps,medium,medium,0,mp:train
train,sample_000787.npz,/home/zzy/TrajectoryPlanning/distill/data/benchmark/mp/train/sample_001604.npz,mp,alternating_gaps,U,mp_alternating_gaps,medium,medium,0,mp:train
train,sample_000788.npz,/home/zzy/TrajectoryPlanning/distill/data/benchmark/mp/train/sample_001605.npz,mp,alternating_gaps,U,mp_alternating_gaps,medium,medium,0,mp:train
train,sample_000789.npz,/home/zzy/TrajectoryPlanning/distill/data/benchmark/mp/train/sample_001606.npz,mp,alternating_gaps,U,mp_alternating_gaps,medium,medium,0,mp:train
train,sample_000790.npz,/home/zzy/TrajectoryPlanning/distill/data/benchmark/mp/train/sample_001608.npz,mp,alternating_gaps,U,mp_alternating_gaps,medium,medium,0,mp:train
train,sample_000791.npz,/home/zzy/TrajectoryPlanning/distill/data/benchmark/mp/train/sample_001609.npz,mp,alternating_gaps,U,mp_alternating_gaps,medium,medium,0,mp:train
train,sample_000792.npz,/home/zzy/TrajectoryPlanning/distill/data/benchmark/mp/train/sample_001610.npz,mp,alternating_gaps,U,mp_alternating_gaps,medium,medium,0,mp:train
train,sample_000793.npz,/home/zzy/TrajectoryPlanning/distill/data/benchmark/mp/train/sample_001611.npz,mp,alternating_gaps,U,mp_alternating_gaps,medium,medium,0,mp:train
train,sample_000794.npz,/home/zzy/TrajectoryPlanning/distill/data/benchmark/mp/train/sample_001613.npz,mp,alternating_gaps,U,mp_alternating_gaps,medium,medium,0,mp:train
train,sample_000795.npz,/home/zzy/TrajectoryPlanning/distill/data/benchmark/mp/train/sample_001614.npz,mp,alternating_gaps,U,mp_alternating_gaps,medium,medium,0,mp:train
train,sample_000796.npz,/home/zzy/TrajectoryPlanning/distill/data/benchmark/mp/train/sample_001615.npz,mp,alternating_gaps,U,mp_alternating_gaps,medium,medium,0,mp:train
train,sample_000797.npz,/home/zzy/TrajectoryPlanning/distill/data/benchmark/mp/train/sample_001616.npz,mp,alternating_gaps,U,mp_alternating_gaps,medium,medium,0,mp:train
train,sample_000798.npz,/home/zzy/TrajectoryPlanning/distill/data/benchmark/mp/train/sample_001617.npz,mp,alternating_gaps,U,mp_alternating_gaps,medium,medium,0,mp:train
train,sample_000799.npz,/home/zzy/TrajectoryPlanning/distill/data/benchmark/mp/train/sample_001618.npz,mp,alternating_gaps,U,mp_alternating_gaps,medium,medium,0,mp:train
train,sample_000800.npz,/home/zzy/TrajectoryPlanning/distill/data/benchmark/mp/train/sample_001619.npz,mp,alternating_gaps,U,mp_alternating_gaps,medium,medium,0,mp:train
train,sample_000801.npz,/home/zzy/TrajectoryPlanning/distill/data/benchmark/mp/train/sample_001620.npz,mp,alternating_gaps,U,mp_alternating_gaps,medium,medium,0,mp:train
train,sample_000802.npz,/home/zzy/TrajectoryPlanning/distill/data/benchmark/mp/train/sample_001621.npz,mp,alternating_gaps,U,mp_alternating_gaps,medium,medium,0,mp:train
train,sample_000803.npz,/home/zzy/TrajectoryPlanning/distill/data/benchmark/mp/train/sample_001622.npz,mp,alternating_gaps,U,mp_alternating_gaps,medium,medium,0,mp:train
train,sample_000804.npz,/home/zzy/TrajectoryPlanning/distill/data/benchmark/mp/train/sample_001624.npz,mp,alternating_gaps,U,mp_alternating_gaps,medium,medium,0,mp:train
train,sample_000805.npz,/home/zzy/TrajectoryPlanning/distill/data/benchmark/mp/train/sample_001625.npz,mp,alternating_gaps,U,mp_alternating_gaps,medium,medium,0,mp:train
train,sample_000806.npz,/home/zzy/TrajectoryPlanning/distill/data/benchmark/mp/train/sample_001626.npz,mp,alternating_gaps,U,mp_alternating_gaps,medium,medium,0,mp:train
train,sample_000807.npz,/home/zzy/TrajectoryPlanning/distill/data/benchmark/mp/train/sample_001627.npz,mp,alternating_gaps,U,mp_alternating_gaps,medium,medium,0,mp:train
train,sample_000808.npz,/home/zzy/TrajectoryPlanning/distill/data/benchmark/mp/train/sample_001628.npz,mp,alternating_gaps,U,mp_alternating_gaps,medium,medium,0,mp:train
train,sample_000809.npz,/home/zzy/TrajectoryPlanning/distill/data/benchmark/mp/train/sample_001629.npz,mp,alternating_gaps,U,mp_alternating_gaps,medium,medium,0,mp:train
train,sample_000810.npz,/home/zzy/TrajectoryPlanning/distill/data/benchmark/mp/train/sample_001630.npz,mp,alternating_gaps,U,mp_alternating_gaps,medium,medium,0,mp:train
train,sample_000811.npz,/home/zzy/TrajectoryPlanning/distill/data/benchmark/mp/train/sample_001631.npz,mp,alternating_gaps,U,mp_alternating_gaps,medium,medium,0,mp:train
train,sample_000812.npz,/home/zzy/TrajectoryPlanning/distill/data/benchmark/mp/train/sample_001633.npz,mp,alternating_gaps,U,mp_alternating_gaps,medium,medium,0,mp:train
train,sample_000813.npz,/home/zzy/TrajectoryPlanning/distill/data/benchmark/mp/train/sample_001637.npz,mp,alternating_gaps,U,mp_alternating_gaps,medium,medium,0,mp:train
train,sample_000814.npz,/home/zzy/TrajectoryPlanning/distill/data/benchmark/mp/train/sample_001638.npz,mp,alternating_gaps,U,mp_alternating_gaps,medium,medium,0,mp:train
train,sample_000815.npz,/home/zzy/TrajectoryPlanning/distill/data/benchmark/mp/train/sample_001639.npz,mp,alternating_gaps,U,mp_alternating_gaps,medium,medium,0,mp:train
train,sample_000816.npz,/home/zzy/TrajectoryPlanning/distill/data/benchmark/mp/train/sample_001640.npz,mp,alternating_gaps,U,mp_alternating_gaps,medium,medium,0,mp:train
train,sample_000817.npz,/home/zzy/TrajectoryPlanning/distill/data/benchmark/mp/train/sample_001642.npz,mp,alternating_gaps,U,mp_alternating_gaps,medium,medium,0,mp:train
train,sample_000818.npz,/home/zzy/TrajectoryPlanning/distill/data/benchmark/mp/train/sample_001643.npz,mp,alternating_gaps,U,mp_alternating_gaps,medium,medium,0,mp:train
train,sample_000819.npz,/home/zzy/TrajectoryPlanning/distill/data/benchmark/mp/train/sample_001644.npz,mp,alternating_gaps,U,mp_alternating_gaps,medium,medium,0,mp:train
train,sample_000820.npz,/home/zzy/TrajectoryPlanning/distill/data/benchmark/mp/train/sample_001645.npz,mp,alternating_gaps,U,mp_alternating_gaps,medium,medium,0,mp:train
train,sample_000821.npz,/home/zzy/TrajectoryPlanning/distill/data/benchmark/mp/train/sample_001646.npz,mp,alternating_gaps,U,mp_alternating_gaps,medium,medium,0,mp:train
train,sample_000822.npz,/home/zzy/TrajectoryPlanning/distill/data/benchmark/mp/train/sample_001647.npz,mp,alternating_gaps,U,mp_alternating_gaps,medium,medium,0,mp:train
train,sample_000823.npz,/home/zzy/TrajectoryPlanning/distill/data/benchmark/mp/train/sample_001649.npz,mp,alternating_gaps,U,mp_alternating_gaps,medium,medium,0,mp:train
train,sample_000824.npz,/home/zzy/TrajectoryPlanning/distill/data/benchmark/mp/train/sample_001650.npz,mp,alternating_gaps,U,mp_alternating_gaps,medium,medium,0,mp:train
train,sample_000825.npz,/home/zzy/TrajectoryPlanning/distill/data/benchmark/mp/train/sample_001651.npz,mp,alternating_gaps,U,mp_alternating_gaps,medium,medium,0,mp:train
train,sample_000826.npz,/home/zzy/TrajectoryPlanning/distill/data/benchmark/mp/train/sample_001652.npz,mp,alternating_gaps,U,mp_alternating_gaps,medium,medium,0,mp:train
train,sample_000827.npz,/home/zzy/TrajectoryPlanning/distill/data/benchmark/mp/train/sample_001653.npz,mp,alternating_gaps,U,mp_alternating_gaps,medium,medium,0,mp:train
train,sample_000828.npz,/home/zzy/TrajectoryPlanning/distill/data/benchmark/mp/train/sample_001654.npz,mp,alternating_gaps,U,mp_alternating_gaps,medium,medium,0,mp:train
train,sample_000829.npz,/home/zzy/TrajectoryPlanning/distill/data/benchmark/mp/train/sample_001655.npz,mp,alternating_gaps,U,mp_alternating_gaps,medium,medium,0,mp:train
train,sample_000830.npz,/home/zzy/TrajectoryPlanning/distill/data/benchmark/mp/train/sample_001656.npz,mp,alternating_gaps,U,mp_alternating_gaps,medium,medium,0,mp:train
train,sample_000831.npz,/home/zzy/TrajectoryPlanning/distill/data/benchmark/mp/train/sample_001657.npz,mp,alternating_gaps,U,mp_alternating_gaps,medium,medium,0,mp:train
train,sample_000832.npz,/home/zzy/TrajectoryPlanning/distill/data/benchmark/mp/train/sample_001658.npz,mp,alternating_gaps,U,mp_alternating_gaps,medium,medium,0,mp:train
train,sample_000833.npz,/home/zzy/TrajectoryPlanning/distill/data/benchmark/mp/train/sample_001659.npz,mp,alternating_gaps,U,mp_alternating_gaps,medium,medium,0,mp:train
train,sample_000834.npz,/home/zzy/TrajectoryPlanning/distill/data/benchmark/mp/train/sample_001661.npz,mp,alternating_gaps,U,mp_alternating_gaps,medium,medium,0,mp:train
train,sample_000835.npz,/home/zzy/TrajectoryPlanning/distill/data/benchmark/mp/train/sample_001662.npz,mp,alternating_gaps,U,mp_alternating_gaps,medium,medium,0,mp:train
train,sample_000836.npz,/home/zzy/TrajectoryPlanning/distill/data/benchmark/mp/train/sample_001663.npz,mp,alternating_gaps,U,mp_alternating_gaps,medium,medium,0,mp:train
train,sample_000837.npz,/home/zzy/TrajectoryPlanning/distill/data/benchmark/mp/train/sample_001664.npz,mp,alternating_gaps,U,mp_alternating_gaps,medium,medium,0,mp:train
train,sample_000838.npz,/home/zzy/TrajectoryPlanning/distill/data/benchmark/mp/train/sample_001665.npz,mp,alternating_gaps,U,mp_alternating_gaps,medium,medium,0,mp:train
train,sample_000839.npz,/home/zzy/TrajectoryPlanning/distill/data/benchmark/mp/train/sample_001666.npz,mp,alternating_gaps,U,mp_alternating_gaps,medium,medium,0,mp:train
train,sample_000840.npz,/home/zzy/TrajectoryPlanning/distill/data/benchmark/mp/train/sample_001667.npz,mp,alternating_gaps,U,mp_alternating_gaps,medium,medium,0,mp:train
train,sample_000841.npz,/home/zzy/TrajectoryPlanning/distill/data/benchmark/mp/train/sample_001668.npz,mp,alternating_gaps,U,mp_alternating_gaps,medium,medium,0,mp:train
train,sample_000842.npz,/home/zzy/TrajectoryPlanning/distill/data/benchmark/mp/train/sample_001669.npz,mp,alternating_gaps,U,mp_alternating_gaps,medium,medium,0,mp:train
train,sample_000843.npz,/home/zzy/TrajectoryPlanning/distill/data/benchmark/mp/train/sample_001671.npz,mp,alternating_gaps,U,mp_alternating_gaps,medium,medium,0,mp:train
train,sample_000844.npz,/home/zzy/TrajectoryPlanning/distill/data/benchmark/mp/train/sample_001672.npz,mp,alternating_gaps,U,mp_alternating_gaps,medium,medium,0,mp:train
train,sample_000845.npz,/home/zzy/TrajectoryPlanning/distill/data/benchmark/mp/train/sample_001673.npz,mp,alternating_gaps,U,mp_alternating_gaps,medium,medium,0,mp:train
train,sample_000846.npz,/home/zzy/TrajectoryPlanning/distill/data/benchmark/mp/train/sample_001675.npz,mp,alternating_gaps,U,mp_alternating_gaps,medium,medium,0,mp:train
train,sample_000847.npz,/home/zzy/TrajectoryPlanning/distill/data/benchmark/mp/train/sample_001676.npz,mp,alternating_gaps,U,mp_alternating_gaps,medium,medium,0,mp:train
train,sample_000848.npz,/home/zzy/TrajectoryPlanning/distill/data/benchmark/mp/train/sample_001677.npz,mp,alternating_gaps,U,mp_alternating_gaps,medium,medium,0,mp:train
train,sample_000849.npz,/home/zzy/TrajectoryPlanning/distill/data/benchmark/mp/train/sample_001678.npz,mp,alternating_gaps,U,mp_alternating_gaps,medium,medium,0,mp:train
train,sample_000850.npz,/home/zzy/TrajectoryPlanning/distill/data/benchmark/mp/train/sample_001679.npz,mp,alternating_gaps,U,mp_alternating_gaps,medium,medium,0,mp:train
train,sample_000851.npz,/home/zzy/TrajectoryPlanning/distill/data/benchmark/mp/train/sample_001680.npz,mp,alternating_gaps,U,mp_alternating_gaps,medium,medium,0,mp:train
train,sample_000852.npz,/home/zzy/TrajectoryPlanning/distill/data/benchmark/mp/train/sample_001682.npz,mp,alternating_gaps,U,mp_alternating_gaps,medium,medium,0,mp:train
train,sample_000853.npz,/home/zzy/TrajectoryPlanning/distill/data/benchmark/mp/train/sample_001683.npz,mp,alternating_gaps,U,mp_alternating_gaps,medium,medium,0,mp:train
train,sample_000854.npz,/home/zzy/TrajectoryPlanning/distill/data/benchmark/mp/train/sample_001684.npz,mp,alternating_gaps,U,mp_alternating_gaps,medium,medium,0,mp:train
train,sample_000855.npz,/home/zzy/TrajectoryPlanning/distill/data/benchmark/mp/train/sample_001685.npz,mp,alternating_gaps,U,mp_alternating_gaps,medium,medium,0,mp:train
train,sample_000856.npz,/home/zzy/TrajectoryPlanning/distill/data/benchmark/mp/train/sample_001686.npz,mp,alternating_gaps,U,mp_alternating_gaps,medium,medium,0,mp:train
train,sample_000857.npz,/home/zzy/TrajectoryPlanning/distill/data/benchmark/mp/train/sample_001687.npz,mp,alternating_gaps,U,mp_alternating_gaps,medium,medium,0,mp:train
train,sample_000858.npz,/home/zzy/TrajectoryPlanning/distill/data/benchmark/mp/train/sample_001688.npz,mp,alternating_gaps,U,mp_alternating_gaps,medium,medium,0,mp:train
train,sample_000859.npz,/home/zzy/TrajectoryPlanning/distill/data/benchmark/mp/train/sample_001689.npz,mp,alternating_gaps,U,mp_alternating_gaps,medium,medium,0,mp:train
train,sample_000860.npz,/home/zzy/TrajectoryPlanning/distill/data/benchmark/mp/train/sample_001690.npz,mp,alternating_gaps,U,mp_alternating_gaps,medium,medium,0,mp:train
train,sample_000861.npz,/home/zzy/TrajectoryPlanning/distill/data/benchmark/mp/train/sample_001691.npz,mp,alternating_gaps,U,mp_alternating_gaps,medium,medium,0,mp:train
train,sample_000862.npz,/home/zzy/TrajectoryPlanning/distill/data/benchmark/mp/train/sample_001692.npz,mp,alternating_gaps,U,mp_alternating_gaps,medium,medium,0,mp:train
train,sample_000863.npz,/home/zzy/TrajectoryPlanning/distill/data/benchmark/mp/train/sample_001693.npz,mp,alternating_gaps,U,mp_alternating_gaps,medium,medium,0,mp:train
train,sample_000864.npz,/home/zzy/TrajectoryPlanning/distill/data/benchmark/mp/train/sample_001694.npz,mp,alternating_gaps,U,mp_alternating_gaps,medium,medium,0,mp:train
train,sample_000865.npz,/home/zzy/TrajectoryPlanning/distill/data/benchmark/mp/train/sample_001695.npz,mp,alternating_gaps,U,mp_alternating_gaps,medium,medium,0,mp:train
train,sample_000866.npz,/home/zzy/TrajectoryPlanning/distill/data/benchmark/mp/train/sample_001696.npz,mp,alternating_gaps,U,mp_alternating_gaps,medium,medium,0,mp:train
train,sample_000867.npz,/home/zzy/TrajectoryPlanning/distill/data/benchmark/mp/train/sample_001697.npz,mp,alternating_gaps,U,mp_alternating_gaps,medium,medium,0,mp:train
train,sample_000868.npz,/home/zzy/TrajectoryPlanning/distill/data/benchmark/mp/train/sample_001698.npz,mp,alternating_gaps,U,mp_alternating_gaps,medium,medium,0,mp:train
train,sample_000869.npz,/home/zzy/TrajectoryPlanning/distill/data/benchmark/mp/train/sample_001699.npz,mp,alternating_gaps,U,mp_alternating_gaps,medium,medium,0,mp:train
train,sample_000870.npz,/home/zzy/TrajectoryPlanning/distill/data/benchmark/mp/train/sample_001700.npz,mp,alternating_gaps,U,mp_alternating_gaps,medium,medium,0,mp:train
train,sample_000871.npz,/home/zzy/TrajectoryPlanning/distill/data/benchmark/mp/train/sample_001701.npz,mp,alternating_gaps,U,mp_alternating_gaps,medium,medium,0,mp:train
train,sample_000872.npz,/home/zzy/TrajectoryPlanning/distill/data/benchmark/mp/train/sample_001703.npz,mp,alternating_gaps,U,mp_alternating_gaps,medium,medium,0,mp:train
train,sample_000873.npz,/home/zzy/TrajectoryPlanning/distill/data/benchmark/mp/train/sample_001705.npz,mp,alternating_gaps,U,mp_alternating_gaps,medium,medium,0,mp:train
train,sample_000874.npz,/home/zzy/TrajectoryPlanning/distill/data/benchmark/mp/train/sample_001706.npz,mp,alternating_gaps,U,mp_alternating_gaps,medium,medium,0,mp:train
train,sample_000875.npz,/home/zzy/TrajectoryPlanning/distill/data/benchmark/mp/train/sample_001707.npz,mp,alternating_gaps,U,mp_alternating_gaps,medium,medium,0,mp:train
train,sample_000876.npz,/home/zzy/TrajectoryPlanning/distill/data/benchmark/mp/train/sample_001708.npz,mp,alternating_gaps,U,mp_alternating_gaps,medium,medium,0,mp:train
train,sample_000877.npz,/home/zzy/TrajectoryPlanning/distill/data/benchmark/mp/train/sample_001709.npz,mp,alternating_gaps,U,mp_alternating_gaps,medium,medium,0,mp:train
train,sample_000878.npz,/home/zzy/TrajectoryPlanning/distill/data/benchmark/mp/train/sample_001710.npz,mp,alternating_gaps,U,mp_alternating_gaps,medium,medium,0,mp:train
train,sample_000879.npz,/home/zzy/TrajectoryPlanning/distill/data/benchmark/mp/train/sample_001712.npz,mp,alternating_gaps,U,mp_alternating_gaps,medium,medium,0,mp:train
train,sample_000880.npz,/home/zzy/TrajectoryPlanning/distill/data/benchmark/mp/train/sample_001713.npz,mp,alternating_gaps,U,mp_alternating_gaps,medium,medium,0,mp:train
train,sample_000881.npz,/home/zzy/TrajectoryPlanning/distill/data/benchmark/mp/train/sample_001714.npz,mp,alternating_gaps,U,mp_alternating_gaps,medium,medium,0,mp:train
train,sample_000882.npz,/home/zzy/TrajectoryPlanning/distill/data/benchmark/mp/train/sample_001716.npz,mp,alternating_gaps,U,mp_alternating_gaps,medium,medium,0,mp:train
train,sample_000883.npz,/home/zzy/TrajectoryPlanning/distill/data/benchmark/mp/train/sample_001718.npz,mp,alternating_gaps,U,mp_alternating_gaps,medium,medium,0,mp:train
train,sample_000884.npz,/home/zzy/TrajectoryPlanning/distill/data/benchmark/mp/train/sample_001720.npz,mp,alternating_gaps,U,mp_alternating_gaps,medium,medium,0,mp:train
train,sample_000885.npz,/home/zzy/TrajectoryPlanning/distill/data/benchmark/mp/train/sample_001721.npz,mp,alternating_gaps,U,mp_alternating_gaps,medium,medium,0,mp:train
train,sample_000886.npz,/home/zzy/TrajectoryPlanning/distill/data/benchmark/mp/train/sample_001723.npz,mp,alternating_gaps,U,mp_alternating_gaps,medium,medium,0,mp:train
train,sample_000887.npz,/home/zzy/TrajectoryPlanning/distill/data/benchmark/mp/train/sample_001724.npz,mp,alternating_gaps,U,mp_alternating_gaps,medium,medium,0,mp:train
train,sample_000888.npz,/home/zzy/TrajectoryPlanning/distill/data/benchmark/mp/train/sample_001725.npz,mp,alternating_gaps,U,mp_alternating_gaps,medium,medium,0,mp:train
train,sample_000889.npz,/home/zzy/TrajectoryPlanning/distill/data/benchmark/mp/train/sample_001726.npz,mp,alternating_gaps,U,mp_alternating_gaps,medium,medium,0,mp:train
train,sample_000890.npz,/home/zzy/TrajectoryPlanning/distill/data/benchmark/mp/train/sample_001727.npz,mp,alternating_gaps,U,mp_alternating_gaps,medium,medium,0,mp:train
train,sample_000891.npz,/home/zzy/TrajectoryPlanning/distill/data/benchmark/mp/train/sample_001728.npz,mp,alternating_gaps,U,mp_alternating_gaps,medium,medium,0,mp:train
train,sample_000892.npz,/home/zzy/TrajectoryPlanning/distill/data/benchmark/mp/train/sample_001729.npz,mp,alternating_gaps,U,mp_alternating_gaps,medium,medium,0,mp:train
train,sample_000893.npz,/home/zzy/TrajectoryPlanning/distill/data/benchmark/mp/train/sample_001730.npz,mp,alternating_gaps,U,mp_alternating_gaps,medium,medium,0,mp:train
train,sample_000894.npz,/home/zzy/TrajectoryPlanning/distill/data/benchmark/mp/train/sample_001732.npz,mp,alternating_gaps,U,mp_alternating_gaps,medium,medium,0,mp:train
train,sample_000895.npz,/home/zzy/TrajectoryPlanning/distill/data/benchmark/mp/train/sample_001733.npz,mp,alternating_gaps,U,mp_alternating_gaps,medium,medium,0,mp:train
train,sample_000896.npz,/home/zzy/TrajectoryPlanning/distill/data/benchmark/mp/train/sample_001734.npz,mp,alternating_gaps,U,mp_alternating_gaps,medium,medium,0,mp:train
train,sample_000897.npz,/home/zzy/TrajectoryPlanning/distill/data/benchmark/mp/train/sample_001735.npz,mp,alternating_gaps,U,mp_alternating_gaps,medium,medium,0,mp:train
train,sample_000898.npz,/home/zzy/TrajectoryPlanning/distill/data/benchmark/mp/train/sample_001736.npz,mp,alternating_gaps,U,mp_alternating_gaps,medium,medium,0,mp:train
train,sample_000899.npz,/home/zzy/TrajectoryPlanning/distill/data/benchmark/mp/train/sample_001737.npz,mp,alternating_gaps,U,mp_alternating_gaps,medium,medium,0,mp:train
train,sample_000900.npz,/home/zzy/TrajectoryPlanning/distill/data/benchmark/mp/train/sample_001738.npz,mp,alternating_gaps,U,mp_alternating_gaps,medium,medium,0,mp:train
train,sample_000901.npz,/home/zzy/TrajectoryPlanning/distill/data/benchmark/mp/train/sample_001739.npz,mp,alternating_gaps,U,mp_alternating_gaps,medium,medium,0,mp:train
train,sample_000902.npz,/home/zzy/TrajectoryPlanning/distill/data/benchmark/mp/train/sample_001741.npz,mp,alternating_gaps,U,mp_alternating_gaps,medium,medium,0,mp:train
train,sample_000903.npz,/home/zzy/TrajectoryPlanning/distill/data/benchmark/mp/train/sample_001742.npz,mp,alternating_gaps,U,mp_alternating_gaps,medium,medium,0,mp:train
train,sample_000904.npz,/home/zzy/TrajectoryPlanning/distill/data/benchmark/mp/train/sample_001743.npz,mp,alternating_gaps,U,mp_alternating_gaps,medium,medium,0,mp:train
train,sample_000905.npz,/home/zzy/TrajectoryPlanning/distill/data/benchmark/mp/train/sample_001745.npz,mp,alternating_gaps,U,mp_alternating_gaps,medium,medium,0,mp:train
train,sample_000906.npz,/home/zzy/TrajectoryPlanning/distill/data/benchmark/mp/train/sample_001746.npz,mp,alternating_gaps,U,mp_alternating_gaps,medium,medium,0,mp:train
train,sample_000907.npz,/home/zzy/TrajectoryPlanning/distill/data/benchmark/mp/train/sample_001747.npz,mp,alternating_gaps,U,mp_alternating_gaps,medium,medium,0,mp:train
train,sample_000908.npz,/home/zzy/TrajectoryPlanning/distill/data/benchmark/mp/train/sample_001748.npz,mp,alternating_gaps,U,mp_alternating_gaps,medium,medium,0,mp:train
train,sample_000909.npz,/home/zzy/TrajectoryPlanning/distill/data/benchmark/mp/train/sample_001749.npz,mp,alternating_gaps,U,mp_alternating_gaps,medium,medium,0,mp:train
train,sample_000910.npz,/home/zzy/TrajectoryPlanning/distill/data/benchmark/mp/train/sample_001750.npz,mp,alternating_gaps,U,mp_alternating_gaps,medium,medium,0,mp:train
train,sample_000911.npz,/home/zzy/TrajectoryPlanning/distill/data/benchmark/mp/train/sample_001752.npz,mp,alternating_gaps,U,mp_alternating_gaps,medium,medium,0,mp:train
train,sample_000912.npz,/home/zzy/TrajectoryPlanning/distill/data/benchmark/mp/train/sample_001753.npz,mp,alternating_gaps,U,mp_alternating_gaps,medium,medium,0,mp:train
train,sample_000913.npz,/home/zzy/TrajectoryPlanning/distill/data/benchmark/mp/train/sample_001754.npz,mp,alternating_gaps,U,mp_alternating_gaps,medium,medium,0,mp:train
train,sample_000914.npz,/home/zzy/TrajectoryPlanning/distill/data/benchmark/mp/train/sample_001755.npz,mp,alternating_gaps,U,mp_alternating_gaps,medium,medium,0,mp:train
train,sample_000915.npz,/home/zzy/TrajectoryPlanning/distill/data/benchmark/mp/train/sample_001756.npz,mp,alternating_gaps,U,mp_alternating_gaps,medium,medium,0,mp:train
train,sample_000916.npz,/home/zzy/TrajectoryPlanning/distill/data/benchmark/mp/train/sample_001757.npz,mp,alternating_gaps,U,mp_alternating_gaps,medium,medium,0,mp:train
train,sample_000917.npz,/home/zzy/TrajectoryPlanning/distill/data/benchmark/mp/train/sample_001758.npz,mp,alternating_gaps,U,mp_alternating_gaps,medium,medium,0,mp:train
train,sample_000918.npz,/home/zzy/TrajectoryPlanning/distill/data/benchmark/mp/train/sample_001759.npz,mp,alternating_gaps,U,mp_alternating_gaps,medium,medium,0,mp:train
train,sample_000919.npz,/home/zzy/TrajectoryPlanning/distill/data/benchmark/mp/train/sample_001761.npz,mp,alternating_gaps,U,mp_alternating_gaps,medium,medium,0,mp:train
train,sample_000920.npz,/home/zzy/TrajectoryPlanning/distill/data/benchmark/mp/train/sample_001762.npz,mp,alternating_gaps,U,mp_alternating_gaps,medium,medium,0,mp:train
train,sample_000921.npz,/home/zzy/TrajectoryPlanning/distill/data/benchmark/mp/train/sample_001763.npz,mp,alternating_gaps,U,mp_alternating_gaps,medium,medium,0,mp:train
train,sample_000922.npz,/home/zzy/TrajectoryPlanning/distill/data/benchmark/mp/train/sample_001766.npz,mp,alternating_gaps,U,mp_alternating_gaps,medium,medium,0,mp:train
train,sample_000923.npz,/home/zzy/TrajectoryPlanning/distill/data/benchmark/mp/train/sample_001767.npz,mp,alternating_gaps,U,mp_alternating_gaps,medium,medium,0,mp:train
train,sample_000924.npz,/home/zzy/TrajectoryPlanning/distill/data/benchmark/mp/train/sample_001768.npz,mp,alternating_gaps,U,mp_alternating_gaps,medium,medium,0,mp:train
train,sample_000925.npz,/home/zzy/TrajectoryPlanning/distill/data/benchmark/mp/train/sample_001769.npz,mp,alternating_gaps,U,mp_alternating_gaps,medium,medium,0,mp:train
train,sample_000926.npz,/home/zzy/TrajectoryPlanning/distill/data/benchmark/mp/train/sample_001770.npz,mp,alternating_gaps,U,mp_alternating_gaps,medium,medium,0,mp:train
train,sample_000927.npz,/home/zzy/TrajectoryPlanning/distill/data/benchmark/mp/train/sample_001771.npz,mp,alternating_gaps,U,mp_alternating_gaps,medium,medium,0,mp:train
train,sample_000928.npz,/home/zzy/TrajectoryPlanning/distill/data/benchmark/mp/train/sample_001772.npz,mp,alternating_gaps,U,mp_alternating_gaps,medium,medium,0,mp:train
train,sample_000929.npz,/home/zzy/TrajectoryPlanning/distill/data/benchmark/mp/train/sample_001773.npz,mp,alternating_gaps,U,mp_alternating_gaps,medium,medium,0,mp:train
train,sample_000930.npz,/home/zzy/TrajectoryPlanning/distill/data/benchmark/mp/train/sample_001774.npz,mp,alternating_gaps,U,mp_alternating_gaps,medium,medium,0,mp:train
train,sample_000931.npz,/home/zzy/TrajectoryPlanning/distill/data/benchmark/mp/train/sample_001776.npz,mp,alternating_gaps,U,mp_alternating_gaps,medium,medium,0,mp:train
train,sample_000932.npz,/home/zzy/TrajectoryPlanning/distill/data/benchmark/mp/train/sample_001777.npz,mp,alternating_gaps,U,mp_alternating_gaps,medium,medium,0,mp:train
train,sample_000933.npz,/home/zzy/TrajectoryPlanning/distill/data/benchmark/mp/train/sample_001778.npz,mp,alternating_gaps,U,mp_alternating_gaps,medium,medium,0,mp:train
train,sample_000934.npz,/home/zzy/TrajectoryPlanning/distill/data/benchmark/mp/train/sample_001780.npz,mp,alternating_gaps,U,mp_alternating_gaps,medium,medium,0,mp:train
train,sample_000935.npz,/home/zzy/TrajectoryPlanning/distill/data/benchmark/mp/train/sample_001781.npz,mp,alternating_gaps,U,mp_alternating_gaps,medium,medium,0,mp:train
train,sample_000936.npz,/home/zzy/TrajectoryPlanning/distill/data/benchmark/mp/train/sample_001782.npz,mp,alternating_gaps,U,mp_alternating_gaps,medium,medium,0,mp:train
train,sample_000937.npz,/home/zzy/TrajectoryPlanning/distill/data/benchmark/mp/train/sample_001784.npz,mp,alternating_gaps,U,mp_alternating_gaps,medium,medium,0,mp:train
train,sample_000938.npz,/home/zzy/TrajectoryPlanning/distill/data/benchmark/mp/train/sample_001787.npz,mp,alternating_gaps,U,mp_alternating_gaps,medium,medium,0,mp:train
train,sample_000939.npz,/home/zzy/TrajectoryPlanning/distill/data/benchmark/mp/train/sample_001788.npz,mp,alternating_gaps,U,mp_alternating_gaps,medium,medium,0,mp:train
train,sample_000940.npz,/home/zzy/TrajectoryPlanning/distill/data/benchmark/mp/train/sample_001789.npz,mp,alternating_gaps,U,mp_alternating_gaps,medium,medium,0,mp:train
train,sample_000941.npz,/home/zzy/TrajectoryPlanning/distill/data/benchmark/mp/train/sample_001790.npz,mp,alternating_gaps,U,mp_alternating_gaps,medium,medium,0,mp:train
train,sample_000942.npz,/home/zzy/TrajectoryPlanning/distill/data/benchmark/mp/train/sample_001791.npz,mp,alternating_gaps,U,mp_alternating_gaps,medium,medium,0,mp:train
train,sample_000943.npz,/home/zzy/TrajectoryPlanning/distill/data/benchmark/mp/train/sample_001792.npz,mp,alternating_gaps,U,mp_alternating_gaps,medium,medium,0,mp:train
train,sample_000944.npz,/home/zzy/TrajectoryPlanning/distill/data/benchmark/mp/train/sample_001793.npz,mp,alternating_gaps,U,mp_alternating_gaps,medium,medium,0,mp:train
train,sample_000945.npz,/home/zzy/TrajectoryPlanning/distill/data/benchmark/mp/train/sample_001795.npz,mp,alternating_gaps,U,mp_alternating_gaps,medium,medium,0,mp:train
train,sample_000946.npz,/home/zzy/TrajectoryPlanning/distill/data/benchmark/mp/train/sample_001796.npz,mp,alternating_gaps,U,mp_alternating_gaps,medium,medium,0,mp:train
train,sample_000947.npz,/home/zzy/TrajectoryPlanning/distill/data/benchmark/mp/train/sample_001797.npz,mp,alternating_gaps,U,mp_alternating_gaps,medium,medium,0,mp:train
train,sample_000948.npz,/home/zzy/TrajectoryPlanning/distill/data/benchmark/mp/train/sample_001798.npz,mp,alternating_gaps,U,mp_alternating_gaps,medium,medium,0,mp:train
train,sample_000949.npz,/home/zzy/TrajectoryPlanning/distill/data/benchmark/mp/train/sample_001799.npz,mp,alternating_gaps,U,mp_alternating_gaps,medium,medium,0,mp:train
train,sample_000950.npz,/home/zzy/TrajectoryPlanning/distill/data/benchmark/mp/train/sample_001800.npz,mp,alternating_gaps,U,mp_alternating_gaps,medium,medium,0,mp:train
train,sample_000951.npz,/home/zzy/TrajectoryPlanning/distill/data/benchmark/mp/train/sample_001801.npz,mp,alternating_gaps,U,mp_alternating_gaps,medium,medium,0,mp:train
train,sample_000952.npz,/home/zzy/TrajectoryPlanning/distill/data/benchmark/mp/train/sample_001802.npz,mp,alternating_gaps,U,mp_alternating_gaps,medium,medium,0,mp:train
train,sample_000953.npz,/home/zzy/TrajectoryPlanning/distill/data/benchmark/mp/train/sample_001804.npz,mp,alternating_gaps,U,mp_alternating_gaps,medium,medium,0,mp:train
train,sample_000954.npz,/home/zzy/TrajectoryPlanning/distill/data/benchmark/mp/train/sample_001805.npz,mp,alternating_gaps,U,mp_alternating_gaps,medium,medium,0,mp:train
train,sample_000955.npz,/home/zzy/TrajectoryPlanning/distill/data/benchmark/mp/train/sample_001807.npz,mp,alternating_gaps,U,mp_alternating_gaps,medium,medium,0,mp:train
train,sample_000956.npz,/home/zzy/TrajectoryPlanning/distill/data/benchmark/mp/train/sample_001808.npz,mp,alternating_gaps,U,mp_alternating_gaps,medium,medium,0,mp:train
train,sample_000957.npz,/home/zzy/TrajectoryPlanning/distill/data/benchmark/mp/train/sample_001809.npz,mp,alternating_gaps,U,mp_alternating_gaps,medium,medium,0,mp:train
train,sample_000958.npz,/home/zzy/TrajectoryPlanning/distill/data/benchmark/mp/train/sample_001811.npz,mp,alternating_gaps,U,mp_alternating_gaps,medium,medium,0,mp:train
train,sample_000959.npz,/home/zzy/TrajectoryPlanning/distill/data/benchmark/mp/train/sample_001812.npz,mp,alternating_gaps,U,mp_alternating_gaps,medium,medium,0,mp:train
train,sample_000960.npz,/home/zzy/TrajectoryPlanning/distill/data/benchmark/mp/train/sample_001813.npz,mp,alternating_gaps,U,mp_alternating_gaps,medium,medium,0,mp:train
train,sample_000961.npz,/home/zzy/TrajectoryPlanning/distill/data/benchmark/mp/train/sample_001814.npz,mp,alternating_gaps,U,mp_alternating_gaps,medium,medium,0,mp:train
train,sample_000962.npz,/home/zzy/TrajectoryPlanning/distill/data/benchmark/mp/train/sample_001816.npz,mp,alternating_gaps,U,mp_alternating_gaps,medium,medium,0,mp:train
train,sample_000963.npz,/home/zzy/TrajectoryPlanning/distill/data/benchmark/mp/train/sample_001817.npz,mp,alternating_gaps,U,mp_alternating_gaps,medium,medium,0,mp:train
train,sample_000964.npz,/home/zzy/TrajectoryPlanning/distill/data/benchmark/mp/train/sample_001818.npz,mp,alternating_gaps,U,mp_alternating_gaps,medium,medium,0,mp:train
train,sample_000965.npz,/home/zzy/TrajectoryPlanning/distill/data/benchmark/mp/train/sample_001819.npz,mp,alternating_gaps,U,mp_alternating_gaps,medium,medium,0,mp:train
train,sample_000966.npz,/home/zzy/TrajectoryPlanning/distill/data/benchmark/mp/train/sample_001820.npz,mp,alternating_gaps,U,mp_alternating_gaps,medium,medium,0,mp:train
train,sample_000967.npz,/home/zzy/TrajectoryPlanning/distill/data/benchmark/mp/train/sample_001821.npz,mp,alternating_gaps,U,mp_alternating_gaps,medium,medium,0,mp:train
train,sample_000968.npz,/home/zzy/TrajectoryPlanning/distill/data/benchmark/mp/train/sample_001824.npz,mp,alternating_gaps,U,mp_alternating_gaps,medium,medium,0,mp:train
train,sample_000969.npz,/home/zzy/TrajectoryPlanning/distill/data/benchmark/mp/train/sample_001825.npz,mp,alternating_gaps,U,mp_alternating_gaps,medium,medium,0,mp:train
train,sample_000970.npz,/home/zzy/TrajectoryPlanning/distill/data/benchmark/mp/train/sample_001826.npz,mp,alternating_gaps,U,mp_alternating_gaps,medium,medium,0,mp:train
train,sample_000971.npz,/home/zzy/TrajectoryPlanning/distill/data/benchmark/mp/train/sample_001827.npz,mp,alternating_gaps,U,mp_alternating_gaps,medium,medium,0,mp:train
train,sample_000972.npz,/home/zzy/TrajectoryPlanning/distill/data/benchmark/mp/train/sample_001828.npz,mp,alternating_gaps,U,mp_alternating_gaps,medium,medium,0,mp:train
train,sample_000973.npz,/home/zzy/TrajectoryPlanning/distill/data/benchmark/mp/train/sample_001829.npz,mp,alternating_gaps,U,mp_alternating_gaps,medium,medium,0,mp:train
train,sample_000974.npz,/home/zzy/TrajectoryPlanning/distill/data/benchmark/mp/train/sample_001830.npz,mp,alternating_gaps,U,mp_alternating_gaps,medium,medium,0,mp:train
train,sample_000975.npz,/home/zzy/TrajectoryPlanning/distill/data/benchmark/mp/train/sample_001831.npz,mp,alternating_gaps,U,mp_alternating_gaps,medium,medium,0,mp:train
train,sample_000976.npz,/home/zzy/TrajectoryPlanning/distill/data/benchmark/mp/train/sample_001832.npz,mp,alternating_gaps,U,mp_alternating_gaps,medium,medium,0,mp:train
train,sample_000977.npz,/home/zzy/TrajectoryPlanning/distill/data/benchmark/mp/train/sample_001833.npz,mp,alternating_gaps,U,mp_alternating_gaps,medium,medium,0,mp:train
train,sample_000978.npz,/home/zzy/TrajectoryPlanning/distill/data/benchmark/mp/train/sample_001834.npz,mp,alternating_gaps,U,mp_alternating_gaps,medium,medium,0,mp:train
train,sample_000979.npz,/home/zzy/TrajectoryPlanning/distill/data/benchmark/mp/train/sample_001835.npz,mp,alternating_gaps,U,mp_alternating_gaps,medium,medium,0,mp:train
train,sample_000980.npz,/home/zzy/TrajectoryPlanning/distill/data/benchmark/mp/train/sample_001836.npz,mp,alternating_gaps,U,mp_alternating_gaps,medium,medium,0,mp:train
train,sample_000981.npz,/home/zzy/TrajectoryPlanning/distill/data/benchmark/mp/train/sample_001837.npz,mp,alternating_gaps,U,mp_alternating_gaps,medium,medium,0,mp:train
train,sample_000982.npz,/home/zzy/TrajectoryPlanning/distill/data/benchmark/mp/train/sample_001838.npz,mp,alternating_gaps,U,mp_alternating_gaps,medium,medium,0,mp:train
train,sample_000983.npz,/home/zzy/TrajectoryPlanning/distill/data/benchmark/mp/train/sample_001840.npz,mp,alternating_gaps,U,mp_alternating_gaps,medium,medium,0,mp:train
train,sample_000984.npz,/home/zzy/TrajectoryPlanning/distill/data/benchmark/mp/train/sample_001841.npz,mp,alternating_gaps,U,mp_alternating_gaps,medium,medium,0,mp:train
train,sample_000985.npz,/home/zzy/TrajectoryPlanning/distill/data/benchmark/mp/train/sample_001842.npz,mp,alternating_gaps,U,mp_alternating_gaps,medium,medium,0,mp:train
train,sample_000986.npz,/home/zzy/TrajectoryPlanning/distill/data/benchmark/mp/train/sample_001844.npz,mp,alternating_gaps,U,mp_alternating_gaps,medium,medium,0,mp:train
train,sample_000987.npz,/home/zzy/TrajectoryPlanning/distill/data/benchmark/mp/train/sample_001846.npz,mp,alternating_gaps,U,mp_alternating_gaps,medium,medium,0,mp:train
train,sample_000988.npz,/home/zzy/TrajectoryPlanning/distill/data/benchmark/mp/train/sample_001847.npz,mp,alternating_gaps,U,mp_alternating_gaps,medium,medium,0,mp:train
train,sample_000989.npz,/home/zzy/TrajectoryPlanning/distill/data/benchmark/mp/train/sample_001849.npz,mp,alternating_gaps,U,mp_alternating_gaps,medium,medium,0,mp:train
train,sample_000990.npz,/home/zzy/TrajectoryPlanning/distill/data/benchmark/mp/train/sample_001851.npz,mp,alternating_gaps,U,mp_alternating_gaps,medium,medium,0,mp:train
train,sample_000991.npz,/home/zzy/TrajectoryPlanning/distill/data/benchmark/mp/train/sample_001852.npz,mp,alternating_gaps,U,mp_alternating_gaps,medium,medium,0,mp:train
train,sample_000992.npz,/home/zzy/TrajectoryPlanning/distill/data/benchmark/mp/train/sample_001853.npz,mp,alternating_gaps,U,mp_alternating_gaps,medium,medium,0,mp:train
train,sample_000993.npz,/home/zzy/TrajectoryPlanning/distill/data/benchmark/mp/train/sample_001854.npz,mp,alternating_gaps,U,mp_alternating_gaps,medium,medium,0,mp:train
train,sample_000994.npz,/home/zzy/TrajectoryPlanning/distill/data/benchmark/mp/train/sample_001855.npz,mp,alternating_gaps,U,mp_alternating_gaps,medium,medium,0,mp:train
train,sample_000995.npz,/home/zzy/TrajectoryPlanning/distill/data/benchmark/mp/train/sample_001856.npz,mp,alternating_gaps,U,mp_alternating_gaps,medium,medium,0,mp:train
train,sample_000996.npz,/home/zzy/TrajectoryPlanning/distill/data/benchmark/mp/train/sample_001857.npz,mp,alternating_gaps,U,mp_alternating_gaps,medium,medium,0,mp:train
train,sample_000997.npz,/home/zzy/TrajectoryPlanning/distill/data/benchmark/mp/train/sample_001859.npz,mp,alternating_gaps,U,mp_alternating_gaps,medium,medium,0,mp:train
train,sample_000998.npz,/home/zzy/TrajectoryPlanning/distill/data/benchmark/mp/train/sample_001860.npz,mp,alternating_gaps,U,mp_alternating_gaps,medium,medium,0,mp:train
train,sample_000999.npz,/home/zzy/TrajectoryPlanning/distill/data/benchmark/mp/train/sample_001861.npz,mp,alternating_gaps,U,mp_alternating_gaps,medium,medium,0,mp:train
train,sample_001000.npz,/home/zzy/TrajectoryPlanning/distill/data/benchmark/mp/train/sample_001862.npz,mp,alternating_gaps,U,mp_alternating_gaps,medium,medium,0,mp:train
train,sample_001001.npz,/home/zzy/TrajectoryPlanning/distill/data/benchmark/mp/train/sample_001863.npz,mp,alternating_gaps,U,mp_alternating_gaps,medium,medium,0,mp:train
train,sample_001002.npz,/home/zzy/TrajectoryPlanning/distill/data/benchmark/mp/train/sample_001864.npz,mp,alternating_gaps,U,mp_alternating_gaps,medium,medium,0,mp:train
train,sample_001003.npz,/home/zzy/TrajectoryPlanning/distill/data/benchmark/mp/train/sample_001865.npz,mp,alternating_gaps,U,mp_alternating_gaps,medium,medium,0,mp:train
train,sample_001004.npz,/home/zzy/TrajectoryPlanning/distill/data/benchmark/mp/train/sample_001866.npz,mp,alternating_gaps,U,mp_alternating_gaps,medium,medium,0,mp:train
train,sample_001005.npz,/home/zzy/TrajectoryPlanning/distill/data/benchmark/mp/train/sample_001867.npz,mp,alternating_gaps,U,mp_alternating_gaps,medium,medium,0,mp:train
train,sample_001006.npz,/home/zzy/TrajectoryPlanning/distill/data/benchmark/mp/train/sample_001868.npz,mp,alternating_gaps,U,mp_alternating_gaps,medium,medium,0,mp:train
train,sample_001007.npz,/home/zzy/TrajectoryPlanning/distill/data/benchmark/mp/train/sample_001869.npz,mp,alternating_gaps,U,mp_alternating_gaps,medium,medium,0,mp:train
train,sample_001008.npz,/home/zzy/TrajectoryPlanning/distill/data/benchmark/mp/train/sample_001870.npz,mp,alternating_gaps,U,mp_alternating_gaps,medium,medium,0,mp:train
train,sample_001009.npz,/home/zzy/TrajectoryPlanning/distill/data/benchmark/mp/train/sample_001871.npz,mp,alternating_gaps,U,mp_alternating_gaps,medium,medium,0,mp:train
train,sample_001010.npz,/home/zzy/TrajectoryPlanning/distill/data/benchmark/mp/train/sample_001872.npz,mp,alternating_gaps,U,mp_alternating_gaps,medium,medium,0,mp:train
train,sample_001011.npz,/home/zzy/TrajectoryPlanning/distill/data/benchmark/mp/train/sample_001873.npz,mp,alternating_gaps,U,mp_alternating_gaps,medium,medium,0,mp:train
train,sample_001012.npz,/home/zzy/TrajectoryPlanning/distill/data/benchmark/mp/train/sample_001876.npz,mp,alternating_gaps,U,mp_alternating_gaps,medium,medium,0,mp:train
train,sample_001013.npz,/home/zzy/TrajectoryPlanning/distill/data/benchmark/mp/train/sample_001878.npz,mp,alternating_gaps,U,mp_alternating_gaps,medium,medium,0,mp:train
train,sample_001014.npz,/home/zzy/TrajectoryPlanning/distill/data/benchmark/mp/train/sample_001879.npz,mp,alternating_gaps,U,mp_alternating_gaps,medium,medium,0,mp:train
train,sample_001015.npz,/home/zzy/TrajectoryPlanning/distill/data/benchmark/mp/train/sample_001880.npz,mp,alternating_gaps,U,mp_alternating_gaps,medium,medium,0,mp:train
train,sample_001016.npz,/home/zzy/TrajectoryPlanning/distill/data/benchmark/mp/train/sample_001882.npz,mp,alternating_gaps,U,mp_alternating_gaps,medium,medium,0,mp:train
train,sample_001017.npz,/home/zzy/TrajectoryPlanning/distill/data/benchmark/mp/train/sample_001883.npz,mp,alternating_gaps,U,mp_alternating_gaps,medium,medium,0,mp:train
train,sample_001018.npz,/home/zzy/TrajectoryPlanning/distill/data/benchmark/mp/train/sample_001884.npz,mp,alternating_gaps,U,mp_alternating_gaps,medium,medium,0,mp:train
train,sample_001019.npz,/home/zzy/TrajectoryPlanning/distill/data/benchmark/mp/train/sample_001885.npz,mp,alternating_gaps,U,mp_alternating_gaps,medium,medium,0,mp:train
train,sample_001020.npz,/home/zzy/TrajectoryPlanning/distill/data/benchmark/mp/train/sample_001886.npz,mp,alternating_gaps,U,mp_alternating_gaps,medium,medium,0,mp:train
train,sample_001021.npz,/home/zzy/TrajectoryPlanning/distill/data/benchmark/mp/train/sample_001888.npz,mp,alternating_gaps,U,mp_alternating_gaps,medium,medium,0,mp:train
train,sample_001022.npz,/home/zzy/TrajectoryPlanning/distill/data/benchmark/mp/train/sample_001889.npz,mp,alternating_gaps,U,mp_alternating_gaps,medium,medium,0,mp:train
train,sample_001023.npz,/home/zzy/TrajectoryPlanning/distill/data/benchmark/mp/train/sample_001890.npz,mp,alternating_gaps,U,mp_alternating_gaps,medium,medium,0,mp:train
train,sample_001024.npz,/home/zzy/TrajectoryPlanning/distill/data/benchmark/mp/train/sample_001891.npz,mp,alternating_gaps,U,mp_alternating_gaps,medium,medium,0,mp:train
train,sample_001025.npz,/home/zzy/TrajectoryPlanning/distill/data/benchmark/mp/train/sample_001894.npz,mp,alternating_gaps,U,mp_alternating_gaps,medium,medium,0,mp:train
train,sample_001026.npz,/home/zzy/TrajectoryPlanning/distill/data/benchmark/mp/train/sample_001895.npz,mp,alternating_gaps,U,mp_alternating_gaps,medium,medium,0,mp:train
train,sample_001027.npz,/home/zzy/TrajectoryPlanning/distill/data/benchmark/mp/train/sample_001896.npz,mp,alternating_gaps,U,mp_alternating_gaps,medium,medium,0,mp:train
train,sample_001028.npz,/home/zzy/TrajectoryPlanning/distill/data/benchmark/mp/train/sample_001897.npz,mp,alternating_gaps,U,mp_alternating_gaps,medium,medium,0,mp:train
train,sample_001029.npz,/home/zzy/TrajectoryPlanning/distill/data/benchmark/mp/train/sample_001898.npz,mp,alternating_gaps,U,mp_alternating_gaps,medium,medium,0,mp:train
train,sample_001030.npz,/home/zzy/TrajectoryPlanning/distill/data/benchmark/mp/train/sample_001899.npz,mp,alternating_gaps,U,mp_alternating_gaps,medium,medium,0,mp:train
train,sample_001031.npz,/home/zzy/TrajectoryPlanning/distill/data/benchmark/mp/train/sample_001900.npz,mp,alternating_gaps,U,mp_alternating_gaps,medium,medium,0,mp:train
train,sample_001032.npz,/home/zzy/TrajectoryPlanning/distill/data/benchmark/mp/train/sample_001901.npz,mp,alternating_gaps,U,mp_alternating_gaps,medium,medium,0,mp:train
train,sample_001033.npz,/home/zzy/TrajectoryPlanning/distill/data/benchmark/mp/train/sample_001902.npz,mp,alternating_gaps,U,mp_alternating_gaps,medium,medium,0,mp:train
train,sample_001034.npz,/home/zzy/TrajectoryPlanning/distill/data/benchmark/mp/train/sample_001903.npz,mp,alternating_gaps,U,mp_alternating_gaps,medium,medium,0,mp:train
train,sample_001035.npz,/home/zzy/TrajectoryPlanning/distill/data/benchmark/mp/train/sample_001904.npz,mp,alternating_gaps,U,mp_alternating_gaps,medium,medium,0,mp:train
train,sample_001036.npz,/home/zzy/TrajectoryPlanning/distill/data/benchmark/mp/train/sample_001905.npz,mp,alternating_gaps,U,mp_alternating_gaps,medium,medium,0,mp:train
train,sample_001037.npz,/home/zzy/TrajectoryPlanning/distill/data/benchmark/mp/train/sample_001907.npz,mp,alternating_gaps,U,mp_alternating_gaps,medium,medium,0,mp:train
train,sample_001038.npz,/home/zzy/TrajectoryPlanning/distill/data/benchmark/mp/train/sample_001908.npz,mp,alternating_gaps,U,mp_alternating_gaps,medium,medium,0,mp:train
train,sample_001039.npz,/home/zzy/TrajectoryPlanning/distill/data/benchmark/mp/train/sample_001910.npz,mp,alternating_gaps,U,mp_alternating_gaps,medium,medium,0,mp:train
train,sample_001040.npz,/home/zzy/TrajectoryPlanning/distill/data/benchmark/mp/train/sample_001911.npz,mp,alternating_gaps,U,mp_alternating_gaps,medium,medium,0,mp:train
train,sample_001041.npz,/home/zzy/TrajectoryPlanning/distill/data/benchmark/mp/train/sample_001912.npz,mp,alternating_gaps,U,mp_alternating_gaps,medium,medium,0,mp:train
train,sample_001042.npz,/home/zzy/TrajectoryPlanning/distill/data/benchmark/mp/train/sample_001913.npz,mp,alternating_gaps,U,mp_alternating_gaps,medium,medium,0,mp:train
train,sample_001043.npz,/home/zzy/TrajectoryPlanning/distill/data/benchmark/mp/train/sample_001914.npz,mp,alternating_gaps,U,mp_alternating_gaps,medium,medium,0,mp:train
train,sample_001044.npz,/home/zzy/TrajectoryPlanning/distill/data/benchmark/mp/train/sample_001915.npz,mp,alternating_gaps,U,mp_alternating_gaps,medium,medium,0,mp:train
train,sample_001045.npz,/home/zzy/TrajectoryPlanning/distill/data/benchmark/mp/train/sample_001916.npz,mp,alternating_gaps,U,mp_alternating_gaps,medium,medium,0,mp:train
train,sample_001046.npz,/home/zzy/TrajectoryPlanning/distill/data/benchmark/mp/train/sample_001917.npz,mp,alternating_gaps,U,mp_alternating_gaps,medium,medium,0,mp:train
train,sample_001047.npz,/home/zzy/TrajectoryPlanning/distill/data/benchmark/mp/train/sample_001918.npz,mp,alternating_gaps,U,mp_alternating_gaps,medium,medium,0,mp:train
train,sample_001048.npz,/home/zzy/TrajectoryPlanning/distill/data/benchmark/mp/train/sample_001919.npz,mp,alternating_gaps,U,mp_alternating_gaps,medium,medium,0,mp:train
train,sample_001049.npz,/home/zzy/TrajectoryPlanning/distill/data/benchmark/mp/train/sample_001920.npz,mp,alternating_gaps,U,mp_alternating_gaps,medium,medium,0,mp:train
train,sample_001050.npz,/home/zzy/TrajectoryPlanning/distill/data/benchmark/mp/train/sample_001921.npz,mp,alternating_gaps,U,mp_alternating_gaps,medium,medium,0,mp:train
train,sample_001051.npz,/home/zzy/TrajectoryPlanning/distill/data/benchmark/mp/train/sample_001922.npz,mp,alternating_gaps,U,mp_alternating_gaps,medium,medium,0,mp:train
train,sample_001052.npz,/home/zzy/TrajectoryPlanning/distill/data/benchmark/mp/train/sample_001923.npz,mp,alternating_gaps,U,mp_alternating_gaps,medium,medium,0,mp:train
train,sample_001053.npz,/home/zzy/TrajectoryPlanning/distill/data/benchmark/mp/train/sample_001924.npz,mp,alternating_gaps,U,mp_alternating_gaps,medium,medium,0,mp:train
train,sample_001054.npz,/home/zzy/TrajectoryPlanning/distill/data/benchmark/mp/train/sample_001927.npz,mp,alternating_gaps,U,mp_alternating_gaps,medium,medium,0,mp:train
train,sample_001055.npz,/home/zzy/TrajectoryPlanning/distill/data/benchmark/mp/train/sample_001929.npz,mp,alternating_gaps,U,mp_alternating_gaps,medium,medium,0,mp:train
train,sample_001056.npz,/home/zzy/TrajectoryPlanning/distill/data/benchmark/mp/train/sample_001930.npz,mp,alternating_gaps,U,mp_alternating_gaps,medium,medium,0,mp:train
train,sample_001057.npz,/home/zzy/TrajectoryPlanning/distill/data/benchmark/mp/train/sample_001931.npz,mp,alternating_gaps,U,mp_alternating_gaps,medium,medium,0,mp:train
train,sample_001058.npz,/home/zzy/TrajectoryPlanning/distill/data/benchmark/mp/train/sample_001932.npz,mp,alternating_gaps,U,mp_alternating_gaps,medium,medium,0,mp:train
train,sample_001059.npz,/home/zzy/TrajectoryPlanning/distill/data/benchmark/mp/train/sample_001935.npz,mp,alternating_gaps,U,mp_alternating_gaps,medium,medium,0,mp:train
train,sample_001060.npz,/home/zzy/TrajectoryPlanning/distill/data/benchmark/mp/train/sample_001936.npz,mp,alternating_gaps,U,mp_alternating_gaps,medium,medium,0,mp:train
train,sample_001061.npz,/home/zzy/TrajectoryPlanning/distill/data/benchmark/mp/train/sample_001937.npz,mp,alternating_gaps,U,mp_alternating_gaps,medium,medium,0,mp:train
train,sample_001062.npz,/home/zzy/TrajectoryPlanning/distill/data/benchmark/mp/train/sample_001938.npz,mp,alternating_gaps,U,mp_alternating_gaps,medium,medium,0,mp:train
train,sample_001063.npz,/home/zzy/TrajectoryPlanning/distill/data/benchmark/mp/train/sample_001939.npz,mp,alternating_gaps,U,mp_alternating_gaps,medium,medium,0,mp:train
train,sample_001064.npz,/home/zzy/TrajectoryPlanning/distill/data/benchmark/mp/train/sample_001940.npz,mp,alternating_gaps,U,mp_alternating_gaps,medium,medium,0,mp:train
train,sample_001065.npz,/home/zzy/TrajectoryPlanning/distill/data/benchmark/mp/train/sample_001941.npz,mp,alternating_gaps,U,mp_alternating_gaps,medium,medium,0,mp:train
train,sample_001066.npz,/home/zzy/TrajectoryPlanning/distill/data/benchmark/mp/train/sample_001942.npz,mp,alternating_gaps,U,mp_alternating_gaps,medium,medium,0,mp:train
train,sample_001067.npz,/home/zzy/TrajectoryPlanning/distill/data/benchmark/mp/train/sample_001943.npz,mp,alternating_gaps,U,mp_alternating_gaps,medium,medium,0,mp:train
train,sample_001068.npz,/home/zzy/TrajectoryPlanning/distill/data/benchmark/mp/train/sample_001944.npz,mp,alternating_gaps,U,mp_alternating_gaps,medium,medium,0,mp:train
train,sample_001069.npz,/home/zzy/TrajectoryPlanning/distill/data/benchmark/mp/train/sample_001945.npz,mp,alternating_gaps,U,mp_alternating_gaps,medium,medium,0,mp:train
train,sample_001070.npz,/home/zzy/TrajectoryPlanning/distill/data/benchmark/mp/train/sample_001949.npz,mp,alternating_gaps,U,mp_alternating_gaps,medium,medium,0,mp:train
train,sample_001071.npz,/home/zzy/TrajectoryPlanning/distill/data/benchmark/mp/train/sample_001950.npz,mp,alternating_gaps,U,mp_alternating_gaps,medium,medium,0,mp:train
train,sample_001072.npz,/home/zzy/TrajectoryPlanning/distill/data/benchmark/mp/train/sample_001952.npz,mp,alternating_gaps,U,mp_alternating_gaps,medium,medium,0,mp:train
train,sample_001073.npz,/home/zzy/TrajectoryPlanning/distill/data/benchmark/mp/train/sample_001953.npz,mp,alternating_gaps,U,mp_alternating_gaps,medium,medium,0,mp:train
train,sample_001074.npz,/home/zzy/TrajectoryPlanning/distill/data/benchmark/mp/train/sample_001954.npz,mp,alternating_gaps,U,mp_alternating_gaps,medium,medium,0,mp:train
train,sample_001075.npz,/home/zzy/TrajectoryPlanning/distill/data/benchmark/mp/train/sample_001955.npz,mp,alternating_gaps,U,mp_alternating_gaps,medium,medium,0,mp:train
train,sample_001076.npz,/home/zzy/TrajectoryPlanning/distill/data/benchmark/mp/train/sample_001956.npz,mp,alternating_gaps,U,mp_alternating_gaps,medium,medium,0,mp:train
train,sample_001077.npz,/home/zzy/TrajectoryPlanning/distill/data/benchmark/mp/train/sample_001957.npz,mp,alternating_gaps,U,mp_alternating_gaps,medium,medium,0,mp:train
train,sample_001078.npz,/home/zzy/TrajectoryPlanning/distill/data/benchmark/mp/train/sample_001958.npz,mp,alternating_gaps,U,mp_alternating_gaps,medium,medium,0,mp:train
train,sample_001079.npz,/home/zzy/TrajectoryPlanning/distill/data/benchmark/mp/train/sample_001959.npz,mp,alternating_gaps,U,mp_alternating_gaps,medium,medium,0,mp:train
train,sample_001080.npz,/home/zzy/TrajectoryPlanning/distill/data/benchmark/mp/train/sample_001960.npz,mp,alternating_gaps,U,mp_alternating_gaps,medium,medium,0,mp:train
train,sample_001081.npz,/home/zzy/TrajectoryPlanning/distill/data/benchmark/mp/train/sample_001961.npz,mp,alternating_gaps,U,mp_alternating_gaps,medium,medium,0,mp:train
train,sample_001082.npz,/home/zzy/TrajectoryPlanning/distill/data/benchmark/mp/train/sample_001963.npz,mp,alternating_gaps,U,mp_alternating_gaps,medium,medium,0,mp:train
train,sample_001083.npz,/home/zzy/TrajectoryPlanning/distill/data/benchmark/mp/train/sample_001964.npz,mp,alternating_gaps,U,mp_alternating_gaps,medium,medium,0,mp:train
train,sample_001084.npz,/home/zzy/TrajectoryPlanning/distill/data/benchmark/mp/train/sample_001965.npz,mp,alternating_gaps,U,mp_alternating_gaps,medium,medium,0,mp:train
train,sample_001085.npz,/home/zzy/TrajectoryPlanning/distill/data/benchmark/mp/train/sample_001966.npz,mp,alternating_gaps,U,mp_alternating_gaps,medium,medium,0,mp:train
train,sample_001086.npz,/home/zzy/TrajectoryPlanning/distill/data/benchmark/mp/train/sample_001967.npz,mp,alternating_gaps,U,mp_alternating_gaps,medium,medium,0,mp:train
train,sample_001087.npz,/home/zzy/TrajectoryPlanning/distill/data/benchmark/mp/train/sample_001968.npz,mp,alternating_gaps,U,mp_alternating_gaps,medium,medium,0,mp:train
train,sample_001088.npz,/home/zzy/TrajectoryPlanning/distill/data/benchmark/mp/train/sample_001969.npz,mp,alternating_gaps,U,mp_alternating_gaps,medium,medium,0,mp:train
train,sample_001089.npz,/home/zzy/TrajectoryPlanning/distill/data/benchmark/mp/train/sample_001970.npz,mp,alternating_gaps,U,mp_alternating_gaps,medium,medium,0,mp:train
train,sample_001090.npz,/home/zzy/TrajectoryPlanning/distill/data/benchmark/mp/train/sample_001971.npz,mp,alternating_gaps,U,mp_alternating_gaps,medium,medium,0,mp:train
train,sample_001091.npz,/home/zzy/TrajectoryPlanning/distill/data/benchmark/mp/train/sample_001972.npz,mp,alternating_gaps,U,mp_alternating_gaps,medium,medium,0,mp:train
train,sample_001092.npz,/home/zzy/TrajectoryPlanning/distill/data/benchmark/mp/train/sample_001973.npz,mp,alternating_gaps,U,mp_alternating_gaps,medium,medium,0,mp:train
train,sample_001093.npz,/home/zzy/TrajectoryPlanning/distill/data/benchmark/mp/train/sample_001974.npz,mp,alternating_gaps,U,mp_alternating_gaps,medium,medium,0,mp:train
train,sample_001094.npz,/home/zzy/TrajectoryPlanning/distill/data/benchmark/mp/train/sample_001975.npz,mp,alternating_gaps,U,mp_alternating_gaps,medium,medium,0,mp:train
train,sample_001095.npz,/home/zzy/TrajectoryPlanning/distill/data/benchmark/mp/train/sample_001976.npz,mp,alternating_gaps,U,mp_alternating_gaps,medium,medium,0,mp:train
train,sample_001096.npz,/home/zzy/TrajectoryPlanning/distill/data/benchmark/mp/train/sample_001978.npz,mp,alternating_gaps,U,mp_alternating_gaps,medium,medium,0,mp:train
train,sample_001097.npz,/home/zzy/TrajectoryPlanning/distill/data/benchmark/mp/train/sample_001980.npz,mp,alternating_gaps,U,mp_alternating_gaps,medium,medium,0,mp:train
train,sample_001098.npz,/home/zzy/TrajectoryPlanning/distill/data/benchmark/mp/train/sample_001981.npz,mp,alternating_gaps,U,mp_alternating_gaps,medium,medium,0,mp:train
train,sample_001099.npz,/home/zzy/TrajectoryPlanning/distill/data/benchmark/mp/train/sample_001982.npz,mp,alternating_gaps,U,mp_alternating_gaps,medium,medium,0,mp:train
train,sample_001100.npz,/home/zzy/TrajectoryPlanning/distill/data/benchmark/mp/train/sample_001983.npz,mp,alternating_gaps,U,mp_alternating_gaps,medium,medium,0,mp:train
train,sample_001101.npz,/home/zzy/TrajectoryPlanning/distill/data/benchmark/mp/train/sample_001984.npz,mp,alternating_gaps,U,mp_alternating_gaps,medium,medium,0,mp:train
train,sample_001102.npz,/home/zzy/TrajectoryPlanning/distill/data/benchmark/mp/train/sample_001985.npz,mp,alternating_gaps,U,mp_alternating_gaps,medium,medium,0,mp:train
train,sample_001103.npz,/home/zzy/TrajectoryPlanning/distill/data/benchmark/mp/train/sample_001986.npz,mp,alternating_gaps,U,mp_alternating_gaps,medium,medium,0,mp:train
train,sample_001104.npz,/home/zzy/TrajectoryPlanning/distill/data/benchmark/mp/train/sample_001987.npz,mp,alternating_gaps,U,mp_alternating_gaps,medium,medium,0,mp:train
train,sample_001105.npz,/home/zzy/TrajectoryPlanning/distill/data/benchmark/mp/train/sample_001988.npz,mp,alternating_gaps,U,mp_alternating_gaps,medium,medium,0,mp:train
train,sample_001106.npz,/home/zzy/TrajectoryPlanning/distill/data/benchmark/mp/train/sample_001989.npz,mp,alternating_gaps,U,mp_alternating_gaps,medium,medium,0,mp:train
train,sample_001107.npz,/home/zzy/TrajectoryPlanning/distill/data/benchmark/mp/train/sample_001990.npz,mp,alternating_gaps,U,mp_alternating_gaps,medium,medium,0,mp:train
train,sample_001108.npz,/home/zzy/TrajectoryPlanning/distill/data/benchmark/mp/train/sample_001992.npz,mp,alternating_gaps,U,mp_alternating_gaps,medium,medium,0,mp:train
train,sample_001109.npz,/home/zzy/TrajectoryPlanning/distill/data/benchmark/mp/train/sample_001993.npz,mp,alternating_gaps,U,mp_alternating_gaps,medium,medium,0,mp:train
train,sample_001110.npz,/home/zzy/TrajectoryPlanning/distill/data/benchmark/mp/train/sample_001994.npz,mp,alternating_gaps,U,mp_alternating_gaps,medium,medium,0,mp:train
train,sample_001111.npz,/home/zzy/TrajectoryPlanning/distill/data/benchmark/mp/train/sample_001996.npz,mp,alternating_gaps,U,mp_alternating_gaps,medium,medium,0,mp:train
train,sample_001112.npz,/home/zzy/TrajectoryPlanning/distill/data/benchmark/mp/train/sample_001997.npz,mp,alternating_gaps,U,mp_alternating_gaps,medium,medium,0,mp:train
train,sample_001113.npz,/home/zzy/TrajectoryPlanning/distill/data/benchmark/mp/train/sample_001998.npz,mp,alternating_gaps,U,mp_alternating_gaps,medium,medium,0,mp:train
train,sample_001114.npz,/home/zzy/TrajectoryPlanning/distill/data/benchmark/mp/train/sample_001999.npz,mp,alternating_gaps,U,mp_alternating_gaps,medium,medium,0,mp:train
train,sample_001115.npz,/home/zzy/TrajectoryPlanning/distill/data/benchmark/mp/train/sample_002000.npz,mp,alternating_gaps,U,mp_alternating_gaps,medium,medium,0,mp:train
train,sample_001116.npz,/home/zzy/TrajectoryPlanning/distill/data/benchmark/mp/train/sample_002001.npz,mp,alternating_gaps,U,mp_alternating_gaps,medium,medium,0,mp:train
train,sample_001117.npz,/home/zzy/TrajectoryPlanning/distill/data/benchmark/mp/train/sample_002002.npz,mp,alternating_gaps,U,mp_alternating_gaps,medium,medium,0,mp:train
train,sample_001118.npz,/home/zzy/TrajectoryPlanning/distill/data/benchmark/mp/train/sample_002003.npz,mp,alternating_gaps,U,mp_alternating_gaps,medium,medium,0,mp:train
train,sample_001119.npz,/home/zzy/TrajectoryPlanning/distill/data/benchmark/mp/train/sample_002004.npz,mp,alternating_gaps,U,mp_alternating_gaps,medium,medium,0,mp:train
train,sample_001120.npz,/home/zzy/TrajectoryPlanning/distill/data/benchmark/mp/train/sample_002005.npz,mp,alternating_gaps,U,mp_alternating_gaps,medium,medium,0,mp:train
train,sample_001121.npz,/home/zzy/TrajectoryPlanning/distill/data/benchmark/mp/train/sample_002007.npz,mp,alternating_gaps,U,mp_alternating_gaps,medium,medium,0,mp:train
train,sample_001122.npz,/home/zzy/TrajectoryPlanning/distill/data/benchmark/mp/train/sample_002008.npz,mp,alternating_gaps,U,mp_alternating_gaps,medium,medium,0,mp:train
train,sample_001123.npz,/home/zzy/TrajectoryPlanning/distill/data/benchmark/mp/train/sample_002009.npz,mp,alternating_gaps,U,mp_alternating_gaps,medium,medium,0,mp:train
train,sample_001124.npz,/home/zzy/TrajectoryPlanning/distill/data/benchmark/mp/train/sample_002011.npz,mp,alternating_gaps,U,mp_alternating_gaps,medium,medium,0,mp:train
train,sample_001125.npz,/home/zzy/TrajectoryPlanning/distill/data/benchmark/mp/train/sample_002012.npz,mp,alternating_gaps,U,mp_alternating_gaps,medium,medium,0,mp:train
train,sample_001126.npz,/home/zzy/TrajectoryPlanning/distill/data/benchmark/mp/train/sample_002013.npz,mp,alternating_gaps,U,mp_alternating_gaps,medium,medium,0,mp:train
train,sample_001127.npz,/home/zzy/TrajectoryPlanning/distill/data/benchmark/mp/train/sample_002014.npz,mp,alternating_gaps,U,mp_alternating_gaps,medium,medium,0,mp:train
train,sample_001128.npz,/home/zzy/TrajectoryPlanning/distill/data/benchmark/mp/train/sample_002015.npz,mp,alternating_gaps,U,mp_alternating_gaps,medium,medium,0,mp:train
train,sample_001129.npz,/home/zzy/TrajectoryPlanning/distill/data/benchmark/mp/train/sample_002016.npz,mp,alternating_gaps,U,mp_alternating_gaps,medium,medium,0,mp:train
train,sample_001130.npz,/home/zzy/TrajectoryPlanning/distill/data/benchmark/mp/train/sample_002017.npz,mp,alternating_gaps,U,mp_alternating_gaps,medium,medium,0,mp:train
train,sample_001131.npz,/home/zzy/TrajectoryPlanning/distill/data/benchmark/mp/train/sample_002018.npz,mp,alternating_gaps,U,mp_alternating_gaps,medium,medium,0,mp:train
train,sample_001132.npz,/home/zzy/TrajectoryPlanning/distill/data/benchmark/mp/train/sample_002019.npz,mp,alternating_gaps,U,mp_alternating_gaps,medium,medium,0,mp:train
train,sample_001133.npz,/home/zzy/TrajectoryPlanning/distill/data/benchmark/mp/train/sample_002020.npz,mp,alternating_gaps,U,mp_alternating_gaps,medium,medium,0,mp:train
train,sample_001134.npz,/home/zzy/TrajectoryPlanning/distill/data/benchmark/mp/train/sample_002021.npz,mp,alternating_gaps,U,mp_alternating_gaps,medium,medium,0,mp:train
train,sample_001135.npz,/home/zzy/TrajectoryPlanning/distill/data/benchmark/mp/train/sample_002022.npz,mp,alternating_gaps,U,mp_alternating_gaps,medium,medium,0,mp:train
train,sample_001136.npz,/home/zzy/TrajectoryPlanning/distill/data/benchmark/mp/train/sample_002023.npz,mp,alternating_gaps,U,mp_alternating_gaps,medium,medium,0,mp:train
train,sample_001137.npz,/home/zzy/TrajectoryPlanning/distill/data/benchmark/mp/train/sample_002025.npz,mp,alternating_gaps,U,mp_alternating_gaps,medium,medium,0,mp:train
train,sample_001138.npz,/home/zzy/TrajectoryPlanning/distill/data/benchmark/mp/train/sample_002026.npz,mp,alternating_gaps,U,mp_alternating_gaps,medium,medium,0,mp:train
train,sample_001139.npz,/home/zzy/TrajectoryPlanning/distill/data/benchmark/mp/train/sample_002027.npz,mp,alternating_gaps,U,mp_alternating_gaps,medium,medium,0,mp:train
train,sample_001140.npz,/home/zzy/TrajectoryPlanning/distill/data/benchmark/mp/train/sample_002028.npz,mp,alternating_gaps,U,mp_alternating_gaps,medium,medium,0,mp:train
train,sample_001141.npz,/home/zzy/TrajectoryPlanning/distill/data/benchmark/mp/train/sample_002029.npz,mp,alternating_gaps,U,mp_alternating_gaps,medium,medium,0,mp:train
train,sample_001142.npz,/home/zzy/TrajectoryPlanning/distill/data/benchmark/mp/train/sample_002030.npz,mp,alternating_gaps,U,mp_alternating_gaps,medium,medium,0,mp:train
train,sample_001143.npz,/home/zzy/TrajectoryPlanning/distill/data/benchmark/mp/train/sample_002031.npz,mp,alternating_gaps,U,mp_alternating_gaps,medium,medium,0,mp:train
train,sample_001144.npz,/home/zzy/TrajectoryPlanning/distill/data/benchmark/mp/train/sample_002032.npz,mp,alternating_gaps,U,mp_alternating_gaps,medium,medium,0,mp:train
train,sample_001145.npz,/home/zzy/TrajectoryPlanning/distill/data/benchmark/mp/train/sample_002033.npz,mp,alternating_gaps,U,mp_alternating_gaps,medium,medium,0,mp:train
train,sample_001146.npz,/home/zzy/TrajectoryPlanning/distill/data/benchmark/mp/train/sample_002034.npz,mp,alternating_gaps,U,mp_alternating_gaps,medium,medium,0,mp:train
train,sample_001147.npz,/home/zzy/TrajectoryPlanning/distill/data/benchmark/mp/train/sample_002036.npz,mp,alternating_gaps,U,mp_alternating_gaps,medium,medium,0,mp:train
train,sample_001148.npz,/home/zzy/TrajectoryPlanning/distill/data/benchmark/mp/train/sample_002037.npz,mp,alternating_gaps,U,mp_alternating_gaps,medium,medium,0,mp:train
train,sample_001149.npz,/home/zzy/TrajectoryPlanning/distill/data/benchmark/mp/train/sample_002038.npz,mp,alternating_gaps,U,mp_alternating_gaps,medium,medium,0,mp:train
train,sample_001150.npz,/home/zzy/TrajectoryPlanning/distill/data/benchmark/mp/train/sample_002042.npz,mp,alternating_gaps,U,mp_alternating_gaps,medium,medium,0,mp:train
train,sample_001151.npz,/home/zzy/TrajectoryPlanning/distill/data/benchmark/mp/train/sample_002043.npz,mp,alternating_gaps,U,mp_alternating_gaps,medium,medium,0,mp:train
train,sample_001152.npz,/home/zzy/TrajectoryPlanning/distill/data/benchmark/mp/train/sample_002044.npz,mp,alternating_gaps,U,mp_alternating_gaps,medium,medium,0,mp:train
train,sample_001153.npz,/home/zzy/TrajectoryPlanning/distill/data/benchmark/mp/train/sample_002045.npz,mp,alternating_gaps,U,mp_alternating_gaps,medium,medium,0,mp:train
train,sample_001154.npz,/home/zzy/TrajectoryPlanning/distill/data/benchmark/mp/train/sample_002046.npz,mp,alternating_gaps,U,mp_alternating_gaps,medium,medium,0,mp:train
train,sample_001155.npz,/home/zzy/TrajectoryPlanning/distill/data/benchmark/mp/train/sample_002047.npz,mp,alternating_gaps,U,mp_alternating_gaps,medium,medium,0,mp:train
train,sample_001156.npz,/home/zzy/TrajectoryPlanning/distill/data/benchmark/mp/train/sample_002048.npz,mp,alternating_gaps,U,mp_alternating_gaps,medium,medium,0,mp:train
train,sample_001157.npz,/home/zzy/TrajectoryPlanning/distill/data/benchmark/mp/train/sample_002049.npz,mp,alternating_gaps,U,mp_alternating_gaps,medium,medium,0,mp:train
train,sample_001158.npz,/home/zzy/TrajectoryPlanning/distill/data/benchmark/mp/train/sample_002050.npz,mp,alternating_gaps,U,mp_alternating_gaps,medium,medium,0,mp:train
train,sample_001159.npz,/home/zzy/TrajectoryPlanning/distill/data/benchmark/mp/train/sample_002051.npz,mp,alternating_gaps,U,mp_alternating_gaps,medium,medium,0,mp:train
train,sample_001160.npz,/home/zzy/TrajectoryPlanning/distill/data/benchmark/mp/train/sample_002052.npz,mp,alternating_gaps,U,mp_alternating_gaps,medium,medium,0,mp:train
train,sample_001161.npz,/home/zzy/TrajectoryPlanning/distill/data/benchmark/mp/train/sample_002053.npz,mp,alternating_gaps,U,mp_alternating_gaps,medium,medium,0,mp:train
train,sample_001162.npz,/home/zzy/TrajectoryPlanning/distill/data/benchmark/mp/train/sample_002054.npz,mp,alternating_gaps,U,mp_alternating_gaps,medium,medium,0,mp:train
train,sample_001163.npz,/home/zzy/TrajectoryPlanning/distill/data/benchmark/mp/train/sample_002055.npz,mp,alternating_gaps,U,mp_alternating_gaps,medium,medium,0,mp:train
train,sample_001164.npz,/home/zzy/TrajectoryPlanning/distill/data/benchmark/mp/train/sample_002057.npz,mp,alternating_gaps,U,mp_alternating_gaps,medium,medium,0,mp:train
train,sample_001165.npz,/home/zzy/TrajectoryPlanning/distill/data/benchmark/mp/train/sample_002058.npz,mp,alternating_gaps,U,mp_alternating_gaps,medium,medium,0,mp:train
train,sample_001166.npz,/home/zzy/TrajectoryPlanning/distill/data/benchmark/mp/train/sample_002059.npz,mp,alternating_gaps,U,mp_alternating_gaps,medium,medium,0,mp:train
train,sample_001167.npz,/home/zzy/TrajectoryPlanning/distill/data/benchmark/mp/train/sample_002060.npz,mp,alternating_gaps,U,mp_alternating_gaps,medium,medium,0,mp:train
train,sample_001168.npz,/home/zzy/TrajectoryPlanning/distill/data/benchmark/mp/train/sample_002061.npz,mp,alternating_gaps,U,mp_alternating_gaps,medium,medium,0,mp:train
train,sample_001169.npz,/home/zzy/TrajectoryPlanning/distill/data/benchmark/mp/train/sample_002062.npz,mp,alternating_gaps,U,mp_alternating_gaps,medium,medium,0,mp:train
train,sample_001170.npz,/home/zzy/TrajectoryPlanning/distill/data/benchmark/mp/train/sample_002063.npz,mp,alternating_gaps,U,mp_alternating_gaps,medium,medium,0,mp:train
train,sample_001171.npz,/home/zzy/TrajectoryPlanning/distill/data/benchmark/mp/train/sample_002065.npz,mp,alternating_gaps,U,mp_alternating_gaps,medium,medium,0,mp:train
train,sample_001172.npz,/home/zzy/TrajectoryPlanning/distill/data/benchmark/mp/train/sample_002066.npz,mp,alternating_gaps,U,mp_alternating_gaps,medium,medium,0,mp:train
train,sample_001173.npz,/home/zzy/TrajectoryPlanning/distill/data/benchmark/mp/train/sample_002067.npz,mp,alternating_gaps,U,mp_alternating_gaps,medium,medium,0,mp:train
train,sample_001174.npz,/home/zzy/TrajectoryPlanning/distill/data/benchmark/mp/train/sample_002069.npz,mp,alternating_gaps,U,mp_alternating_gaps,medium,medium,0,mp:train
train,sample_001175.npz,/home/zzy/TrajectoryPlanning/distill/data/benchmark/mp/train/sample_002070.npz,mp,alternating_gaps,U,mp_alternating_gaps,medium,medium,0,mp:train
train,sample_001176.npz,/home/zzy/TrajectoryPlanning/distill/data/benchmark/mp/train/sample_002071.npz,mp,alternating_gaps,U,mp_alternating_gaps,medium,medium,0,mp:train
train,sample_001177.npz,/home/zzy/TrajectoryPlanning/distill/data/benchmark/mp/train/sample_002072.npz,mp,alternating_gaps,U,mp_alternating_gaps,medium,medium,0,mp:train
train,sample_001178.npz,/home/zzy/TrajectoryPlanning/distill/data/benchmark/mp/train/sample_002075.npz,mp,alternating_gaps,U,mp_alternating_gaps,medium,medium,0,mp:train
train,sample_001179.npz,/home/zzy/TrajectoryPlanning/distill/data/benchmark/mp/train/sample_002076.npz,mp,alternating_gaps,U,mp_alternating_gaps,medium,medium,0,mp:train
train,sample_001180.npz,/home/zzy/TrajectoryPlanning/distill/data/benchmark/mp/train/sample_002077.npz,mp,alternating_gaps,U,mp_alternating_gaps,medium,medium,0,mp:train
train,sample_001181.npz,/home/zzy/TrajectoryPlanning/distill/data/benchmark/mp/train/sample_002079.npz,mp,alternating_gaps,U,mp_alternating_gaps,medium,medium,0,mp:train
train,sample_001182.npz,/home/zzy/TrajectoryPlanning/distill/data/benchmark/mp/train/sample_002080.npz,mp,alternating_gaps,U,mp_alternating_gaps,medium,medium,0,mp:train
train,sample_001183.npz,/home/zzy/TrajectoryPlanning/distill/data/benchmark/mp/train/sample_002081.npz,mp,alternating_gaps,U,mp_alternating_gaps,medium,medium,0,mp:train
train,sample_001184.npz,/home/zzy/TrajectoryPlanning/distill/data/benchmark/mp/train/sample_002083.npz,mp,alternating_gaps,U,mp_alternating_gaps,medium,medium,0,mp:train
train,sample_001185.npz,/home/zzy/TrajectoryPlanning/distill/data/benchmark/mp/train/sample_002084.npz,mp,alternating_gaps,U,mp_alternating_gaps,medium,medium,0,mp:train
train,sample_001186.npz,/home/zzy/TrajectoryPlanning/distill/data/benchmark/mp/train/sample_002085.npz,mp,alternating_gaps,U,mp_alternating_gaps,medium,medium,0,mp:train
train,sample_001187.npz,/home/zzy/TrajectoryPlanning/distill/data/benchmark/mp/train/sample_002086.npz,mp,alternating_gaps,U,mp_alternating_gaps,medium,medium,0,mp:train
train,sample_001188.npz,/home/zzy/TrajectoryPlanning/distill/data/benchmark/mp/train/sample_002088.npz,mp,alternating_gaps,U,mp_alternating_gaps,medium,medium,0,mp:train
train,sample_001189.npz,/home/zzy/TrajectoryPlanning/distill/data/benchmark/mp/train/sample_002089.npz,mp,alternating_gaps,U,mp_alternating_gaps,medium,medium,0,mp:train
train,sample_001190.npz,/home/zzy/TrajectoryPlanning/distill/data/benchmark/mp/train/sample_002090.npz,mp,alternating_gaps,U,mp_alternating_gaps,medium,medium,0,mp:train
train,sample_001191.npz,/home/zzy/TrajectoryPlanning/distill/data/benchmark/mp/train/sample_002091.npz,mp,alternating_gaps,U,mp_alternating_gaps,medium,medium,0,mp:train
train,sample_001192.npz,/home/zzy/TrajectoryPlanning/distill/data/benchmark/mp/train/sample_002092.npz,mp,alternating_gaps,U,mp_alternating_gaps,medium,medium,0,mp:train
train,sample_001193.npz,/home/zzy/TrajectoryPlanning/distill/data/benchmark/mp/train/sample_002093.npz,mp,alternating_gaps,U,mp_alternating_gaps,medium,medium,0,mp:train
train,sample_001194.npz,/home/zzy/TrajectoryPlanning/distill/data/benchmark/mp/train/sample_002094.npz,mp,alternating_gaps,U,mp_alternating_gaps,medium,medium,0,mp:train
train,sample_001195.npz,/home/zzy/TrajectoryPlanning/distill/data/benchmark/mp/train/sample_002095.npz,mp,alternating_gaps,U,mp_alternating_gaps,medium,medium,0,mp:train
train,sample_001196.npz,/home/zzy/TrajectoryPlanning/distill/data/benchmark/mp/train/sample_002096.npz,mp,alternating_gaps,U,mp_alternating_gaps,medium,medium,0,mp:train
train,sample_001197.npz,/home/zzy/TrajectoryPlanning/distill/data/benchmark/mp/train/sample_002097.npz,mp,alternating_gaps,U,mp_alternating_gaps,medium,medium,0,mp:train
train,sample_001198.npz,/home/zzy/TrajectoryPlanning/distill/data/benchmark/mp/train/sample_002099.npz,mp,alternating_gaps,U,mp_alternating_gaps,medium,medium,0,mp:train
train,sample_001199.npz,/home/zzy/TrajectoryPlanning/distill/data/benchmark/mp/train/sample_002100.npz,mp,alternating_gaps,U,mp_alternating_gaps,medium,medium,0,mp:train
train,sample_001200.npz,/home/zzy/TrajectoryPlanning/distill/data/benchmark/mp/train/sample_002101.npz,mp,alternating_gaps,U,mp_alternating_gaps,medium,medium,0,mp:train
train,sample_001201.npz,/home/zzy/TrajectoryPlanning/distill/data/benchmark/mp/train/sample_002103.npz,mp,alternating_gaps,U,mp_alternating_gaps,medium,medium,0,mp:train
train,sample_001202.npz,/home/zzy/TrajectoryPlanning/distill/data/benchmark/mp/train/sample_002105.npz,mp,alternating_gaps,U,mp_alternating_gaps,medium,medium,0,mp:train
train,sample_001203.npz,/home/zzy/TrajectoryPlanning/distill/data/benchmark/mp/train/sample_002106.npz,mp,alternating_gaps,U,mp_alternating_gaps,medium,medium,0,mp:train
train,sample_001204.npz,/home/zzy/TrajectoryPlanning/distill/data/benchmark/mp/train/sample_002107.npz,mp,alternating_gaps,U,mp_alternating_gaps,medium,medium,0,mp:train
train,sample_001205.npz,/home/zzy/TrajectoryPlanning/distill/data/benchmark/mp/train/sample_002109.npz,mp,alternating_gaps,U,mp_alternating_gaps,medium,medium,0,mp:train
train,sample_001206.npz,/home/zzy/TrajectoryPlanning/distill/data/benchmark/mp/train/sample_002110.npz,mp,alternating_gaps,U,mp_alternating_gaps,medium,medium,0,mp:train
train,sample_001207.npz,/home/zzy/TrajectoryPlanning/distill/data/benchmark/mp/train/sample_002111.npz,mp,alternating_gaps,U,mp_alternating_gaps,medium,medium,0,mp:train
train,sample_001208.npz,/home/zzy/TrajectoryPlanning/distill/data/benchmark/mp/train/sample_002112.npz,mp,alternating_gaps,U,mp_alternating_gaps,medium,medium,0,mp:train
train,sample_001209.npz,/home/zzy/TrajectoryPlanning/distill/data/benchmark/mp/train/sample_002113.npz,mp,alternating_gaps,U,mp_alternating_gaps,medium,medium,0,mp:train
train,sample_001210.npz,/home/zzy/TrajectoryPlanning/distill/data/benchmark/mp/train/sample_002114.npz,mp,alternating_gaps,U,mp_alternating_gaps,medium,medium,0,mp:train
train,sample_001211.npz,/home/zzy/TrajectoryPlanning/distill/data/benchmark/mp/train/sample_002116.npz,mp,alternating_gaps,U,mp_alternating_gaps,medium,medium,0,mp:train
train,sample_001212.npz,/home/zzy/TrajectoryPlanning/distill/data/benchmark/mp/train/sample_002117.npz,mp,alternating_gaps,U,mp_alternating_gaps,medium,medium,0,mp:train
train,sample_001213.npz,/home/zzy/TrajectoryPlanning/distill/data/benchmark/mp/train/sample_002119.npz,mp,alternating_gaps,U,mp_alternating_gaps,medium,medium,0,mp:train
train,sample_001214.npz,/home/zzy/TrajectoryPlanning/distill/data/benchmark/mp/train/sample_002120.npz,mp,alternating_gaps,U,mp_alternating_gaps,medium,medium,0,mp:train
train,sample_001215.npz,/home/zzy/TrajectoryPlanning/distill/data/benchmark/mp/train/sample_002121.npz,mp,alternating_gaps,U,mp_alternating_gaps,medium,medium,0,mp:train
train,sample_001216.npz,/home/zzy/TrajectoryPlanning/distill/data/benchmark/mp/train/sample_002122.npz,mp,alternating_gaps,U,mp_alternating_gaps,medium,medium,0,mp:train
train,sample_001217.npz,/home/zzy/TrajectoryPlanning/distill/data/benchmark/mp/train/sample_002123.npz,mp,alternating_gaps,U,mp_alternating_gaps,medium,medium,0,mp:train
train,sample_001218.npz,/home/zzy/TrajectoryPlanning/distill/data/benchmark/mp/train/sample_002127.npz,mp,alternating_gaps,U,mp_alternating_gaps,medium,medium,0,mp:train
train,sample_001219.npz,/home/zzy/TrajectoryPlanning/distill/data/benchmark/mp/train/sample_002128.npz,mp,alternating_gaps,U,mp_alternating_gaps,medium,medium,0,mp:train
train,sample_001220.npz,/home/zzy/TrajectoryPlanning/distill/data/benchmark/mp/train/sample_002129.npz,mp,alternating_gaps,U,mp_alternating_gaps,medium,medium,0,mp:train
train,sample_001221.npz,/home/zzy/TrajectoryPlanning/distill/data/benchmark/mp/train/sample_002130.npz,mp,alternating_gaps,U,mp_alternating_gaps,medium,medium,0,mp:train
train,sample_001222.npz,/home/zzy/TrajectoryPlanning/distill/data/benchmark/mp/train/sample_002131.npz,mp,alternating_gaps,U,mp_alternating_gaps,medium,medium,0,mp:train
train,sample_001223.npz,/home/zzy/TrajectoryPlanning/distill/data/benchmark/mp/train/sample_002132.npz,mp,alternating_gaps,U,mp_alternating_gaps,medium,medium,0,mp:train
train,sample_001224.npz,/home/zzy/TrajectoryPlanning/distill/data/benchmark/mp/train/sample_002133.npz,mp,alternating_gaps,U,mp_alternating_gaps,medium,medium,0,mp:train
train,sample_001225.npz,/home/zzy/TrajectoryPlanning/distill/data/benchmark/mp/train/sample_002134.npz,mp,alternating_gaps,U,mp_alternating_gaps,medium,medium,0,mp:train
train,sample_001226.npz,/home/zzy/TrajectoryPlanning/distill/data/benchmark/mp/train/sample_002135.npz,mp,alternating_gaps,U,mp_alternating_gaps,medium,medium,0,mp:train
train,sample_001227.npz,/home/zzy/TrajectoryPlanning/distill/data/benchmark/mp/train/sample_002136.npz,mp,alternating_gaps,U,mp_alternating_gaps,medium,medium,0,mp:train
train,sample_001228.npz,/home/zzy/TrajectoryPlanning/distill/data/benchmark/mp/train/sample_002138.npz,mp,alternating_gaps,U,mp_alternating_gaps,medium,medium,0,mp:train
train,sample_001229.npz,/home/zzy/TrajectoryPlanning/distill/data/benchmark/mp/train/sample_002139.npz,mp,alternating_gaps,U,mp_alternating_gaps,medium,medium,0,mp:train
train,sample_001230.npz,/home/zzy/TrajectoryPlanning/distill/data/benchmark/mp/train/sample_002140.npz,mp,alternating_gaps,U,mp_alternating_gaps,medium,medium,0,mp:train
train,sample_001231.npz,/home/zzy/TrajectoryPlanning/distill/data/benchmark/mp/train/sample_002141.npz,mp,alternating_gaps,U,mp_alternating_gaps,medium,medium,0,mp:train
train,sample_001232.npz,/home/zzy/TrajectoryPlanning/distill/data/benchmark/mp/train/sample_002143.npz,mp,alternating_gaps,U,mp_alternating_gaps,medium,medium,0,mp:train
train,sample_001233.npz,/home/zzy/TrajectoryPlanning/distill/data/benchmark/mp/train/sample_002144.npz,mp,alternating_gaps,U,mp_alternating_gaps,medium,medium,0,mp:train
train,sample_001234.npz,/home/zzy/TrajectoryPlanning/distill/data/benchmark/mp/train/sample_002145.npz,mp,alternating_gaps,U,mp_alternating_gaps,medium,medium,0,mp:train
train,sample_001235.npz,/home/zzy/TrajectoryPlanning/distill/data/benchmark/mp/train/sample_002146.npz,mp,alternating_gaps,U,mp_alternating_gaps,medium,medium,0,mp:train
train,sample_001236.npz,/home/zzy/TrajectoryPlanning/distill/data/benchmark/mp/train/sample_002147.npz,mp,alternating_gaps,U,mp_alternating_gaps,medium,medium,0,mp:train
train,sample_001237.npz,/home/zzy/TrajectoryPlanning/distill/data/benchmark/mp/train/sample_002149.npz,mp,alternating_gaps,U,mp_alternating_gaps,medium,medium,0,mp:train
train,sample_001238.npz,/home/zzy/TrajectoryPlanning/distill/data/benchmark/mp/train/sample_002150.npz,mp,alternating_gaps,U,mp_alternating_gaps,medium,medium,0,mp:train
train,sample_001239.npz,/home/zzy/TrajectoryPlanning/distill/data/benchmark/mp/train/sample_002151.npz,mp,alternating_gaps,U,mp_alternating_gaps,medium,medium,0,mp:train
train,sample_001240.npz,/home/zzy/TrajectoryPlanning/distill/data/benchmark/mp/train/sample_002152.npz,mp,alternating_gaps,U,mp_alternating_gaps,medium,medium,0,mp:train
train,sample_001241.npz,/home/zzy/TrajectoryPlanning/distill/data/benchmark/mp/train/sample_002153.npz,mp,alternating_gaps,U,mp_alternating_gaps,medium,medium,0,mp:train
train,sample_001242.npz,/home/zzy/TrajectoryPlanning/distill/data/benchmark/mp/train/sample_002155.npz,mp,alternating_gaps,U,mp_alternating_gaps,medium,medium,0,mp:train
train,sample_001243.npz,/home/zzy/TrajectoryPlanning/distill/data/benchmark/mp/train/sample_002156.npz,mp,alternating_gaps,U,mp_alternating_gaps,medium,medium,0,mp:train
train,sample_001244.npz,/home/zzy/TrajectoryPlanning/distill/data/benchmark/mp/train/sample_002157.npz,mp,alternating_gaps,U,mp_alternating_gaps,medium,medium,0,mp:train
train,sample_001245.npz,/home/zzy/TrajectoryPlanning/distill/data/benchmark/mp/train/sample_002158.npz,mp,alternating_gaps,U,mp_alternating_gaps,medium,medium,0,mp:train
train,sample_001246.npz,/home/zzy/TrajectoryPlanning/distill/data/benchmark/mp/train/sample_002159.npz,mp,alternating_gaps,U,mp_alternating_gaps,medium,medium,0,mp:train
train,sample_001247.npz,/home/zzy/TrajectoryPlanning/distill/data/benchmark/mp/train/sample_002160.npz,mp,alternating_gaps,U,mp_alternating_gaps,medium,medium,0,mp:train
train,sample_001248.npz,/home/zzy/TrajectoryPlanning/distill/data/benchmark/mp/train/sample_002162.npz,mp,alternating_gaps,U,mp_alternating_gaps,medium,medium,0,mp:train
train,sample_001249.npz,/home/zzy/TrajectoryPlanning/distill/data/benchmark/mp/train/sample_002163.npz,mp,alternating_gaps,U,mp_alternating_gaps,medium,medium,0,mp:train
train,sample_001250.npz,/home/zzy/TrajectoryPlanning/distill/data/benchmark/mp/train/sample_002164.npz,mp,alternating_gaps,U,mp_alternating_gaps,medium,medium,0,mp:train
train,sample_001251.npz,/home/zzy/TrajectoryPlanning/distill/data/benchmark/mp/train/sample_002165.npz,mp,alternating_gaps,U,mp_alternating_gaps,medium,medium,0,mp:train
train,sample_001252.npz,/home/zzy/TrajectoryPlanning/distill/data/benchmark/mp/train/sample_002166.npz,mp,alternating_gaps,U,mp_alternating_gaps,medium,medium,0,mp:train
train,sample_001253.npz,/home/zzy/TrajectoryPlanning/distill/data/benchmark/mp/train/sample_002168.npz,mp,alternating_gaps,U,mp_alternating_gaps,medium,medium,0,mp:train
train,sample_001254.npz,/home/zzy/TrajectoryPlanning/distill/data/benchmark/mp/train/sample_002169.npz,mp,alternating_gaps,U,mp_alternating_gaps,medium,medium,0,mp:train
train,sample_001255.npz,/home/zzy/TrajectoryPlanning/distill/data/benchmark/mp/train/sample_002170.npz,mp,alternating_gaps,U,mp_alternating_gaps,medium,medium,0,mp:train
train,sample_001256.npz,/home/zzy/TrajectoryPlanning/distill/data/benchmark/mp/train/sample_002171.npz,mp,alternating_gaps,U,mp_alternating_gaps,medium,medium,0,mp:train
train,sample_001257.npz,/home/zzy/TrajectoryPlanning/distill/data/benchmark/mp/train/sample_002173.npz,mp,alternating_gaps,U,mp_alternating_gaps,medium,medium,0,mp:train
train,sample_001258.npz,/home/zzy/TrajectoryPlanning/distill/data/benchmark/mp/train/sample_002174.npz,mp,alternating_gaps,U,mp_alternating_gaps,medium,medium,0,mp:train
train,sample_001259.npz,/home/zzy/TrajectoryPlanning/distill/data/benchmark/mp/train/sample_002175.npz,mp,alternating_gaps,U,mp_alternating_gaps,medium,medium,0,mp:train
train,sample_001260.npz,/home/zzy/TrajectoryPlanning/distill/data/benchmark/mp/train/sample_002176.npz,mp,alternating_gaps,U,mp_alternating_gaps,medium,medium,0,mp:train
train,sample_001261.npz,/home/zzy/TrajectoryPlanning/distill/data/benchmark/mp/train/sample_002178.npz,mp,alternating_gaps,U,mp_alternating_gaps,medium,medium,0,mp:train
train,sample_001262.npz,/home/zzy/TrajectoryPlanning/distill/data/benchmark/mp/train/sample_002179.npz,mp,alternating_gaps,U,mp_alternating_gaps,medium,medium,0,mp:train
train,sample_001263.npz,/home/zzy/TrajectoryPlanning/distill/data/benchmark/mp/train/sample_002181.npz,mp,alternating_gaps,U,mp_alternating_gaps,medium,medium,0,mp:train
train,sample_001264.npz,/home/zzy/TrajectoryPlanning/distill/data/benchmark/mp/train/sample_002182.npz,mp,alternating_gaps,U,mp_alternating_gaps,medium,medium,0,mp:train
train,sample_001265.npz,/home/zzy/TrajectoryPlanning/distill/data/benchmark/mp/train/sample_002183.npz,mp,alternating_gaps,U,mp_alternating_gaps,medium,medium,0,mp:train
train,sample_001266.npz,/home/zzy/TrajectoryPlanning/distill/data/benchmark/mp/train/sample_002184.npz,mp,alternating_gaps,U,mp_alternating_gaps,medium,medium,0,mp:train
train,sample_001267.npz,/home/zzy/TrajectoryPlanning/distill/data/benchmark/mp/train/sample_002185.npz,mp,alternating_gaps,U,mp_alternating_gaps,medium,medium,0,mp:train
train,sample_001268.npz,/home/zzy/TrajectoryPlanning/distill/data/benchmark/mp/train/sample_002187.npz,mp,alternating_gaps,U,mp_alternating_gaps,medium,medium,0,mp:train
train,sample_001269.npz,/home/zzy/TrajectoryPlanning/distill/data/benchmark/mp/train/sample_002188.npz,mp,alternating_gaps,U,mp_alternating_gaps,medium,medium,0,mp:train
train,sample_001270.npz,/home/zzy/TrajectoryPlanning/distill/data/benchmark/mp/train/sample_002189.npz,mp,alternating_gaps,U,mp_alternating_gaps,medium,medium,0,mp:train
train,sample_001271.npz,/home/zzy/TrajectoryPlanning/distill/data/benchmark/mp/train/sample_002190.npz,mp,alternating_gaps,U,mp_alternating_gaps,medium,medium,0,mp:train
train,sample_001272.npz,/home/zzy/TrajectoryPlanning/distill/data/benchmark/mp/train/sample_002191.npz,mp,alternating_gaps,U,mp_alternating_gaps,medium,medium,0,mp:train
train,sample_001273.npz,/home/zzy/TrajectoryPlanning/distill/data/benchmark/mp/train/sample_002192.npz,mp,alternating_gaps,U,mp_alternating_gaps,medium,medium,0,mp:train
train,sample_001274.npz,/home/zzy/TrajectoryPlanning/distill/data/benchmark/mp/train/sample_002193.npz,mp,alternating_gaps,U,mp_alternating_gaps,medium,medium,0,mp:train
train,sample_001275.npz,/home/zzy/TrajectoryPlanning/distill/data/benchmark/mp/train/sample_002194.npz,mp,alternating_gaps,U,mp_alternating_gaps,medium,medium,0,mp:train
train,sample_001276.npz,/home/zzy/TrajectoryPlanning/distill/data/benchmark/mp/train/sample_002195.npz,mp,alternating_gaps,U,mp_alternating_gaps,medium,medium,0,mp:train
train,sample_001277.npz,/home/zzy/TrajectoryPlanning/distill/data/benchmark/mp/train/sample_002196.npz,mp,alternating_gaps,U,mp_alternating_gaps,medium,medium,0,mp:train
train,sample_001278.npz,/home/zzy/TrajectoryPlanning/distill/data/benchmark/mp/train/sample_002197.npz,mp,alternating_gaps,U,mp_alternating_gaps,medium,medium,0,mp:train
train,sample_001279.npz,/home/zzy/TrajectoryPlanning/distill/data/benchmark/mp/train/sample_002198.npz,mp,alternating_gaps,U,mp_alternating_gaps,medium,medium,0,mp:train
train,sample_001280.npz,/home/zzy/TrajectoryPlanning/distill/data/benchmark/mp/train/sample_002199.npz,mp,alternating_gaps,U,mp_alternating_gaps,medium,medium,0,mp:train
train,sample_001281.npz,/home/zzy/TrajectoryPlanning/distill/data/benchmark/mp/train/sample_002201.npz,mp,alternating_gaps,U,mp_alternating_gaps,medium,medium,0,mp:train
train,sample_001282.npz,/home/zzy/TrajectoryPlanning/distill/data/benchmark/mp/train/sample_002202.npz,mp,alternating_gaps,U,mp_alternating_gaps,medium,medium,0,mp:train
train,sample_001283.npz,/home/zzy/TrajectoryPlanning/distill/data/benchmark/mp/train/sample_002203.npz,mp,alternating_gaps,U,mp_alternating_gaps,medium,medium,0,mp:train
train,sample_001284.npz,/home/zzy/TrajectoryPlanning/distill/data/benchmark/mp/train/sample_002204.npz,mp,alternating_gaps,U,mp_alternating_gaps,medium,medium,0,mp:train
train,sample_001285.npz,/home/zzy/TrajectoryPlanning/distill/data/benchmark/mp/train/sample_002205.npz,mp,alternating_gaps,U,mp_alternating_gaps,medium,medium,0,mp:train
train,sample_001286.npz,/home/zzy/TrajectoryPlanning/distill/data/benchmark/mp/train/sample_002206.npz,mp,alternating_gaps,U,mp_alternating_gaps,medium,medium,0,mp:train
train,sample_001287.npz,/home/zzy/TrajectoryPlanning/distill/data/benchmark/mp/train/sample_002209.npz,mp,alternating_gaps,U,mp_alternating_gaps,medium,medium,0,mp:train
train,sample_001288.npz,/home/zzy/TrajectoryPlanning/distill/data/benchmark/mp/train/sample_002210.npz,mp,alternating_gaps,U,mp_alternating_gaps,medium,medium,0,mp:train
train,sample_001289.npz,/home/zzy/TrajectoryPlanning/distill/data/benchmark/mp/train/sample_002211.npz,mp,alternating_gaps,U,mp_alternating_gaps,medium,medium,0,mp:train
train,sample_001290.npz,/home/zzy/TrajectoryPlanning/distill/data/benchmark/mp/train/sample_002213.npz,mp,alternating_gaps,U,mp_alternating_gaps,medium,medium,0,mp:train
train,sample_001291.npz,/home/zzy/TrajectoryPlanning/distill/data/benchmark/mp/train/sample_002214.npz,mp,alternating_gaps,U,mp_alternating_gaps,medium,medium,0,mp:train
train,sample_001292.npz,/home/zzy/TrajectoryPlanning/distill/data/benchmark/mp/train/sample_002215.npz,mp,alternating_gaps,U,mp_alternating_gaps,medium,medium,0,mp:train
train,sample_001293.npz,/home/zzy/TrajectoryPlanning/distill/data/benchmark/mp/train/sample_002216.npz,mp,alternating_gaps,U,mp_alternating_gaps,medium,medium,0,mp:train
train,sample_001294.npz,/home/zzy/TrajectoryPlanning/distill/data/benchmark/mp/train/sample_002217.npz,mp,alternating_gaps,U,mp_alternating_gaps,medium,medium,0,mp:train
train,sample_001295.npz,/home/zzy/TrajectoryPlanning/distill/data/benchmark/mp/train/sample_002218.npz,mp,alternating_gaps,U,mp_alternating_gaps,medium,medium,0,mp:train
train,sample_001296.npz,/home/zzy/TrajectoryPlanning/distill/data/benchmark/mp/train/sample_002219.npz,mp,alternating_gaps,U,mp_alternating_gaps,medium,medium,0,mp:train
train,sample_001297.npz,/home/zzy/TrajectoryPlanning/distill/data/benchmark/mp/train/sample_002220.npz,mp,alternating_gaps,U,mp_alternating_gaps,medium,medium,0,mp:train
train,sample_001298.npz,/home/zzy/TrajectoryPlanning/distill/data/benchmark/mp/train/sample_002221.npz,mp,alternating_gaps,U,mp_alternating_gaps,medium,medium,0,mp:train
train,sample_001299.npz,/home/zzy/TrajectoryPlanning/distill/data/benchmark/mp/train/sample_002222.npz,mp,alternating_gaps,U,mp_alternating_gaps,medium,medium,0,mp:train
train,sample_001300.npz,/home/zzy/TrajectoryPlanning/distill/data/benchmark/mp/train/sample_002223.npz,mp,alternating_gaps,U,mp_alternating_gaps,medium,medium,0,mp:train
train,sample_001301.npz,/home/zzy/TrajectoryPlanning/distill/data/benchmark/mp/train/sample_002224.npz,mp,alternating_gaps,U,mp_alternating_gaps,medium,medium,0,mp:train
train,sample_001302.npz,/home/zzy/TrajectoryPlanning/distill/data/benchmark/mp/train/sample_002225.npz,mp,alternating_gaps,U,mp_alternating_gaps,medium,medium,0,mp:train
train,sample_001303.npz,/home/zzy/TrajectoryPlanning/distill/data/benchmark/mp/train/sample_002226.npz,mp,alternating_gaps,U,mp_alternating_gaps,medium,medium,0,mp:train
train,sample_001304.npz,/home/zzy/TrajectoryPlanning/distill/data/benchmark/mp/train/sample_002227.npz,mp,alternating_gaps,U,mp_alternating_gaps,medium,medium,0,mp:train
train,sample_001305.npz,/home/zzy/TrajectoryPlanning/distill/data/benchmark/mp/train/sample_002228.npz,mp,alternating_gaps,U,mp_alternating_gaps,medium,medium,0,mp:train
train,sample_001306.npz,/home/zzy/TrajectoryPlanning/distill/data/benchmark/mp/train/sample_002229.npz,mp,alternating_gaps,U,mp_alternating_gaps,medium,medium,0,mp:train
train,sample_001307.npz,/home/zzy/TrajectoryPlanning/distill/data/benchmark/mp/train/sample_002230.npz,mp,alternating_gaps,U,mp_alternating_gaps,medium,medium,0,mp:train
train,sample_001308.npz,/home/zzy/TrajectoryPlanning/distill/data/benchmark/mp/train/sample_002231.npz,mp,alternating_gaps,U,mp_alternating_gaps,medium,medium,0,mp:train
train,sample_001309.npz,/home/zzy/TrajectoryPlanning/distill/data/benchmark/mp/train/sample_002232.npz,mp,alternating_gaps,U,mp_alternating_gaps,medium,medium,0,mp:train
train,sample_001310.npz,/home/zzy/TrajectoryPlanning/distill/data/benchmark/mp/train/sample_002233.npz,mp,alternating_gaps,U,mp_alternating_gaps,medium,medium,0,mp:train
train,sample_001311.npz,/home/zzy/TrajectoryPlanning/distill/data/benchmark/mp/train/sample_002234.npz,mp,alternating_gaps,U,mp_alternating_gaps,medium,medium,0,mp:train
train,sample_001312.npz,/home/zzy/TrajectoryPlanning/distill/data/benchmark/mp/train/sample_002235.npz,mp,alternating_gaps,U,mp_alternating_gaps,medium,medium,0,mp:train
train,sample_001313.npz,/home/zzy/TrajectoryPlanning/distill/data/benchmark/mp/train/sample_002236.npz,mp,alternating_gaps,U,mp_alternating_gaps,medium,medium,0,mp:train
train,sample_001314.npz,/home/zzy/TrajectoryPlanning/distill/data/benchmark/mp/train/sample_002237.npz,mp,alternating_gaps,U,mp_alternating_gaps,medium,medium,0,mp:train
train,sample_001315.npz,/home/zzy/TrajectoryPlanning/distill/data/benchmark/mp/train/sample_002238.npz,mp,alternating_gaps,U,mp_alternating_gaps,medium,medium,0,mp:train
train,sample_001316.npz,/home/zzy/TrajectoryPlanning/distill/data/benchmark/mp/train/sample_002239.npz,mp,alternating_gaps,U,mp_alternating_gaps,medium,medium,0,mp:train
train,sample_001317.npz,/home/zzy/TrajectoryPlanning/distill/data/benchmark/mp/train/sample_002240.npz,mp,alternating_gaps,U,mp_alternating_gaps,medium,medium,0,mp:train
train,sample_001318.npz,/home/zzy/TrajectoryPlanning/distill/data/benchmark/mp/train/sample_002241.npz,mp,alternating_gaps,U,mp_alternating_gaps,medium,medium,0,mp:train
train,sample_001319.npz,/home/zzy/TrajectoryPlanning/distill/data/benchmark/mp/train/sample_002244.npz,mp,alternating_gaps,U,mp_alternating_gaps,medium,medium,0,mp:train
train,sample_001320.npz,/home/zzy/TrajectoryPlanning/distill/data/benchmark/mp/train/sample_002245.npz,mp,alternating_gaps,U,mp_alternating_gaps,medium,medium,0,mp:train
train,sample_001321.npz,/home/zzy/TrajectoryPlanning/distill/data/benchmark/mp/train/sample_002246.npz,mp,alternating_gaps,U,mp_alternating_gaps,medium,medium,0,mp:train
train,sample_001322.npz,/home/zzy/TrajectoryPlanning/distill/data/benchmark/mp/train/sample_002247.npz,mp,alternating_gaps,U,mp_alternating_gaps,medium,medium,0,mp:train
train,sample_001323.npz,/home/zzy/TrajectoryPlanning/distill/data/benchmark/mp/train/sample_002248.npz,mp,alternating_gaps,U,mp_alternating_gaps,medium,medium,0,mp:train
train,sample_001324.npz,/home/zzy/TrajectoryPlanning/distill/data/benchmark/mp/train/sample_002249.npz,mp,alternating_gaps,U,mp_alternating_gaps,medium,medium,0,mp:train
train,sample_001325.npz,/home/zzy/TrajectoryPlanning/distill/data/benchmark/mp/train/sample_002251.npz,mp,alternating_gaps,U,mp_alternating_gaps,medium,medium,0,mp:train
train,sample_001326.npz,/home/zzy/TrajectoryPlanning/distill/data/benchmark/mp/train/sample_002252.npz,mp,alternating_gaps,U,mp_alternating_gaps,medium,medium,0,mp:train
train,sample_001327.npz,/home/zzy/TrajectoryPlanning/distill/data/benchmark/mp/train/sample_002256.npz,mp,alternating_gaps,U,mp_alternating_gaps,medium,medium,0,mp:train
train,sample_001328.npz,/home/zzy/TrajectoryPlanning/distill/data/benchmark/mp/train/sample_002257.npz,mp,alternating_gaps,U,mp_alternating_gaps,medium,medium,0,mp:train
train,sample_001329.npz,/home/zzy/TrajectoryPlanning/distill/data/benchmark/mp/train/sample_002260.npz,mp,alternating_gaps,U,mp_alternating_gaps,medium,medium,0,mp:train
train,sample_001330.npz,/home/zzy/TrajectoryPlanning/distill/data/benchmark/mp/train/sample_002261.npz,mp,alternating_gaps,U,mp_alternating_gaps,medium,medium,0,mp:train
train,sample_001331.npz,/home/zzy/TrajectoryPlanning/distill/data/benchmark/mp/train/sample_002262.npz,mp,alternating_gaps,U,mp_alternating_gaps,medium,medium,0,mp:train
train,sample_001332.npz,/home/zzy/TrajectoryPlanning/distill/data/benchmark/mp/train/sample_002264.npz,mp,alternating_gaps,U,mp_alternating_gaps,medium,medium,0,mp:train
train,sample_001333.npz,/home/zzy/TrajectoryPlanning/distill/data/benchmark/mp/train/sample_002265.npz,mp,alternating_gaps,U,mp_alternating_gaps,medium,medium,0,mp:train
train,sample_001334.npz,/home/zzy/TrajectoryPlanning/distill/data/benchmark/mp/train/sample_002266.npz,mp,alternating_gaps,U,mp_alternating_gaps,medium,medium,0,mp:train
train,sample_001335.npz,/home/zzy/TrajectoryPlanning/distill/data/benchmark/mp/train/sample_002267.npz,mp,alternating_gaps,U,mp_alternating_gaps,medium,medium,0,mp:train
train,sample_001336.npz,/home/zzy/TrajectoryPlanning/distill/data/benchmark/mp/train/sample_002268.npz,mp,alternating_gaps,U,mp_alternating_gaps,medium,medium,0,mp:train
train,sample_001337.npz,/home/zzy/TrajectoryPlanning/distill/data/benchmark/mp/train/sample_002270.npz,mp,alternating_gaps,U,mp_alternating_gaps,medium,medium,0,mp:train
train,sample_001338.npz,/home/zzy/TrajectoryPlanning/distill/data/benchmark/mp/train/sample_002271.npz,mp,alternating_gaps,U,mp_alternating_gaps,medium,medium,0,mp:train
train,sample_001339.npz,/home/zzy/TrajectoryPlanning/distill/data/benchmark/mp/train/sample_002274.npz,mp,alternating_gaps,U,mp_alternating_gaps,medium,medium,0,mp:train
train,sample_001340.npz,/home/zzy/TrajectoryPlanning/distill/data/benchmark/mp/train/sample_002276.npz,mp,alternating_gaps,U,mp_alternating_gaps,medium,medium,0,mp:train
train,sample_001341.npz,/home/zzy/TrajectoryPlanning/distill/data/benchmark/mp/train/sample_002277.npz,mp,alternating_gaps,U,mp_alternating_gaps,medium,medium,0,mp:train
train,sample_001342.npz,/home/zzy/TrajectoryPlanning/distill/data/benchmark/mp/train/sample_002278.npz,mp,alternating_gaps,U,mp_alternating_gaps,medium,medium,0,mp:train
train,sample_001343.npz,/home/zzy/TrajectoryPlanning/distill/data/benchmark/mp/train/sample_002279.npz,mp,alternating_gaps,U,mp_alternating_gaps,medium,medium,0,mp:train
train,sample_001344.npz,/home/zzy/TrajectoryPlanning/distill/data/benchmark/mp/train/sample_002280.npz,mp,alternating_gaps,U,mp_alternating_gaps,medium,medium,0,mp:train
train,sample_001345.npz,/home/zzy/TrajectoryPlanning/distill/data/benchmark/mp/train/sample_002282.npz,mp,alternating_gaps,U,mp_alternating_gaps,medium,medium,0,mp:train
train,sample_001346.npz,/home/zzy/TrajectoryPlanning/distill/data/benchmark/mp/train/sample_002283.npz,mp,alternating_gaps,U,mp_alternating_gaps,medium,medium,0,mp:train
train,sample_001347.npz,/home/zzy/TrajectoryPlanning/distill/data/benchmark/mp/train/sample_002284.npz,mp,alternating_gaps,U,mp_alternating_gaps,medium,medium,0,mp:train
train,sample_001348.npz,/home/zzy/TrajectoryPlanning/distill/data/benchmark/mp/train/sample_002285.npz,mp,alternating_gaps,U,mp_alternating_gaps,medium,medium,0,mp:train
train,sample_001349.npz,/home/zzy/TrajectoryPlanning/distill/data/benchmark/mp/train/sample_002287.npz,mp,alternating_gaps,U,mp_alternating_gaps,medium,medium,0,mp:train
train,sample_001350.npz,/home/zzy/TrajectoryPlanning/distill/data/benchmark/mp/train/sample_002288.npz,mp,alternating_gaps,U,mp_alternating_gaps,medium,medium,0,mp:train
train,sample_001351.npz,/home/zzy/TrajectoryPlanning/distill/data/benchmark/mp/train/sample_002289.npz,mp,alternating_gaps,U,mp_alternating_gaps,medium,medium,0,mp:train
train,sample_001352.npz,/home/zzy/TrajectoryPlanning/distill/data/benchmark/mp/train/sample_002292.npz,mp,alternating_gaps,U,mp_alternating_gaps,medium,medium,0,mp:train
train,sample_001353.npz,/home/zzy/TrajectoryPlanning/distill/data/benchmark/mp/train/sample_002293.npz,mp,alternating_gaps,U,mp_alternating_gaps,medium,medium,0,mp:train
train,sample_001354.npz,/home/zzy/TrajectoryPlanning/distill/data/benchmark/mp/train/sample_002294.npz,mp,alternating_gaps,U,mp_alternating_gaps,medium,medium,0,mp:train
train,sample_001355.npz,/home/zzy/TrajectoryPlanning/distill/data/benchmark/mp/train/sample_002295.npz,mp,alternating_gaps,U,mp_alternating_gaps,medium,medium,0,mp:train
train,sample_001356.npz,/home/zzy/TrajectoryPlanning/distill/data/benchmark/mp/train/sample_002297.npz,mp,alternating_gaps,U,mp_alternating_gaps,medium,medium,0,mp:train
train,sample_001357.npz,/home/zzy/TrajectoryPlanning/distill/data/benchmark/mp/train/sample_002298.npz,mp,alternating_gaps,U,mp_alternating_gaps,medium,medium,0,mp:train
train,sample_001358.npz,/home/zzy/TrajectoryPlanning/distill/data/benchmark/mp/train/sample_002299.npz,mp,alternating_gaps,U,mp_alternating_gaps,medium,medium,0,mp:train
train,sample_001359.npz,/home/zzy/TrajectoryPlanning/distill/data/benchmark/mp/train/sample_002300.npz,mp,alternating_gaps,U,mp_alternating_gaps,medium,medium,0,mp:train
train,sample_001360.npz,/home/zzy/TrajectoryPlanning/distill/data/benchmark/mp/train/sample_002301.npz,mp,alternating_gaps,U,mp_alternating_gaps,medium,medium,0,mp:train
train,sample_001361.npz,/home/zzy/TrajectoryPlanning/distill/data/benchmark/mp/train/sample_002302.npz,mp,alternating_gaps,U,mp_alternating_gaps,medium,medium,0,mp:train
train,sample_001362.npz,/home/zzy/TrajectoryPlanning/distill/data/benchmark/mp/train/sample_002304.npz,mp,alternating_gaps,U,mp_alternating_gaps,medium,medium,0,mp:train
train,sample_001363.npz,/home/zzy/TrajectoryPlanning/distill/data/benchmark/mp/train/sample_002305.npz,mp,alternating_gaps,U,mp_alternating_gaps,medium,medium,0,mp:train
train,sample_001364.npz,/home/zzy/TrajectoryPlanning/distill/data/benchmark/mp/train/sample_002306.npz,mp,alternating_gaps,U,mp_alternating_gaps,medium,medium,0,mp:train
train,sample_001365.npz,/home/zzy/TrajectoryPlanning/distill/data/benchmark/mp/train/sample_002307.npz,mp,alternating_gaps,U,mp_alternating_gaps,medium,medium,0,mp:train
train,sample_001366.npz,/home/zzy/TrajectoryPlanning/distill/data/benchmark/mp/train/sample_002308.npz,mp,alternating_gaps,U,mp_alternating_gaps,medium,medium,0,mp:train
train,sample_001367.npz,/home/zzy/TrajectoryPlanning/distill/data/benchmark/mp/train/sample_002309.npz,mp,alternating_gaps,U,mp_alternating_gaps,medium,medium,0,mp:train
train,sample_001368.npz,/home/zzy/TrajectoryPlanning/distill/data/benchmark/mp/train/sample_002310.npz,mp,alternating_gaps,U,mp_alternating_gaps,medium,medium,0,mp:train
train,sample_001369.npz,/home/zzy/TrajectoryPlanning/distill/data/benchmark/mp/train/sample_002312.npz,mp,alternating_gaps,U,mp_alternating_gaps,medium,medium,0,mp:train
train,sample_001370.npz,/home/zzy/TrajectoryPlanning/distill/data/benchmark/mp/train/sample_002313.npz,mp,alternating_gaps,U,mp_alternating_gaps,medium,medium,0,mp:train
train,sample_001371.npz,/home/zzy/TrajectoryPlanning/distill/data/benchmark/mp/train/sample_002316.npz,mp,alternating_gaps,U,mp_alternating_gaps,medium,medium,0,mp:train
train,sample_001372.npz,/home/zzy/TrajectoryPlanning/distill/data/benchmark/mp/train/sample_002317.npz,mp,alternating_gaps,U,mp_alternating_gaps,medium,medium,0,mp:train
train,sample_001373.npz,/home/zzy/TrajectoryPlanning/distill/data/benchmark/mp/train/sample_002318.npz,mp,alternating_gaps,U,mp_alternating_gaps,medium,medium,0,mp:train
train,sample_001374.npz,/home/zzy/TrajectoryPlanning/distill/data/benchmark/mp/train/sample_002319.npz,mp,alternating_gaps,U,mp_alternating_gaps,medium,medium,0,mp:train
train,sample_001375.npz,/home/zzy/TrajectoryPlanning/distill/data/benchmark/mp/train/sample_002320.npz,mp,alternating_gaps,U,mp_alternating_gaps,medium,medium,0,mp:train
train,sample_001376.npz,/home/zzy/TrajectoryPlanning/distill/data/benchmark/mp/train/sample_002321.npz,mp,alternating_gaps,U,mp_alternating_gaps,medium,medium,0,mp:train
train,sample_001377.npz,/home/zzy/TrajectoryPlanning/distill/data/benchmark/mp/train/sample_002322.npz,mp,alternating_gaps,U,mp_alternating_gaps,medium,medium,0,mp:train
train,sample_001378.npz,/home/zzy/TrajectoryPlanning/distill/data/benchmark/mp/train/sample_002323.npz,mp,alternating_gaps,U,mp_alternating_gaps,medium,medium,0,mp:train
train,sample_001379.npz,/home/zzy/TrajectoryPlanning/distill/data/benchmark/mp/train/sample_002324.npz,mp,alternating_gaps,U,mp_alternating_gaps,medium,medium,0,mp:train
train,sample_001380.npz,/home/zzy/TrajectoryPlanning/distill/data/benchmark/mp/train/sample_002325.npz,mp,alternating_gaps,U,mp_alternating_gaps,medium,medium,0,mp:train
train,sample_001381.npz,/home/zzy/TrajectoryPlanning/distill/data/benchmark/mp/train/sample_002326.npz,mp,alternating_gaps,U,mp_alternating_gaps,medium,medium,0,mp:train
train,sample_001382.npz,/home/zzy/TrajectoryPlanning/distill/data/benchmark/mp/train/sample_002327.npz,mp,alternating_gaps,U,mp_alternating_gaps,medium,medium,0,mp:train
train,sample_001383.npz,/home/zzy/TrajectoryPlanning/distill/data/benchmark/mp/train/sample_002328.npz,mp,alternating_gaps,U,mp_alternating_gaps,medium,medium,0,mp:train
train,sample_001384.npz,/home/zzy/TrajectoryPlanning/distill/data/benchmark/mp/train/sample_002329.npz,mp,alternating_gaps,U,mp_alternating_gaps,medium,medium,0,mp:train
train,sample_001385.npz,/home/zzy/TrajectoryPlanning/distill/data/benchmark/mp/train/sample_002330.npz,mp,alternating_gaps,U,mp_alternating_gaps,medium,medium,0,mp:train
train,sample_001386.npz,/home/zzy/TrajectoryPlanning/distill/data/benchmark/mp/train/sample_002331.npz,mp,alternating_gaps,U,mp_alternating_gaps,medium,medium,0,mp:train
train,sample_001387.npz,/home/zzy/TrajectoryPlanning/distill/data/benchmark/mp/train/sample_002332.npz,mp,alternating_gaps,U,mp_alternating_gaps,medium,medium,0,mp:train
train,sample_001388.npz,/home/zzy/TrajectoryPlanning/distill/data/benchmark/mp/train/sample_002333.npz,mp,alternating_gaps,U,mp_alternating_gaps,medium,medium,0,mp:train
train,sample_001389.npz,/home/zzy/TrajectoryPlanning/distill/data/benchmark/mp/train/sample_002334.npz,mp,alternating_gaps,U,mp_alternating_gaps,medium,medium,0,mp:train
train,sample_001390.npz,/home/zzy/TrajectoryPlanning/distill/data/benchmark/mp/train/sample_002335.npz,mp,alternating_gaps,U,mp_alternating_gaps,medium,medium,0,mp:train
train,sample_001391.npz,/home/zzy/TrajectoryPlanning/distill/data/benchmark/mp/train/sample_002336.npz,mp,alternating_gaps,U,mp_alternating_gaps,medium,medium,0,mp:train
train,sample_001392.npz,/home/zzy/TrajectoryPlanning/distill/data/benchmark/mp/train/sample_002337.npz,mp,alternating_gaps,U,mp_alternating_gaps,medium,medium,0,mp:train
train,sample_001393.npz,/home/zzy/TrajectoryPlanning/distill/data/benchmark/mp/train/sample_002339.npz,mp,alternating_gaps,U,mp_alternating_gaps,medium,medium,0,mp:train
train,sample_001394.npz,/home/zzy/TrajectoryPlanning/distill/data/benchmark/mp/train/sample_002340.npz,mp,alternating_gaps,U,mp_alternating_gaps,medium,medium,0,mp:train
train,sample_001395.npz,/home/zzy/TrajectoryPlanning/distill/data/benchmark/mp/train/sample_002341.npz,mp,alternating_gaps,U,mp_alternating_gaps,medium,medium,0,mp:train
train,sample_001396.npz,/home/zzy/TrajectoryPlanning/distill/data/benchmark/mp/train/sample_002342.npz,mp,alternating_gaps,U,mp_alternating_gaps,medium,medium,0,mp:train
train,sample_001397.npz,/home/zzy/TrajectoryPlanning/distill/data/benchmark/mp/train/sample_002343.npz,mp,alternating_gaps,U,mp_alternating_gaps,medium,medium,0,mp:train
train,sample_001398.npz,/home/zzy/TrajectoryPlanning/distill/data/benchmark/mp/train/sample_002344.npz,mp,alternating_gaps,U,mp_alternating_gaps,medium,medium,0,mp:train
train,sample_001399.npz,/home/zzy/TrajectoryPlanning/distill/data/benchmark/mp/train/sample_002345.npz,mp,alternating_gaps,U,mp_alternating_gaps,medium,medium,0,mp:train
train,sample_001400.npz,/home/zzy/TrajectoryPlanning/distill/data/benchmark/mp/train/sample_002346.npz,mp,alternating_gaps,U,mp_alternating_gaps,medium,medium,0,mp:train
train,sample_001401.npz,/home/zzy/TrajectoryPlanning/distill/data/benchmark/mp/train/sample_002349.npz,mp,alternating_gaps,U,mp_alternating_gaps,medium,medium,0,mp:train
train,sample_001402.npz,/home/zzy/TrajectoryPlanning/distill/data/benchmark/mp/train/sample_002350.npz,mp,alternating_gaps,U,mp_alternating_gaps,medium,medium,0,mp:train
train,sample_001403.npz,/home/zzy/TrajectoryPlanning/distill/data/benchmark/mp/train/sample_002351.npz,mp,alternating_gaps,U,mp_alternating_gaps,medium,medium,0,mp:train
train,sample_001404.npz,/home/zzy/TrajectoryPlanning/distill/data/benchmark/mp/train/sample_002352.npz,mp,alternating_gaps,U,mp_alternating_gaps,medium,medium,0,mp:train
train,sample_001405.npz,/home/zzy/TrajectoryPlanning/distill/data/benchmark/mp/train/sample_002355.npz,mp,alternating_gaps,U,mp_alternating_gaps,medium,medium,0,mp:train
train,sample_001406.npz,/home/zzy/TrajectoryPlanning/distill/data/benchmark/mp/train/sample_002356.npz,mp,alternating_gaps,U,mp_alternating_gaps,medium,medium,0,mp:train
train,sample_001407.npz,/home/zzy/TrajectoryPlanning/distill/data/benchmark/mp/train/sample_002358.npz,mp,alternating_gaps,U,mp_alternating_gaps,medium,medium,0,mp:train
train,sample_001408.npz,/home/zzy/TrajectoryPlanning/distill/data/benchmark/mp/train/sample_002359.npz,mp,alternating_gaps,U,mp_alternating_gaps,medium,medium,0,mp:train
train,sample_001409.npz,/home/zzy/TrajectoryPlanning/distill/data/benchmark/mp/train/sample_002360.npz,mp,alternating_gaps,U,mp_alternating_gaps,medium,medium,0,mp:train
train,sample_001410.npz,/home/zzy/TrajectoryPlanning/distill/data/benchmark/mp/train/sample_002361.npz,mp,alternating_gaps,U,mp_alternating_gaps,medium,medium,0,mp:train
train,sample_001411.npz,/home/zzy/TrajectoryPlanning/distill/data/benchmark/mp/train/sample_002362.npz,mp,alternating_gaps,U,mp_alternating_gaps,medium,medium,0,mp:train
train,sample_001412.npz,/home/zzy/TrajectoryPlanning/distill/data/benchmark/mp/train/sample_002363.npz,mp,alternating_gaps,U,mp_alternating_gaps,medium,medium,0,mp:train
train,sample_001413.npz,/home/zzy/TrajectoryPlanning/distill/data/benchmark/mp/train/sample_002364.npz,mp,alternating_gaps,U,mp_alternating_gaps,medium,medium,0,mp:train
train,sample_001414.npz,/home/zzy/TrajectoryPlanning/distill/data/benchmark/mp/train/sample_002365.npz,mp,alternating_gaps,U,mp_alternating_gaps,medium,medium,0,mp:train
train,sample_001415.npz,/home/zzy/TrajectoryPlanning/distill/data/benchmark/mp/train/sample_002367.npz,mp,alternating_gaps,U,mp_alternating_gaps,medium,medium,0,mp:train
train,sample_001416.npz,/home/zzy/TrajectoryPlanning/distill/data/benchmark/mp/train/sample_002368.npz,mp,alternating_gaps,U,mp_alternating_gaps,medium,medium,0,mp:train
train,sample_001417.npz,/home/zzy/TrajectoryPlanning/distill/data/benchmark/mp/train/sample_002369.npz,mp,alternating_gaps,U,mp_alternating_gaps,medium,medium,0,mp:train
train,sample_001418.npz,/home/zzy/TrajectoryPlanning/distill/data/benchmark/mp/train/sample_002370.npz,mp,alternating_gaps,U,mp_alternating_gaps,medium,medium,0,mp:train
train,sample_001419.npz,/home/zzy/TrajectoryPlanning/distill/data/benchmark/mp/train/sample_002371.npz,mp,alternating_gaps,U,mp_alternating_gaps,medium,medium,0,mp:train
train,sample_001420.npz,/home/zzy/TrajectoryPlanning/distill/data/benchmark/mp/train/sample_002372.npz,mp,alternating_gaps,U,mp_alternating_gaps,medium,medium,0,mp:train
train,sample_001421.npz,/home/zzy/TrajectoryPlanning/distill/data/benchmark/mp/train/sample_002374.npz,mp,alternating_gaps,U,mp_alternating_gaps,medium,medium,0,mp:train
train,sample_001422.npz,/home/zzy/TrajectoryPlanning/distill/data/benchmark/mp/train/sample_002375.npz,mp,alternating_gaps,U,mp_alternating_gaps,medium,medium,0,mp:train
train,sample_001423.npz,/home/zzy/TrajectoryPlanning/distill/data/benchmark/mp/train/sample_002376.npz,mp,alternating_gaps,U,mp_alternating_gaps,medium,medium,0,mp:train
train,sample_001424.npz,/home/zzy/TrajectoryPlanning/distill/data/benchmark/mp/train/sample_002377.npz,mp,alternating_gaps,U,mp_alternating_gaps,medium,medium,0,mp:train
train,sample_001425.npz,/home/zzy/TrajectoryPlanning/distill/data/benchmark/mp/train/sample_002378.npz,mp,alternating_gaps,U,mp_alternating_gaps,medium,medium,0,mp:train
train,sample_001426.npz,/home/zzy/TrajectoryPlanning/distill/data/benchmark/mp/train/sample_002379.npz,mp,alternating_gaps,U,mp_alternating_gaps,medium,medium,0,mp:train
train,sample_001427.npz,/home/zzy/TrajectoryPlanning/distill/data/benchmark/mp/train/sample_002380.npz,mp,alternating_gaps,U,mp_alternating_gaps,medium,medium,0,mp:train
train,sample_001428.npz,/home/zzy/TrajectoryPlanning/distill/data/benchmark/mp/train/sample_002382.npz,mp,alternating_gaps,U,mp_alternating_gaps,medium,medium,0,mp:train
train,sample_001429.npz,/home/zzy/TrajectoryPlanning/distill/data/benchmark/mp/train/sample_002383.npz,mp,alternating_gaps,U,mp_alternating_gaps,medium,medium,0,mp:train
train,sample_001430.npz,/home/zzy/TrajectoryPlanning/distill/data/benchmark/mp/train/sample_002384.npz,mp,alternating_gaps,U,mp_alternating_gaps,medium,medium,0,mp:train
train,sample_001431.npz,/home/zzy/TrajectoryPlanning/distill/data/benchmark/mp/train/sample_002385.npz,mp,alternating_gaps,U,mp_alternating_gaps,medium,medium,0,mp:train
train,sample_001432.npz,/home/zzy/TrajectoryPlanning/distill/data/benchmark/mp/train/sample_002386.npz,mp,alternating_gaps,U,mp_alternating_gaps,medium,medium,0,mp:train
train,sample_001433.npz,/home/zzy/TrajectoryPlanning/distill/data/benchmark/mp/train/sample_002387.npz,mp,alternating_gaps,U,mp_alternating_gaps,medium,medium,0,mp:train
train,sample_001434.npz,/home/zzy/TrajectoryPlanning/distill/data/benchmark/mp/train/sample_002388.npz,mp,alternating_gaps,U,mp_alternating_gaps,medium,medium,0,mp:train
train,sample_001435.npz,/home/zzy/TrajectoryPlanning/distill/data/benchmark/mp/train/sample_002389.npz,mp,alternating_gaps,U,mp_alternating_gaps,medium,medium,0,mp:train
train,sample_001436.npz,/home/zzy/TrajectoryPlanning/distill/data/benchmark/mp/train/sample_002390.npz,mp,alternating_gaps,U,mp_alternating_gaps,medium,medium,0,mp:train
train,sample_001437.npz,/home/zzy/TrajectoryPlanning/distill/data/benchmark/mp/train/sample_002391.npz,mp,alternating_gaps,U,mp_alternating_gaps,medium,medium,0,mp:train
train,sample_001438.npz,/home/zzy/TrajectoryPlanning/distill/data/benchmark/mp/train/sample_002393.npz,mp,alternating_gaps,U,mp_alternating_gaps,medium,medium,0,mp:train
train,sample_001439.npz,/home/zzy/TrajectoryPlanning/distill/data/benchmark/mp/train/sample_002394.npz,mp,alternating_gaps,U,mp_alternating_gaps,medium,medium,0,mp:train
train,sample_001440.npz,/home/zzy/TrajectoryPlanning/distill/data/benchmark/mp/train/sample_002395.npz,mp,alternating_gaps,U,mp_alternating_gaps,medium,medium,0,mp:train
train,sample_001441.npz,/home/zzy/TrajectoryPlanning/distill/data/benchmark/mp/train/sample_002397.npz,mp,alternating_gaps,U,mp_alternating_gaps,medium,medium,0,mp:train
train,sample_001442.npz,/home/zzy/TrajectoryPlanning/distill/data/benchmark/mp/train/sample_002398.npz,mp,alternating_gaps,U,mp_alternating_gaps,medium,medium,0,mp:train
train,sample_001443.npz,/home/zzy/TrajectoryPlanning/distill/data/benchmark/mp/test/sample_000700.npz,mp,bugtrap_forest,U,mp_bugtrap_forest,hard,hard,0,mp:test
train,sample_001444.npz,/home/zzy/TrajectoryPlanning/distill/data/benchmark/mp/test/sample_000701.npz,mp,bugtrap_forest,U,mp_bugtrap_forest,hard,hard,0,mp:test
train,sample_001445.npz,/home/zzy/TrajectoryPlanning/distill/data/benchmark/mp/test/sample_000702.npz,mp,bugtrap_forest,U,mp_bugtrap_forest,hard,hard,0,mp:test
train,sample_001446.npz,/home/zzy/TrajectoryPlanning/distill/data/benchmark/mp/test/sample_000703.npz,mp,bugtrap_forest,U,mp_bugtrap_forest,hard,hard,0,mp:test
train,sample_001447.npz,/home/zzy/TrajectoryPlanning/distill/data/benchmark/mp/test/sample_000704.npz,mp,bugtrap_forest,U,mp_bugtrap_forest,hard,hard,0,mp:test
train,sample_001448.npz,/home/zzy/TrajectoryPlanning/distill/data/benchmark/mp/test/sample_000706.npz,mp,bugtrap_forest,U,mp_bugtrap_forest,hard,hard,0,mp:test
train,sample_001449.npz,/home/zzy/TrajectoryPlanning/distill/data/benchmark/mp/test/sample_000708.npz,mp,bugtrap_forest,U,mp_bugtrap_forest,hard,hard,0,mp:test
train,sample_001450.npz,/home/zzy/TrajectoryPlanning/distill/data/benchmark/mp/test/sample_000710.npz,mp,bugtrap_forest,U,mp_bugtrap_forest,hard,hard,0,mp:test
train,sample_001451.npz,/home/zzy/TrajectoryPlanning/distill/data/benchmark/mp/test/sample_000711.npz,mp,bugtrap_forest,U,mp_bugtrap_forest,hard,hard,0,mp:test
train,sample_001452.npz,/home/zzy/TrajectoryPlanning/distill/data/benchmark/mp/test/sample_000714.npz,mp,bugtrap_forest,U,mp_bugtrap_forest,hard,hard,0,mp:test
train,sample_001453.npz,/home/zzy/TrajectoryPlanning/distill/data/benchmark/mp/test/sample_000715.npz,mp,bugtrap_forest,U,mp_bugtrap_forest,hard,hard,0,mp:test
train,sample_001454.npz,/home/zzy/TrajectoryPlanning/distill/data/benchmark/mp/test/sample_000716.npz,mp,bugtrap_forest,U,mp_bugtrap_forest,hard,hard,0,mp:test
train,sample_001455.npz,/home/zzy/TrajectoryPlanning/distill/data/benchmark/mp/test/sample_000717.npz,mp,bugtrap_forest,U,mp_bugtrap_forest,hard,hard,0,mp:test
train,sample_001456.npz,/home/zzy/TrajectoryPlanning/distill/data/benchmark/mp/test/sample_000718.npz,mp,bugtrap_forest,U,mp_bugtrap_forest,hard,hard,0,mp:test
train,sample_001457.npz,/home/zzy/TrajectoryPlanning/distill/data/benchmark/mp/test/sample_000719.npz,mp,bugtrap_forest,U,mp_bugtrap_forest,hard,hard,0,mp:test
train,sample_001458.npz,/home/zzy/TrajectoryPlanning/distill/data/benchmark/mp/test/sample_000720.npz,mp,bugtrap_forest,U,mp_bugtrap_forest,hard,hard,0,mp:test
train,sample_001459.npz,/home/zzy/TrajectoryPlanning/distill/data/benchmark/mp/test/sample_000721.npz,mp,bugtrap_forest,U,mp_bugtrap_forest,hard,hard,0,mp:test
train,sample_001460.npz,/home/zzy/TrajectoryPlanning/distill/data/benchmark/mp/test/sample_000722.npz,mp,bugtrap_forest,U,mp_bugtrap_forest,hard,hard,0,mp:test
train,sample_001461.npz,/home/zzy/TrajectoryPlanning/distill/data/benchmark/mp/test/sample_000726.npz,mp,bugtrap_forest,U,mp_bugtrap_forest,hard,hard,0,mp:test
train,sample_001462.npz,/home/zzy/TrajectoryPlanning/distill/data/benchmark/mp/test/sample_000727.npz,mp,bugtrap_forest,U,mp_bugtrap_forest,hard,hard,0,mp:test
train,sample_001463.npz,/home/zzy/TrajectoryPlanning/distill/data/benchmark/mp/test/sample_000728.npz,mp,bugtrap_forest,U,mp_bugtrap_forest,hard,hard,0,mp:test
train,sample_001464.npz,/home/zzy/TrajectoryPlanning/distill/data/benchmark/mp/test/sample_000729.npz,mp,bugtrap_forest,U,mp_bugtrap_forest,hard,hard,0,mp:test
train,sample_001465.npz,/home/zzy/TrajectoryPlanning/distill/data/benchmark/mp/test/sample_000731.npz,mp,bugtrap_forest,U,mp_bugtrap_forest,hard,hard,0,mp:test
train,sample_001466.npz,/home/zzy/TrajectoryPlanning/distill/data/benchmark/mp/test/sample_000732.npz,mp,bugtrap_forest,U,mp_bugtrap_forest,hard,hard,0,mp:test
train,sample_001467.npz,/home/zzy/TrajectoryPlanning/distill/data/benchmark/mp/test/sample_000733.npz,mp,bugtrap_forest,U,mp_bugtrap_forest,hard,hard,0,mp:test
train,sample_001468.npz,/home/zzy/TrajectoryPlanning/distill/data/benchmark/mp/test/sample_000734.npz,mp,bugtrap_forest,U,mp_bugtrap_forest,hard,hard,0,mp:test
train,sample_001469.npz,/home/zzy/TrajectoryPlanning/distill/data/benchmark/mp/test/sample_000735.npz,mp,bugtrap_forest,U,mp_bugtrap_forest,hard,hard,0,mp:test
train,sample_001470.npz,/home/zzy/TrajectoryPlanning/distill/data/benchmark/mp/test/sample_000736.npz,mp,bugtrap_forest,U,mp_bugtrap_forest,hard,hard,0,mp:test
train,sample_001471.npz,/home/zzy/TrajectoryPlanning/distill/data/benchmark/mp/test/sample_000738.npz,mp,bugtrap_forest,U,mp_bugtrap_forest,hard,hard,0,mp:test
train,sample_001472.npz,/home/zzy/TrajectoryPlanning/distill/data/benchmark/mp/test/sample_000739.npz,mp,bugtrap_forest,U,mp_bugtrap_forest,hard,hard,0,mp:test
train,sample_001473.npz,/home/zzy/TrajectoryPlanning/distill/data/benchmark/mp/test/sample_000741.npz,mp,bugtrap_forest,U,mp_bugtrap_forest,hard,hard,0,mp:test
train,sample_001474.npz,/home/zzy/TrajectoryPlanning/distill/data/benchmark/mp/test/sample_000743.npz,mp,bugtrap_forest,U,mp_bugtrap_forest,hard,hard,0,mp:test
train,sample_001475.npz,/home/zzy/TrajectoryPlanning/distill/data/benchmark/mp/test/sample_000744.npz,mp,bugtrap_forest,U,mp_bugtrap_forest,hard,hard,0,mp:test
train,sample_001476.npz,/home/zzy/TrajectoryPlanning/distill/data/benchmark/mp/test/sample_000745.npz,mp,bugtrap_forest,U,mp_bugtrap_forest,hard,hard,0,mp:test
train,sample_001477.npz,/home/zzy/TrajectoryPlanning/distill/data/benchmark/mp/test/sample_000747.npz,mp,bugtrap_forest,U,mp_bugtrap_forest,hard,hard,0,mp:test
train,sample_001478.npz,/home/zzy/TrajectoryPlanning/distill/data/benchmark/mp/test/sample_000748.npz,mp,bugtrap_forest,U,mp_bugtrap_forest,hard,hard,0,mp:test
train,sample_001479.npz,/home/zzy/TrajectoryPlanning/distill/data/benchmark/mp/test/sample_000751.npz,mp,bugtrap_forest,U,mp_bugtrap_forest,hard,hard,0,mp:test
train,sample_001480.npz,/home/zzy/TrajectoryPlanning/distill/data/benchmark/mp/test/sample_000752.npz,mp,bugtrap_forest,U,mp_bugtrap_forest,hard,hard,0,mp:test
train,sample_001481.npz,/home/zzy/TrajectoryPlanning/distill/data/benchmark/mp/test/sample_000753.npz,mp,bugtrap_forest,U,mp_bugtrap_forest,hard,hard,0,mp:test
train,sample_001482.npz,/home/zzy/TrajectoryPlanning/distill/data/benchmark/mp/test/sample_000754.npz,mp,bugtrap_forest,U,mp_bugtrap_forest,hard,hard,0,mp:test
train,sample_001483.npz,/home/zzy/TrajectoryPlanning/distill/data/benchmark/mp/test/sample_000756.npz,mp,bugtrap_forest,U,mp_bugtrap_forest,hard,hard,0,mp:test
train,sample_001484.npz,/home/zzy/TrajectoryPlanning/distill/data/benchmark/mp/test/sample_000757.npz,mp,bugtrap_forest,U,mp_bugtrap_forest,hard,hard,0,mp:test
train,sample_001485.npz,/home/zzy/TrajectoryPlanning/distill/data/benchmark/mp/test/sample_000758.npz,mp,bugtrap_forest,U,mp_bugtrap_forest,hard,hard,0,mp:test
train,sample_001486.npz,/home/zzy/TrajectoryPlanning/distill/data/benchmark/mp/test/sample_000760.npz,mp,bugtrap_forest,U,mp_bugtrap_forest,hard,hard,0,mp:test
train,sample_001487.npz,/home/zzy/TrajectoryPlanning/distill/data/benchmark/mp/test/sample_000761.npz,mp,bugtrap_forest,U,mp_bugtrap_forest,hard,hard,0,mp:test
train,sample_001488.npz,/home/zzy/TrajectoryPlanning/distill/data/benchmark/mp/test/sample_000763.npz,mp,bugtrap_forest,U,mp_bugtrap_forest,hard,hard,0,mp:test
train,sample_001489.npz,/home/zzy/TrajectoryPlanning/distill/data/benchmark/mp/test/sample_000765.npz,mp,bugtrap_forest,U,mp_bugtrap_forest,hard,hard,0,mp:test
train,sample_001490.npz,/home/zzy/TrajectoryPlanning/distill/data/benchmark/mp/test/sample_000766.npz,mp,bugtrap_forest,U,mp_bugtrap_forest,hard,hard,0,mp:test
train,sample_001491.npz,/home/zzy/TrajectoryPlanning/distill/data/benchmark/mp/test/sample_000768.npz,mp,bugtrap_forest,U,mp_bugtrap_forest,hard,hard,0,mp:test
train,sample_001492.npz,/home/zzy/TrajectoryPlanning/distill/data/benchmark/mp/test/sample_000770.npz,mp,bugtrap_forest,U,mp_bugtrap_forest,hard,hard,0,mp:test
train,sample_001493.npz,/home/zzy/TrajectoryPlanning/distill/data/benchmark/mp/test/sample_000771.npz,mp,bugtrap_forest,U,mp_bugtrap_forest,hard,hard,0,mp:test
train,sample_001494.npz,/home/zzy/TrajectoryPlanning/distill/data/benchmark/mp/test/sample_000772.npz,mp,bugtrap_forest,U,mp_bugtrap_forest,hard,hard,0,mp:test
train,sample_001495.npz,/home/zzy/TrajectoryPlanning/distill/data/benchmark/mp/test/sample_000773.npz,mp,bugtrap_forest,U,mp_bugtrap_forest,hard,hard,0,mp:test
train,sample_001496.npz,/home/zzy/TrajectoryPlanning/distill/data/benchmark/mp/test/sample_000774.npz,mp,bugtrap_forest,U,mp_bugtrap_forest,hard,hard,0,mp:test
train,sample_001497.npz,/home/zzy/TrajectoryPlanning/distill/data/benchmark/mp/test/sample_000775.npz,mp,bugtrap_forest,U,mp_bugtrap_forest,hard,hard,0,mp:test
train,sample_001498.npz,/home/zzy/TrajectoryPlanning/distill/data/benchmark/mp/test/sample_000776.npz,mp,bugtrap_forest,U,mp_bugtrap_forest,hard,hard,0,mp:test
train,sample_001499.npz,/home/zzy/TrajectoryPlanning/distill/data/benchmark/mp/test/sample_000777.npz,mp,bugtrap_forest,U,mp_bugtrap_forest,hard,hard,0,mp:test
train,sample_001500.npz,/home/zzy/TrajectoryPlanning/distill/data/benchmark/mp/test/sample_000778.npz,mp,bugtrap_forest,U,mp_bugtrap_forest,hard,hard,0,mp:test
train,sample_001501.npz,/home/zzy/TrajectoryPlanning/distill/data/benchmark/mp/test/sample_000779.npz,mp,bugtrap_forest,U,mp_bugtrap_forest,hard,hard,0,mp:test
train,sample_001502.npz,/home/zzy/TrajectoryPlanning/distill/data/benchmark/mp/test/sample_000780.npz,mp,bugtrap_forest,U,mp_bugtrap_forest,hard,hard,0,mp:test
train,sample_001503.npz,/home/zzy/TrajectoryPlanning/distill/data/benchmark/mp/test/sample_000781.npz,mp,bugtrap_forest,U,mp_bugtrap_forest,hard,hard,0,mp:test
train,sample_001504.npz,/home/zzy/TrajectoryPlanning/distill/data/benchmark/mp/test/sample_000782.npz,mp,bugtrap_forest,U,mp_bugtrap_forest,hard,hard,0,mp:test
train,sample_001505.npz,/home/zzy/TrajectoryPlanning/distill/data/benchmark/mp/test/sample_000783.npz,mp,bugtrap_forest,U,mp_bugtrap_forest,hard,hard,0,mp:test
train,sample_001506.npz,/home/zzy/TrajectoryPlanning/distill/data/benchmark/mp/test/sample_000785.npz,mp,bugtrap_forest,U,mp_bugtrap_forest,hard,hard,0,mp:test
train,sample_001507.npz,/home/zzy/TrajectoryPlanning/distill/data/benchmark/mp/test/sample_000787.npz,mp,bugtrap_forest,U,mp_bugtrap_forest,hard,hard,0,mp:test
train,sample_001508.npz,/home/zzy/TrajectoryPlanning/distill/data/benchmark/mp/test/sample_000788.npz,mp,bugtrap_forest,U,mp_bugtrap_forest,hard,hard,0,mp:test
train,sample_001509.npz,/home/zzy/TrajectoryPlanning/distill/data/benchmark/mp/test/sample_000789.npz,mp,bugtrap_forest,U,mp_bugtrap_forest,hard,hard,0,mp:test
train,sample_001510.npz,/home/zzy/TrajectoryPlanning/distill/data/benchmark/mp/test/sample_000791.npz,mp,bugtrap_forest,U,mp_bugtrap_forest,hard,hard,0,mp:test
train,sample_001511.npz,/home/zzy/TrajectoryPlanning/distill/data/benchmark/mp/test/sample_000792.npz,mp,bugtrap_forest,U,mp_bugtrap_forest,hard,hard,0,mp:test
train,sample_001512.npz,/home/zzy/TrajectoryPlanning/distill/data/benchmark/mp/test/sample_000793.npz,mp,bugtrap_forest,U,mp_bugtrap_forest,hard,hard,0,mp:test
train,sample_001513.npz,/home/zzy/TrajectoryPlanning/distill/data/benchmark/mp/test/sample_000794.npz,mp,bugtrap_forest,U,mp_bugtrap_forest,hard,hard,0,mp:test
train,sample_001514.npz,/home/zzy/TrajectoryPlanning/distill/data/benchmark/mp/test/sample_000795.npz,mp,bugtrap_forest,U,mp_bugtrap_forest,hard,hard,0,mp:test
train,sample_001515.npz,/home/zzy/TrajectoryPlanning/distill/data/benchmark/mp/test/sample_000796.npz,mp,bugtrap_forest,U,mp_bugtrap_forest,hard,hard,0,mp:test
train,sample_001516.npz,/home/zzy/TrajectoryPlanning/distill/data/benchmark/mp/test/sample_000797.npz,mp,bugtrap_forest,U,mp_bugtrap_forest,hard,hard,0,mp:test
train,sample_001517.npz,/home/zzy/TrajectoryPlanning/distill/data/benchmark/mp/test/sample_000798.npz,mp,bugtrap_forest,U,mp_bugtrap_forest,hard,hard,0,mp:test
train,sample_001518.npz,/home/zzy/TrajectoryPlanning/distill/data/benchmark/mp/train/sample_005600.npz,mp,bugtrap_forest,U,mp_bugtrap_forest,hard,hard,0,mp:train
train,sample_001519.npz,/home/zzy/TrajectoryPlanning/distill/data/benchmark/mp/train/sample_005601.npz,mp,bugtrap_forest,U,mp_bugtrap_forest,hard,hard,0,mp:train
train,sample_001520.npz,/home/zzy/TrajectoryPlanning/distill/data/benchmark/mp/train/sample_005602.npz,mp,bugtrap_forest,U,mp_bugtrap_forest,hard,hard,0,mp:train
train,sample_001521.npz,/home/zzy/TrajectoryPlanning/distill/data/benchmark/mp/train/sample_005603.npz,mp,bugtrap_forest,U,mp_bugtrap_forest,hard,hard,0,mp:train
train,sample_001522.npz,/home/zzy/TrajectoryPlanning/distill/data/benchmark/mp/train/sample_005604.npz,mp,bugtrap_forest,U,mp_bugtrap_forest,hard,hard,0,mp:train
train,sample_001523.npz,/home/zzy/TrajectoryPlanning/distill/data/benchmark/mp/train/sample_005605.npz,mp,bugtrap_forest,U,mp_bugtrap_forest,hard,hard,0,mp:train
train,sample_001524.npz,/home/zzy/TrajectoryPlanning/distill/data/benchmark/mp/train/sample_005606.npz,mp,bugtrap_forest,U,mp_bugtrap_forest,hard,hard,0,mp:train
train,sample_001525.npz,/home/zzy/TrajectoryPlanning/distill/data/benchmark/mp/train/sample_005607.npz,mp,bugtrap_forest,U,mp_bugtrap_forest,hard,hard,0,mp:train
train,sample_001526.npz,/home/zzy/TrajectoryPlanning/distill/data/benchmark/mp/train/sample_005609.npz,mp,bugtrap_forest,U,mp_bugtrap_forest,hard,hard,0,mp:train
train,sample_001527.npz,/home/zzy/TrajectoryPlanning/distill/data/benchmark/mp/train/sample_005610.npz,mp,bugtrap_forest,U,mp_bugtrap_forest,hard,hard,0,mp:train
train,sample_001528.npz,/home/zzy/TrajectoryPlanning/distill/data/benchmark/mp/train/sample_005611.npz,mp,bugtrap_forest,U,mp_bugtrap_forest,hard,hard,0,mp:train
train,sample_001529.npz,/home/zzy/TrajectoryPlanning/distill/data/benchmark/mp/train/sample_005612.npz,mp,bugtrap_forest,U,mp_bugtrap_forest,hard,hard,0,mp:train
train,sample_001530.npz,/home/zzy/TrajectoryPlanning/distill/data/benchmark/mp/train/sample_005613.npz,mp,bugtrap_forest,U,mp_bugtrap_forest,hard,hard,0,mp:train
train,sample_001531.npz,/home/zzy/TrajectoryPlanning/distill/data/benchmark/mp/train/sample_005614.npz,mp,bugtrap_forest,U,mp_bugtrap_forest,hard,hard,0,mp:train
train,sample_001532.npz,/home/zzy/TrajectoryPlanning/distill/data/benchmark/mp/train/sample_005616.npz,mp,bugtrap_forest,U,mp_bugtrap_forest,hard,hard,0,mp:train
train,sample_001533.npz,/home/zzy/TrajectoryPlanning/distill/data/benchmark/mp/train/sample_005617.npz,mp,bugtrap_forest,U,mp_bugtrap_forest,hard,hard,0,mp:train
train,sample_001534.npz,/home/zzy/TrajectoryPlanning/distill/data/benchmark/mp/train/sample_005618.npz,mp,bugtrap_forest,U,mp_bugtrap_forest,hard,hard,0,mp:train
train,sample_001535.npz,/home/zzy/TrajectoryPlanning/distill/data/benchmark/mp/train/sample_005619.npz,mp,bugtrap_forest,U,mp_bugtrap_forest,hard,hard,0,mp:train
train,sample_001536.npz,/home/zzy/TrajectoryPlanning/distill/data/benchmark/mp/train/sample_005621.npz,mp,bugtrap_forest,U,mp_bugtrap_forest,hard,hard,0,mp:train
train,sample_001537.npz,/home/zzy/TrajectoryPlanning/distill/data/benchmark/mp/train/sample_005622.npz,mp,bugtrap_forest,U,mp_bugtrap_forest,hard,hard,0,mp:train
train,sample_001538.npz,/home/zzy/TrajectoryPlanning/distill/data/benchmark/mp/train/sample_005625.npz,mp,bugtrap_forest,U,mp_bugtrap_forest,hard,hard,0,mp:train
train,sample_001539.npz,/home/zzy/TrajectoryPlanning/distill/data/benchmark/mp/train/sample_005626.npz,mp,bugtrap_forest,U,mp_bugtrap_forest,hard,hard,0,mp:train
train,sample_001540.npz,/home/zzy/TrajectoryPlanning/distill/data/benchmark/mp/train/sample_005627.npz,mp,bugtrap_forest,U,mp_bugtrap_forest,hard,hard,0,mp:train
train,sample_001541.npz,/home/zzy/TrajectoryPlanning/distill/data/benchmark/mp/train/sample_005628.npz,mp,bugtrap_forest,U,mp_bugtrap_forest,hard,hard,0,mp:train
train,sample_001542.npz,/home/zzy/TrajectoryPlanning/distill/data/benchmark/mp/train/sample_005629.npz,mp,bugtrap_forest,U,mp_bugtrap_forest,hard,hard,0,mp:train
train,sample_001543.npz,/home/zzy/TrajectoryPlanning/distill/data/benchmark/mp/train/sample_005630.npz,mp,bugtrap_forest,U,mp_bugtrap_forest,hard,hard,0,mp:train
train,sample_001544.npz,/home/zzy/TrajectoryPlanning/distill/data/benchmark/mp/train/sample_005631.npz,mp,bugtrap_forest,U,mp_bugtrap_forest,hard,hard,0,mp:train
train,sample_001545.npz,/home/zzy/TrajectoryPlanning/distill/data/benchmark/mp/train/sample_005632.npz,mp,bugtrap_forest,U,mp_bugtrap_forest,hard,hard,0,mp:train
train,sample_001546.npz,/home/zzy/TrajectoryPlanning/distill/data/benchmark/mp/train/sample_005633.npz,mp,bugtrap_forest,U,mp_bugtrap_forest,hard,hard,0,mp:train
train,sample_001547.npz,/home/zzy/TrajectoryPlanning/distill/data/benchmark/mp/train/sample_005635.npz,mp,bugtrap_forest,U,mp_bugtrap_forest,hard,hard,0,mp:train
train,sample_001548.npz,/home/zzy/TrajectoryPlanning/distill/data/benchmark/mp/train/sample_005637.npz,mp,bugtrap_forest,U,mp_bugtrap_forest,hard,hard,0,mp:train
train,sample_001549.npz,/home/zzy/TrajectoryPlanning/distill/data/benchmark/mp/train/sample_005638.npz,mp,bugtrap_forest,U,mp_bugtrap_forest,hard,hard,0,mp:train
train,sample_001550.npz,/home/zzy/TrajectoryPlanning/distill/data/benchmark/mp/train/sample_005639.npz,mp,bugtrap_forest,U,mp_bugtrap_forest,hard,hard,0,mp:train
train,sample_001551.npz,/home/zzy/TrajectoryPlanning/distill/data/benchmark/mp/train/sample_005640.npz,mp,bugtrap_forest,U,mp_bugtrap_forest,hard,hard,0,mp:train
train,sample_001552.npz,/home/zzy/TrajectoryPlanning/distill/data/benchmark/mp/train/sample_005641.npz,mp,bugtrap_forest,U,mp_bugtrap_forest,hard,hard,0,mp:train
train,sample_001553.npz,/home/zzy/TrajectoryPlanning/distill/data/benchmark/mp/train/sample_005642.npz,mp,bugtrap_forest,U,mp_bugtrap_forest,hard,hard,0,mp:train
train,sample_001554.npz,/home/zzy/TrajectoryPlanning/distill/data/benchmark/mp/train/sample_005643.npz,mp,bugtrap_forest,U,mp_bugtrap_forest,hard,hard,0,mp:train
train,sample_001555.npz,/home/zzy/TrajectoryPlanning/distill/data/benchmark/mp/train/sample_005644.npz,mp,bugtrap_forest,U,mp_bugtrap_forest,hard,hard,0,mp:train
train,sample_001556.npz,/home/zzy/TrajectoryPlanning/distill/data/benchmark/mp/train/sample_005646.npz,mp,bugtrap_forest,U,mp_bugtrap_forest,hard,hard,0,mp:train
train,sample_001557.npz,/home/zzy/TrajectoryPlanning/distill/data/benchmark/mp/train/sample_005648.npz,mp,bugtrap_forest,U,mp_bugtrap_forest,hard,hard,0,mp:train
train,sample_001558.npz,/home/zzy/TrajectoryPlanning/distill/data/benchmark/mp/train/sample_005649.npz,mp,bugtrap_forest,U,mp_bugtrap_forest,hard,hard,0,mp:train
train,sample_001559.npz,/home/zzy/TrajectoryPlanning/distill/data/benchmark/mp/train/sample_005650.npz,mp,bugtrap_forest,U,mp_bugtrap_forest,hard,hard,0,mp:train
train,sample_001560.npz,/home/zzy/TrajectoryPlanning/distill/data/benchmark/mp/train/sample_005651.npz,mp,bugtrap_forest,U,mp_bugtrap_forest,hard,hard,0,mp:train
train,sample_001561.npz,/home/zzy/TrajectoryPlanning/distill/data/benchmark/mp/train/sample_005652.npz,mp,bugtrap_forest,U,mp_bugtrap_forest,hard,hard,0,mp:train
train,sample_001562.npz,/home/zzy/TrajectoryPlanning/distill/data/benchmark/mp/train/sample_005653.npz,mp,bugtrap_forest,U,mp_bugtrap_forest,hard,hard,0,mp:train
train,sample_001563.npz,/home/zzy/TrajectoryPlanning/distill/data/benchmark/mp/train/sample_005654.npz,mp,bugtrap_forest,U,mp_bugtrap_forest,hard,hard,0,mp:train
train,sample_001564.npz,/home/zzy/TrajectoryPlanning/distill/data/benchmark/mp/train/sample_005655.npz,mp,bugtrap_forest,U,mp_bugtrap_forest,hard,hard,0,mp:train
train,sample_001565.npz,/home/zzy/TrajectoryPlanning/distill/data/benchmark/mp/train/sample_005656.npz,mp,bugtrap_forest,U,mp_bugtrap_forest,hard,hard,0,mp:train
train,sample_001566.npz,/home/zzy/TrajectoryPlanning/distill/data/benchmark/mp/train/sample_005657.npz,mp,bugtrap_forest,U,mp_bugtrap_forest,hard,hard,0,mp:train
train,sample_001567.npz,/home/zzy/TrajectoryPlanning/distill/data/benchmark/mp/train/sample_005658.npz,mp,bugtrap_forest,U,mp_bugtrap_forest,hard,hard,0,mp:train
train,sample_001568.npz,/home/zzy/TrajectoryPlanning/distill/data/benchmark/mp/train/sample_005662.npz,mp,bugtrap_forest,U,mp_bugtrap_forest,hard,hard,0,mp:train
train,sample_001569.npz,/home/zzy/TrajectoryPlanning/distill/data/benchmark/mp/train/sample_005663.npz,mp,bugtrap_forest,U,mp_bugtrap_forest,hard,hard,0,mp:train
train,sample_001570.npz,/home/zzy/TrajectoryPlanning/distill/data/benchmark/mp/train/sample_005664.npz,mp,bugtrap_forest,U,mp_bugtrap_forest,hard,hard,0,mp:train
train,sample_001571.npz,/home/zzy/TrajectoryPlanning/distill/data/benchmark/mp/train/sample_005665.npz,mp,bugtrap_forest,U,mp_bugtrap_forest,hard,hard,0,mp:train
train,sample_001572.npz,/home/zzy/TrajectoryPlanning/distill/data/benchmark/mp/train/sample_005667.npz,mp,bugtrap_forest,U,mp_bugtrap_forest,hard,hard,0,mp:train
train,sample_001573.npz,/home/zzy/TrajectoryPlanning/distill/data/benchmark/mp/train/sample_005668.npz,mp,bugtrap_forest,U,mp_bugtrap_forest,hard,hard,0,mp:train
train,sample_001574.npz,/home/zzy/TrajectoryPlanning/distill/data/benchmark/mp/train/sample_005669.npz,mp,bugtrap_forest,U,mp_bugtrap_forest,hard,hard,0,mp:train
train,sample_001575.npz,/home/zzy/TrajectoryPlanning/distill/data/benchmark/mp/train/sample_005671.npz,mp,bugtrap_forest,U,mp_bugtrap_forest,hard,hard,0,mp:train
train,sample_001576.npz,/home/zzy/TrajectoryPlanning/distill/data/benchmark/mp/train/sample_005673.npz,mp,bugtrap_forest,U,mp_bugtrap_forest,hard,hard,0,mp:train
train,sample_001577.npz,/home/zzy/TrajectoryPlanning/distill/data/benchmark/mp/train/sample_005675.npz,mp,bugtrap_forest,U,mp_bugtrap_forest,hard,hard,0,mp:train
train,sample_001578.npz,/home/zzy/TrajectoryPlanning/distill/data/benchmark/mp/train/sample_005676.npz,mp,bugtrap_forest,U,mp_bugtrap_forest,hard,hard,0,mp:train
train,sample_001579.npz,/home/zzy/TrajectoryPlanning/distill/data/benchmark/mp/train/sample_005677.npz,mp,bugtrap_forest,U,mp_bugtrap_forest,hard,hard,0,mp:train
train,sample_001580.npz,/home/zzy/TrajectoryPlanning/distill/data/benchmark/mp/train/sample_005678.npz,mp,bugtrap_forest,U,mp_bugtrap_forest,hard,hard,0,mp:train
train,sample_001581.npz,/home/zzy/TrajectoryPlanning/distill/data/benchmark/mp/train/sample_005680.npz,mp,bugtrap_forest,U,mp_bugtrap_forest,hard,hard,0,mp:train
train,sample_001582.npz,/home/zzy/TrajectoryPlanning/distill/data/benchmark/mp/train/sample_005681.npz,mp,bugtrap_forest,U,mp_bugtrap_forest,hard,hard,0,mp:train
train,sample_001583.npz,/home/zzy/TrajectoryPlanning/distill/data/benchmark/mp/train/sample_005682.npz,mp,bugtrap_forest,U,mp_bugtrap_forest,hard,hard,0,mp:train
train,sample_001584.npz,/home/zzy/TrajectoryPlanning/distill/data/benchmark/mp/train/sample_005683.npz,mp,bugtrap_forest,U,mp_bugtrap_forest,hard,hard,0,mp:train
train,sample_001585.npz,/home/zzy/TrajectoryPlanning/distill/data/benchmark/mp/train/sample_005684.npz,mp,bugtrap_forest,U,mp_bugtrap_forest,hard,hard,0,mp:train
train,sample_001586.npz,/home/zzy/TrajectoryPlanning/distill/data/benchmark/mp/train/sample_005685.npz,mp,bugtrap_forest,U,mp_bugtrap_forest,hard,hard,0,mp:train
train,sample_001587.npz,/home/zzy/TrajectoryPlanning/distill/data/benchmark/mp/train/sample_005686.npz,mp,bugtrap_forest,U,mp_bugtrap_forest,hard,hard,0,mp:train
train,sample_001588.npz,/home/zzy/TrajectoryPlanning/distill/data/benchmark/mp/train/sample_005688.npz,mp,bugtrap_forest,U,mp_bugtrap_forest,hard,hard,0,mp:train
train,sample_001589.npz,/home/zzy/TrajectoryPlanning/distill/data/benchmark/mp/train/sample_005689.npz,mp,bugtrap_forest,U,mp_bugtrap_forest,hard,hard,0,mp:train
train,sample_001590.npz,/home/zzy/TrajectoryPlanning/distill/data/benchmark/mp/train/sample_005690.npz,mp,bugtrap_forest,U,mp_bugtrap_forest,hard,hard,0,mp:train
train,sample_001591.npz,/home/zzy/TrajectoryPlanning/distill/data/benchmark/mp/train/sample_005692.npz,mp,bugtrap_forest,U,mp_bugtrap_forest,hard,hard,0,mp:train
train,sample_001592.npz,/home/zzy/TrajectoryPlanning/distill/data/benchmark/mp/train/sample_005693.npz,mp,bugtrap_forest,U,mp_bugtrap_forest,hard,hard,0,mp:train
train,sample_001593.npz,/home/zzy/TrajectoryPlanning/distill/data/benchmark/mp/train/sample_005694.npz,mp,bugtrap_forest,U,mp_bugtrap_forest,hard,hard,0,mp:train
train,sample_001594.npz,/home/zzy/TrajectoryPlanning/distill/data/benchmark/mp/train/sample_005696.npz,mp,bugtrap_forest,U,mp_bugtrap_forest,hard,hard,0,mp:train
train,sample_001595.npz,/home/zzy/TrajectoryPlanning/distill/data/benchmark/mp/train/sample_005697.npz,mp,bugtrap_forest,U,mp_bugtrap_forest,hard,hard,0,mp:train
train,sample_001596.npz,/home/zzy/TrajectoryPlanning/distill/data/benchmark/mp/train/sample_005698.npz,mp,bugtrap_forest,U,mp_bugtrap_forest,hard,hard,0,mp:train
train,sample_001597.npz,/home/zzy/TrajectoryPlanning/distill/data/benchmark/mp/train/sample_005699.npz,mp,bugtrap_forest,U,mp_bugtrap_forest,hard,hard,0,mp:train
train,sample_001598.npz,/home/zzy/TrajectoryPlanning/distill/data/benchmark/mp/train/sample_005701.npz,mp,bugtrap_forest,U,mp_bugtrap_forest,hard,hard,0,mp:train
train,sample_001599.npz,/home/zzy/TrajectoryPlanning/distill/data/benchmark/mp/train/sample_005702.npz,mp,bugtrap_forest,U,mp_bugtrap_forest,hard,hard,0,mp:train
train,sample_001600.npz,/home/zzy/TrajectoryPlanning/distill/data/benchmark/mp/train/sample_005704.npz,mp,bugtrap_forest,U,mp_bugtrap_forest,hard,hard,0,mp:train
train,sample_001601.npz,/home/zzy/TrajectoryPlanning/distill/data/benchmark/mp/train/sample_005705.npz,mp,bugtrap_forest,U,mp_bugtrap_forest,hard,hard,0,mp:train
train,sample_001602.npz,/home/zzy/TrajectoryPlanning/distill/data/benchmark/mp/train/sample_005707.npz,mp,bugtrap_forest,U,mp_bugtrap_forest,hard,hard,0,mp:train
train,sample_001603.npz,/home/zzy/TrajectoryPlanning/distill/data/benchmark/mp/train/sample_005708.npz,mp,bugtrap_forest,U,mp_bugtrap_forest,hard,hard,0,mp:train
train,sample_001604.npz,/home/zzy/TrajectoryPlanning/distill/data/benchmark/mp/train/sample_005709.npz,mp,bugtrap_forest,U,mp_bugtrap_forest,hard,hard,0,mp:train
train,sample_001605.npz,/home/zzy/TrajectoryPlanning/distill/data/benchmark/mp/train/sample_005710.npz,mp,bugtrap_forest,U,mp_bugtrap_forest,hard,hard,0,mp:train
train,sample_001606.npz,/home/zzy/TrajectoryPlanning/distill/data/benchmark/mp/train/sample_005712.npz,mp,bugtrap_forest,U,mp_bugtrap_forest,hard,hard,0,mp:train
train,sample_001607.npz,/home/zzy/TrajectoryPlanning/distill/data/benchmark/mp/train/sample_005713.npz,mp,bugtrap_forest,U,mp_bugtrap_forest,hard,hard,0,mp:train
train,sample_001608.npz,/home/zzy/TrajectoryPlanning/distill/data/benchmark/mp/train/sample_005714.npz,mp,bugtrap_forest,U,mp_bugtrap_forest,hard,hard,0,mp:train
train,sample_001609.npz,/home/zzy/TrajectoryPlanning/distill/data/benchmark/mp/train/sample_005715.npz,mp,bugtrap_forest,U,mp_bugtrap_forest,hard,hard,0,mp:train
train,sample_001610.npz,/home/zzy/TrajectoryPlanning/distill/data/benchmark/mp/train/sample_005716.npz,mp,bugtrap_forest,U,mp_bugtrap_forest,hard,hard,0,mp:train
train,sample_001611.npz,/home/zzy/TrajectoryPlanning/distill/data/benchmark/mp/train/sample_005717.npz,mp,bugtrap_forest,U,mp_bugtrap_forest,hard,hard,0,mp:train
train,sample_001612.npz,/home/zzy/TrajectoryPlanning/distill/data/benchmark/mp/train/sample_005718.npz,mp,bugtrap_forest,U,mp_bugtrap_forest,hard,hard,0,mp:train
train,sample_001613.npz,/home/zzy/TrajectoryPlanning/distill/data/benchmark/mp/train/sample_005719.npz,mp,bugtrap_forest,U,mp_bugtrap_forest,hard,hard,0,mp:train
train,sample_001614.npz,/home/zzy/TrajectoryPlanning/distill/data/benchmark/mp/train/sample_005720.npz,mp,bugtrap_forest,U,mp_bugtrap_forest,hard,hard,0,mp:train
train,sample_001615.npz,/home/zzy/TrajectoryPlanning/distill/data/benchmark/mp/train/sample_005721.npz,mp,bugtrap_forest,U,mp_bugtrap_forest,hard,hard,0,mp:train
train,sample_001616.npz,/home/zzy/TrajectoryPlanning/distill/data/benchmark/mp/train/sample_005722.npz,mp,bugtrap_forest,U,mp_bugtrap_forest,hard,hard,0,mp:train
train,sample_001617.npz,/home/zzy/TrajectoryPlanning/distill/data/benchmark/mp/train/sample_005723.npz,mp,bugtrap_forest,U,mp_bugtrap_forest,hard,hard,0,mp:train
train,sample_001618.npz,/home/zzy/TrajectoryPlanning/distill/data/benchmark/mp/train/sample_005726.npz,mp,bugtrap_forest,U,mp_bugtrap_forest,hard,hard,0,mp:train
train,sample_001619.npz,/home/zzy/TrajectoryPlanning/distill/data/benchmark/mp/train/sample_005728.npz,mp,bugtrap_forest,U,mp_bugtrap_forest,hard,hard,0,mp:train
train,sample_001620.npz,/home/zzy/TrajectoryPlanning/distill/data/benchmark/mp/train/sample_005729.npz,mp,bugtrap_forest,U,mp_bugtrap_forest,hard,hard,0,mp:train
train,sample_001621.npz,/home/zzy/TrajectoryPlanning/distill/data/benchmark/mp/train/sample_005730.npz,mp,bugtrap_forest,U,mp_bugtrap_forest,hard,hard,0,mp:train
train,sample_001622.npz,/home/zzy/TrajectoryPlanning/distill/data/benchmark/mp/train/sample_005731.npz,mp,bugtrap_forest,U,mp_bugtrap_forest,hard,hard,0,mp:train
train,sample_001623.npz,/home/zzy/TrajectoryPlanning/distill/data/benchmark/mp/train/sample_005733.npz,mp,bugtrap_forest,U,mp_bugtrap_forest,hard,hard,0,mp:train
train,sample_001624.npz,/home/zzy/TrajectoryPlanning/distill/data/benchmark/mp/train/sample_005735.npz,mp,bugtrap_forest,U,mp_bugtrap_forest,hard,hard,0,mp:train
train,sample_001625.npz,/home/zzy/TrajectoryPlanning/distill/data/benchmark/mp/train/sample_005736.npz,mp,bugtrap_forest,U,mp_bugtrap_forest,hard,hard,0,mp:train
train,sample_001626.npz,/home/zzy/TrajectoryPlanning/distill/data/benchmark/mp/train/sample_005738.npz,mp,bugtrap_forest,U,mp_bugtrap_forest,hard,hard,0,mp:train
train,sample_001627.npz,/home/zzy/TrajectoryPlanning/distill/data/benchmark/mp/train/sample_005739.npz,mp,bugtrap_forest,U,mp_bugtrap_forest,hard,hard,0,mp:train
train,sample_001628.npz,/home/zzy/TrajectoryPlanning/distill/data/benchmark/mp/train/sample_005740.npz,mp,bugtrap_forest,U,mp_bugtrap_forest,hard,hard,0,mp:train
train,sample_001629.npz,/home/zzy/TrajectoryPlanning/distill/data/benchmark/mp/train/sample_005741.npz,mp,bugtrap_forest,U,mp_bugtrap_forest,hard,hard,0,mp:train
train,sample_001630.npz,/home/zzy/TrajectoryPlanning/distill/data/benchmark/mp/train/sample_005742.npz,mp,bugtrap_forest,U,mp_bugtrap_forest,hard,hard,0,mp:train
train,sample_001631.npz,/home/zzy/TrajectoryPlanning/distill/data/benchmark/mp/train/sample_005743.npz,mp,bugtrap_forest,U,mp_bugtrap_forest,hard,hard,0,mp:train
train,sample_001632.npz,/home/zzy/TrajectoryPlanning/distill/data/benchmark/mp/train/sample_005744.npz,mp,bugtrap_forest,U,mp_bugtrap_forest,hard,hard,0,mp:train
train,sample_001633.npz,/home/zzy/TrajectoryPlanning/distill/data/benchmark/mp/train/sample_005745.npz,mp,bugtrap_forest,U,mp_bugtrap_forest,hard,hard,0,mp:train
train,sample_001634.npz,/home/zzy/TrajectoryPlanning/distill/data/benchmark/mp/train/sample_005746.npz,mp,bugtrap_forest,U,mp_bugtrap_forest,hard,hard,0,mp:train
train,sample_001635.npz,/home/zzy/TrajectoryPlanning/distill/data/benchmark/mp/train/sample_005747.npz,mp,bugtrap_forest,U,mp_bugtrap_forest,hard,hard,0,mp:train
train,sample_001636.npz,/home/zzy/TrajectoryPlanning/distill/data/benchmark/mp/train/sample_005748.npz,mp,bugtrap_forest,U,mp_bugtrap_forest,hard,hard,0,mp:train
train,sample_001637.npz,/home/zzy/TrajectoryPlanning/distill/data/benchmark/mp/train/sample_005749.npz,mp,bugtrap_forest,U,mp_bugtrap_forest,hard,hard,0,mp:train
train,sample_001638.npz,/home/zzy/TrajectoryPlanning/distill/data/benchmark/mp/train/sample_005751.npz,mp,bugtrap_forest,U,mp_bugtrap_forest,hard,hard,0,mp:train
train,sample_001639.npz,/home/zzy/TrajectoryPlanning/distill/data/benchmark/mp/train/sample_005752.npz,mp,bugtrap_forest,U,mp_bugtrap_forest,hard,hard,0,mp:train
train,sample_001640.npz,/home/zzy/TrajectoryPlanning/distill/data/benchmark/mp/train/sample_005753.npz,mp,bugtrap_forest,U,mp_bugtrap_forest,hard,hard,0,mp:train
train,sample_001641.npz,/home/zzy/TrajectoryPlanning/distill/data/benchmark/mp/train/sample_005754.npz,mp,bugtrap_forest,U,mp_bugtrap_forest,hard,hard,0,mp:train
train,sample_001642.npz,/home/zzy/TrajectoryPlanning/distill/data/benchmark/mp/train/sample_005755.npz,mp,bugtrap_forest,U,mp_bugtrap_forest,hard,hard,0,mp:train
train,sample_001643.npz,/home/zzy/TrajectoryPlanning/distill/data/benchmark/mp/train/sample_005758.npz,mp,bugtrap_forest,U,mp_bugtrap_forest,hard,hard,0,mp:train
train,sample_001644.npz,/home/zzy/TrajectoryPlanning/distill/data/benchmark/mp/train/sample_005759.npz,mp,bugtrap_forest,U,mp_bugtrap_forest,hard,hard,0,mp:train
train,sample_001645.npz,/home/zzy/TrajectoryPlanning/distill/data/benchmark/mp/train/sample_005762.npz,mp,bugtrap_forest,U,mp_bugtrap_forest,hard,hard,0,mp:train
train,sample_001646.npz,/home/zzy/TrajectoryPlanning/distill/data/benchmark/mp/train/sample_005763.npz,mp,bugtrap_forest,U,mp_bugtrap_forest,hard,hard,0,mp:train
train,sample_001647.npz,/home/zzy/TrajectoryPlanning/distill/data/benchmark/mp/train/sample_005764.npz,mp,bugtrap_forest,U,mp_bugtrap_forest,hard,hard,0,mp:train
train,sample_001648.npz,/home/zzy/TrajectoryPlanning/distill/data/benchmark/mp/train/sample_005767.npz,mp,bugtrap_forest,U,mp_bugtrap_forest,hard,hard,0,mp:train
train,sample_001649.npz,/home/zzy/TrajectoryPlanning/distill/data/benchmark/mp/train/sample_005768.npz,mp,bugtrap_forest,U,mp_bugtrap_forest,hard,hard,0,mp:train
train,sample_001650.npz,/home/zzy/TrajectoryPlanning/distill/data/benchmark/mp/train/sample_005769.npz,mp,bugtrap_forest,U,mp_bugtrap_forest,hard,hard,0,mp:train
train,sample_001651.npz,/home/zzy/TrajectoryPlanning/distill/data/benchmark/mp/train/sample_005770.npz,mp,bugtrap_forest,U,mp_bugtrap_forest,hard,hard,0,mp:train
train,sample_001652.npz,/home/zzy/TrajectoryPlanning/distill/data/benchmark/mp/train/sample_005771.npz,mp,bugtrap_forest,U,mp_bugtrap_forest,hard,hard,0,mp:train
train,sample_001653.npz,/home/zzy/TrajectoryPlanning/distill/data/benchmark/mp/train/sample_005773.npz,mp,bugtrap_forest,U,mp_bugtrap_forest,hard,hard,0,mp:train
train,sample_001654.npz,/home/zzy/TrajectoryPlanning/distill/data/benchmark/mp/train/sample_005775.npz,mp,bugtrap_forest,U,mp_bugtrap_forest,hard,hard,0,mp:train
train,sample_001655.npz,/home/zzy/TrajectoryPlanning/distill/data/benchmark/mp/train/sample_005776.npz,mp,bugtrap_forest,U,mp_bugtrap_forest,hard,hard,0,mp:train
train,sample_001656.npz,/home/zzy/TrajectoryPlanning/distill/data/benchmark/mp/train/sample_005778.npz,mp,bugtrap_forest,U,mp_bugtrap_forest,hard,hard,0,mp:train
train,sample_001657.npz,/home/zzy/TrajectoryPlanning/distill/data/benchmark/mp/train/sample_005781.npz,mp,bugtrap_forest,U,mp_bugtrap_forest,hard,hard,0,mp:train
train,sample_001658.npz,/home/zzy/TrajectoryPlanning/distill/data/benchmark/mp/train/sample_005782.npz,mp,bugtrap_forest,U,mp_bugtrap_forest,hard,hard,0,mp:train
train,sample_001659.npz,/home/zzy/TrajectoryPlanning/distill/data/benchmark/mp/train/sample_005784.npz,mp,bugtrap_forest,U,mp_bugtrap_forest,hard,hard,0,mp:train
train,sample_001660.npz,/home/zzy/TrajectoryPlanning/distill/data/benchmark/mp/train/sample_005785.npz,mp,bugtrap_forest,U,mp_bugtrap_forest,hard,hard,0,mp:train
train,sample_001661.npz,/home/zzy/TrajectoryPlanning/distill/data/benchmark/mp/train/sample_005786.npz,mp,bugtrap_forest,U,mp_bugtrap_forest,hard,hard,0,mp:train
train,sample_001662.npz,/home/zzy/TrajectoryPlanning/distill/data/benchmark/mp/train/sample_005787.npz,mp,bugtrap_forest,U,mp_bugtrap_forest,hard,hard,0,mp:train
train,sample_001663.npz,/home/zzy/TrajectoryPlanning/distill/data/benchmark/mp/train/sample_005788.npz,mp,bugtrap_forest,U,mp_bugtrap_forest,hard,hard,0,mp:train
train,sample_001664.npz,/home/zzy/TrajectoryPlanning/distill/data/benchmark/mp/train/sample_005789.npz,mp,bugtrap_forest,U,mp_bugtrap_forest,hard,hard,0,mp:train
train,sample_001665.npz,/home/zzy/TrajectoryPlanning/distill/data/benchmark/mp/train/sample_005790.npz,mp,bugtrap_forest,U,mp_bugtrap_forest,hard,hard,0,mp:train
train,sample_001666.npz,/home/zzy/TrajectoryPlanning/distill/data/benchmark/mp/train/sample_005791.npz,mp,bugtrap_forest,U,mp_bugtrap_forest,hard,hard,0,mp:train
train,sample_001667.npz,/home/zzy/TrajectoryPlanning/distill/data/benchmark/mp/train/sample_005792.npz,mp,bugtrap_forest,U,mp_bugtrap_forest,hard,hard,0,mp:train
train,sample_001668.npz,/home/zzy/TrajectoryPlanning/distill/data/benchmark/mp/train/sample_005793.npz,mp,bugtrap_forest,U,mp_bugtrap_forest,hard,hard,0,mp:train
train,sample_001669.npz,/home/zzy/TrajectoryPlanning/distill/data/benchmark/mp/train/sample_005794.npz,mp,bugtrap_forest,U,mp_bugtrap_forest,hard,hard,0,mp:train
train,sample_001670.npz,/home/zzy/TrajectoryPlanning/distill/data/benchmark/mp/train/sample_005795.npz,mp,bugtrap_forest,U,mp_bugtrap_forest,hard,hard,0,mp:train
train,sample_001671.npz,/home/zzy/TrajectoryPlanning/distill/data/benchmark/mp/train/sample_005796.npz,mp,bugtrap_forest,U,mp_bugtrap_forest,hard,hard,0,mp:train
train,sample_001672.npz,/home/zzy/TrajectoryPlanning/distill/data/benchmark/mp/train/sample_005799.npz,mp,bugtrap_forest,U,mp_bugtrap_forest,hard,hard,0,mp:train
train,sample_001673.npz,/home/zzy/TrajectoryPlanning/distill/data/benchmark/mp/train/sample_005801.npz,mp,bugtrap_forest,U,mp_bugtrap_forest,hard,hard,0,mp:train
train,sample_001674.npz,/home/zzy/TrajectoryPlanning/distill/data/benchmark/mp/train/sample_005804.npz,mp,bugtrap_forest,U,mp_bugtrap_forest,hard,hard,0,mp:train
train,sample_001675.npz,/home/zzy/TrajectoryPlanning/distill/data/benchmark/mp/train/sample_005805.npz,mp,bugtrap_forest,U,mp_bugtrap_forest,hard,hard,0,mp:train
train,sample_001676.npz,/home/zzy/TrajectoryPlanning/distill/data/benchmark/mp/train/sample_005806.npz,mp,bugtrap_forest,U,mp_bugtrap_forest,hard,hard,0,mp:train
train,sample_001677.npz,/home/zzy/TrajectoryPlanning/distill/data/benchmark/mp/train/sample_005807.npz,mp,bugtrap_forest,U,mp_bugtrap_forest,hard,hard,0,mp:train
train,sample_001678.npz,/home/zzy/TrajectoryPlanning/distill/data/benchmark/mp/train/sample_005808.npz,mp,bugtrap_forest,U,mp_bugtrap_forest,hard,hard,0,mp:train
train,sample_001679.npz,/home/zzy/TrajectoryPlanning/distill/data/benchmark/mp/train/sample_005809.npz,mp,bugtrap_forest,U,mp_bugtrap_forest,hard,hard,0,mp:train
train,sample_001680.npz,/home/zzy/TrajectoryPlanning/distill/data/benchmark/mp/train/sample_005811.npz,mp,bugtrap_forest,U,mp_bugtrap_forest,hard,hard,0,mp:train
train,sample_001681.npz,/home/zzy/TrajectoryPlanning/distill/data/benchmark/mp/train/sample_005812.npz,mp,bugtrap_forest,U,mp_bugtrap_forest,hard,hard,0,mp:train
train,sample_001682.npz,/home/zzy/TrajectoryPlanning/distill/data/benchmark/mp/train/sample_005814.npz,mp,bugtrap_forest,U,mp_bugtrap_forest,hard,hard,0,mp:train
train,sample_001683.npz,/home/zzy/TrajectoryPlanning/distill/data/benchmark/mp/train/sample_005815.npz,mp,bugtrap_forest,U,mp_bugtrap_forest,hard,hard,0,mp:train
train,sample_001684.npz,/home/zzy/TrajectoryPlanning/distill/data/benchmark/mp/train/sample_005816.npz,mp,bugtrap_forest,U,mp_bugtrap_forest,hard,hard,0,mp:train
train,sample_001685.npz,/home/zzy/TrajectoryPlanning/distill/data/benchmark/mp/train/sample_005817.npz,mp,bugtrap_forest,U,mp_bugtrap_forest,hard,hard,0,mp:train
train,sample_001686.npz,/home/zzy/TrajectoryPlanning/distill/data/benchmark/mp/train/sample_005819.npz,mp,bugtrap_forest,U,mp_bugtrap_forest,hard,hard,0,mp:train
train,sample_001687.npz,/home/zzy/TrajectoryPlanning/distill/data/benchmark/mp/train/sample_005820.npz,mp,bugtrap_forest,U,mp_bugtrap_forest,hard,hard,0,mp:train
train,sample_001688.npz,/home/zzy/TrajectoryPlanning/distill/data/benchmark/mp/train/sample_005822.npz,mp,bugtrap_forest,U,mp_bugtrap_forest,hard,hard,0,mp:train
train,sample_001689.npz,/home/zzy/TrajectoryPlanning/distill/data/benchmark/mp/train/sample_005824.npz,mp,bugtrap_forest,U,mp_bugtrap_forest,hard,hard,0,mp:train
train,sample_001690.npz,/home/zzy/TrajectoryPlanning/distill/data/benchmark/mp/train/sample_005825.npz,mp,bugtrap_forest,U,mp_bugtrap_forest,hard,hard,0,mp:train
train,sample_001691.npz,/home/zzy/TrajectoryPlanning/distill/data/benchmark/mp/train/sample_005827.npz,mp,bugtrap_forest,U,mp_bugtrap_forest,hard,hard,0,mp:train
train,sample_001692.npz,/home/zzy/TrajectoryPlanning/distill/data/benchmark/mp/train/sample_005828.npz,mp,bugtrap_forest,U,mp_bugtrap_forest,hard,hard,0,mp:train
train,sample_001693.npz,/home/zzy/TrajectoryPlanning/distill/data/benchmark/mp/train/sample_005830.npz,mp,bugtrap_forest,U,mp_bugtrap_forest,hard,hard,0,mp:train
train,sample_001694.npz,/home/zzy/TrajectoryPlanning/distill/data/benchmark/mp/train/sample_005831.npz,mp,bugtrap_forest,U,mp_bugtrap_forest,hard,hard,0,mp:train
train,sample_001695.npz,/home/zzy/TrajectoryPlanning/distill/data/benchmark/mp/train/sample_005832.npz,mp,bugtrap_forest,U,mp_bugtrap_forest,hard,hard,0,mp:train
train,sample_001696.npz,/home/zzy/TrajectoryPlanning/distill/data/benchmark/mp/train/sample_005833.npz,mp,bugtrap_forest,U,mp_bugtrap_forest,hard,hard,0,mp:train
train,sample_001697.npz,/home/zzy/TrajectoryPlanning/distill/data/benchmark/mp/train/sample_005834.npz,mp,bugtrap_forest,U,mp_bugtrap_forest,hard,hard,0,mp:train
train,sample_001698.npz,/home/zzy/TrajectoryPlanning/distill/data/benchmark/mp/train/sample_005835.npz,mp,bugtrap_forest,U,mp_bugtrap_forest,hard,hard,0,mp:train
train,sample_001699.npz,/home/zzy/TrajectoryPlanning/distill/data/benchmark/mp/train/sample_005836.npz,mp,bugtrap_forest,U,mp_bugtrap_forest,hard,hard,0,mp:train
train,sample_001700.npz,/home/zzy/TrajectoryPlanning/distill/data/benchmark/mp/train/sample_005837.npz,mp,bugtrap_forest,U,mp_bugtrap_forest,hard,hard,0,mp:train
train,sample_001701.npz,/home/zzy/TrajectoryPlanning/distill/data/benchmark/mp/train/sample_005838.npz,mp,bugtrap_forest,U,mp_bugtrap_forest,hard,hard,0,mp:train
train,sample_001702.npz,/home/zzy/TrajectoryPlanning/distill/data/benchmark/mp/train/sample_005840.npz,mp,bugtrap_forest,U,mp_bugtrap_forest,hard,hard,0,mp:train
train,sample_001703.npz,/home/zzy/TrajectoryPlanning/distill/data/benchmark/mp/train/sample_005841.npz,mp,bugtrap_forest,U,mp_bugtrap_forest,hard,hard,0,mp:train
train,sample_001704.npz,/home/zzy/TrajectoryPlanning/distill/data/benchmark/mp/train/sample_005842.npz,mp,bugtrap_forest,U,mp_bugtrap_forest,hard,hard,0,mp:train
train,sample_001705.npz,/home/zzy/TrajectoryPlanning/distill/data/benchmark/mp/train/sample_005843.npz,mp,bugtrap_forest,U,mp_bugtrap_forest,hard,hard,0,mp:train
train,sample_001706.npz,/home/zzy/TrajectoryPlanning/distill/data/benchmark/mp/train/sample_005844.npz,mp,bugtrap_forest,U,mp_bugtrap_forest,hard,hard,0,mp:train
train,sample_001707.npz,/home/zzy/TrajectoryPlanning/distill/data/benchmark/mp/train/sample_005845.npz,mp,bugtrap_forest,U,mp_bugtrap_forest,hard,hard,0,mp:train
train,sample_001708.npz,/home/zzy/TrajectoryPlanning/distill/data/benchmark/mp/train/sample_005846.npz,mp,bugtrap_forest,U,mp_bugtrap_forest,hard,hard,0,mp:train
train,sample_001709.npz,/home/zzy/TrajectoryPlanning/distill/data/benchmark/mp/train/sample_005847.npz,mp,bugtrap_forest,U,mp_bugtrap_forest,hard,hard,0,mp:train
train,sample_001710.npz,/home/zzy/TrajectoryPlanning/distill/data/benchmark/mp/train/sample_005848.npz,mp,bugtrap_forest,U,mp_bugtrap_forest,hard,hard,0,mp:train
train,sample_001711.npz,/home/zzy/TrajectoryPlanning/distill/data/benchmark/mp/train/sample_005849.npz,mp,bugtrap_forest,U,mp_bugtrap_forest,hard,hard,0,mp:train
train,sample_001712.npz,/home/zzy/TrajectoryPlanning/distill/data/benchmark/mp/train/sample_005850.npz,mp,bugtrap_forest,U,mp_bugtrap_forest,hard,hard,0,mp:train
train,sample_001713.npz,/home/zzy/TrajectoryPlanning/distill/data/benchmark/mp/train/sample_005851.npz,mp,bugtrap_forest,U,mp_bugtrap_forest,hard,hard,0,mp:train
train,sample_001714.npz,/home/zzy/TrajectoryPlanning/distill/data/benchmark/mp/train/sample_005852.npz,mp,bugtrap_forest,U,mp_bugtrap_forest,hard,hard,0,mp:train
train,sample_001715.npz,/home/zzy/TrajectoryPlanning/distill/data/benchmark/mp/train/sample_005855.npz,mp,bugtrap_forest,U,mp_bugtrap_forest,hard,hard,0,mp:train
train,sample_001716.npz,/home/zzy/TrajectoryPlanning/distill/data/benchmark/mp/train/sample_005856.npz,mp,bugtrap_forest,U,mp_bugtrap_forest,hard,hard,0,mp:train
train,sample_001717.npz,/home/zzy/TrajectoryPlanning/distill/data/benchmark/mp/train/sample_005857.npz,mp,bugtrap_forest,U,mp_bugtrap_forest,hard,hard,0,mp:train
train,sample_001718.npz,/home/zzy/TrajectoryPlanning/distill/data/benchmark/mp/train/sample_005858.npz,mp,bugtrap_forest,U,mp_bugtrap_forest,hard,hard,0,mp:train
train,sample_001719.npz,/home/zzy/TrajectoryPlanning/distill/data/benchmark/mp/train/sample_005859.npz,mp,bugtrap_forest,U,mp_bugtrap_forest,hard,hard,0,mp:train
train,sample_001720.npz,/home/zzy/TrajectoryPlanning/distill/data/benchmark/mp/train/sample_005860.npz,mp,bugtrap_forest,U,mp_bugtrap_forest,hard,hard,0,mp:train
train,sample_001721.npz,/home/zzy/TrajectoryPlanning/distill/data/benchmark/mp/train/sample_005861.npz,mp,bugtrap_forest,U,mp_bugtrap_forest,hard,hard,0,mp:train
train,sample_001722.npz,/home/zzy/TrajectoryPlanning/distill/data/benchmark/mp/train/sample_005862.npz,mp,bugtrap_forest,U,mp_bugtrap_forest,hard,hard,0,mp:train
train,sample_001723.npz,/home/zzy/TrajectoryPlanning/distill/data/benchmark/mp/train/sample_005863.npz,mp,bugtrap_forest,U,mp_bugtrap_forest,hard,hard,0,mp:train
train,sample_001724.npz,/home/zzy/TrajectoryPlanning/distill/data/benchmark/mp/train/sample_005864.npz,mp,bugtrap_forest,U,mp_bugtrap_forest,hard,hard,0,mp:train
train,sample_001725.npz,/home/zzy/TrajectoryPlanning/distill/data/benchmark/mp/train/sample_005865.npz,mp,bugtrap_forest,U,mp_bugtrap_forest,hard,hard,0,mp:train
train,sample_001726.npz,/home/zzy/TrajectoryPlanning/distill/data/benchmark/mp/train/sample_005867.npz,mp,bugtrap_forest,U,mp_bugtrap_forest,hard,hard,0,mp:train
train,sample_001727.npz,/home/zzy/TrajectoryPlanning/distill/data/benchmark/mp/train/sample_005868.npz,mp,bugtrap_forest,U,mp_bugtrap_forest,hard,hard,0,mp:train
train,sample_001728.npz,/home/zzy/TrajectoryPlanning/distill/data/benchmark/mp/train/sample_005869.npz,mp,bugtrap_forest,U,mp_bugtrap_forest,hard,hard,0,mp:train
train,sample_001729.npz,/home/zzy/TrajectoryPlanning/distill/data/benchmark/mp/train/sample_005870.npz,mp,bugtrap_forest,U,mp_bugtrap_forest,hard,hard,0,mp:train
train,sample_001730.npz,/home/zzy/TrajectoryPlanning/distill/data/benchmark/mp/train/sample_005871.npz,mp,bugtrap_forest,U,mp_bugtrap_forest,hard,hard,0,mp:train
train,sample_001731.npz,/home/zzy/TrajectoryPlanning/distill/data/benchmark/mp/train/sample_005872.npz,mp,bugtrap_forest,U,mp_bugtrap_forest,hard,hard,0,mp:train
train,sample_001732.npz,/home/zzy/TrajectoryPlanning/distill/data/benchmark/mp/train/sample_005873.npz,mp,bugtrap_forest,U,mp_bugtrap_forest,hard,hard,0,mp:train
train,sample_001733.npz,/home/zzy/TrajectoryPlanning/distill/data/benchmark/mp/train/sample_005874.npz,mp,bugtrap_forest,U,mp_bugtrap_forest,hard,hard,0,mp:train
train,sample_001734.npz,/home/zzy/TrajectoryPlanning/distill/data/benchmark/mp/train/sample_005875.npz,mp,bugtrap_forest,U,mp_bugtrap_forest,hard,hard,0,mp:train
train,sample_001735.npz,/home/zzy/TrajectoryPlanning/distill/data/benchmark/mp/train/sample_005877.npz,mp,bugtrap_forest,U,mp_bugtrap_forest,hard,hard,0,mp:train
train,sample_001736.npz,/home/zzy/TrajectoryPlanning/distill/data/benchmark/mp/train/sample_005878.npz,mp,bugtrap_forest,U,mp_bugtrap_forest,hard,hard,0,mp:train
train,sample_001737.npz,/home/zzy/TrajectoryPlanning/distill/data/benchmark/mp/train/sample_005880.npz,mp,bugtrap_forest,U,mp_bugtrap_forest,hard,hard,0,mp:train
train,sample_001738.npz,/home/zzy/TrajectoryPlanning/distill/data/benchmark/mp/train/sample_005881.npz,mp,bugtrap_forest,U,mp_bugtrap_forest,hard,hard,0,mp:train
train,sample_001739.npz,/home/zzy/TrajectoryPlanning/distill/data/benchmark/mp/train/sample_005882.npz,mp,bugtrap_forest,U,mp_bugtrap_forest,hard,hard,0,mp:train
train,sample_001740.npz,/home/zzy/TrajectoryPlanning/distill/data/benchmark/mp/train/sample_005883.npz,mp,bugtrap_forest,U,mp_bugtrap_forest,hard,hard,0,mp:train
train,sample_001741.npz,/home/zzy/TrajectoryPlanning/distill/data/benchmark/mp/train/sample_005884.npz,mp,bugtrap_forest,U,mp_bugtrap_forest,hard,hard,0,mp:train
train,sample_001742.npz,/home/zzy/TrajectoryPlanning/distill/data/benchmark/mp/train/sample_005885.npz,mp,bugtrap_forest,U,mp_bugtrap_forest,hard,hard,0,mp:train
train,sample_001743.npz,/home/zzy/TrajectoryPlanning/distill/data/benchmark/mp/train/sample_005886.npz,mp,bugtrap_forest,U,mp_bugtrap_forest,hard,hard,0,mp:train
train,sample_001744.npz,/home/zzy/TrajectoryPlanning/distill/data/benchmark/mp/train/sample_005887.npz,mp,bugtrap_forest,U,mp_bugtrap_forest,hard,hard,0,mp:train
train,sample_001745.npz,/home/zzy/TrajectoryPlanning/distill/data/benchmark/mp/train/sample_005889.npz,mp,bugtrap_forest,U,mp_bugtrap_forest,hard,hard,0,mp:train
train,sample_001746.npz,/home/zzy/TrajectoryPlanning/distill/data/benchmark/mp/train/sample_005890.npz,mp,bugtrap_forest,U,mp_bugtrap_forest,hard,hard,0,mp:train
train,sample_001747.npz,/home/zzy/TrajectoryPlanning/distill/data/benchmark/mp/train/sample_005891.npz,mp,bugtrap_forest,U,mp_bugtrap_forest,hard,hard,0,mp:train
train,sample_001748.npz,/home/zzy/TrajectoryPlanning/distill/data/benchmark/mp/train/sample_005892.npz,mp,bugtrap_forest,U,mp_bugtrap_forest,hard,hard,0,mp:train
train,sample_001749.npz,/home/zzy/TrajectoryPlanning/distill/data/benchmark/mp/train/sample_005893.npz,mp,bugtrap_forest,U,mp_bugtrap_forest,hard,hard,0,mp:train
train,sample_001750.npz,/home/zzy/TrajectoryPlanning/distill/data/benchmark/mp/train/sample_005894.npz,mp,bugtrap_forest,U,mp_bugtrap_forest,hard,hard,0,mp:train
train,sample_001751.npz,/home/zzy/TrajectoryPlanning/distill/data/benchmark/mp/train/sample_005896.npz,mp,bugtrap_forest,U,mp_bugtrap_forest,hard,hard,0,mp:train
train,sample_001752.npz,/home/zzy/TrajectoryPlanning/distill/data/benchmark/mp/train/sample_005897.npz,mp,bugtrap_forest,U,mp_bugtrap_forest,hard,hard,0,mp:train
train,sample_001753.npz,/home/zzy/TrajectoryPlanning/distill/data/benchmark/mp/train/sample_005899.npz,mp,bugtrap_forest,U,mp_bugtrap_forest,hard,hard,0,mp:train
train,sample_001754.npz,/home/zzy/TrajectoryPlanning/distill/data/benchmark/mp/train/sample_005903.npz,mp,bugtrap_forest,U,mp_bugtrap_forest,hard,hard,0,mp:train
train,sample_001755.npz,/home/zzy/TrajectoryPlanning/distill/data/benchmark/mp/train/sample_005904.npz,mp,bugtrap_forest,U,mp_bugtrap_forest,hard,hard,0,mp:train
train,sample_001756.npz,/home/zzy/TrajectoryPlanning/distill/data/benchmark/mp/train/sample_005905.npz,mp,bugtrap_forest,U,mp_bugtrap_forest,hard,hard,0,mp:train
train,sample_001757.npz,/home/zzy/TrajectoryPlanning/distill/data/benchmark/mp/train/sample_005906.npz,mp,bugtrap_forest,U,mp_bugtrap_forest,hard,hard,0,mp:train
train,sample_001758.npz,/home/zzy/TrajectoryPlanning/distill/data/benchmark/mp/train/sample_005909.npz,mp,bugtrap_forest,U,mp_bugtrap_forest,hard,hard,0,mp:train
train,sample_001759.npz,/home/zzy/TrajectoryPlanning/distill/data/benchmark/mp/train/sample_005910.npz,mp,bugtrap_forest,U,mp_bugtrap_forest,hard,hard,0,mp:train
train,sample_001760.npz,/home/zzy/TrajectoryPlanning/distill/data/benchmark/mp/train/sample_005911.npz,mp,bugtrap_forest,U,mp_bugtrap_forest,hard,hard,0,mp:train
train,sample_001761.npz,/home/zzy/TrajectoryPlanning/distill/data/benchmark/mp/train/sample_005912.npz,mp,bugtrap_forest,U,mp_bugtrap_forest,hard,hard,0,mp:train
train,sample_001762.npz,/home/zzy/TrajectoryPlanning/distill/data/benchmark/mp/train/sample_005913.npz,mp,bugtrap_forest,U,mp_bugtrap_forest,hard,hard,0,mp:train
train,sample_001763.npz,/home/zzy/TrajectoryPlanning/distill/data/benchmark/mp/train/sample_005914.npz,mp,bugtrap_forest,U,mp_bugtrap_forest,hard,hard,0,mp:train
train,sample_001764.npz,/home/zzy/TrajectoryPlanning/distill/data/benchmark/mp/train/sample_005915.npz,mp,bugtrap_forest,U,mp_bugtrap_forest,hard,hard,0,mp:train
train,sample_001765.npz,/home/zzy/TrajectoryPlanning/distill/data/benchmark/mp/train/sample_005919.npz,mp,bugtrap_forest,U,mp_bugtrap_forest,hard,hard,0,mp:train
train,sample_001766.npz,/home/zzy/TrajectoryPlanning/distill/data/benchmark/mp/train/sample_005920.npz,mp,bugtrap_forest,U,mp_bugtrap_forest,hard,hard,0,mp:train
train,sample_001767.npz,/home/zzy/TrajectoryPlanning/distill/data/benchmark/mp/train/sample_005921.npz,mp,bugtrap_forest,U,mp_bugtrap_forest,hard,hard,0,mp:train
train,sample_001768.npz,/home/zzy/TrajectoryPlanning/distill/data/benchmark/mp/train/sample_005922.npz,mp,bugtrap_forest,U,mp_bugtrap_forest,hard,hard,0,mp:train
train,sample_001769.npz,/home/zzy/TrajectoryPlanning/distill/data/benchmark/mp/train/sample_005923.npz,mp,bugtrap_forest,U,mp_bugtrap_forest,hard,hard,0,mp:train
train,sample_001770.npz,/home/zzy/TrajectoryPlanning/distill/data/benchmark/mp/train/sample_005924.npz,mp,bugtrap_forest,U,mp_bugtrap_forest,hard,hard,0,mp:train
train,sample_001771.npz,/home/zzy/TrajectoryPlanning/distill/data/benchmark/mp/train/sample_005925.npz,mp,bugtrap_forest,U,mp_bugtrap_forest,hard,hard,0,mp:train
train,sample_001772.npz,/home/zzy/TrajectoryPlanning/distill/data/benchmark/mp/train/sample_005927.npz,mp,bugtrap_forest,U,mp_bugtrap_forest,hard,hard,0,mp:train
train,sample_001773.npz,/home/zzy/TrajectoryPlanning/distill/data/benchmark/mp/train/sample_005928.npz,mp,bugtrap_forest,U,mp_bugtrap_forest,hard,hard,0,mp:train
train,sample_001774.npz,/home/zzy/TrajectoryPlanning/distill/data/benchmark/mp/train/sample_005930.npz,mp,bugtrap_forest,U,mp_bugtrap_forest,hard,hard,0,mp:train
train,sample_001775.npz,/home/zzy/TrajectoryPlanning/distill/data/benchmark/mp/train/sample_005931.npz,mp,bugtrap_forest,U,mp_bugtrap_forest,hard,hard,0,mp:train
train,sample_001776.npz,/home/zzy/TrajectoryPlanning/distill/data/benchmark/mp/train/sample_005932.npz,mp,bugtrap_forest,U,mp_bugtrap_forest,hard,hard,0,mp:train
train,sample_001777.npz,/home/zzy/TrajectoryPlanning/distill/data/benchmark/mp/train/sample_005933.npz,mp,bugtrap_forest,U,mp_bugtrap_forest,hard,hard,0,mp:train
train,sample_001778.npz,/home/zzy/TrajectoryPlanning/distill/data/benchmark/mp/train/sample_005934.npz,mp,bugtrap_forest,U,mp_bugtrap_forest,hard,hard,0,mp:train
train,sample_001779.npz,/home/zzy/TrajectoryPlanning/distill/data/benchmark/mp/train/sample_005935.npz,mp,bugtrap_forest,U,mp_bugtrap_forest,hard,hard,0,mp:train
train,sample_001780.npz,/home/zzy/TrajectoryPlanning/distill/data/benchmark/mp/train/sample_005936.npz,mp,bugtrap_forest,U,mp_bugtrap_forest,hard,hard,0,mp:train
train,sample_001781.npz,/home/zzy/TrajectoryPlanning/distill/data/benchmark/mp/train/sample_005937.npz,mp,bugtrap_forest,U,mp_bugtrap_forest,hard,hard,0,mp:train
train,sample_001782.npz,/home/zzy/TrajectoryPlanning/distill/data/benchmark/mp/train/sample_005938.npz,mp,bugtrap_forest,U,mp_bugtrap_forest,hard,hard,0,mp:train
train,sample_001783.npz,/home/zzy/TrajectoryPlanning/distill/data/benchmark/mp/train/sample_005939.npz,mp,bugtrap_forest,U,mp_bugtrap_forest,hard,hard,0,mp:train
train,sample_001784.npz,/home/zzy/TrajectoryPlanning/distill/data/benchmark/mp/train/sample_005940.npz,mp,bugtrap_forest,U,mp_bugtrap_forest,hard,hard,0,mp:train
train,sample_001785.npz,/home/zzy/TrajectoryPlanning/distill/data/benchmark/mp/train/sample_005941.npz,mp,bugtrap_forest,U,mp_bugtrap_forest,hard,hard,0,mp:train
train,sample_001786.npz,/home/zzy/TrajectoryPlanning/distill/data/benchmark/mp/train/sample_005943.npz,mp,bugtrap_forest,U,mp_bugtrap_forest,hard,hard,0,mp:train
train,sample_001787.npz,/home/zzy/TrajectoryPlanning/distill/data/benchmark/mp/train/sample_005944.npz,mp,bugtrap_forest,U,mp_bugtrap_forest,hard,hard,0,mp:train
train,sample_001788.npz,/home/zzy/TrajectoryPlanning/distill/data/benchmark/mp/train/sample_005946.npz,mp,bugtrap_forest,U,mp_bugtrap_forest,hard,hard,0,mp:train
train,sample_001789.npz,/home/zzy/TrajectoryPlanning/distill/data/benchmark/mp/train/sample_005948.npz,mp,bugtrap_forest,U,mp_bugtrap_forest,hard,hard,0,mp:train
train,sample_001790.npz,/home/zzy/TrajectoryPlanning/distill/data/benchmark/mp/train/sample_005949.npz,mp,bugtrap_forest,U,mp_bugtrap_forest,hard,hard,0,mp:train
train,sample_001791.npz,/home/zzy/TrajectoryPlanning/distill/data/benchmark/mp/train/sample_005950.npz,mp,bugtrap_forest,U,mp_bugtrap_forest,hard,hard,0,mp:train
train,sample_001792.npz,/home/zzy/TrajectoryPlanning/distill/data/benchmark/mp/train/sample_005951.npz,mp,bugtrap_forest,U,mp_bugtrap_forest,hard,hard,0,mp:train
train,sample_001793.npz,/home/zzy/TrajectoryPlanning/distill/data/benchmark/mp/train/sample_005952.npz,mp,bugtrap_forest,U,mp_bugtrap_forest,hard,hard,0,mp:train
train,sample_001794.npz,/home/zzy/TrajectoryPlanning/distill/data/benchmark/mp/train/sample_005953.npz,mp,bugtrap_forest,U,mp_bugtrap_forest,hard,hard,0,mp:train
train,sample_001795.npz,/home/zzy/TrajectoryPlanning/distill/data/benchmark/mp/train/sample_005954.npz,mp,bugtrap_forest,U,mp_bugtrap_forest,hard,hard,0,mp:train
train,sample_001796.npz,/home/zzy/TrajectoryPlanning/distill/data/benchmark/mp/train/sample_005955.npz,mp,bugtrap_forest,U,mp_bugtrap_forest,hard,hard,0,mp:train
train,sample_001797.npz,/home/zzy/TrajectoryPlanning/distill/data/benchmark/mp/train/sample_005956.npz,mp,bugtrap_forest,U,mp_bugtrap_forest,hard,hard,0,mp:train
train,sample_001798.npz,/home/zzy/TrajectoryPlanning/distill/data/benchmark/mp/train/sample_005958.npz,mp,bugtrap_forest,U,mp_bugtrap_forest,hard,hard,0,mp:train
train,sample_001799.npz,/home/zzy/TrajectoryPlanning/distill/data/benchmark/mp/train/sample_005959.npz,mp,bugtrap_forest,U,mp_bugtrap_forest,hard,hard,0,mp:train
train,sample_001800.npz,/home/zzy/TrajectoryPlanning/distill/data/benchmark/mp/train/sample_005960.npz,mp,bugtrap_forest,U,mp_bugtrap_forest,hard,hard,0,mp:train
train,sample_001801.npz,/home/zzy/TrajectoryPlanning/distill/data/benchmark/mp/train/sample_005961.npz,mp,bugtrap_forest,U,mp_bugtrap_forest,hard,hard,0,mp:train
train,sample_001802.npz,/home/zzy/TrajectoryPlanning/distill/data/benchmark/mp/train/sample_005963.npz,mp,bugtrap_forest,U,mp_bugtrap_forest,hard,hard,0,mp:train
train,sample_001803.npz,/home/zzy/TrajectoryPlanning/distill/data/benchmark/mp/train/sample_005964.npz,mp,bugtrap_forest,U,mp_bugtrap_forest,hard,hard,0,mp:train
train,sample_001804.npz,/home/zzy/TrajectoryPlanning/distill/data/benchmark/mp/train/sample_005965.npz,mp,bugtrap_forest,U,mp_bugtrap_forest,hard,hard,0,mp:train
train,sample_001805.npz,/home/zzy/TrajectoryPlanning/distill/data/benchmark/mp/train/sample_005966.npz,mp,bugtrap_forest,U,mp_bugtrap_forest,hard,hard,0,mp:train
train,sample_001806.npz,/home/zzy/TrajectoryPlanning/distill/data/benchmark/mp/train/sample_005967.npz,mp,bugtrap_forest,U,mp_bugtrap_forest,hard,hard,0,mp:train
train,sample_001807.npz,/home/zzy/TrajectoryPlanning/distill/data/benchmark/mp/train/sample_005968.npz,mp,bugtrap_forest,U,mp_bugtrap_forest,hard,hard,0,mp:train
train,sample_001808.npz,/home/zzy/TrajectoryPlanning/distill/data/benchmark/mp/train/sample_005969.npz,mp,bugtrap_forest,U,mp_bugtrap_forest,hard,hard,0,mp:train
train,sample_001809.npz,/home/zzy/TrajectoryPlanning/distill/data/benchmark/mp/train/sample_005970.npz,mp,bugtrap_forest,U,mp_bugtrap_forest,hard,hard,0,mp:train
train,sample_001810.npz,/home/zzy/TrajectoryPlanning/distill/data/benchmark/mp/train/sample_005971.npz,mp,bugtrap_forest,U,mp_bugtrap_forest,hard,hard,0,mp:train
train,sample_001811.npz,/home/zzy/TrajectoryPlanning/distill/data/benchmark/mp/train/sample_005972.npz,mp,bugtrap_forest,U,mp_bugtrap_forest,hard,hard,0,mp:train
train,sample_001812.npz,/home/zzy/TrajectoryPlanning/distill/data/benchmark/mp/train/sample_005973.npz,mp,bugtrap_forest,U,mp_bugtrap_forest,hard,hard,0,mp:train
train,sample_001813.npz,/home/zzy/TrajectoryPlanning/distill/data/benchmark/mp/train/sample_005974.npz,mp,bugtrap_forest,U,mp_bugtrap_forest,hard,hard,0,mp:train
train,sample_001814.npz,/home/zzy/TrajectoryPlanning/distill/data/benchmark/mp/train/sample_005976.npz,mp,bugtrap_forest,U,mp_bugtrap_forest,hard,hard,0,mp:train
train,sample_001815.npz,/home/zzy/TrajectoryPlanning/distill/data/benchmark/mp/train/sample_005977.npz,mp,bugtrap_forest,U,mp_bugtrap_forest,hard,hard,0,mp:train
train,sample_001816.npz,/home/zzy/TrajectoryPlanning/distill/data/benchmark/mp/train/sample_005978.npz,mp,bugtrap_forest,U,mp_bugtrap_forest,hard,hard,0,mp:train
train,sample_001817.npz,/home/zzy/TrajectoryPlanning/distill/data/benchmark/mp/train/sample_005979.npz,mp,bugtrap_forest,U,mp_bugtrap_forest,hard,hard,0,mp:train
train,sample_001818.npz,/home/zzy/TrajectoryPlanning/distill/data/benchmark/mp/train/sample_005980.npz,mp,bugtrap_forest,U,mp_bugtrap_forest,hard,hard,0,mp:train
train,sample_001819.npz,/home/zzy/TrajectoryPlanning/distill/data/benchmark/mp/train/sample_005981.npz,mp,bugtrap_forest,U,mp_bugtrap_forest,hard,hard,0,mp:train
train,sample_001820.npz,/home/zzy/TrajectoryPlanning/distill/data/benchmark/mp/train/sample_005982.npz,mp,bugtrap_forest,U,mp_bugtrap_forest,hard,hard,0,mp:train
train,sample_001821.npz,/home/zzy/TrajectoryPlanning/distill/data/benchmark/mp/train/sample_005983.npz,mp,bugtrap_forest,U,mp_bugtrap_forest,hard,hard,0,mp:train
train,sample_001822.npz,/home/zzy/TrajectoryPlanning/distill/data/benchmark/mp/train/sample_005984.npz,mp,bugtrap_forest,U,mp_bugtrap_forest,hard,hard,0,mp:train
train,sample_001823.npz,/home/zzy/TrajectoryPlanning/distill/data/benchmark/mp/train/sample_005985.npz,mp,bugtrap_forest,U,mp_bugtrap_forest,hard,hard,0,mp:train
train,sample_001824.npz,/home/zzy/TrajectoryPlanning/distill/data/benchmark/mp/train/sample_005986.npz,mp,bugtrap_forest,U,mp_bugtrap_forest,hard,hard,0,mp:train
train,sample_001825.npz,/home/zzy/TrajectoryPlanning/distill/data/benchmark/mp/train/sample_005987.npz,mp,bugtrap_forest,U,mp_bugtrap_forest,hard,hard,0,mp:train
train,sample_001826.npz,/home/zzy/TrajectoryPlanning/distill/data/benchmark/mp/train/sample_005988.npz,mp,bugtrap_forest,U,mp_bugtrap_forest,hard,hard,0,mp:train
train,sample_001827.npz,/home/zzy/TrajectoryPlanning/distill/data/benchmark/mp/train/sample_005989.npz,mp,bugtrap_forest,U,mp_bugtrap_forest,hard,hard,0,mp:train
train,sample_001828.npz,/home/zzy/TrajectoryPlanning/distill/data/benchmark/mp/train/sample_005990.npz,mp,bugtrap_forest,U,mp_bugtrap_forest,hard,hard,0,mp:train
train,sample_001829.npz,/home/zzy/TrajectoryPlanning/distill/data/benchmark/mp/train/sample_005991.npz,mp,bugtrap_forest,U,mp_bugtrap_forest,hard,hard,0,mp:train
train,sample_001830.npz,/home/zzy/TrajectoryPlanning/distill/data/benchmark/mp/train/sample_005992.npz,mp,bugtrap_forest,U,mp_bugtrap_forest,hard,hard,0,mp:train
train,sample_001831.npz,/home/zzy/TrajectoryPlanning/distill/data/benchmark/mp/train/sample_005993.npz,mp,bugtrap_forest,U,mp_bugtrap_forest,hard,hard,0,mp:train
train,sample_001832.npz,/home/zzy/TrajectoryPlanning/distill/data/benchmark/mp/train/sample_005994.npz,mp,bugtrap_forest,U,mp_bugtrap_forest,hard,hard,0,mp:train
train,sample_001833.npz,/home/zzy/TrajectoryPlanning/distill/data/benchmark/mp/train/sample_005995.npz,mp,bugtrap_forest,U,mp_bugtrap_forest,hard,hard,0,mp:train
train,sample_001834.npz,/home/zzy/TrajectoryPlanning/distill/data/benchmark/mp/train/sample_005997.npz,mp,bugtrap_forest,U,mp_bugtrap_forest,hard,hard,0,mp:train
train,sample_001835.npz,/home/zzy/TrajectoryPlanning/distill/data/benchmark/mp/train/sample_005998.npz,mp,bugtrap_forest,U,mp_bugtrap_forest,hard,hard,0,mp:train
train,sample_001836.npz,/home/zzy/TrajectoryPlanning/distill/data/benchmark/mp/train/sample_005999.npz,mp,bugtrap_forest,U,mp_bugtrap_forest,hard,hard,0,mp:train
train,sample_001837.npz,/home/zzy/TrajectoryPlanning/distill/data/benchmark/mp/train/sample_006000.npz,mp,bugtrap_forest,U,mp_bugtrap_forest,hard,hard,0,mp:train
train,sample_001838.npz,/home/zzy/TrajectoryPlanning/distill/data/benchmark/mp/train/sample_006001.npz,mp,bugtrap_forest,U,mp_bugtrap_forest,hard,hard,0,mp:train
train,sample_001839.npz,/home/zzy/TrajectoryPlanning/distill/data/benchmark/mp/train/sample_006002.npz,mp,bugtrap_forest,U,mp_bugtrap_forest,hard,hard,0,mp:train
train,sample_001840.npz,/home/zzy/TrajectoryPlanning/distill/data/benchmark/mp/train/sample_006004.npz,mp,bugtrap_forest,U,mp_bugtrap_forest,hard,hard,0,mp:train
train,sample_001841.npz,/home/zzy/TrajectoryPlanning/distill/data/benchmark/mp/train/sample_006005.npz,mp,bugtrap_forest,U,mp_bugtrap_forest,hard,hard,0,mp:train
train,sample_001842.npz,/home/zzy/TrajectoryPlanning/distill/data/benchmark/mp/train/sample_006006.npz,mp,bugtrap_forest,U,mp_bugtrap_forest,hard,hard,0,mp:train
train,sample_001843.npz,/home/zzy/TrajectoryPlanning/distill/data/benchmark/mp/train/sample_006007.npz,mp,bugtrap_forest,U,mp_bugtrap_forest,hard,hard,0,mp:train
train,sample_001844.npz,/home/zzy/TrajectoryPlanning/distill/data/benchmark/mp/train/sample_006008.npz,mp,bugtrap_forest,U,mp_bugtrap_forest,hard,hard,0,mp:train
train,sample_001845.npz,/home/zzy/TrajectoryPlanning/distill/data/benchmark/mp/train/sample_006009.npz,mp,bugtrap_forest,U,mp_bugtrap_forest,hard,hard,0,mp:train
train,sample_001846.npz,/home/zzy/TrajectoryPlanning/distill/data/benchmark/mp/train/sample_006010.npz,mp,bugtrap_forest,U,mp_bugtrap_forest,hard,hard,0,mp:train
train,sample_001847.npz,/home/zzy/TrajectoryPlanning/distill/data/benchmark/mp/train/sample_006011.npz,mp,bugtrap_forest,U,mp_bugtrap_forest,hard,hard,0,mp:train
train,sample_001848.npz,/home/zzy/TrajectoryPlanning/distill/data/benchmark/mp/train/sample_006013.npz,mp,bugtrap_forest,U,mp_bugtrap_forest,hard,hard,0,mp:train
train,sample_001849.npz,/home/zzy/TrajectoryPlanning/distill/data/benchmark/mp/train/sample_006014.npz,mp,bugtrap_forest,U,mp_bugtrap_forest,hard,hard,0,mp:train
train,sample_001850.npz,/home/zzy/TrajectoryPlanning/distill/data/benchmark/mp/train/sample_006015.npz,mp,bugtrap_forest,U,mp_bugtrap_forest,hard,hard,0,mp:train
train,sample_001851.npz,/home/zzy/TrajectoryPlanning/distill/data/benchmark/mp/train/sample_006018.npz,mp,bugtrap_forest,U,mp_bugtrap_forest,hard,hard,0,mp:train
train,sample_001852.npz,/home/zzy/TrajectoryPlanning/distill/data/benchmark/mp/train/sample_006019.npz,mp,bugtrap_forest,U,mp_bugtrap_forest,hard,hard,0,mp:train
train,sample_001853.npz,/home/zzy/TrajectoryPlanning/distill/data/benchmark/mp/train/sample_006020.npz,mp,bugtrap_forest,U,mp_bugtrap_forest,hard,hard,0,mp:train
train,sample_001854.npz,/home/zzy/TrajectoryPlanning/distill/data/benchmark/mp/train/sample_006021.npz,mp,bugtrap_forest,U,mp_bugtrap_forest,hard,hard,0,mp:train
train,sample_001855.npz,/home/zzy/TrajectoryPlanning/distill/data/benchmark/mp/train/sample_006023.npz,mp,bugtrap_forest,U,mp_bugtrap_forest,hard,hard,0,mp:train
train,sample_001856.npz,/home/zzy/TrajectoryPlanning/distill/data/benchmark/mp/train/sample_006025.npz,mp,bugtrap_forest,U,mp_bugtrap_forest,hard,hard,0,mp:train
train,sample_001857.npz,/home/zzy/TrajectoryPlanning/distill/data/benchmark/mp/train/sample_006026.npz,mp,bugtrap_forest,U,mp_bugtrap_forest,hard,hard,0,mp:train
train,sample_001858.npz,/home/zzy/TrajectoryPlanning/distill/data/benchmark/mp/train/sample_006028.npz,mp,bugtrap_forest,U,mp_bugtrap_forest,hard,hard,0,mp:train
train,sample_001859.npz,/home/zzy/TrajectoryPlanning/distill/data/benchmark/mp/train/sample_006031.npz,mp,bugtrap_forest,U,mp_bugtrap_forest,hard,hard,0,mp:train
train,sample_001860.npz,/home/zzy/TrajectoryPlanning/distill/data/benchmark/mp/train/sample_006032.npz,mp,bugtrap_forest,U,mp_bugtrap_forest,hard,hard,0,mp:train
train,sample_001861.npz,/home/zzy/TrajectoryPlanning/distill/data/benchmark/mp/train/sample_006033.npz,mp,bugtrap_forest,U,mp_bugtrap_forest,hard,hard,0,mp:train
train,sample_001862.npz,/home/zzy/TrajectoryPlanning/distill/data/benchmark/mp/train/sample_006034.npz,mp,bugtrap_forest,U,mp_bugtrap_forest,hard,hard,0,mp:train
train,sample_001863.npz,/home/zzy/TrajectoryPlanning/distill/data/benchmark/mp/train/sample_006035.npz,mp,bugtrap_forest,U,mp_bugtrap_forest,hard,hard,0,mp:train
train,sample_001864.npz,/home/zzy/TrajectoryPlanning/distill/data/benchmark/mp/train/sample_006037.npz,mp,bugtrap_forest,U,mp_bugtrap_forest,hard,hard,0,mp:train
train,sample_001865.npz,/home/zzy/TrajectoryPlanning/distill/data/benchmark/mp/train/sample_006038.npz,mp,bugtrap_forest,U,mp_bugtrap_forest,hard,hard,0,mp:train
train,sample_001866.npz,/home/zzy/TrajectoryPlanning/distill/data/benchmark/mp/train/sample_006039.npz,mp,bugtrap_forest,U,mp_bugtrap_forest,hard,hard,0,mp:train
train,sample_001867.npz,/home/zzy/TrajectoryPlanning/distill/data/benchmark/mp/train/sample_006041.npz,mp,bugtrap_forest,U,mp_bugtrap_forest,hard,hard,0,mp:train
train,sample_001868.npz,/home/zzy/TrajectoryPlanning/distill/data/benchmark/mp/train/sample_006042.npz,mp,bugtrap_forest,U,mp_bugtrap_forest,hard,hard,0,mp:train
train,sample_001869.npz,/home/zzy/TrajectoryPlanning/distill/data/benchmark/mp/train/sample_006043.npz,mp,bugtrap_forest,U,mp_bugtrap_forest,hard,hard,0,mp:train
train,sample_001870.npz,/home/zzy/TrajectoryPlanning/distill/data/benchmark/mp/train/sample_006045.npz,mp,bugtrap_forest,U,mp_bugtrap_forest,hard,hard,0,mp:train
train,sample_001871.npz,/home/zzy/TrajectoryPlanning/distill/data/benchmark/mp/train/sample_006046.npz,mp,bugtrap_forest,U,mp_bugtrap_forest,hard,hard,0,mp:train
train,sample_001872.npz,/home/zzy/TrajectoryPlanning/distill/data/benchmark/mp/train/sample_006047.npz,mp,bugtrap_forest,U,mp_bugtrap_forest,hard,hard,0,mp:train
train,sample_001873.npz,/home/zzy/TrajectoryPlanning/distill/data/benchmark/mp/train/sample_006048.npz,mp,bugtrap_forest,U,mp_bugtrap_forest,hard,hard,0,mp:train
train,sample_001874.npz,/home/zzy/TrajectoryPlanning/distill/data/benchmark/mp/train/sample_006049.npz,mp,bugtrap_forest,U,mp_bugtrap_forest,hard,hard,0,mp:train
train,sample_001875.npz,/home/zzy/TrajectoryPlanning/distill/data/benchmark/mp/train/sample_006050.npz,mp,bugtrap_forest,U,mp_bugtrap_forest,hard,hard,0,mp:train
train,sample_001876.npz,/home/zzy/TrajectoryPlanning/distill/data/benchmark/mp/train/sample_006051.npz,mp,bugtrap_forest,U,mp_bugtrap_forest,hard,hard,0,mp:train
train,sample_001877.npz,/home/zzy/TrajectoryPlanning/distill/data/benchmark/mp/train/sample_006052.npz,mp,bugtrap_forest,U,mp_bugtrap_forest,hard,hard,0,mp:train
train,sample_001878.npz,/home/zzy/TrajectoryPlanning/distill/data/benchmark/mp/train/sample_006053.npz,mp,bugtrap_forest,U,mp_bugtrap_forest,hard,hard,0,mp:train
train,sample_001879.npz,/home/zzy/TrajectoryPlanning/distill/data/benchmark/mp/train/sample_006055.npz,mp,bugtrap_forest,U,mp_bugtrap_forest,hard,hard,0,mp:train
train,sample_001880.npz,/home/zzy/TrajectoryPlanning/distill/data/benchmark/mp/train/sample_006056.npz,mp,bugtrap_forest,U,mp_bugtrap_forest,hard,hard,0,mp:train
train,sample_001881.npz,/home/zzy/TrajectoryPlanning/distill/data/benchmark/mp/train/sample_006057.npz,mp,bugtrap_forest,U,mp_bugtrap_forest,hard,hard,0,mp:train
train,sample_001882.npz,/home/zzy/TrajectoryPlanning/distill/data/benchmark/mp/train/sample_006058.npz,mp,bugtrap_forest,U,mp_bugtrap_forest,hard,hard,0,mp:train
train,sample_001883.npz,/home/zzy/TrajectoryPlanning/distill/data/benchmark/mp/train/sample_006060.npz,mp,bugtrap_forest,U,mp_bugtrap_forest,hard,hard,0,mp:train
train,sample_001884.npz,/home/zzy/TrajectoryPlanning/distill/data/benchmark/mp/train/sample_006061.npz,mp,bugtrap_forest,U,mp_bugtrap_forest,hard,hard,0,mp:train
train,sample_001885.npz,/home/zzy/TrajectoryPlanning/distill/data/benchmark/mp/train/sample_006062.npz,mp,bugtrap_forest,U,mp_bugtrap_forest,hard,hard,0,mp:train
train,sample_001886.npz,/home/zzy/TrajectoryPlanning/distill/data/benchmark/mp/train/sample_006063.npz,mp,bugtrap_forest,U,mp_bugtrap_forest,hard,hard,0,mp:train
train,sample_001887.npz,/home/zzy/TrajectoryPlanning/distill/data/benchmark/mp/train/sample_006064.npz,mp,bugtrap_forest,U,mp_bugtrap_forest,hard,hard,0,mp:train
train,sample_001888.npz,/home/zzy/TrajectoryPlanning/distill/data/benchmark/mp/train/sample_006065.npz,mp,bugtrap_forest,U,mp_bugtrap_forest,hard,hard,0,mp:train
train,sample_001889.npz,/home/zzy/TrajectoryPlanning/distill/data/benchmark/mp/train/sample_006066.npz,mp,bugtrap_forest,U,mp_bugtrap_forest,hard,hard,0,mp:train
train,sample_001890.npz,/home/zzy/TrajectoryPlanning/distill/data/benchmark/mp/train/sample_006067.npz,mp,bugtrap_forest,U,mp_bugtrap_forest,hard,hard,0,mp:train
train,sample_001891.npz,/home/zzy/TrajectoryPlanning/distill/data/benchmark/mp/train/sample_006070.npz,mp,bugtrap_forest,U,mp_bugtrap_forest,hard,hard,0,mp:train
train,sample_001892.npz,/home/zzy/TrajectoryPlanning/distill/data/benchmark/mp/train/sample_006071.npz,mp,bugtrap_forest,U,mp_bugtrap_forest,hard,hard,0,mp:train
train,sample_001893.npz,/home/zzy/TrajectoryPlanning/distill/data/benchmark/mp/train/sample_006072.npz,mp,bugtrap_forest,U,mp_bugtrap_forest,hard,hard,0,mp:train
train,sample_001894.npz,/home/zzy/TrajectoryPlanning/distill/data/benchmark/mp/train/sample_006073.npz,mp,bugtrap_forest,U,mp_bugtrap_forest,hard,hard,0,mp:train
train,sample_001895.npz,/home/zzy/TrajectoryPlanning/distill/data/benchmark/mp/train/sample_006074.npz,mp,bugtrap_forest,U,mp_bugtrap_forest,hard,hard,0,mp:train
train,sample_001896.npz,/home/zzy/TrajectoryPlanning/distill/data/benchmark/mp/train/sample_006075.npz,mp,bugtrap_forest,U,mp_bugtrap_forest,hard,hard,0,mp:train
train,sample_001897.npz,/home/zzy/TrajectoryPlanning/distill/data/benchmark/mp/train/sample_006076.npz,mp,bugtrap_forest,U,mp_bugtrap_forest,hard,hard,0,mp:train
train,sample_001898.npz,/home/zzy/TrajectoryPlanning/distill/data/benchmark/mp/train/sample_006077.npz,mp,bugtrap_forest,U,mp_bugtrap_forest,hard,hard,0,mp:train
train,sample_001899.npz,/home/zzy/TrajectoryPlanning/distill/data/benchmark/mp/train/sample_006078.npz,mp,bugtrap_forest,U,mp_bugtrap_forest,hard,hard,0,mp:train
train,sample_001900.npz,/home/zzy/TrajectoryPlanning/distill/data/benchmark/mp/train/sample_006079.npz,mp,bugtrap_forest,U,mp_bugtrap_forest,hard,hard,0,mp:train
train,sample_001901.npz,/home/zzy/TrajectoryPlanning/distill/data/benchmark/mp/train/sample_006080.npz,mp,bugtrap_forest,U,mp_bugtrap_forest,hard,hard,0,mp:train
train,sample_001902.npz,/home/zzy/TrajectoryPlanning/distill/data/benchmark/mp/train/sample_006081.npz,mp,bugtrap_forest,U,mp_bugtrap_forest,hard,hard,0,mp:train
train,sample_001903.npz,/home/zzy/TrajectoryPlanning/distill/data/benchmark/mp/train/sample_006083.npz,mp,bugtrap_forest,U,mp_bugtrap_forest,hard,hard,0,mp:train
train,sample_001904.npz,/home/zzy/TrajectoryPlanning/distill/data/benchmark/mp/train/sample_006084.npz,mp,bugtrap_forest,U,mp_bugtrap_forest,hard,hard,0,mp:train
train,sample_001905.npz,/home/zzy/TrajectoryPlanning/distill/data/benchmark/mp/train/sample_006085.npz,mp,bugtrap_forest,U,mp_bugtrap_forest,hard,hard,0,mp:train
train,sample_001906.npz,/home/zzy/TrajectoryPlanning/distill/data/benchmark/mp/train/sample_006086.npz,mp,bugtrap_forest,U,mp_bugtrap_forest,hard,hard,0,mp:train
train,sample_001907.npz,/home/zzy/TrajectoryPlanning/distill/data/benchmark/mp/train/sample_006087.npz,mp,bugtrap_forest,U,mp_bugtrap_forest,hard,hard,0,mp:train
train,sample_001908.npz,/home/zzy/TrajectoryPlanning/distill/data/benchmark/mp/train/sample_006088.npz,mp,bugtrap_forest,U,mp_bugtrap_forest,hard,hard,0,mp:train
train,sample_001909.npz,/home/zzy/TrajectoryPlanning/distill/data/benchmark/mp/train/sample_006089.npz,mp,bugtrap_forest,U,mp_bugtrap_forest,hard,hard,0,mp:train
train,sample_001910.npz,/home/zzy/TrajectoryPlanning/distill/data/benchmark/mp/train/sample_006090.npz,mp,bugtrap_forest,U,mp_bugtrap_forest,hard,hard,0,mp:train
train,sample_001911.npz,/home/zzy/TrajectoryPlanning/distill/data/benchmark/mp/train/sample_006091.npz,mp,bugtrap_forest,U,mp_bugtrap_forest,hard,hard,0,mp:train
train,sample_001912.npz,/home/zzy/TrajectoryPlanning/distill/data/benchmark/mp/train/sample_006092.npz,mp,bugtrap_forest,U,mp_bugtrap_forest,hard,hard,0,mp:train
train,sample_001913.npz,/home/zzy/TrajectoryPlanning/distill/data/benchmark/mp/train/sample_006093.npz,mp,bugtrap_forest,U,mp_bugtrap_forest,hard,hard,0,mp:train
train,sample_001914.npz,/home/zzy/TrajectoryPlanning/distill/data/benchmark/mp/train/sample_006094.npz,mp,bugtrap_forest,U,mp_bugtrap_forest,hard,hard,0,mp:train
train,sample_001915.npz,/home/zzy/TrajectoryPlanning/distill/data/benchmark/mp/train/sample_006095.npz,mp,bugtrap_forest,U,mp_bugtrap_forest,hard,hard,0,mp:train
train,sample_001916.npz,/home/zzy/TrajectoryPlanning/distill/data/benchmark/mp/train/sample_006096.npz,mp,bugtrap_forest,U,mp_bugtrap_forest,hard,hard,0,mp:train
train,sample_001917.npz,/home/zzy/TrajectoryPlanning/distill/data/benchmark/mp/train/sample_006097.npz,mp,bugtrap_forest,U,mp_bugtrap_forest,hard,hard,0,mp:train
train,sample_001918.npz,/home/zzy/TrajectoryPlanning/distill/data/benchmark/mp/train/sample_006098.npz,mp,bugtrap_forest,U,mp_bugtrap_forest,hard,hard,0,mp:train
train,sample_001919.npz,/home/zzy/TrajectoryPlanning/distill/data/benchmark/mp/train/sample_006099.npz,mp,bugtrap_forest,U,mp_bugtrap_forest,hard,hard,0,mp:train
train,sample_001920.npz,/home/zzy/TrajectoryPlanning/distill/data/benchmark/mp/train/sample_006100.npz,mp,bugtrap_forest,U,mp_bugtrap_forest,hard,hard,0,mp:train
train,sample_001921.npz,/home/zzy/TrajectoryPlanning/distill/data/benchmark/mp/train/sample_006101.npz,mp,bugtrap_forest,U,mp_bugtrap_forest,hard,hard,0,mp:train
train,sample_001922.npz,/home/zzy/TrajectoryPlanning/distill/data/benchmark/mp/train/sample_006102.npz,mp,bugtrap_forest,U,mp_bugtrap_forest,hard,hard,0,mp:train
train,sample_001923.npz,/home/zzy/TrajectoryPlanning/distill/data/benchmark/mp/train/sample_006104.npz,mp,bugtrap_forest,U,mp_bugtrap_forest,hard,hard,0,mp:train
train,sample_001924.npz,/home/zzy/TrajectoryPlanning/distill/data/benchmark/mp/train/sample_006105.npz,mp,bugtrap_forest,U,mp_bugtrap_forest,hard,hard,0,mp:train
train,sample_001925.npz,/home/zzy/TrajectoryPlanning/distill/data/benchmark/mp/train/sample_006106.npz,mp,bugtrap_forest,U,mp_bugtrap_forest,hard,hard,0,mp:train
train,sample_001926.npz,/home/zzy/TrajectoryPlanning/distill/data/benchmark/mp/train/sample_006107.npz,mp,bugtrap_forest,U,mp_bugtrap_forest,hard,hard,0,mp:train
train,sample_001927.npz,/home/zzy/TrajectoryPlanning/distill/data/benchmark/mp/train/sample_006109.npz,mp,bugtrap_forest,U,mp_bugtrap_forest,hard,hard,0,mp:train
train,sample_001928.npz,/home/zzy/TrajectoryPlanning/distill/data/benchmark/mp/train/sample_006110.npz,mp,bugtrap_forest,U,mp_bugtrap_forest,hard,hard,0,mp:train
train,sample_001929.npz,/home/zzy/TrajectoryPlanning/distill/data/benchmark/mp/train/sample_006111.npz,mp,bugtrap_forest,U,mp_bugtrap_forest,hard,hard,0,mp:train
train,sample_001930.npz,/home/zzy/TrajectoryPlanning/distill/data/benchmark/mp/train/sample_006113.npz,mp,bugtrap_forest,U,mp_bugtrap_forest,hard,hard,0,mp:train
train,sample_001931.npz,/home/zzy/TrajectoryPlanning/distill/data/benchmark/mp/train/sample_006114.npz,mp,bugtrap_forest,U,mp_bugtrap_forest,hard,hard,0,mp:train
train,sample_001932.npz,/home/zzy/TrajectoryPlanning/distill/data/benchmark/mp/train/sample_006115.npz,mp,bugtrap_forest,U,mp_bugtrap_forest,hard,hard,0,mp:train
train,sample_001933.npz,/home/zzy/TrajectoryPlanning/distill/data/benchmark/mp/train/sample_006117.npz,mp,bugtrap_forest,U,mp_bugtrap_forest,hard,hard,0,mp:train
train,sample_001934.npz,/home/zzy/TrajectoryPlanning/distill/data/benchmark/mp/train/sample_006118.npz,mp,bugtrap_forest,U,mp_bugtrap_forest,hard,hard,0,mp:train
train,sample_001935.npz,/home/zzy/TrajectoryPlanning/distill/data/benchmark/mp/train/sample_006119.npz,mp,bugtrap_forest,U,mp_bugtrap_forest,hard,hard,0,mp:train
train,sample_001936.npz,/home/zzy/TrajectoryPlanning/distill/data/benchmark/mp/train/sample_006121.npz,mp,bugtrap_forest,U,mp_bugtrap_forest,hard,hard,0,mp:train
train,sample_001937.npz,/home/zzy/TrajectoryPlanning/distill/data/benchmark/mp/train/sample_006122.npz,mp,bugtrap_forest,U,mp_bugtrap_forest,hard,hard,0,mp:train
train,sample_001938.npz,/home/zzy/TrajectoryPlanning/distill/data/benchmark/mp/train/sample_006123.npz,mp,bugtrap_forest,U,mp_bugtrap_forest,hard,hard,0,mp:train
train,sample_001939.npz,/home/zzy/TrajectoryPlanning/distill/data/benchmark/mp/train/sample_006124.npz,mp,bugtrap_forest,U,mp_bugtrap_forest,hard,hard,0,mp:train
train,sample_001940.npz,/home/zzy/TrajectoryPlanning/distill/data/benchmark/mp/train/sample_006125.npz,mp,bugtrap_forest,U,mp_bugtrap_forest,hard,hard,0,mp:train
train,sample_001941.npz,/home/zzy/TrajectoryPlanning/distill/data/benchmark/mp/train/sample_006127.npz,mp,bugtrap_forest,U,mp_bugtrap_forest,hard,hard,0,mp:train
train,sample_001942.npz,/home/zzy/TrajectoryPlanning/distill/data/benchmark/mp/train/sample_006128.npz,mp,bugtrap_forest,U,mp_bugtrap_forest,hard,hard,0,mp:train
train,sample_001943.npz,/home/zzy/TrajectoryPlanning/distill/data/benchmark/mp/train/sample_006129.npz,mp,bugtrap_forest,U,mp_bugtrap_forest,hard,hard,0,mp:train
train,sample_001944.npz,/home/zzy/TrajectoryPlanning/distill/data/benchmark/mp/train/sample_006130.npz,mp,bugtrap_forest,U,mp_bugtrap_forest,hard,hard,0,mp:train
train,sample_001945.npz,/home/zzy/TrajectoryPlanning/distill/data/benchmark/mp/train/sample_006132.npz,mp,bugtrap_forest,U,mp_bugtrap_forest,hard,hard,0,mp:train
train,sample_001946.npz,/home/zzy/TrajectoryPlanning/distill/data/benchmark/mp/train/sample_006133.npz,mp,bugtrap_forest,U,mp_bugtrap_forest,hard,hard,0,mp:train
train,sample_001947.npz,/home/zzy/TrajectoryPlanning/distill/data/benchmark/mp/train/sample_006134.npz,mp,bugtrap_forest,U,mp_bugtrap_forest,hard,hard,0,mp:train
train,sample_001948.npz,/home/zzy/TrajectoryPlanning/distill/data/benchmark/mp/train/sample_006135.npz,mp,bugtrap_forest,U,mp_bugtrap_forest,hard,hard,0,mp:train
train,sample_001949.npz,/home/zzy/TrajectoryPlanning/distill/data/benchmark/mp/train/sample_006137.npz,mp,bugtrap_forest,U,mp_bugtrap_forest,hard,hard,0,mp:train
train,sample_001950.npz,/home/zzy/TrajectoryPlanning/distill/data/benchmark/mp/train/sample_006138.npz,mp,bugtrap_forest,U,mp_bugtrap_forest,hard,hard,0,mp:train
train,sample_001951.npz,/home/zzy/TrajectoryPlanning/distill/data/benchmark/mp/train/sample_006139.npz,mp,bugtrap_forest,U,mp_bugtrap_forest,hard,hard,0,mp:train
train,sample_001952.npz,/home/zzy/TrajectoryPlanning/distill/data/benchmark/mp/train/sample_006141.npz,mp,bugtrap_forest,U,mp_bugtrap_forest,hard,hard,0,mp:train
train,sample_001953.npz,/home/zzy/TrajectoryPlanning/distill/data/benchmark/mp/train/sample_006144.npz,mp,bugtrap_forest,U,mp_bugtrap_forest,hard,hard,0,mp:train
train,sample_001954.npz,/home/zzy/TrajectoryPlanning/distill/data/benchmark/mp/train/sample_006145.npz,mp,bugtrap_forest,U,mp_bugtrap_forest,hard,hard,0,mp:train
train,sample_001955.npz,/home/zzy/TrajectoryPlanning/distill/data/benchmark/mp/train/sample_006146.npz,mp,bugtrap_forest,U,mp_bugtrap_forest,hard,hard,0,mp:train
train,sample_001956.npz,/home/zzy/TrajectoryPlanning/distill/data/benchmark/mp/train/sample_006148.npz,mp,bugtrap_forest,U,mp_bugtrap_forest,hard,hard,0,mp:train
train,sample_001957.npz,/home/zzy/TrajectoryPlanning/distill/data/benchmark/mp/train/sample_006149.npz,mp,bugtrap_forest,U,mp_bugtrap_forest,hard,hard,0,mp:train
train,sample_001958.npz,/home/zzy/TrajectoryPlanning/distill/data/benchmark/mp/train/sample_006151.npz,mp,bugtrap_forest,U,mp_bugtrap_forest,hard,hard,0,mp:train
train,sample_001959.npz,/home/zzy/TrajectoryPlanning/distill/data/benchmark/mp/train/sample_006153.npz,mp,bugtrap_forest,U,mp_bugtrap_forest,hard,hard,0,mp:train
train,sample_001960.npz,/home/zzy/TrajectoryPlanning/distill/data/benchmark/mp/train/sample_006154.npz,mp,bugtrap_forest,U,mp_bugtrap_forest,hard,hard,0,mp:train
train,sample_001961.npz,/home/zzy/TrajectoryPlanning/distill/data/benchmark/mp/train/sample_006157.npz,mp,bugtrap_forest,U,mp_bugtrap_forest,hard,hard,0,mp:train
train,sample_001962.npz,/home/zzy/TrajectoryPlanning/distill/data/benchmark/mp/train/sample_006160.npz,mp,bugtrap_forest,U,mp_bugtrap_forest,hard,hard,0,mp:train
train,sample_001963.npz,/home/zzy/TrajectoryPlanning/distill/data/benchmark/mp/train/sample_006161.npz,mp,bugtrap_forest,U,mp_bugtrap_forest,hard,hard,0,mp:train
train,sample_001964.npz,/home/zzy/TrajectoryPlanning/distill/data/benchmark/mp/train/sample_006162.npz,mp,bugtrap_forest,U,mp_bugtrap_forest,hard,hard,0,mp:train
train,sample_001965.npz,/home/zzy/TrajectoryPlanning/distill/data/benchmark/mp/train/sample_006164.npz,mp,bugtrap_forest,U,mp_bugtrap_forest,hard,hard,0,mp:train
train,sample_001966.npz,/home/zzy/TrajectoryPlanning/distill/data/benchmark/mp/train/sample_006165.npz,mp,bugtrap_forest,U,mp_bugtrap_forest,hard,hard,0,mp:train
train,sample_001967.npz,/home/zzy/TrajectoryPlanning/distill/data/benchmark/mp/train/sample_006166.npz,mp,bugtrap_forest,U,mp_bugtrap_forest,hard,hard,0,mp:train
train,sample_001968.npz,/home/zzy/TrajectoryPlanning/distill/data/benchmark/mp/train/sample_006167.npz,mp,bugtrap_forest,U,mp_bugtrap_forest,hard,hard,0,mp:train
train,sample_001969.npz,/home/zzy/TrajectoryPlanning/distill/data/benchmark/mp/train/sample_006169.npz,mp,bugtrap_forest,U,mp_bugtrap_forest,hard,hard,0,mp:train
train,sample_001970.npz,/home/zzy/TrajectoryPlanning/distill/data/benchmark/mp/train/sample_006170.npz,mp,bugtrap_forest,U,mp_bugtrap_forest,hard,hard,0,mp:train
train,sample_001971.npz,/home/zzy/TrajectoryPlanning/distill/data/benchmark/mp/train/sample_006171.npz,mp,bugtrap_forest,U,mp_bugtrap_forest,hard,hard,0,mp:train
train,sample_001972.npz,/home/zzy/TrajectoryPlanning/distill/data/benchmark/mp/train/sample_006172.npz,mp,bugtrap_forest,U,mp_bugtrap_forest,hard,hard,0,mp:train
train,sample_001973.npz,/home/zzy/TrajectoryPlanning/distill/data/benchmark/mp/train/sample_006173.npz,mp,bugtrap_forest,U,mp_bugtrap_forest,hard,hard,0,mp:train
train,sample_001974.npz,/home/zzy/TrajectoryPlanning/distill/data/benchmark/mp/train/sample_006174.npz,mp,bugtrap_forest,U,mp_bugtrap_forest,hard,hard,0,mp:train
train,sample_001975.npz,/home/zzy/TrajectoryPlanning/distill/data/benchmark/mp/train/sample_006175.npz,mp,bugtrap_forest,U,mp_bugtrap_forest,hard,hard,0,mp:train
train,sample_001976.npz,/home/zzy/TrajectoryPlanning/distill/data/benchmark/mp/train/sample_006176.npz,mp,bugtrap_forest,U,mp_bugtrap_forest,hard,hard,0,mp:train
train,sample_001977.npz,/home/zzy/TrajectoryPlanning/distill/data/benchmark/mp/train/sample_006177.npz,mp,bugtrap_forest,U,mp_bugtrap_forest,hard,hard,0,mp:train
train,sample_001978.npz,/home/zzy/TrajectoryPlanning/distill/data/benchmark/mp/train/sample_006178.npz,mp,bugtrap_forest,U,mp_bugtrap_forest,hard,hard,0,mp:train
train,sample_001979.npz,/home/zzy/TrajectoryPlanning/distill/data/benchmark/mp/train/sample_006181.npz,mp,bugtrap_forest,U,mp_bugtrap_forest,hard,hard,0,mp:train
train,sample_001980.npz,/home/zzy/TrajectoryPlanning/distill/data/benchmark/mp/train/sample_006182.npz,mp,bugtrap_forest,U,mp_bugtrap_forest,hard,hard,0,mp:train
train,sample_001981.npz,/home/zzy/TrajectoryPlanning/distill/data/benchmark/mp/train/sample_006183.npz,mp,bugtrap_forest,U,mp_bugtrap_forest,hard,hard,0,mp:train
train,sample_001982.npz,/home/zzy/TrajectoryPlanning/distill/data/benchmark/mp/train/sample_006184.npz,mp,bugtrap_forest,U,mp_bugtrap_forest,hard,hard,0,mp:train
train,sample_001983.npz,/home/zzy/TrajectoryPlanning/distill/data/benchmark/mp/train/sample_006185.npz,mp,bugtrap_forest,U,mp_bugtrap_forest,hard,hard,0,mp:train
train,sample_001984.npz,/home/zzy/TrajectoryPlanning/distill/data/benchmark/mp/train/sample_006186.npz,mp,bugtrap_forest,U,mp_bugtrap_forest,hard,hard,0,mp:train
train,sample_001985.npz,/home/zzy/TrajectoryPlanning/distill/data/benchmark/mp/train/sample_006188.npz,mp,bugtrap_forest,U,mp_bugtrap_forest,hard,hard,0,mp:train
train,sample_001986.npz,/home/zzy/TrajectoryPlanning/distill/data/benchmark/mp/train/sample_006189.npz,mp,bugtrap_forest,U,mp_bugtrap_forest,hard,hard,0,mp:train
train,sample_001987.npz,/home/zzy/TrajectoryPlanning/distill/data/benchmark/mp/train/sample_006190.npz,mp,bugtrap_forest,U,mp_bugtrap_forest,hard,hard,0,mp:train
train,sample_001988.npz,/home/zzy/TrajectoryPlanning/distill/data/benchmark/mp/train/sample_006191.npz,mp,bugtrap_forest,U,mp_bugtrap_forest,hard,hard,0,mp:train
train,sample_001989.npz,/home/zzy/TrajectoryPlanning/distill/data/benchmark/mp/train/sample_006192.npz,mp,bugtrap_forest,U,mp_bugtrap_forest,hard,hard,0,mp:train
train,sample_001990.npz,/home/zzy/TrajectoryPlanning/distill/data/benchmark/mp/train/sample_006196.npz,mp,bugtrap_forest,U,mp_bugtrap_forest,hard,hard,0,mp:train
train,sample_001991.npz,/home/zzy/TrajectoryPlanning/distill/data/benchmark/mp/train/sample_006197.npz,mp,bugtrap_forest,U,mp_bugtrap_forest,hard,hard,0,mp:train
train,sample_001992.npz,/home/zzy/TrajectoryPlanning/distill/data/benchmark/mp/train/sample_006198.npz,mp,bugtrap_forest,U,mp_bugtrap_forest,hard,hard,0,mp:train
train,sample_001993.npz,/home/zzy/TrajectoryPlanning/distill/data/benchmark/mp/train/sample_006199.npz,mp,bugtrap_forest,U,mp_bugtrap_forest,hard,hard,0,mp:train
train,sample_001994.npz,/home/zzy/TrajectoryPlanning/distill/data/benchmark/mp/train/sample_006200.npz,mp,bugtrap_forest,U,mp_bugtrap_forest,hard,hard,0,mp:train
train,sample_001995.npz,/home/zzy/TrajectoryPlanning/distill/data/benchmark/mp/train/sample_006203.npz,mp,bugtrap_forest,U,mp_bugtrap_forest,hard,hard,0,mp:train
train,sample_001996.npz,/home/zzy/TrajectoryPlanning/distill/data/benchmark/mp/train/sample_006206.npz,mp,bugtrap_forest,U,mp_bugtrap_forest,hard,hard,0,mp:train
train,sample_001997.npz,/home/zzy/TrajectoryPlanning/distill/data/benchmark/mp/train/sample_006207.npz,mp,bugtrap_forest,U,mp_bugtrap_forest,hard,hard,0,mp:train
train,sample_001998.npz,/home/zzy/TrajectoryPlanning/distill/data/benchmark/mp/train/sample_006210.npz,mp,bugtrap_forest,U,mp_bugtrap_forest,hard,hard,0,mp:train
train,sample_001999.npz,/home/zzy/TrajectoryPlanning/distill/data/benchmark/mp/train/sample_006211.npz,mp,bugtrap_forest,U,mp_bugtrap_forest,hard,hard,0,mp:train
train,sample_002000.npz,/home/zzy/TrajectoryPlanning/distill/data/benchmark/mp/train/sample_006213.npz,mp,bugtrap_forest,U,mp_bugtrap_forest,hard,hard,0,mp:train
train,sample_002001.npz,/home/zzy/TrajectoryPlanning/distill/data/benchmark/mp/train/sample_006214.npz,mp,bugtrap_forest,U,mp_bugtrap_forest,hard,hard,0,mp:train
train,sample_002002.npz,/home/zzy/TrajectoryPlanning/distill/data/benchmark/mp/train/sample_006215.npz,mp,bugtrap_forest,U,mp_bugtrap_forest,hard,hard,0,mp:train
train,sample_002003.npz,/home/zzy/TrajectoryPlanning/distill/data/benchmark/mp/train/sample_006216.npz,mp,bugtrap_forest,U,mp_bugtrap_forest,hard,hard,0,mp:train
train,sample_002004.npz,/home/zzy/TrajectoryPlanning/distill/data/benchmark/mp/train/sample_006217.npz,mp,bugtrap_forest,U,mp_bugtrap_forest,hard,hard,0,mp:train
train,sample_002005.npz,/home/zzy/TrajectoryPlanning/distill/data/benchmark/mp/train/sample_006218.npz,mp,bugtrap_forest,U,mp_bugtrap_forest,hard,hard,0,mp:train
train,sample_002006.npz,/home/zzy/TrajectoryPlanning/distill/data/benchmark/mp/train/sample_006219.npz,mp,bugtrap_forest,U,mp_bugtrap_forest,hard,hard,0,mp:train
train,sample_002007.npz,/home/zzy/TrajectoryPlanning/distill/data/benchmark/mp/train/sample_006220.npz,mp,bugtrap_forest,U,mp_bugtrap_forest,hard,hard,0,mp:train
train,sample_002008.npz,/home/zzy/TrajectoryPlanning/distill/data/benchmark/mp/train/sample_006222.npz,mp,bugtrap_forest,U,mp_bugtrap_forest,hard,hard,0,mp:train
train,sample_002009.npz,/home/zzy/TrajectoryPlanning/distill/data/benchmark/mp/train/sample_006223.npz,mp,bugtrap_forest,U,mp_bugtrap_forest,hard,hard,0,mp:train
train,sample_002010.npz,/home/zzy/TrajectoryPlanning/distill/data/benchmark/mp/train/sample_006224.npz,mp,bugtrap_forest,U,mp_bugtrap_forest,hard,hard,0,mp:train
train,sample_002011.npz,/home/zzy/TrajectoryPlanning/distill/data/benchmark/mp/train/sample_006225.npz,mp,bugtrap_forest,U,mp_bugtrap_forest,hard,hard,0,mp:train
train,sample_002012.npz,/home/zzy/TrajectoryPlanning/distill/data/benchmark/mp/train/sample_006227.npz,mp,bugtrap_forest,U,mp_bugtrap_forest,hard,hard,0,mp:train
train,sample_002013.npz,/home/zzy/TrajectoryPlanning/distill/data/benchmark/mp/train/sample_006228.npz,mp,bugtrap_forest,U,mp_bugtrap_forest,hard,hard,0,mp:train
train,sample_002014.npz,/home/zzy/TrajectoryPlanning/distill/data/benchmark/mp/train/sample_006229.npz,mp,bugtrap_forest,U,mp_bugtrap_forest,hard,hard,0,mp:train
train,sample_002015.npz,/home/zzy/TrajectoryPlanning/distill/data/benchmark/mp/train/sample_006230.npz,mp,bugtrap_forest,U,mp_bugtrap_forest,hard,hard,0,mp:train
train,sample_002016.npz,/home/zzy/TrajectoryPlanning/distill/data/benchmark/mp/train/sample_006231.npz,mp,bugtrap_forest,U,mp_bugtrap_forest,hard,hard,0,mp:train
train,sample_002017.npz,/home/zzy/TrajectoryPlanning/distill/data/benchmark/mp/train/sample_006232.npz,mp,bugtrap_forest,U,mp_bugtrap_forest,hard,hard,0,mp:train
train,sample_002018.npz,/home/zzy/TrajectoryPlanning/distill/data/benchmark/mp/train/sample_006233.npz,mp,bugtrap_forest,U,mp_bugtrap_forest,hard,hard,0,mp:train
train,sample_002019.npz,/home/zzy/TrajectoryPlanning/distill/data/benchmark/mp/train/sample_006234.npz,mp,bugtrap_forest,U,mp_bugtrap_forest,hard,hard,0,mp:train
train,sample_002020.npz,/home/zzy/TrajectoryPlanning/distill/data/benchmark/mp/train/sample_006235.npz,mp,bugtrap_forest,U,mp_bugtrap_forest,hard,hard,0,mp:train
train,sample_002021.npz,/home/zzy/TrajectoryPlanning/distill/data/benchmark/mp/train/sample_006236.npz,mp,bugtrap_forest,U,mp_bugtrap_forest,hard,hard,0,mp:train
train,sample_002022.npz,/home/zzy/TrajectoryPlanning/distill/data/benchmark/mp/train/sample_006237.npz,mp,bugtrap_forest,U,mp_bugtrap_forest,hard,hard,0,mp:train
train,sample_002023.npz,/home/zzy/TrajectoryPlanning/distill/data/benchmark/mp/train/sample_006238.npz,mp,bugtrap_forest,U,mp_bugtrap_forest,hard,hard,0,mp:train
train,sample_002024.npz,/home/zzy/TrajectoryPlanning/distill/data/benchmark/mp/train/sample_006239.npz,mp,bugtrap_forest,U,mp_bugtrap_forest,hard,hard,0,mp:train
train,sample_002025.npz,/home/zzy/TrajectoryPlanning/distill/data/benchmark/mp/train/sample_006240.npz,mp,bugtrap_forest,U,mp_bugtrap_forest,hard,hard,0,mp:train
train,sample_002026.npz,/home/zzy/TrajectoryPlanning/distill/data/benchmark/mp/train/sample_006241.npz,mp,bugtrap_forest,U,mp_bugtrap_forest,hard,hard,0,mp:train
train,sample_002027.npz,/home/zzy/TrajectoryPlanning/distill/data/benchmark/mp/train/sample_006243.npz,mp,bugtrap_forest,U,mp_bugtrap_forest,hard,hard,0,mp:train
train,sample_002028.npz,/home/zzy/TrajectoryPlanning/distill/data/benchmark/mp/train/sample_006244.npz,mp,bugtrap_forest,U,mp_bugtrap_forest,hard,hard,0,mp:train
train,sample_002029.npz,/home/zzy/TrajectoryPlanning/distill/data/benchmark/mp/train/sample_006245.npz,mp,bugtrap_forest,U,mp_bugtrap_forest,hard,hard,0,mp:train
train,sample_002030.npz,/home/zzy/TrajectoryPlanning/distill/data/benchmark/mp/train/sample_006246.npz,mp,bugtrap_forest,U,mp_bugtrap_forest,hard,hard,0,mp:train
train,sample_002031.npz,/home/zzy/TrajectoryPlanning/distill/data/benchmark/mp/train/sample_006247.npz,mp,bugtrap_forest,U,mp_bugtrap_forest,hard,hard,0,mp:train
train,sample_002032.npz,/home/zzy/TrajectoryPlanning/distill/data/benchmark/mp/train/sample_006248.npz,mp,bugtrap_forest,U,mp_bugtrap_forest,hard,hard,0,mp:train
train,sample_002033.npz,/home/zzy/TrajectoryPlanning/distill/data/benchmark/mp/train/sample_006249.npz,mp,bugtrap_forest,U,mp_bugtrap_forest,hard,hard,0,mp:train
train,sample_002034.npz,/home/zzy/TrajectoryPlanning/distill/data/benchmark/mp/train/sample_006250.npz,mp,bugtrap_forest,U,mp_bugtrap_forest,hard,hard,0,mp:train
train,sample_002035.npz,/home/zzy/TrajectoryPlanning/distill/data/benchmark/mp/train/sample_006251.npz,mp,bugtrap_forest,U,mp_bugtrap_forest,hard,hard,0,mp:train
train,sample_002036.npz,/home/zzy/TrajectoryPlanning/distill/data/benchmark/mp/train/sample_006255.npz,mp,bugtrap_forest,U,mp_bugtrap_forest,hard,hard,0,mp:train
train,sample_002037.npz,/home/zzy/TrajectoryPlanning/distill/data/benchmark/mp/train/sample_006256.npz,mp,bugtrap_forest,U,mp_bugtrap_forest,hard,hard,0,mp:train
train,sample_002038.npz,/home/zzy/TrajectoryPlanning/distill/data/benchmark/mp/train/sample_006257.npz,mp,bugtrap_forest,U,mp_bugtrap_forest,hard,hard,0,mp:train
train,sample_002039.npz,/home/zzy/TrajectoryPlanning/distill/data/benchmark/mp/train/sample_006259.npz,mp,bugtrap_forest,U,mp_bugtrap_forest,hard,hard,0,mp:train
train,sample_002040.npz,/home/zzy/TrajectoryPlanning/distill/data/benchmark/mp/train/sample_006260.npz,mp,bugtrap_forest,U,mp_bugtrap_forest,hard,hard,0,mp:train
train,sample_002041.npz,/home/zzy/TrajectoryPlanning/distill/data/benchmark/mp/train/sample_006262.npz,mp,bugtrap_forest,U,mp_bugtrap_forest,hard,hard,0,mp:train
train,sample_002042.npz,/home/zzy/TrajectoryPlanning/distill/data/benchmark/mp/train/sample_006263.npz,mp,bugtrap_forest,U,mp_bugtrap_forest,hard,hard,0,mp:train
train,sample_002043.npz,/home/zzy/TrajectoryPlanning/distill/data/benchmark/mp/train/sample_006264.npz,mp,bugtrap_forest,U,mp_bugtrap_forest,hard,hard,0,mp:train
train,sample_002044.npz,/home/zzy/TrajectoryPlanning/distill/data/benchmark/mp/train/sample_006265.npz,mp,bugtrap_forest,U,mp_bugtrap_forest,hard,hard,0,mp:train
train,sample_002045.npz,/home/zzy/TrajectoryPlanning/distill/data/benchmark/mp/train/sample_006267.npz,mp,bugtrap_forest,U,mp_bugtrap_forest,hard,hard,0,mp:train
train,sample_002046.npz,/home/zzy/TrajectoryPlanning/distill/data/benchmark/mp/train/sample_006268.npz,mp,bugtrap_forest,U,mp_bugtrap_forest,hard,hard,0,mp:train
train,sample_002047.npz,/home/zzy/TrajectoryPlanning/distill/data/benchmark/mp/train/sample_006269.npz,mp,bugtrap_forest,U,mp_bugtrap_forest,hard,hard,0,mp:train
train,sample_002048.npz,/home/zzy/TrajectoryPlanning/distill/data/benchmark/mp/train/sample_006270.npz,mp,bugtrap_forest,U,mp_bugtrap_forest,hard,hard,0,mp:train
train,sample_002049.npz,/home/zzy/TrajectoryPlanning/distill/data/benchmark/mp/train/sample_006271.npz,mp,bugtrap_forest,U,mp_bugtrap_forest,hard,hard,0,mp:train
train,sample_002050.npz,/home/zzy/TrajectoryPlanning/distill/data/benchmark/mp/train/sample_006272.npz,mp,bugtrap_forest,U,mp_bugtrap_forest,hard,hard,0,mp:train
train,sample_002051.npz,/home/zzy/TrajectoryPlanning/distill/data/benchmark/mp/train/sample_006273.npz,mp,bugtrap_forest,U,mp_bugtrap_forest,hard,hard,0,mp:train
train,sample_002052.npz,/home/zzy/TrajectoryPlanning/distill/data/benchmark/mp/train/sample_006274.npz,mp,bugtrap_forest,U,mp_bugtrap_forest,hard,hard,0,mp:train
train,sample_002053.npz,/home/zzy/TrajectoryPlanning/distill/data/benchmark/mp/train/sample_006275.npz,mp,bugtrap_forest,U,mp_bugtrap_forest,hard,hard,0,mp:train
train,sample_002054.npz,/home/zzy/TrajectoryPlanning/distill/data/benchmark/mp/train/sample_006276.npz,mp,bugtrap_forest,U,mp_bugtrap_forest,hard,hard,0,mp:train
train,sample_002055.npz,/home/zzy/TrajectoryPlanning/distill/data/benchmark/mp/train/sample_006277.npz,mp,bugtrap_forest,U,mp_bugtrap_forest,hard,hard,0,mp:train
train,sample_002056.npz,/home/zzy/TrajectoryPlanning/distill/data/benchmark/mp/train/sample_006278.npz,mp,bugtrap_forest,U,mp_bugtrap_forest,hard,hard,0,mp:train
train,sample_002057.npz,/home/zzy/TrajectoryPlanning/distill/data/benchmark/mp/train/sample_006279.npz,mp,bugtrap_forest,U,mp_bugtrap_forest,hard,hard,0,mp:train
train,sample_002058.npz,/home/zzy/TrajectoryPlanning/distill/data/benchmark/mp/train/sample_006280.npz,mp,bugtrap_forest,U,mp_bugtrap_forest,hard,hard,0,mp:train
train,sample_002059.npz,/home/zzy/TrajectoryPlanning/distill/data/benchmark/mp/train/sample_006282.npz,mp,bugtrap_forest,U,mp_bugtrap_forest,hard,hard,0,mp:train
train,sample_002060.npz,/home/zzy/TrajectoryPlanning/distill/data/benchmark/mp/train/sample_006283.npz,mp,bugtrap_forest,U,mp_bugtrap_forest,hard,hard,0,mp:train
train,sample_002061.npz,/home/zzy/TrajectoryPlanning/distill/data/benchmark/mp/train/sample_006285.npz,mp,bugtrap_forest,U,mp_bugtrap_forest,hard,hard,0,mp:train
train,sample_002062.npz,/home/zzy/TrajectoryPlanning/distill/data/benchmark/mp/train/sample_006286.npz,mp,bugtrap_forest,U,mp_bugtrap_forest,hard,hard,0,mp:train
train,sample_002063.npz,/home/zzy/TrajectoryPlanning/distill/data/benchmark/mp/train/sample_006287.npz,mp,bugtrap_forest,U,mp_bugtrap_forest,hard,hard,0,mp:train
train,sample_002064.npz,/home/zzy/TrajectoryPlanning/distill/data/benchmark/mp/train/sample_006288.npz,mp,bugtrap_forest,U,mp_bugtrap_forest,hard,hard,0,mp:train
train,sample_002065.npz,/home/zzy/TrajectoryPlanning/distill/data/benchmark/mp/train/sample_006289.npz,mp,bugtrap_forest,U,mp_bugtrap_forest,hard,hard,0,mp:train
train,sample_002066.npz,/home/zzy/TrajectoryPlanning/distill/data/benchmark/mp/train/sample_006290.npz,mp,bugtrap_forest,U,mp_bugtrap_forest,hard,hard,0,mp:train
train,sample_002067.npz,/home/zzy/TrajectoryPlanning/distill/data/benchmark/mp/train/sample_006291.npz,mp,bugtrap_forest,U,mp_bugtrap_forest,hard,hard,0,mp:train
train,sample_002068.npz,/home/zzy/TrajectoryPlanning/distill/data/benchmark/mp/train/sample_006292.npz,mp,bugtrap_forest,U,mp_bugtrap_forest,hard,hard,0,mp:train
train,sample_002069.npz,/home/zzy/TrajectoryPlanning/distill/data/benchmark/mp/train/sample_006294.npz,mp,bugtrap_forest,U,mp_bugtrap_forest,hard,hard,0,mp:train
train,sample_002070.npz,/home/zzy/TrajectoryPlanning/distill/data/benchmark/mp/train/sample_006295.npz,mp,bugtrap_forest,U,mp_bugtrap_forest,hard,hard,0,mp:train
train,sample_002071.npz,/home/zzy/TrajectoryPlanning/distill/data/benchmark/mp/train/sample_006296.npz,mp,bugtrap_forest,U,mp_bugtrap_forest,hard,hard,0,mp:train
train,sample_002072.npz,/home/zzy/TrajectoryPlanning/distill/data/benchmark/mp/train/sample_006297.npz,mp,bugtrap_forest,U,mp_bugtrap_forest,hard,hard,0,mp:train
train,sample_002073.npz,/home/zzy/TrajectoryPlanning/distill/data/benchmark/mp/train/sample_006298.npz,mp,bugtrap_forest,U,mp_bugtrap_forest,hard,hard,0,mp:train
train,sample_002074.npz,/home/zzy/TrajectoryPlanning/distill/data/benchmark/mp/train/sample_006300.npz,mp,bugtrap_forest,U,mp_bugtrap_forest,hard,hard,0,mp:train
train,sample_002075.npz,/home/zzy/TrajectoryPlanning/distill/data/benchmark/mp/train/sample_006301.npz,mp,bugtrap_forest,U,mp_bugtrap_forest,hard,hard,0,mp:train
train,sample_002076.npz,/home/zzy/TrajectoryPlanning/distill/data/benchmark/mp/train/sample_006302.npz,mp,bugtrap_forest,U,mp_bugtrap_forest,hard,hard,0,mp:train
train,sample_002077.npz,/home/zzy/TrajectoryPlanning/distill/data/benchmark/mp/train/sample_006304.npz,mp,bugtrap_forest,U,mp_bugtrap_forest,hard,hard,0,mp:train
train,sample_002078.npz,/home/zzy/TrajectoryPlanning/distill/data/benchmark/mp/train/sample_006305.npz,mp,bugtrap_forest,U,mp_bugtrap_forest,hard,hard,0,mp:train
train,sample_002079.npz,/home/zzy/TrajectoryPlanning/distill/data/benchmark/mp/train/sample_006306.npz,mp,bugtrap_forest,U,mp_bugtrap_forest,hard,hard,0,mp:train
train,sample_002080.npz,/home/zzy/TrajectoryPlanning/distill/data/benchmark/mp/train/sample_006307.npz,mp,bugtrap_forest,U,mp_bugtrap_forest,hard,hard,0,mp:train
train,sample_002081.npz,/home/zzy/TrajectoryPlanning/distill/data/benchmark/mp/train/sample_006308.npz,mp,bugtrap_forest,U,mp_bugtrap_forest,hard,hard,0,mp:train
train,sample_002082.npz,/home/zzy/TrajectoryPlanning/distill/data/benchmark/mp/train/sample_006309.npz,mp,bugtrap_forest,U,mp_bugtrap_forest,hard,hard,0,mp:train
train,sample_002083.npz,/home/zzy/TrajectoryPlanning/distill/data/benchmark/mp/train/sample_006311.npz,mp,bugtrap_forest,U,mp_bugtrap_forest,hard,hard,0,mp:train
train,sample_002084.npz,/home/zzy/TrajectoryPlanning/distill/data/benchmark/mp/train/sample_006313.npz,mp,bugtrap_forest,U,mp_bugtrap_forest,hard,hard,0,mp:train
train,sample_002085.npz,/home/zzy/TrajectoryPlanning/distill/data/benchmark/mp/train/sample_006315.npz,mp,bugtrap_forest,U,mp_bugtrap_forest,hard,hard,0,mp:train
train,sample_002086.npz,/home/zzy/TrajectoryPlanning/distill/data/benchmark/mp/train/sample_006316.npz,mp,bugtrap_forest,U,mp_bugtrap_forest,hard,hard,0,mp:train
train,sample_002087.npz,/home/zzy/TrajectoryPlanning/distill/data/benchmark/mp/train/sample_006317.npz,mp,bugtrap_forest,U,mp_bugtrap_forest,hard,hard,0,mp:train
train,sample_002088.npz,/home/zzy/TrajectoryPlanning/distill/data/benchmark/mp/train/sample_006318.npz,mp,bugtrap_forest,U,mp_bugtrap_forest,hard,hard,0,mp:train
train,sample_002089.npz,/home/zzy/TrajectoryPlanning/distill/data/benchmark/mp/train/sample_006319.npz,mp,bugtrap_forest,U,mp_bugtrap_forest,hard,hard,0,mp:train
train,sample_002090.npz,/home/zzy/TrajectoryPlanning/distill/data/benchmark/mp/train/sample_006320.npz,mp,bugtrap_forest,U,mp_bugtrap_forest,hard,hard,0,mp:train
train,sample_002091.npz,/home/zzy/TrajectoryPlanning/distill/data/benchmark/mp/train/sample_006322.npz,mp,bugtrap_forest,U,mp_bugtrap_forest,hard,hard,0,mp:train
train,sample_002092.npz,/home/zzy/TrajectoryPlanning/distill/data/benchmark/mp/train/sample_006323.npz,mp,bugtrap_forest,U,mp_bugtrap_forest,hard,hard,0,mp:train
train,sample_002093.npz,/home/zzy/TrajectoryPlanning/distill/data/benchmark/mp/train/sample_006324.npz,mp,bugtrap_forest,U,mp_bugtrap_forest,hard,hard,0,mp:train
train,sample_002094.npz,/home/zzy/TrajectoryPlanning/distill/data/benchmark/mp/train/sample_006325.npz,mp,bugtrap_forest,U,mp_bugtrap_forest,hard,hard,0,mp:train
train,sample_002095.npz,/home/zzy/TrajectoryPlanning/distill/data/benchmark/mp/train/sample_006326.npz,mp,bugtrap_forest,U,mp_bugtrap_forest,hard,hard,0,mp:train
train,sample_002096.npz,/home/zzy/TrajectoryPlanning/distill/data/benchmark/mp/train/sample_006327.npz,mp,bugtrap_forest,U,mp_bugtrap_forest,hard,hard,0,mp:train
train,sample_002097.npz,/home/zzy/TrajectoryPlanning/distill/data/benchmark/mp/train/sample_006328.npz,mp,bugtrap_forest,U,mp_bugtrap_forest,hard,hard,0,mp:train
train,sample_002098.npz,/home/zzy/TrajectoryPlanning/distill/data/benchmark/mp/train/sample_006329.npz,mp,bugtrap_forest,U,mp_bugtrap_forest,hard,hard,0,mp:train
train,sample_002099.npz,/home/zzy/TrajectoryPlanning/distill/data/benchmark/mp/train/sample_006330.npz,mp,bugtrap_forest,U,mp_bugtrap_forest,hard,hard,0,mp:train
train,sample_002100.npz,/home/zzy/TrajectoryPlanning/distill/data/benchmark/mp/train/sample_006331.npz,mp,bugtrap_forest,U,mp_bugtrap_forest,hard,hard,0,mp:train
train,sample_002101.npz,/home/zzy/TrajectoryPlanning/distill/data/benchmark/mp/train/sample_006334.npz,mp,bugtrap_forest,U,mp_bugtrap_forest,hard,hard,0,mp:train
train,sample_002102.npz,/home/zzy/TrajectoryPlanning/distill/data/benchmark/mp/train/sample_006335.npz,mp,bugtrap_forest,U,mp_bugtrap_forest,hard,hard,0,mp:train
train,sample_002103.npz,/home/zzy/TrajectoryPlanning/distill/data/benchmark/mp/train/sample_006336.npz,mp,bugtrap_forest,U,mp_bugtrap_forest,hard,hard,0,mp:train
train,sample_002104.npz,/home/zzy/TrajectoryPlanning/distill/data/benchmark/mp/train/sample_006337.npz,mp,bugtrap_forest,U,mp_bugtrap_forest,hard,hard,0,mp:train
train,sample_002105.npz,/home/zzy/TrajectoryPlanning/distill/data/benchmark/mp/train/sample_006338.npz,mp,bugtrap_forest,U,mp_bugtrap_forest,hard,hard,0,mp:train
train,sample_002106.npz,/home/zzy/TrajectoryPlanning/distill/data/benchmark/mp/train/sample_006339.npz,mp,bugtrap_forest,U,mp_bugtrap_forest,hard,hard,0,mp:train
train,sample_002107.npz,/home/zzy/TrajectoryPlanning/distill/data/benchmark/mp/train/sample_006340.npz,mp,bugtrap_forest,U,mp_bugtrap_forest,hard,hard,0,mp:train
train,sample_002108.npz,/home/zzy/TrajectoryPlanning/distill/data/benchmark/mp/train/sample_006341.npz,mp,bugtrap_forest,U,mp_bugtrap_forest,hard,hard,0,mp:train
train,sample_002109.npz,/home/zzy/TrajectoryPlanning/distill/data/benchmark/mp/train/sample_006343.npz,mp,bugtrap_forest,U,mp_bugtrap_forest,hard,hard,0,mp:train
train,sample_002110.npz,/home/zzy/TrajectoryPlanning/distill/data/benchmark/mp/train/sample_006344.npz,mp,bugtrap_forest,U,mp_bugtrap_forest,hard,hard,0,mp:train
train,sample_002111.npz,/home/zzy/TrajectoryPlanning/distill/data/benchmark/mp/train/sample_006345.npz,mp,bugtrap_forest,U,mp_bugtrap_forest,hard,hard,0,mp:train
train,sample_002112.npz,/home/zzy/TrajectoryPlanning/distill/data/benchmark/mp/train/sample_006346.npz,mp,bugtrap_forest,U,mp_bugtrap_forest,hard,hard,0,mp:train
train,sample_002113.npz,/home/zzy/TrajectoryPlanning/distill/data/benchmark/mp/train/sample_006349.npz,mp,bugtrap_forest,U,mp_bugtrap_forest,hard,hard,0,mp:train
train,sample_002114.npz,/home/zzy/TrajectoryPlanning/distill/data/benchmark/mp/train/sample_006350.npz,mp,bugtrap_forest,U,mp_bugtrap_forest,hard,hard,0,mp:train
train,sample_002115.npz,/home/zzy/TrajectoryPlanning/distill/data/benchmark/mp/train/sample_006351.npz,mp,bugtrap_forest,U,mp_bugtrap_forest,hard,hard,0,mp:train
train,sample_002116.npz,/home/zzy/TrajectoryPlanning/distill/data/benchmark/mp/train/sample_006352.npz,mp,bugtrap_forest,U,mp_bugtrap_forest,hard,hard,0,mp:train
train,sample_002117.npz,/home/zzy/TrajectoryPlanning/distill/data/benchmark/mp/train/sample_006353.npz,mp,bugtrap_forest,U,mp_bugtrap_forest,hard,hard,0,mp:train
train,sample_002118.npz,/home/zzy/TrajectoryPlanning/distill/data/benchmark/mp/train/sample_006356.npz,mp,bugtrap_forest,U,mp_bugtrap_forest,hard,hard,0,mp:train
train,sample_002119.npz,/home/zzy/TrajectoryPlanning/distill/data/benchmark/mp/train/sample_006357.npz,mp,bugtrap_forest,U,mp_bugtrap_forest,hard,hard,0,mp:train
train,sample_002120.npz,/home/zzy/TrajectoryPlanning/distill/data/benchmark/mp/train/sample_006358.npz,mp,bugtrap_forest,U,mp_bugtrap_forest,hard,hard,0,mp:train
train,sample_002121.npz,/home/zzy/TrajectoryPlanning/distill/data/benchmark/mp/train/sample_006359.npz,mp,bugtrap_forest,U,mp_bugtrap_forest,hard,hard,0,mp:train
train,sample_002122.npz,/home/zzy/TrajectoryPlanning/distill/data/benchmark/mp/train/sample_006360.npz,mp,bugtrap_forest,U,mp_bugtrap_forest,hard,hard,0,mp:train
train,sample_002123.npz,/home/zzy/TrajectoryPlanning/distill/data/benchmark/mp/train/sample_006361.npz,mp,bugtrap_forest,U,mp_bugtrap_forest,hard,hard,0,mp:train
train,sample_002124.npz,/home/zzy/TrajectoryPlanning/distill/data/benchmark/mp/train/sample_006362.npz,mp,bugtrap_forest,U,mp_bugtrap_forest,hard,hard,0,mp:train
train,sample_002125.npz,/home/zzy/TrajectoryPlanning/distill/data/benchmark/mp/train/sample_006363.npz,mp,bugtrap_forest,U,mp_bugtrap_forest,hard,hard,0,mp:train
train,sample_002126.npz,/home/zzy/TrajectoryPlanning/distill/data/benchmark/mp/train/sample_006364.npz,mp,bugtrap_forest,U,mp_bugtrap_forest,hard,hard,0,mp:train
train,sample_002127.npz,/home/zzy/TrajectoryPlanning/distill/data/benchmark/mp/train/sample_006365.npz,mp,bugtrap_forest,U,mp_bugtrap_forest,hard,hard,0,mp:train
train,sample_002128.npz,/home/zzy/TrajectoryPlanning/distill/data/benchmark/mp/train/sample_006367.npz,mp,bugtrap_forest,U,mp_bugtrap_forest,hard,hard,0,mp:train
train,sample_002129.npz,/home/zzy/TrajectoryPlanning/distill/data/benchmark/mp/train/sample_006368.npz,mp,bugtrap_forest,U,mp_bugtrap_forest,hard,hard,0,mp:train
train,sample_002130.npz,/home/zzy/TrajectoryPlanning/distill/data/benchmark/mp/train/sample_006370.npz,mp,bugtrap_forest,U,mp_bugtrap_forest,hard,hard,0,mp:train
train,sample_002131.npz,/home/zzy/TrajectoryPlanning/distill/data/benchmark/mp/train/sample_006371.npz,mp,bugtrap_forest,U,mp_bugtrap_forest,hard,hard,0,mp:train
train,sample_002132.npz,/home/zzy/TrajectoryPlanning/distill/data/benchmark/mp/train/sample_006372.npz,mp,bugtrap_forest,U,mp_bugtrap_forest,hard,hard,0,mp:train
train,sample_002133.npz,/home/zzy/TrajectoryPlanning/distill/data/benchmark/mp/train/sample_006373.npz,mp,bugtrap_forest,U,mp_bugtrap_forest,hard,hard,0,mp:train
train,sample_002134.npz,/home/zzy/TrajectoryPlanning/distill/data/benchmark/mp/train/sample_006374.npz,mp,bugtrap_forest,U,mp_bugtrap_forest,hard,hard,0,mp:train
train,sample_002135.npz,/home/zzy/TrajectoryPlanning/distill/data/benchmark/mp/train/sample_006375.npz,mp,bugtrap_forest,U,mp_bugtrap_forest,hard,hard,0,mp:train
train,sample_002136.npz,/home/zzy/TrajectoryPlanning/distill/data/benchmark/mp/train/sample_006376.npz,mp,bugtrap_forest,U,mp_bugtrap_forest,hard,hard,0,mp:train
train,sample_002137.npz,/home/zzy/TrajectoryPlanning/distill/data/benchmark/mp/train/sample_006377.npz,mp,bugtrap_forest,U,mp_bugtrap_forest,hard,hard,0,mp:train
train,sample_002138.npz,/home/zzy/TrajectoryPlanning/distill/data/benchmark/mp/train/sample_006378.npz,mp,bugtrap_forest,U,mp_bugtrap_forest,hard,hard,0,mp:train
train,sample_002139.npz,/home/zzy/TrajectoryPlanning/distill/data/benchmark/mp/train/sample_006379.npz,mp,bugtrap_forest,U,mp_bugtrap_forest,hard,hard,0,mp:train
train,sample_002140.npz,/home/zzy/TrajectoryPlanning/distill/data/benchmark/mp/train/sample_006380.npz,mp,bugtrap_forest,U,mp_bugtrap_forest,hard,hard,0,mp:train
train,sample_002141.npz,/home/zzy/TrajectoryPlanning/distill/data/benchmark/mp/train/sample_006381.npz,mp,bugtrap_forest,U,mp_bugtrap_forest,hard,hard,0,mp:train
train,sample_002142.npz,/home/zzy/TrajectoryPlanning/distill/data/benchmark/mp/train/sample_006385.npz,mp,bugtrap_forest,U,mp_bugtrap_forest,hard,hard,0,mp:train
train,sample_002143.npz,/home/zzy/TrajectoryPlanning/distill/data/benchmark/mp/train/sample_006387.npz,mp,bugtrap_forest,U,mp_bugtrap_forest,hard,hard,0,mp:train
train,sample_002144.npz,/home/zzy/TrajectoryPlanning/distill/data/benchmark/mp/train/sample_006389.npz,mp,bugtrap_forest,U,mp_bugtrap_forest,hard,hard,0,mp:train
train,sample_002145.npz,/home/zzy/TrajectoryPlanning/distill/data/benchmark/mp/train/sample_006390.npz,mp,bugtrap_forest,U,mp_bugtrap_forest,hard,hard,0,mp:train
train,sample_002146.npz,/home/zzy/TrajectoryPlanning/distill/data/benchmark/mp/train/sample_006391.npz,mp,bugtrap_forest,U,mp_bugtrap_forest,hard,hard,0,mp:train
train,sample_002147.npz,/home/zzy/TrajectoryPlanning/distill/data/benchmark/mp/train/sample_006392.npz,mp,bugtrap_forest,U,mp_bugtrap_forest,hard,hard,0,mp:train
train,sample_002148.npz,/home/zzy/TrajectoryPlanning/distill/data/benchmark/mp/train/sample_006393.npz,mp,bugtrap_forest,U,mp_bugtrap_forest,hard,hard,0,mp:train
train,sample_002149.npz,/home/zzy/TrajectoryPlanning/distill/data/benchmark/mp/train/sample_006394.npz,mp,bugtrap_forest,U,mp_bugtrap_forest,hard,hard,0,mp:train
train,sample_002150.npz,/home/zzy/TrajectoryPlanning/distill/data/benchmark/mp/train/sample_006395.npz,mp,bugtrap_forest,U,mp_bugtrap_forest,hard,hard,0,mp:train
train,sample_002151.npz,/home/zzy/TrajectoryPlanning/distill/data/benchmark/mp/train/sample_006397.npz,mp,bugtrap_forest,U,mp_bugtrap_forest,hard,hard,0,mp:train
train,sample_002152.npz,/home/zzy/TrajectoryPlanning/distill/data/benchmark/mp/train/sample_006398.npz,mp,bugtrap_forest,U,mp_bugtrap_forest,hard,hard,0,mp:train
train,sample_002153.npz,/home/zzy/TrajectoryPlanning/distill/data/benchmark/mp/train/sample_006399.npz,mp,bugtrap_forest,U,mp_bugtrap_forest,hard,hard,0,mp:train
train,sample_002154.npz,/home/zzy/TrajectoryPlanning/distill/data/benchmark/mp/test/sample_000001.npz,mp,forest,U,mp_forest,simple,easy,0,mp:test
train,sample_002155.npz,/home/zzy/TrajectoryPlanning/distill/data/benchmark/mp/test/sample_000002.npz,mp,forest,U,mp_forest,simple,easy,0,mp:test
train,sample_002156.npz,/home/zzy/TrajectoryPlanning/distill/data/benchmark/mp/test/sample_000003.npz,mp,forest,U,mp_forest,simple,easy,0,mp:test
train,sample_002157.npz,/home/zzy/TrajectoryPlanning/distill/data/benchmark/mp/test/sample_000005.npz,mp,forest,U,mp_forest,simple,easy,0,mp:test
train,sample_002158.npz,/home/zzy/TrajectoryPlanning/distill/data/benchmark/mp/train/sample_000006.npz,mp,forest,U,mp_forest,simple,easy,0,mp:train
train,sample_002159.npz,/home/zzy/TrajectoryPlanning/distill/data/benchmark/mp/test/sample_000007.npz,mp,forest,U,mp_forest,simple,easy,0,mp:test
train,sample_002160.npz,/home/zzy/TrajectoryPlanning/distill/data/benchmark/mp/train/sample_000008.npz,mp,forest,U,mp_forest,simple,easy,0,mp:train
train,sample_002161.npz,/home/zzy/TrajectoryPlanning/distill/data/benchmark/mp/test/sample_000013.npz,mp,forest,U,mp_forest,simple,easy,0,mp:test
train,sample_002162.npz,/home/zzy/TrajectoryPlanning/distill/data/benchmark/mp/test/sample_000017.npz,mp,forest,U,mp_forest,simple,easy,0,mp:test
train,sample_002163.npz,/home/zzy/TrajectoryPlanning/distill/data/benchmark/mp/train/sample_000018.npz,mp,forest,U,mp_forest,simple,easy,0,mp:train
train,sample_002164.npz,/home/zzy/TrajectoryPlanning/distill/data/benchmark/mp/test/sample_000020.npz,mp,forest,U,mp_forest,simple,easy,0,mp:test
train,sample_002165.npz,/home/zzy/TrajectoryPlanning/distill/data/benchmark/mp/train/sample_000020.npz,mp,forest,U,mp_forest,simple,easy,0,mp:train
train,sample_002166.npz,/home/zzy/TrajectoryPlanning/distill/data/benchmark/mp/train/sample_000021.npz,mp,forest,U,mp_forest,simple,easy,0,mp:train
train,sample_002167.npz,/home/zzy/TrajectoryPlanning/distill/data/benchmark/mp/train/sample_000022.npz,mp,forest,U,mp_forest,simple,easy,0,mp:train
train,sample_002168.npz,/home/zzy/TrajectoryPlanning/distill/data/benchmark/mp/train/sample_000023.npz,mp,forest,U,mp_forest,simple,easy,0,mp:train
train,sample_002169.npz,/home/zzy/TrajectoryPlanning/distill/data/benchmark/mp/test/sample_000027.npz,mp,forest,U,mp_forest,simple,easy,0,mp:test
train,sample_002170.npz,/home/zzy/TrajectoryPlanning/distill/data/benchmark/mp/train/sample_000030.npz,mp,forest,U,mp_forest,simple,easy,0,mp:train
train,sample_002171.npz,/home/zzy/TrajectoryPlanning/distill/data/benchmark/mp/test/sample_000030.npz,mp,forest,U,mp_forest,simple,easy,0,mp:test
train,sample_002172.npz,/home/zzy/TrajectoryPlanning/distill/data/benchmark/mp/test/sample_000032.npz,mp,forest,U,mp_forest,simple,easy,0,mp:test
train,sample_002173.npz,/home/zzy/TrajectoryPlanning/distill/data/benchmark/mp/train/sample_000032.npz,mp,forest,U,mp_forest,simple,easy,0,mp:train
train,sample_002174.npz,/home/zzy/TrajectoryPlanning/distill/data/benchmark/mp/test/sample_000033.npz,mp,forest,U,mp_forest,simple,easy,0,mp:test
train,sample_002175.npz,/home/zzy/TrajectoryPlanning/distill/data/benchmark/mp/train/sample_000037.npz,mp,forest,U,mp_forest,simple,easy,0,mp:train
train,sample_002176.npz,/home/zzy/TrajectoryPlanning/distill/data/benchmark/mp/test/sample_000042.npz,mp,forest,U,mp_forest,simple,easy,0,mp:test
train,sample_002177.npz,/home/zzy/TrajectoryPlanning/distill/data/benchmark/mp/test/sample_000043.npz,mp,forest,U,mp_forest,simple,easy,0,mp:test
train,sample_002178.npz,/home/zzy/TrajectoryPlanning/distill/data/benchmark/mp/train/sample_000044.npz,mp,forest,U,mp_forest,simple,easy,0,mp:train
train,sample_002179.npz,/home/zzy/TrajectoryPlanning/distill/data/benchmark/mp/test/sample_000050.npz,mp,forest,U,mp_forest,simple,easy,0,mp:test
train,sample_002180.npz,/home/zzy/TrajectoryPlanning/distill/data/benchmark/mp/train/sample_000050.npz,mp,forest,U,mp_forest,simple,easy,0,mp:train
train,sample_002181.npz,/home/zzy/TrajectoryPlanning/distill/data/benchmark/mp/test/sample_000051.npz,mp,forest,U,mp_forest,simple,easy,0,mp:test
train,sample_002182.npz,/home/zzy/TrajectoryPlanning/distill/data/benchmark/mp/test/sample_000054.npz,mp,forest,U,mp_forest,simple,easy,0,mp:test
train,sample_002183.npz,/home/zzy/TrajectoryPlanning/distill/data/benchmark/mp/test/sample_000055.npz,mp,forest,U,mp_forest,simple,easy,0,mp:test
train,sample_002184.npz,/home/zzy/TrajectoryPlanning/distill/data/benchmark/mp/train/sample_000057.npz,mp,forest,U,mp_forest,simple,easy,0,mp:train
train,sample_002185.npz,/home/zzy/TrajectoryPlanning/distill/data/benchmark/mp/test/sample_000058.npz,mp,forest,U,mp_forest,simple,easy,0,mp:test
train,sample_002186.npz,/home/zzy/TrajectoryPlanning/distill/data/benchmark/mp/test/sample_000059.npz,mp,forest,U,mp_forest,simple,easy,0,mp:test
train,sample_002187.npz,/home/zzy/TrajectoryPlanning/distill/data/benchmark/mp/train/sample_000059.npz,mp,forest,U,mp_forest,simple,easy,0,mp:train
train,sample_002188.npz,/home/zzy/TrajectoryPlanning/distill/data/benchmark/mp/train/sample_000060.npz,mp,forest,U,mp_forest,simple,easy,0,mp:train
train,sample_002189.npz,/home/zzy/TrajectoryPlanning/distill/data/benchmark/mp/test/sample_000061.npz,mp,forest,U,mp_forest,simple,easy,0,mp:test
train,sample_002190.npz,/home/zzy/TrajectoryPlanning/distill/data/benchmark/mp/test/sample_000062.npz,mp,forest,U,mp_forest,simple,easy,0,mp:test
train,sample_002191.npz,/home/zzy/TrajectoryPlanning/distill/data/benchmark/mp/test/sample_000063.npz,mp,forest,U,mp_forest,simple,easy,0,mp:test
train,sample_002192.npz,/home/zzy/TrajectoryPlanning/distill/data/benchmark/mp/test/sample_000064.npz,mp,forest,U,mp_forest,simple,easy,0,mp:test
train,sample_002193.npz,/home/zzy/TrajectoryPlanning/distill/data/benchmark/mp/test/sample_000069.npz,mp,forest,U,mp_forest,simple,easy,0,mp:test
train,sample_002194.npz,/home/zzy/TrajectoryPlanning/distill/data/benchmark/mp/test/sample_000072.npz,mp,forest,U,mp_forest,simple,easy,0,mp:test
train,sample_002195.npz,/home/zzy/TrajectoryPlanning/distill/data/benchmark/mp/test/sample_000073.npz,mp,forest,U,mp_forest,simple,easy,0,mp:test
train,sample_002196.npz,/home/zzy/TrajectoryPlanning/distill/data/benchmark/mp/test/sample_000075.npz,mp,forest,U,mp_forest,simple,easy,0,mp:test
train,sample_002197.npz,/home/zzy/TrajectoryPlanning/distill/data/benchmark/mp/train/sample_000075.npz,mp,forest,U,mp_forest,simple,easy,0,mp:train
train,sample_002198.npz,/home/zzy/TrajectoryPlanning/distill/data/benchmark/mp/train/sample_000077.npz,mp,forest,U,mp_forest,simple,easy,0,mp:train
train,sample_002199.npz,/home/zzy/TrajectoryPlanning/distill/data/benchmark/mp/test/sample_000080.npz,mp,forest,U,mp_forest,simple,easy,0,mp:test
train,sample_002200.npz,/home/zzy/TrajectoryPlanning/distill/data/benchmark/mp/test/sample_000081.npz,mp,forest,U,mp_forest,simple,easy,0,mp:test
train,sample_002201.npz,/home/zzy/TrajectoryPlanning/distill/data/benchmark/mp/test/sample_000082.npz,mp,forest,U,mp_forest,simple,easy,0,mp:test
train,sample_002202.npz,/home/zzy/TrajectoryPlanning/distill/data/benchmark/mp/train/sample_000083.npz,mp,forest,U,mp_forest,simple,easy,0,mp:train
train,sample_002203.npz,/home/zzy/TrajectoryPlanning/distill/data/benchmark/mp/test/sample_000084.npz,mp,forest,U,mp_forest,simple,easy,0,mp:test
train,sample_002204.npz,/home/zzy/TrajectoryPlanning/distill/data/benchmark/mp/train/sample_000085.npz,mp,forest,U,mp_forest,simple,easy,0,mp:train
train,sample_002205.npz,/home/zzy/TrajectoryPlanning/distill/data/benchmark/mp/test/sample_000085.npz,mp,forest,U,mp_forest,simple,easy,0,mp:test
train,sample_002206.npz,/home/zzy/TrajectoryPlanning/distill/data/benchmark/mp/train/sample_000087.npz,mp,forest,U,mp_forest,simple,easy,0,mp:train
train,sample_002207.npz,/home/zzy/TrajectoryPlanning/distill/data/benchmark/mp/train/sample_000090.npz,mp,forest,U,mp_forest,simple,easy,0,mp:train
train,sample_002208.npz,/home/zzy/TrajectoryPlanning/distill/data/benchmark/mp/test/sample_000093.npz,mp,forest,U,mp_forest,simple,easy,0,mp:test
train,sample_002209.npz,/home/zzy/TrajectoryPlanning/distill/data/benchmark/mp/test/sample_000097.npz,mp,forest,U,mp_forest,simple,easy,0,mp:test
train,sample_002210.npz,/home/zzy/TrajectoryPlanning/distill/data/benchmark/mp/test/sample_000098.npz,mp,forest,U,mp_forest,simple,easy,0,mp:test
train,sample_002211.npz,/home/zzy/TrajectoryPlanning/distill/data/benchmark/mp/train/sample_000107.npz,mp,forest,U,mp_forest,simple,easy,0,mp:train
train,sample_002212.npz,/home/zzy/TrajectoryPlanning/distill/data/benchmark/mp/train/sample_000108.npz,mp,forest,U,mp_forest,simple,easy,0,mp:train
train,sample_002213.npz,/home/zzy/TrajectoryPlanning/distill/data/benchmark/mp/train/sample_000111.npz,mp,forest,U,mp_forest,simple,easy,0,mp:train
train,sample_002214.npz,/home/zzy/TrajectoryPlanning/distill/data/benchmark/mp/train/sample_000113.npz,mp,forest,U,mp_forest,simple,easy,0,mp:train
train,sample_002215.npz,/home/zzy/TrajectoryPlanning/distill/data/benchmark/mp/train/sample_000118.npz,mp,forest,U,mp_forest,simple,easy,0,mp:train
train,sample_002216.npz,/home/zzy/TrajectoryPlanning/distill/data/benchmark/mp/train/sample_000121.npz,mp,forest,U,mp_forest,simple,easy,0,mp:train
train,sample_002217.npz,/home/zzy/TrajectoryPlanning/distill/data/benchmark/mp/train/sample_000125.npz,mp,forest,U,mp_forest,simple,easy,0,mp:train
train,sample_002218.npz,/home/zzy/TrajectoryPlanning/distill/data/benchmark/mp/train/sample_000126.npz,mp,forest,U,mp_forest,simple,easy,0,mp:train
train,sample_002219.npz,/home/zzy/TrajectoryPlanning/distill/data/benchmark/mp/train/sample_000127.npz,mp,forest,U,mp_forest,simple,easy,0,mp:train
train,sample_002220.npz,/home/zzy/TrajectoryPlanning/distill/data/benchmark/mp/train/sample_000128.npz,mp,forest,U,mp_forest,simple,easy,0,mp:train
train,sample_002221.npz,/home/zzy/TrajectoryPlanning/distill/data/benchmark/mp/train/sample_000131.npz,mp,forest,U,mp_forest,simple,easy,0,mp:train
train,sample_002222.npz,/home/zzy/TrajectoryPlanning/distill/data/benchmark/mp/train/sample_000135.npz,mp,forest,U,mp_forest,simple,easy,0,mp:train
train,sample_002223.npz,/home/zzy/TrajectoryPlanning/distill/data/benchmark/mp/train/sample_000137.npz,mp,forest,U,mp_forest,simple,easy,0,mp:train
train,sample_002224.npz,/home/zzy/TrajectoryPlanning/distill/data/benchmark/mp/train/sample_000138.npz,mp,forest,U,mp_forest,simple,easy,0,mp:train
train,sample_002225.npz,/home/zzy/TrajectoryPlanning/distill/data/benchmark/mp/train/sample_000139.npz,mp,forest,U,mp_forest,simple,easy,0,mp:train
train,sample_002226.npz,/home/zzy/TrajectoryPlanning/distill/data/benchmark/mp/train/sample_000144.npz,mp,forest,U,mp_forest,simple,easy,0,mp:train
train,sample_002227.npz,/home/zzy/TrajectoryPlanning/distill/data/benchmark/mp/train/sample_000145.npz,mp,forest,U,mp_forest,simple,easy,0,mp:train
train,sample_002228.npz,/home/zzy/TrajectoryPlanning/distill/data/benchmark/mp/train/sample_000147.npz,mp,forest,U,mp_forest,simple,easy,0,mp:train
train,sample_002229.npz,/home/zzy/TrajectoryPlanning/distill/data/benchmark/mp/train/sample_000152.npz,mp,forest,U,mp_forest,simple,easy,0,mp:train
train,sample_002230.npz,/home/zzy/TrajectoryPlanning/distill/data/benchmark/mp/train/sample_000160.npz,mp,forest,U,mp_forest,simple,easy,0,mp:train
train,sample_002231.npz,/home/zzy/TrajectoryPlanning/distill/data/benchmark/mp/train/sample_000161.npz,mp,forest,U,mp_forest,simple,easy,0,mp:train
train,sample_002232.npz,/home/zzy/TrajectoryPlanning/distill/data/benchmark/mp/train/sample_000163.npz,mp,forest,U,mp_forest,simple,easy,0,mp:train
train,sample_002233.npz,/home/zzy/TrajectoryPlanning/distill/data/benchmark/mp/train/sample_000169.npz,mp,forest,U,mp_forest,simple,easy,0,mp:train
train,sample_002234.npz,/home/zzy/TrajectoryPlanning/distill/data/benchmark/mp/train/sample_000172.npz,mp,forest,U,mp_forest,simple,easy,0,mp:train
train,sample_002235.npz,/home/zzy/TrajectoryPlanning/distill/data/benchmark/mp/train/sample_000176.npz,mp,forest,U,mp_forest,simple,easy,0,mp:train
train,sample_002236.npz,/home/zzy/TrajectoryPlanning/distill/data/benchmark/mp/train/sample_000183.npz,mp,forest,U,mp_forest,simple,easy,0,mp:train
train,sample_002237.npz,/home/zzy/TrajectoryPlanning/distill/data/benchmark/mp/train/sample_000185.npz,mp,forest,U,mp_forest,simple,easy,0,mp:train
train,sample_002238.npz,/home/zzy/TrajectoryPlanning/distill/data/benchmark/mp/train/sample_000186.npz,mp,forest,U,mp_forest,simple,easy,0,mp:train
train,sample_002239.npz,/home/zzy/TrajectoryPlanning/distill/data/benchmark/mp/train/sample_000193.npz,mp,forest,U,mp_forest,simple,easy,0,mp:train
train,sample_002240.npz,/home/zzy/TrajectoryPlanning/distill/data/benchmark/mp/train/sample_000198.npz,mp,forest,U,mp_forest,simple,easy,0,mp:train
train,sample_002241.npz,/home/zzy/TrajectoryPlanning/distill/data/benchmark/mp/train/sample_000204.npz,mp,forest,U,mp_forest,simple,easy,0,mp:train
train,sample_002242.npz,/home/zzy/TrajectoryPlanning/distill/data/benchmark/mp/train/sample_000207.npz,mp,forest,U,mp_forest,simple,easy,0,mp:train
train,sample_002243.npz,/home/zzy/TrajectoryPlanning/distill/data/benchmark/mp/train/sample_000208.npz,mp,forest,U,mp_forest,simple,easy,0,mp:train
train,sample_002244.npz,/home/zzy/TrajectoryPlanning/distill/data/benchmark/mp/train/sample_000215.npz,mp,forest,U,mp_forest,simple,easy,0,mp:train
train,sample_002245.npz,/home/zzy/TrajectoryPlanning/distill/data/benchmark/mp/train/sample_000217.npz,mp,forest,U,mp_forest,simple,easy,0,mp:train
train,sample_002246.npz,/home/zzy/TrajectoryPlanning/distill/data/benchmark/mp/train/sample_000218.npz,mp,forest,U,mp_forest,simple,easy,0,mp:train
train,sample_002247.npz,/home/zzy/TrajectoryPlanning/distill/data/benchmark/mp/train/sample_000224.npz,mp,forest,U,mp_forest,simple,easy,0,mp:train
train,sample_002248.npz,/home/zzy/TrajectoryPlanning/distill/data/benchmark/mp/train/sample_000226.npz,mp,forest,U,mp_forest,simple,easy,0,mp:train
train,sample_002249.npz,/home/zzy/TrajectoryPlanning/distill/data/benchmark/mp/train/sample_000228.npz,mp,forest,U,mp_forest,simple,easy,0,mp:train
train,sample_002250.npz,/home/zzy/TrajectoryPlanning/distill/data/benchmark/mp/train/sample_000231.npz,mp,forest,U,mp_forest,simple,easy,0,mp:train
train,sample_002251.npz,/home/zzy/TrajectoryPlanning/distill/data/benchmark/mp/train/sample_000232.npz,mp,forest,U,mp_forest,simple,easy,0,mp:train
train,sample_002252.npz,/home/zzy/TrajectoryPlanning/distill/data/benchmark/mp/train/sample_000236.npz,mp,forest,U,mp_forest,simple,easy,0,mp:train
train,sample_002253.npz,/home/zzy/TrajectoryPlanning/distill/data/benchmark/mp/train/sample_000237.npz,mp,forest,U,mp_forest,simple,easy,0,mp:train
train,sample_002254.npz,/home/zzy/TrajectoryPlanning/distill/data/benchmark/mp/train/sample_000238.npz,mp,forest,U,mp_forest,simple,easy,0,mp:train
train,sample_002255.npz,/home/zzy/TrajectoryPlanning/distill/data/benchmark/mp/train/sample_000241.npz,mp,forest,U,mp_forest,simple,easy,0,mp:train
train,sample_002256.npz,/home/zzy/TrajectoryPlanning/distill/data/benchmark/mp/train/sample_000242.npz,mp,forest,U,mp_forest,simple,easy,0,mp:train
train,sample_002257.npz,/home/zzy/TrajectoryPlanning/distill/data/benchmark/mp/train/sample_000244.npz,mp,forest,U,mp_forest,simple,easy,0,mp:train
train,sample_002258.npz,/home/zzy/TrajectoryPlanning/distill/data/benchmark/mp/train/sample_000247.npz,mp,forest,U,mp_forest,simple,easy,0,mp:train
train,sample_002259.npz,/home/zzy/TrajectoryPlanning/distill/data/benchmark/mp/train/sample_000256.npz,mp,forest,U,mp_forest,simple,easy,0,mp:train
train,sample_002260.npz,/home/zzy/TrajectoryPlanning/distill/data/benchmark/mp/train/sample_000258.npz,mp,forest,U,mp_forest,simple,easy,0,mp:train
train,sample_002261.npz,/home/zzy/TrajectoryPlanning/distill/data/benchmark/mp/train/sample_000259.npz,mp,forest,U,mp_forest,simple,easy,0,mp:train
train,sample_002262.npz,/home/zzy/TrajectoryPlanning/distill/data/benchmark/mp/train/sample_000262.npz,mp,forest,U,mp_forest,simple,easy,0,mp:train
train,sample_002263.npz,/home/zzy/TrajectoryPlanning/distill/data/benchmark/mp/train/sample_000264.npz,mp,forest,U,mp_forest,simple,easy,0,mp:train
train,sample_002264.npz,/home/zzy/TrajectoryPlanning/distill/data/benchmark/mp/train/sample_000266.npz,mp,forest,U,mp_forest,simple,easy,0,mp:train
train,sample_002265.npz,/home/zzy/TrajectoryPlanning/distill/data/benchmark/mp/train/sample_000268.npz,mp,forest,U,mp_forest,simple,easy,0,mp:train
train,sample_002266.npz,/home/zzy/TrajectoryPlanning/distill/data/benchmark/mp/train/sample_000271.npz,mp,forest,U,mp_forest,simple,easy,0,mp:train
train,sample_002267.npz,/home/zzy/TrajectoryPlanning/distill/data/benchmark/mp/train/sample_000274.npz,mp,forest,U,mp_forest,simple,easy,0,mp:train
train,sample_002268.npz,/home/zzy/TrajectoryPlanning/distill/data/benchmark/mp/train/sample_000275.npz,mp,forest,U,mp_forest,simple,easy,0,mp:train
train,sample_002269.npz,/home/zzy/TrajectoryPlanning/distill/data/benchmark/mp/train/sample_000276.npz,mp,forest,U,mp_forest,simple,easy,0,mp:train
train,sample_002270.npz,/home/zzy/TrajectoryPlanning/distill/data/benchmark/mp/train/sample_000278.npz,mp,forest,U,mp_forest,simple,easy,0,mp:train
train,sample_002271.npz,/home/zzy/TrajectoryPlanning/distill/data/benchmark/mp/train/sample_000279.npz,mp,forest,U,mp_forest,simple,easy,0,mp:train
train,sample_002272.npz,/home/zzy/TrajectoryPlanning/distill/data/benchmark/mp/train/sample_000287.npz,mp,forest,U,mp_forest,simple,easy,0,mp:train
train,sample_002273.npz,/home/zzy/TrajectoryPlanning/distill/data/benchmark/mp/train/sample_000288.npz,mp,forest,U,mp_forest,simple,easy,0,mp:train
train,sample_002274.npz,/home/zzy/TrajectoryPlanning/distill/data/benchmark/mp/train/sample_000291.npz,mp,forest,U,mp_forest,simple,easy,0,mp:train
train,sample_002275.npz,/home/zzy/TrajectoryPlanning/distill/data/benchmark/mp/train/sample_000294.npz,mp,forest,U,mp_forest,simple,easy,0,mp:train
train,sample_002276.npz,/home/zzy/TrajectoryPlanning/distill/data/benchmark/mp/train/sample_000298.npz,mp,forest,U,mp_forest,simple,easy,0,mp:train
train,sample_002277.npz,/home/zzy/TrajectoryPlanning/distill/data/benchmark/mp/train/sample_000310.npz,mp,forest,U,mp_forest,simple,easy,0,mp:train
train,sample_002278.npz,/home/zzy/TrajectoryPlanning/distill/data/benchmark/mp/train/sample_000311.npz,mp,forest,U,mp_forest,simple,easy,0,mp:train
train,sample_002279.npz,/home/zzy/TrajectoryPlanning/distill/data/benchmark/mp/train/sample_000315.npz,mp,forest,U,mp_forest,simple,easy,0,mp:train
train,sample_002280.npz,/home/zzy/TrajectoryPlanning/distill/data/benchmark/mp/train/sample_000316.npz,mp,forest,U,mp_forest,simple,easy,0,mp:train
train,sample_002281.npz,/home/zzy/TrajectoryPlanning/distill/data/benchmark/mp/train/sample_000318.npz,mp,forest,U,mp_forest,simple,easy,0,mp:train
train,sample_002282.npz,/home/zzy/TrajectoryPlanning/distill/data/benchmark/mp/train/sample_000319.npz,mp,forest,U,mp_forest,simple,easy,0,mp:train
train,sample_002283.npz,/home/zzy/TrajectoryPlanning/distill/data/benchmark/mp/train/sample_000320.npz,mp,forest,U,mp_forest,simple,easy,0,mp:train
train,sample_002284.npz,/home/zzy/TrajectoryPlanning/distill/data/benchmark/mp/train/sample_000329.npz,mp,forest,U,mp_forest,simple,easy,0,mp:train
train,sample_002285.npz,/home/zzy/TrajectoryPlanning/distill/data/benchmark/mp/train/sample_000336.npz,mp,forest,U,mp_forest,simple,easy,0,mp:train
train,sample_002286.npz,/home/zzy/TrajectoryPlanning/distill/data/benchmark/mp/train/sample_000339.npz,mp,forest,U,mp_forest,simple,easy,0,mp:train
train,sample_002287.npz,/home/zzy/TrajectoryPlanning/distill/data/benchmark/mp/train/sample_000341.npz,mp,forest,U,mp_forest,simple,easy,0,mp:train
train,sample_002288.npz,/home/zzy/TrajectoryPlanning/distill/data/benchmark/mp/train/sample_000344.npz,mp,forest,U,mp_forest,simple,easy,0,mp:train
train,sample_002289.npz,/home/zzy/TrajectoryPlanning/distill/data/benchmark/mp/train/sample_000345.npz,mp,forest,U,mp_forest,simple,easy,0,mp:train
train,sample_002290.npz,/home/zzy/TrajectoryPlanning/distill/data/benchmark/mp/train/sample_000349.npz,mp,forest,U,mp_forest,simple,easy,0,mp:train
train,sample_002291.npz,/home/zzy/TrajectoryPlanning/distill/data/benchmark/mp/train/sample_000350.npz,mp,forest,U,mp_forest,simple,easy,0,mp:train
train,sample_002292.npz,/home/zzy/TrajectoryPlanning/distill/data/benchmark/mp/train/sample_000356.npz,mp,forest,U,mp_forest,simple,easy,0,mp:train
train,sample_002293.npz,/home/zzy/TrajectoryPlanning/distill/data/benchmark/mp/train/sample_000363.npz,mp,forest,U,mp_forest,simple,easy,0,mp:train
train,sample_002294.npz,/home/zzy/TrajectoryPlanning/distill/data/benchmark/mp/train/sample_000366.npz,mp,forest,U,mp_forest,simple,easy,0,mp:train
train,sample_002295.npz,/home/zzy/TrajectoryPlanning/distill/data/benchmark/mp/train/sample_000373.npz,mp,forest,U,mp_forest,simple,easy,0,mp:train
train,sample_002296.npz,/home/zzy/TrajectoryPlanning/distill/data/benchmark/mp/train/sample_000376.npz,mp,forest,U,mp_forest,simple,easy,0,mp:train
train,sample_002297.npz,/home/zzy/TrajectoryPlanning/distill/data/benchmark/mp/train/sample_000379.npz,mp,forest,U,mp_forest,simple,easy,0,mp:train
train,sample_002298.npz,/home/zzy/TrajectoryPlanning/distill/data/benchmark/mp/train/sample_000382.npz,mp,forest,U,mp_forest,simple,easy,0,mp:train
train,sample_002299.npz,/home/zzy/TrajectoryPlanning/distill/data/benchmark/mp/train/sample_000383.npz,mp,forest,U,mp_forest,simple,easy,0,mp:train
train,sample_002300.npz,/home/zzy/TrajectoryPlanning/distill/data/benchmark/mp/train/sample_000386.npz,mp,forest,U,mp_forest,simple,easy,0,mp:train
train,sample_002301.npz,/home/zzy/TrajectoryPlanning/distill/data/benchmark/mp/train/sample_000387.npz,mp,forest,U,mp_forest,simple,easy,0,mp:train
train,sample_002302.npz,/home/zzy/TrajectoryPlanning/distill/data/benchmark/mp/train/sample_000392.npz,mp,forest,U,mp_forest,simple,easy,0,mp:train
train,sample_002303.npz,/home/zzy/TrajectoryPlanning/distill/data/benchmark/mp/train/sample_000400.npz,mp,forest,U,mp_forest,simple,easy,0,mp:train
train,sample_002304.npz,/home/zzy/TrajectoryPlanning/distill/data/benchmark/mp/train/sample_000401.npz,mp,forest,U,mp_forest,simple,easy,0,mp:train
train,sample_002305.npz,/home/zzy/TrajectoryPlanning/distill/data/benchmark/mp/train/sample_000403.npz,mp,forest,U,mp_forest,simple,easy,0,mp:train
train,sample_002306.npz,/home/zzy/TrajectoryPlanning/distill/data/benchmark/mp/train/sample_000404.npz,mp,forest,U,mp_forest,simple,easy,0,mp:train
train,sample_002307.npz,/home/zzy/TrajectoryPlanning/distill/data/benchmark/mp/train/sample_000414.npz,mp,forest,U,mp_forest,simple,easy,0,mp:train
train,sample_002308.npz,/home/zzy/TrajectoryPlanning/distill/data/benchmark/mp/train/sample_000421.npz,mp,forest,U,mp_forest,simple,easy,0,mp:train
train,sample_002309.npz,/home/zzy/TrajectoryPlanning/distill/data/benchmark/mp/train/sample_000422.npz,mp,forest,U,mp_forest,simple,easy,0,mp:train
train,sample_002310.npz,/home/zzy/TrajectoryPlanning/distill/data/benchmark/mp/train/sample_000426.npz,mp,forest,U,mp_forest,simple,easy,0,mp:train
train,sample_002311.npz,/home/zzy/TrajectoryPlanning/distill/data/benchmark/mp/train/sample_000432.npz,mp,forest,U,mp_forest,simple,easy,0,mp:train
train,sample_002312.npz,/home/zzy/TrajectoryPlanning/distill/data/benchmark/mp/train/sample_000434.npz,mp,forest,U,mp_forest,simple,easy,0,mp:train
train,sample_002313.npz,/home/zzy/TrajectoryPlanning/distill/data/benchmark/mp/train/sample_000439.npz,mp,forest,U,mp_forest,simple,easy,0,mp:train
train,sample_002314.npz,/home/zzy/TrajectoryPlanning/distill/data/benchmark/mp/train/sample_000451.npz,mp,forest,U,mp_forest,simple,easy,0,mp:train
train,sample_002315.npz,/home/zzy/TrajectoryPlanning/distill/data/benchmark/mp/train/sample_000466.npz,mp,forest,U,mp_forest,simple,easy,0,mp:train
train,sample_002316.npz,/home/zzy/TrajectoryPlanning/distill/data/benchmark/mp/train/sample_000469.npz,mp,forest,U,mp_forest,simple,easy,0,mp:train
train,sample_002317.npz,/home/zzy/TrajectoryPlanning/distill/data/benchmark/mp/train/sample_000472.npz,mp,forest,U,mp_forest,simple,easy,0,mp:train
train,sample_002318.npz,/home/zzy/TrajectoryPlanning/distill/data/benchmark/mp/train/sample_000475.npz,mp,forest,U,mp_forest,simple,easy,0,mp:train
train,sample_002319.npz,/home/zzy/TrajectoryPlanning/distill/data/benchmark/mp/train/sample_000479.npz,mp,forest,U,mp_forest,simple,easy,0,mp:train
train,sample_002320.npz,/home/zzy/TrajectoryPlanning/distill/data/benchmark/mp/train/sample_000480.npz,mp,forest,U,mp_forest,simple,easy,0,mp:train
train,sample_002321.npz,/home/zzy/TrajectoryPlanning/distill/data/benchmark/mp/train/sample_000488.npz,mp,forest,U,mp_forest,simple,easy,0,mp:train
train,sample_002322.npz,/home/zzy/TrajectoryPlanning/distill/data/benchmark/mp/train/sample_000491.npz,mp,forest,U,mp_forest,simple,easy,0,mp:train
train,sample_002323.npz,/home/zzy/TrajectoryPlanning/distill/data/benchmark/mp/train/sample_000494.npz,mp,forest,U,mp_forest,simple,easy,0,mp:train
train,sample_002324.npz,/home/zzy/TrajectoryPlanning/distill/data/benchmark/mp/train/sample_000503.npz,mp,forest,U,mp_forest,simple,easy,0,mp:train
train,sample_002325.npz,/home/zzy/TrajectoryPlanning/distill/data/benchmark/mp/train/sample_000509.npz,mp,forest,U,mp_forest,simple,easy,0,mp:train
train,sample_002326.npz,/home/zzy/TrajectoryPlanning/distill/data/benchmark/mp/train/sample_000516.npz,mp,forest,U,mp_forest,simple,easy,0,mp:train
train,sample_002327.npz,/home/zzy/TrajectoryPlanning/distill/data/benchmark/mp/train/sample_000518.npz,mp,forest,U,mp_forest,simple,easy,0,mp:train
train,sample_002328.npz,/home/zzy/TrajectoryPlanning/distill/data/benchmark/mp/train/sample_000519.npz,mp,forest,U,mp_forest,simple,easy,0,mp:train
train,sample_002329.npz,/home/zzy/TrajectoryPlanning/distill/data/benchmark/mp/train/sample_000521.npz,mp,forest,U,mp_forest,simple,easy,0,mp:train
train,sample_002330.npz,/home/zzy/TrajectoryPlanning/distill/data/benchmark/mp/train/sample_000522.npz,mp,forest,U,mp_forest,simple,easy,0,mp:train
train,sample_002331.npz,/home/zzy/TrajectoryPlanning/distill/data/benchmark/mp/train/sample_000526.npz,mp,forest,U,mp_forest,simple,easy,0,mp:train
train,sample_002332.npz,/home/zzy/TrajectoryPlanning/distill/data/benchmark/mp/train/sample_000533.npz,mp,forest,U,mp_forest,simple,easy,0,mp:train
train,sample_002333.npz,/home/zzy/TrajectoryPlanning/distill/data/benchmark/mp/train/sample_000535.npz,mp,forest,U,mp_forest,simple,easy,0,mp:train
train,sample_002334.npz,/home/zzy/TrajectoryPlanning/distill/data/benchmark/mp/train/sample_000537.npz,mp,forest,U,mp_forest,simple,easy,0,mp:train
train,sample_002335.npz,/home/zzy/TrajectoryPlanning/distill/data/benchmark/mp/train/sample_000538.npz,mp,forest,U,mp_forest,simple,easy,0,mp:train
train,sample_002336.npz,/home/zzy/TrajectoryPlanning/distill/data/benchmark/mp/train/sample_000540.npz,mp,forest,U,mp_forest,simple,easy,0,mp:train
train,sample_002337.npz,/home/zzy/TrajectoryPlanning/distill/data/benchmark/mp/train/sample_000541.npz,mp,forest,U,mp_forest,simple,easy,0,mp:train
train,sample_002338.npz,/home/zzy/TrajectoryPlanning/distill/data/benchmark/mp/train/sample_000545.npz,mp,forest,U,mp_forest,simple,easy,0,mp:train
train,sample_002339.npz,/home/zzy/TrajectoryPlanning/distill/data/benchmark/mp/train/sample_000550.npz,mp,forest,U,mp_forest,simple,easy,0,mp:train
train,sample_002340.npz,/home/zzy/TrajectoryPlanning/distill/data/benchmark/mp/train/sample_000554.npz,mp,forest,U,mp_forest,simple,easy,0,mp:train
train,sample_002341.npz,/home/zzy/TrajectoryPlanning/distill/data/benchmark/mp/train/sample_000556.npz,mp,forest,U,mp_forest,simple,easy,0,mp:train
train,sample_002342.npz,/home/zzy/TrajectoryPlanning/distill/data/benchmark/mp/train/sample_000559.npz,mp,forest,U,mp_forest,simple,easy,0,mp:train
train,sample_002343.npz,/home/zzy/TrajectoryPlanning/distill/data/benchmark/mp/train/sample_000561.npz,mp,forest,U,mp_forest,simple,easy,0,mp:train
train,sample_002344.npz,/home/zzy/TrajectoryPlanning/distill/data/benchmark/mp/train/sample_000566.npz,mp,forest,U,mp_forest,simple,easy,0,mp:train
train,sample_002345.npz,/home/zzy/TrajectoryPlanning/distill/data/benchmark/mp/train/sample_000577.npz,mp,forest,U,mp_forest,simple,easy,0,mp:train
train,sample_002346.npz,/home/zzy/TrajectoryPlanning/distill/data/benchmark/mp/train/sample_000579.npz,mp,forest,U,mp_forest,simple,easy,0,mp:train
train,sample_002347.npz,/home/zzy/TrajectoryPlanning/distill/data/benchmark/mp/train/sample_000580.npz,mp,forest,U,mp_forest,simple,easy,0,mp:train
train,sample_002348.npz,/home/zzy/TrajectoryPlanning/distill/data/benchmark/mp/train/sample_000581.npz,mp,forest,U,mp_forest,simple,easy,0,mp:train
train,sample_002349.npz,/home/zzy/TrajectoryPlanning/distill/data/benchmark/mp/train/sample_000583.npz,mp,forest,U,mp_forest,simple,easy,0,mp:train
train,sample_002350.npz,/home/zzy/TrajectoryPlanning/distill/data/benchmark/mp/train/sample_000592.npz,mp,forest,U,mp_forest,simple,easy,0,mp:train
train,sample_002351.npz,/home/zzy/TrajectoryPlanning/distill/data/benchmark/mp/train/sample_000593.npz,mp,forest,U,mp_forest,simple,easy,0,mp:train
train,sample_002352.npz,/home/zzy/TrajectoryPlanning/distill/data/benchmark/mp/train/sample_000599.npz,mp,forest,U,mp_forest,simple,easy,0,mp:train
train,sample_002353.npz,/home/zzy/TrajectoryPlanning/distill/data/benchmark/mp/train/sample_000603.npz,mp,forest,U,mp_forest,simple,easy,0,mp:train
train,sample_002354.npz,/home/zzy/TrajectoryPlanning/distill/data/benchmark/mp/train/sample_000606.npz,mp,forest,U,mp_forest,simple,easy,0,mp:train
train,sample_002355.npz,/home/zzy/TrajectoryPlanning/distill/data/benchmark/mp/train/sample_000608.npz,mp,forest,U,mp_forest,simple,easy,0,mp:train
train,sample_002356.npz,/home/zzy/TrajectoryPlanning/distill/data/benchmark/mp/train/sample_000614.npz,mp,forest,U,mp_forest,simple,easy,0,mp:train
train,sample_002357.npz,/home/zzy/TrajectoryPlanning/distill/data/benchmark/mp/train/sample_000617.npz,mp,forest,U,mp_forest,simple,easy,0,mp:train
train,sample_002358.npz,/home/zzy/TrajectoryPlanning/distill/data/benchmark/mp/train/sample_000618.npz,mp,forest,U,mp_forest,simple,easy,0,mp:train
train,sample_002359.npz,/home/zzy/TrajectoryPlanning/distill/data/benchmark/mp/train/sample_000619.npz,mp,forest,U,mp_forest,simple,easy,0,mp:train
train,sample_002360.npz,/home/zzy/TrajectoryPlanning/distill/data/benchmark/mp/train/sample_000620.npz,mp,forest,U,mp_forest,simple,easy,0,mp:train
train,sample_002361.npz,/home/zzy/TrajectoryPlanning/distill/data/benchmark/mp/train/sample_000621.npz,mp,forest,U,mp_forest,simple,easy,0,mp:train
train,sample_002362.npz,/home/zzy/TrajectoryPlanning/distill/data/benchmark/mp/train/sample_000627.npz,mp,forest,U,mp_forest,simple,easy,0,mp:train
train,sample_002363.npz,/home/zzy/TrajectoryPlanning/distill/data/benchmark/mp/train/sample_000628.npz,mp,forest,U,mp_forest,simple,easy,0,mp:train
train,sample_002364.npz,/home/zzy/TrajectoryPlanning/distill/data/benchmark/mp/train/sample_000632.npz,mp,forest,U,mp_forest,simple,easy,0,mp:train
train,sample_002365.npz,/home/zzy/TrajectoryPlanning/distill/data/benchmark/mp/train/sample_000636.npz,mp,forest,U,mp_forest,simple,easy,0,mp:train
train,sample_002366.npz,/home/zzy/TrajectoryPlanning/distill/data/benchmark/mp/train/sample_000645.npz,mp,forest,U,mp_forest,simple,easy,0,mp:train
train,sample_002367.npz,/home/zzy/TrajectoryPlanning/distill/data/benchmark/mp/train/sample_000650.npz,mp,forest,U,mp_forest,simple,easy,0,mp:train
train,sample_002368.npz,/home/zzy/TrajectoryPlanning/distill/data/benchmark/mp/train/sample_000656.npz,mp,forest,U,mp_forest,simple,easy,0,mp:train
train,sample_002369.npz,/home/zzy/TrajectoryPlanning/distill/data/benchmark/mp/train/sample_000660.npz,mp,forest,U,mp_forest,simple,easy,0,mp:train
train,sample_002370.npz,/home/zzy/TrajectoryPlanning/distill/data/benchmark/mp/train/sample_000663.npz,mp,forest,U,mp_forest,simple,easy,0,mp:train
train,sample_002371.npz,/home/zzy/TrajectoryPlanning/distill/data/benchmark/mp/train/sample_000664.npz,mp,forest,U,mp_forest,simple,easy,0,mp:train
train,sample_002372.npz,/home/zzy/TrajectoryPlanning/distill/data/benchmark/mp/train/sample_000668.npz,mp,forest,U,mp_forest,simple,easy,0,mp:train
train,sample_002373.npz,/home/zzy/TrajectoryPlanning/distill/data/benchmark/mp/train/sample_000672.npz,mp,forest,U,mp_forest,simple,easy,0,mp:train
train,sample_002374.npz,/home/zzy/TrajectoryPlanning/distill/data/benchmark/mp/train/sample_000673.npz,mp,forest,U,mp_forest,simple,easy,0,mp:train
train,sample_002375.npz,/home/zzy/TrajectoryPlanning/distill/data/benchmark/mp/train/sample_000679.npz,mp,forest,U,mp_forest,simple,easy,0,mp:train
train,sample_002376.npz,/home/zzy/TrajectoryPlanning/distill/data/benchmark/mp/train/sample_000682.npz,mp,forest,U,mp_forest,simple,easy,0,mp:train
train,sample_002377.npz,/home/zzy/TrajectoryPlanning/distill/data/benchmark/mp/train/sample_000683.npz,mp,forest,U,mp_forest,simple,easy,0,mp:train
train,sample_002378.npz,/home/zzy/TrajectoryPlanning/distill/data/benchmark/mp/train/sample_000685.npz,mp,forest,U,mp_forest,simple,easy,0,mp:train
train,sample_002379.npz,/home/zzy/TrajectoryPlanning/distill/data/benchmark/mp/train/sample_000691.npz,mp,forest,U,mp_forest,simple,easy,0,mp:train
train,sample_002380.npz,/home/zzy/TrajectoryPlanning/distill/data/benchmark/mp/train/sample_000700.npz,mp,forest,U,mp_forest,simple,easy,0,mp:train
train,sample_002381.npz,/home/zzy/TrajectoryPlanning/distill/data/benchmark/mp/train/sample_000704.npz,mp,forest,U,mp_forest,simple,easy,0,mp:train
train,sample_002382.npz,/home/zzy/TrajectoryPlanning/distill/data/benchmark/mp/train/sample_000705.npz,mp,forest,U,mp_forest,simple,easy,0,mp:train
train,sample_002383.npz,/home/zzy/TrajectoryPlanning/distill/data/benchmark/mp/train/sample_000708.npz,mp,forest,U,mp_forest,simple,easy,0,mp:train
train,sample_002384.npz,/home/zzy/TrajectoryPlanning/distill/data/benchmark/mp/train/sample_000710.npz,mp,forest,U,mp_forest,simple,easy,0,mp:train
train,sample_002385.npz,/home/zzy/TrajectoryPlanning/distill/data/benchmark/mp/train/sample_000716.npz,mp,forest,U,mp_forest,simple,easy,0,mp:train
train,sample_002386.npz,/home/zzy/TrajectoryPlanning/distill/data/benchmark/mp/train/sample_000723.npz,mp,forest,U,mp_forest,simple,easy,0,mp:train
train,sample_002387.npz,/home/zzy/TrajectoryPlanning/distill/data/benchmark/mp/train/sample_000735.npz,mp,forest,U,mp_forest,simple,easy,0,mp:train
train,sample_002388.npz,/home/zzy/TrajectoryPlanning/distill/data/benchmark/mp/train/sample_000739.npz,mp,forest,U,mp_forest,simple,easy,0,mp:train
train,sample_002389.npz,/home/zzy/TrajectoryPlanning/distill/data/benchmark/mp/train/sample_000747.npz,mp,forest,U,mp_forest,simple,easy,0,mp:train
train,sample_002390.npz,/home/zzy/TrajectoryPlanning/distill/data/benchmark/mp/train/sample_000748.npz,mp,forest,U,mp_forest,simple,easy,0,mp:train
train,sample_002391.npz,/home/zzy/TrajectoryPlanning/distill/data/benchmark/mp/train/sample_000749.npz,mp,forest,U,mp_forest,simple,easy,0,mp:train
train,sample_002392.npz,/home/zzy/TrajectoryPlanning/distill/data/benchmark/mp/train/sample_000755.npz,mp,forest,U,mp_forest,simple,easy,0,mp:train
train,sample_002393.npz,/home/zzy/TrajectoryPlanning/distill/data/benchmark/mp/train/sample_000758.npz,mp,forest,U,mp_forest,simple,easy,0,mp:train
train,sample_002394.npz,/home/zzy/TrajectoryPlanning/distill/data/benchmark/mp/train/sample_000759.npz,mp,forest,U,mp_forest,simple,easy,0,mp:train
train,sample_002395.npz,/home/zzy/TrajectoryPlanning/distill/data/benchmark/mp/train/sample_000763.npz,mp,forest,U,mp_forest,simple,easy,0,mp:train
train,sample_002396.npz,/home/zzy/TrajectoryPlanning/distill/data/benchmark/mp/train/sample_000772.npz,mp,forest,U,mp_forest,simple,easy,0,mp:train
train,sample_002397.npz,/home/zzy/TrajectoryPlanning/distill/data/benchmark/mp/train/sample_000775.npz,mp,forest,U,mp_forest,simple,easy,0,mp:train
train,sample_002398.npz,/home/zzy/TrajectoryPlanning/distill/data/benchmark/mp/train/sample_000778.npz,mp,forest,U,mp_forest,simple,easy,0,mp:train
train,sample_002399.npz,/home/zzy/TrajectoryPlanning/distill/data/benchmark/mp/train/sample_000779.npz,mp,forest,U,mp_forest,simple,easy,0,mp:train
train,sample_002400.npz,/home/zzy/TrajectoryPlanning/distill/data/benchmark/mp/train/sample_000780.npz,mp,forest,U,mp_forest,simple,easy,0,mp:train
train,sample_002401.npz,/home/zzy/TrajectoryPlanning/distill/data/benchmark/mp/train/sample_000781.npz,mp,forest,U,mp_forest,simple,easy,0,mp:train
train,sample_002402.npz,/home/zzy/TrajectoryPlanning/distill/data/benchmark/mp/train/sample_000785.npz,mp,forest,U,mp_forest,simple,easy,0,mp:train
train,sample_002403.npz,/home/zzy/TrajectoryPlanning/distill/data/benchmark/mp/train/sample_000788.npz,mp,forest,U,mp_forest,simple,easy,0,mp:train
train,sample_002404.npz,/home/zzy/TrajectoryPlanning/distill/data/benchmark/mp/train/sample_000789.npz,mp,forest,U,mp_forest,simple,easy,0,mp:train
train,sample_002405.npz,/home/zzy/TrajectoryPlanning/distill/data/benchmark/mp/train/sample_000794.npz,mp,forest,U,mp_forest,simple,easy,0,mp:train
train,sample_002406.npz,/home/zzy/TrajectoryPlanning/distill/data/benchmark/mp/train/sample_000796.npz,mp,forest,U,mp_forest,simple,easy,0,mp:train
train,sample_002407.npz,/home/zzy/TrajectoryPlanning/distill/data/benchmark/mp/test/sample_000400.npz,mp,gaps_and_forest,U,mp_gaps_and_forest,hard,hard,0,mp:test
train,sample_002408.npz,/home/zzy/TrajectoryPlanning/distill/data/benchmark/mp/test/sample_000402.npz,mp,gaps_and_forest,U,mp_gaps_and_forest,hard,hard,0,mp:test
train,sample_002409.npz,/home/zzy/TrajectoryPlanning/distill/data/benchmark/mp/test/sample_000404.npz,mp,gaps_and_forest,U,mp_gaps_and_forest,hard,hard,0,mp:test
train,sample_002410.npz,/home/zzy/TrajectoryPlanning/distill/data/benchmark/mp/test/sample_000405.npz,mp,gaps_and_forest,U,mp_gaps_and_forest,hard,hard,0,mp:test
train,sample_002411.npz,/home/zzy/TrajectoryPlanning/distill/data/benchmark/mp/test/sample_000406.npz,mp,gaps_and_forest,U,mp_gaps_and_forest,hard,hard,0,mp:test
train,sample_002412.npz,/home/zzy/TrajectoryPlanning/distill/data/benchmark/mp/test/sample_000408.npz,mp,gaps_and_forest,U,mp_gaps_and_forest,hard,hard,0,mp:test
train,sample_002413.npz,/home/zzy/TrajectoryPlanning/distill/data/benchmark/mp/test/sample_000409.npz,mp,gaps_and_forest,U,mp_gaps_and_forest,hard,hard,0,mp:test
train,sample_002414.npz,/home/zzy/TrajectoryPlanning/distill/data/benchmark/mp/test/sample_000410.npz,mp,gaps_and_forest,U,mp_gaps_and_forest,hard,hard,0,mp:test
train,sample_002415.npz,/home/zzy/TrajectoryPlanning/distill/data/benchmark/mp/test/sample_000411.npz,mp,gaps_and_forest,U,mp_gaps_and_forest,hard,hard,0,mp:test
train,sample_002416.npz,/home/zzy/TrajectoryPlanning/distill/data/benchmark/mp/test/sample_000413.npz,mp,gaps_and_forest,U,mp_gaps_and_forest,hard,hard,0,mp:test
train,sample_002417.npz,/home/zzy/TrajectoryPlanning/distill/data/benchmark/mp/test/sample_000414.npz,mp,gaps_and_forest,U,mp_gaps_and_forest,hard,hard,0,mp:test
train,sample_002418.npz,/home/zzy/TrajectoryPlanning/distill/data/benchmark/mp/test/sample_000415.npz,mp,gaps_and_forest,U,mp_gaps_and_forest,hard,hard,0,mp:test
train,sample_002419.npz,/home/zzy/TrajectoryPlanning/distill/data/benchmark/mp/test/sample_000416.npz,mp,gaps_and_forest,U,mp_gaps_and_forest,hard,hard,0,mp:test
train,sample_002420.npz,/home/zzy/TrajectoryPlanning/distill/data/benchmark/mp/test/sample_000417.npz,mp,gaps_and_forest,U,mp_gaps_and_forest,hard,hard,0,mp:test
train,sample_002421.npz,/home/zzy/TrajectoryPlanning/distill/data/benchmark/mp/test/sample_000418.npz,mp,gaps_and_forest,U,mp_gaps_and_forest,hard,hard,0,mp:test
train,sample_002422.npz,/home/zzy/TrajectoryPlanning/distill/data/benchmark/mp/test/sample_000419.npz,mp,gaps_and_forest,U,mp_gaps_and_forest,hard,hard,0,mp:test
train,sample_002423.npz,/home/zzy/TrajectoryPlanning/distill/data/benchmark/mp/test/sample_000420.npz,mp,gaps_and_forest,U,mp_gaps_and_forest,hard,hard,0,mp:test
train,sample_002424.npz,/home/zzy/TrajectoryPlanning/distill/data/benchmark/mp/test/sample_000421.npz,mp,gaps_and_forest,U,mp_gaps_and_forest,hard,hard,0,mp:test
train,sample_002425.npz,/home/zzy/TrajectoryPlanning/distill/data/benchmark/mp/test/sample_000422.npz,mp,gaps_and_forest,U,mp_gaps_and_forest,hard,hard,0,mp:test
train,sample_002426.npz,/home/zzy/TrajectoryPlanning/distill/data/benchmark/mp/test/sample_000423.npz,mp,gaps_and_forest,U,mp_gaps_and_forest,hard,hard,0,mp:test
train,sample_002427.npz,/home/zzy/TrajectoryPlanning/distill/data/benchmark/mp/test/sample_000424.npz,mp,gaps_and_forest,U,mp_gaps_and_forest,hard,hard,0,mp:test
train,sample_002428.npz,/home/zzy/TrajectoryPlanning/distill/data/benchmark/mp/test/sample_000425.npz,mp,gaps_and_forest,U,mp_gaps_and_forest,hard,hard,0,mp:test
train,sample_002429.npz,/home/zzy/TrajectoryPlanning/distill/data/benchmark/mp/test/sample_000426.npz,mp,gaps_and_forest,U,mp_gaps_and_forest,hard,hard,0,mp:test
train,sample_002430.npz,/home/zzy/TrajectoryPlanning/distill/data/benchmark/mp/test/sample_000428.npz,mp,gaps_and_forest,U,mp_gaps_and_forest,hard,hard,0,mp:test
train,sample_002431.npz,/home/zzy/TrajectoryPlanning/distill/data/benchmark/mp/test/sample_000429.npz,mp,gaps_and_forest,U,mp_gaps_and_forest,hard,hard,0,mp:test
train,sample_002432.npz,/home/zzy/TrajectoryPlanning/distill/data/benchmark/mp/test/sample_000431.npz,mp,gaps_and_forest,U,mp_gaps_and_forest,hard,hard,0,mp:test
train,sample_002433.npz,/home/zzy/TrajectoryPlanning/distill/data/benchmark/mp/test/sample_000432.npz,mp,gaps_and_forest,U,mp_gaps_and_forest,hard,hard,0,mp:test
train,sample_002434.npz,/home/zzy/TrajectoryPlanning/distill/data/benchmark/mp/test/sample_000433.npz,mp,gaps_and_forest,U,mp_gaps_and_forest,hard,hard,0,mp:test
train,sample_002435.npz,/home/zzy/TrajectoryPlanning/distill/data/benchmark/mp/test/sample_000434.npz,mp,gaps_and_forest,U,mp_gaps_and_forest,hard,hard,0,mp:test
train,sample_002436.npz,/home/zzy/TrajectoryPlanning/distill/data/benchmark/mp/test/sample_000436.npz,mp,gaps_and_forest,U,mp_gaps_and_forest,hard,hard,0,mp:test
train,sample_002437.npz,/home/zzy/TrajectoryPlanning/distill/data/benchmark/mp/test/sample_000437.npz,mp,gaps_and_forest,U,mp_gaps_and_forest,hard,hard,0,mp:test
train,sample_002438.npz,/home/zzy/TrajectoryPlanning/distill/data/benchmark/mp/test/sample_000439.npz,mp,gaps_and_forest,U,mp_gaps_and_forest,hard,hard,0,mp:test
train,sample_002439.npz,/home/zzy/TrajectoryPlanning/distill/data/benchmark/mp/test/sample_000440.npz,mp,gaps_and_forest,U,mp_gaps_and_forest,hard,hard,0,mp:test
train,sample_002440.npz,/home/zzy/TrajectoryPlanning/distill/data/benchmark/mp/test/sample_000441.npz,mp,gaps_and_forest,U,mp_gaps_and_forest,hard,hard,0,mp:test
train,sample_002441.npz,/home/zzy/TrajectoryPlanning/distill/data/benchmark/mp/test/sample_000443.npz,mp,gaps_and_forest,U,mp_gaps_and_forest,hard,hard,0,mp:test
train,sample_002442.npz,/home/zzy/TrajectoryPlanning/distill/data/benchmark/mp/test/sample_000444.npz,mp,gaps_and_forest,U,mp_gaps_and_forest,hard,hard,0,mp:test
train,sample_002443.npz,/home/zzy/TrajectoryPlanning/distill/data/benchmark/mp/test/sample_000445.npz,mp,gaps_and_forest,U,mp_gaps_and_forest,hard,hard,0,mp:test
train,sample_002444.npz,/home/zzy/TrajectoryPlanning/distill/data/benchmark/mp/test/sample_000446.npz,mp,gaps_and_forest,U,mp_gaps_and_forest,hard,hard,0,mp:test
train,sample_002445.npz,/home/zzy/TrajectoryPlanning/distill/data/benchmark/mp/test/sample_000447.npz,mp,gaps_and_forest,U,mp_gaps_and_forest,hard,hard,0,mp:test
train,sample_002446.npz,/home/zzy/TrajectoryPlanning/distill/data/benchmark/mp/test/sample_000448.npz,mp,gaps_and_forest,U,mp_gaps_and_forest,hard,hard,0,mp:test
train,sample_002447.npz,/home/zzy/TrajectoryPlanning/distill/data/benchmark/mp/test/sample_000449.npz,mp,gaps_and_forest,U,mp_gaps_and_forest,hard,hard,0,mp:test
train,sample_002448.npz,/home/zzy/TrajectoryPlanning/distill/data/benchmark/mp/test/sample_000450.npz,mp,gaps_and_forest,U,mp_gaps_and_forest,hard,hard,0,mp:test
train,sample_002449.npz,/home/zzy/TrajectoryPlanning/distill/data/benchmark/mp/test/sample_000451.npz,mp,gaps_and_forest,U,mp_gaps_and_forest,hard,hard,0,mp:test
train,sample_002450.npz,/home/zzy/TrajectoryPlanning/distill/data/benchmark/mp/test/sample_000452.npz,mp,gaps_and_forest,U,mp_gaps_and_forest,hard,hard,0,mp:test
train,sample_002451.npz,/home/zzy/TrajectoryPlanning/distill/data/benchmark/mp/test/sample_000454.npz,mp,gaps_and_forest,U,mp_gaps_and_forest,hard,hard,0,mp:test
train,sample_002452.npz,/home/zzy/TrajectoryPlanning/distill/data/benchmark/mp/test/sample_000457.npz,mp,gaps_and_forest,U,mp_gaps_and_forest,hard,hard,0,mp:test
train,sample_002453.npz,/home/zzy/TrajectoryPlanning/distill/data/benchmark/mp/test/sample_000458.npz,mp,gaps_and_forest,U,mp_gaps_and_forest,hard,hard,0,mp:test
train,sample_002454.npz,/home/zzy/TrajectoryPlanning/distill/data/benchmark/mp/test/sample_000459.npz,mp,gaps_and_forest,U,mp_gaps_and_forest,hard,hard,0,mp:test
train,sample_002455.npz,/home/zzy/TrajectoryPlanning/distill/data/benchmark/mp/test/sample_000460.npz,mp,gaps_and_forest,U,mp_gaps_and_forest,hard,hard,0,mp:test
train,sample_002456.npz,/home/zzy/TrajectoryPlanning/distill/data/benchmark/mp/test/sample_000461.npz,mp,gaps_and_forest,U,mp_gaps_and_forest,hard,hard,0,mp:test
train,sample_002457.npz,/home/zzy/TrajectoryPlanning/distill/data/benchmark/mp/test/sample_000463.npz,mp,gaps_and_forest,U,mp_gaps_and_forest,hard,hard,0,mp:test
train,sample_002458.npz,/home/zzy/TrajectoryPlanning/distill/data/benchmark/mp/test/sample_000464.npz,mp,gaps_and_forest,U,mp_gaps_and_forest,hard,hard,0,mp:test
train,sample_002459.npz,/home/zzy/TrajectoryPlanning/distill/data/benchmark/mp/test/sample_000466.npz,mp,gaps_and_forest,U,mp_gaps_and_forest,hard,hard,0,mp:test
train,sample_002460.npz,/home/zzy/TrajectoryPlanning/distill/data/benchmark/mp/test/sample_000468.npz,mp,gaps_and_forest,U,mp_gaps_and_forest,hard,hard,0,mp:test
train,sample_002461.npz,/home/zzy/TrajectoryPlanning/distill/data/benchmark/mp/test/sample_000469.npz,mp,gaps_and_forest,U,mp_gaps_and_forest,hard,hard,0,mp:test
train,sample_002462.npz,/home/zzy/TrajectoryPlanning/distill/data/benchmark/mp/test/sample_000471.npz,mp,gaps_and_forest,U,mp_gaps_and_forest,hard,hard,0,mp:test
train,sample_002463.npz,/home/zzy/TrajectoryPlanning/distill/data/benchmark/mp/test/sample_000472.npz,mp,gaps_and_forest,U,mp_gaps_and_forest,hard,hard,0,mp:test
train,sample_002464.npz,/home/zzy/TrajectoryPlanning/distill/data/benchmark/mp/test/sample_000474.npz,mp,gaps_and_forest,U,mp_gaps_and_forest,hard,hard,0,mp:test
train,sample_002465.npz,/home/zzy/TrajectoryPlanning/distill/data/benchmark/mp/test/sample_000475.npz,mp,gaps_and_forest,U,mp_gaps_and_forest,hard,hard,0,mp:test
train,sample_002466.npz,/home/zzy/TrajectoryPlanning/distill/data/benchmark/mp/test/sample_000476.npz,mp,gaps_and_forest,U,mp_gaps_and_forest,hard,hard,0,mp:test
train,sample_002467.npz,/home/zzy/TrajectoryPlanning/distill/data/benchmark/mp/test/sample_000477.npz,mp,gaps_and_forest,U,mp_gaps_and_forest,hard,hard,0,mp:test
train,sample_002468.npz,/home/zzy/TrajectoryPlanning/distill/data/benchmark/mp/test/sample_000478.npz,mp,gaps_and_forest,U,mp_gaps_and_forest,hard,hard,0,mp:test
train,sample_002469.npz,/home/zzy/TrajectoryPlanning/distill/data/benchmark/mp/test/sample_000479.npz,mp,gaps_and_forest,U,mp_gaps_and_forest,hard,hard,0,mp:test
train,sample_002470.npz,/home/zzy/TrajectoryPlanning/distill/data/benchmark/mp/test/sample_000480.npz,mp,gaps_and_forest,U,mp_gaps_and_forest,hard,hard,0,mp:test
train,sample_002471.npz,/home/zzy/TrajectoryPlanning/distill/data/benchmark/mp/test/sample_000481.npz,mp,gaps_and_forest,U,mp_gaps_and_forest,hard,hard,0,mp:test
train,sample_002472.npz,/home/zzy/TrajectoryPlanning/distill/data/benchmark/mp/test/sample_000482.npz,mp,gaps_and_forest,U,mp_gaps_and_forest,hard,hard,0,mp:test
train,sample_002473.npz,/home/zzy/TrajectoryPlanning/distill/data/benchmark/mp/test/sample_000483.npz,mp,gaps_and_forest,U,mp_gaps_and_forest,hard,hard,0,mp:test
train,sample_002474.npz,/home/zzy/TrajectoryPlanning/distill/data/benchmark/mp/test/sample_000484.npz,mp,gaps_and_forest,U,mp_gaps_and_forest,hard,hard,0,mp:test
train,sample_002475.npz,/home/zzy/TrajectoryPlanning/distill/data/benchmark/mp/test/sample_000485.npz,mp,gaps_and_forest,U,mp_gaps_and_forest,hard,hard,0,mp:test
train,sample_002476.npz,/home/zzy/TrajectoryPlanning/distill/data/benchmark/mp/test/sample_000487.npz,mp,gaps_and_forest,U,mp_gaps_and_forest,hard,hard,0,mp:test
train,sample_002477.npz,/home/zzy/TrajectoryPlanning/distill/data/benchmark/mp/test/sample_000492.npz,mp,gaps_and_forest,U,mp_gaps_and_forest,hard,hard,0,mp:test
train,sample_002478.npz,/home/zzy/TrajectoryPlanning/distill/data/benchmark/mp/test/sample_000494.npz,mp,gaps_and_forest,U,mp_gaps_and_forest,hard,hard,0,mp:test
train,sample_002479.npz,/home/zzy/TrajectoryPlanning/distill/data/benchmark/mp/test/sample_000495.npz,mp,gaps_and_forest,U,mp_gaps_and_forest,hard,hard,0,mp:test
train,sample_002480.npz,/home/zzy/TrajectoryPlanning/distill/data/benchmark/mp/test/sample_000496.npz,mp,gaps_and_forest,U,mp_gaps_and_forest,hard,hard,0,mp:test
train,sample_002481.npz,/home/zzy/TrajectoryPlanning/distill/data/benchmark/mp/test/sample_000497.npz,mp,gaps_and_forest,U,mp_gaps_and_forest,hard,hard,0,mp:test
train,sample_002482.npz,/home/zzy/TrajectoryPlanning/distill/data/benchmark/mp/test/sample_000499.npz,mp,gaps_and_forest,U,mp_gaps_and_forest,hard,hard,0,mp:test
train,sample_002483.npz,/home/zzy/TrajectoryPlanning/distill/data/benchmark/mp/train/sample_003200.npz,mp,gaps_and_forest,U,mp_gaps_and_forest,hard,hard,0,mp:train
train,sample_002484.npz,/home/zzy/TrajectoryPlanning/distill/data/benchmark/mp/train/sample_003201.npz,mp,gaps_and_forest,U,mp_gaps_and_forest,hard,hard,0,mp:train
train,sample_002485.npz,/home/zzy/TrajectoryPlanning/distill/data/benchmark/mp/train/sample_003202.npz,mp,gaps_and_forest,U,mp_gaps_and_forest,hard,hard,0,mp:train
train,sample_002486.npz,/home/zzy/TrajectoryPlanning/distill/data/benchmark/mp/train/sample_003204.npz,mp,gaps_and_forest,U,mp_gaps_and_forest,hard,hard,0,mp:train
train,sample_002487.npz,/home/zzy/TrajectoryPlanning/distill/data/benchmark/mp/train/sample_003205.npz,mp,gaps_and_forest,U,mp_gaps_and_forest,hard,hard,0,mp:train
train,sample_002488.npz,/home/zzy/TrajectoryPlanning/distill/data/benchmark/mp/train/sample_003206.npz,mp,gaps_and_forest,U,mp_gaps_and_forest,hard,hard,0,mp:train
train,sample_002489.npz,/home/zzy/TrajectoryPlanning/distill/data/benchmark/mp/train/sample_003207.npz,mp,gaps_and_forest,U,mp_gaps_and_forest,hard,hard,0,mp:train
train,sample_002490.npz,/home/zzy/TrajectoryPlanning/distill/data/benchmark/mp/train/sample_003208.npz,mp,gaps_and_forest,U,mp_gaps_and_forest,hard,hard,0,mp:train
train,sample_002491.npz,/home/zzy/TrajectoryPlanning/distill/data/benchmark/mp/train/sample_003209.npz,mp,gaps_and_forest,U,mp_gaps_and_forest,hard,hard,0,mp:train
train,sample_002492.npz,/home/zzy/TrajectoryPlanning/distill/data/benchmark/mp/train/sample_003211.npz,mp,gaps_and_forest,U,mp_gaps_and_forest,hard,hard,0,mp:train
train,sample_002493.npz,/home/zzy/TrajectoryPlanning/distill/data/benchmark/mp/train/sample_003212.npz,mp,gaps_and_forest,U,mp_gaps_and_forest,hard,hard,0,mp:train
train,sample_002494.npz,/home/zzy/TrajectoryPlanning/distill/data/benchmark/mp/train/sample_003213.npz,mp,gaps_and_forest,U,mp_gaps_and_forest,hard,hard,0,mp:train
train,sample_002495.npz,/home/zzy/TrajectoryPlanning/distill/data/benchmark/mp/train/sample_003214.npz,mp,gaps_and_forest,U,mp_gaps_and_forest,hard,hard,0,mp:train
train,sample_002496.npz,/home/zzy/TrajectoryPlanning/distill/data/benchmark/mp/train/sample_003215.npz,mp,gaps_and_forest,U,mp_gaps_and_forest,hard,hard,0,mp:train
train,sample_002497.npz,/home/zzy/TrajectoryPlanning/distill/data/benchmark/mp/train/sample_003216.npz,mp,gaps_and_forest,U,mp_gaps_and_forest,hard,hard,0,mp:train
train,sample_002498.npz,/home/zzy/TrajectoryPlanning/distill/data/benchmark/mp/train/sample_003218.npz,mp,gaps_and_forest,U,mp_gaps_and_forest,hard,hard,0,mp:train
train,sample_002499.npz,/home/zzy/TrajectoryPlanning/distill/data/benchmark/mp/train/sample_003219.npz,mp,gaps_and_forest,U,mp_gaps_and_forest,hard,hard,0,mp:train
train,sample_002500.npz,/home/zzy/TrajectoryPlanning/distill/data/benchmark/mp/train/sample_003220.npz,mp,gaps_and_forest,U,mp_gaps_and_forest,hard,hard,0,mp:train
train,sample_002501.npz,/home/zzy/TrajectoryPlanning/distill/data/benchmark/mp/train/sample_003221.npz,mp,gaps_and_forest,U,mp_gaps_and_forest,hard,hard,0,mp:train
train,sample_002502.npz,/home/zzy/TrajectoryPlanning/distill/data/benchmark/mp/train/sample_003223.npz,mp,gaps_and_forest,U,mp_gaps_and_forest,hard,hard,0,mp:train
train,sample_002503.npz,/home/zzy/TrajectoryPlanning/distill/data/benchmark/mp/train/sample_003224.npz,mp,gaps_and_forest,U,mp_gaps_and_forest,hard,hard,0,mp:train
train,sample_002504.npz,/home/zzy/TrajectoryPlanning/distill/data/benchmark/mp/train/sample_003225.npz,mp,gaps_and_forest,U,mp_gaps_and_forest,hard,hard,0,mp:train
train,sample_002505.npz,/home/zzy/TrajectoryPlanning/distill/data/benchmark/mp/train/sample_003226.npz,mp,gaps_and_forest,U,mp_gaps_and_forest,hard,hard,0,mp:train
train,sample_002506.npz,/home/zzy/TrajectoryPlanning/distill/data/benchmark/mp/train/sample_003227.npz,mp,gaps_and_forest,U,mp_gaps_and_forest,hard,hard,0,mp:train
train,sample_002507.npz,/home/zzy/TrajectoryPlanning/distill/data/benchmark/mp/train/sample_003228.npz,mp,gaps_and_forest,U,mp_gaps_and_forest,hard,hard,0,mp:train
train,sample_002508.npz,/home/zzy/TrajectoryPlanning/distill/data/benchmark/mp/train/sample_003229.npz,mp,gaps_and_forest,U,mp_gaps_and_forest,hard,hard,0,mp:train
train,sample_002509.npz,/home/zzy/TrajectoryPlanning/distill/data/benchmark/mp/train/sample_003231.npz,mp,gaps_and_forest,U,mp_gaps_and_forest,hard,hard,0,mp:train
train,sample_002510.npz,/home/zzy/TrajectoryPlanning/distill/data/benchmark/mp/train/sample_003232.npz,mp,gaps_and_forest,U,mp_gaps_and_forest,hard,hard,0,mp:train
train,sample_002511.npz,/home/zzy/TrajectoryPlanning/distill/data/benchmark/mp/train/sample_003233.npz,mp,gaps_and_forest,U,mp_gaps_and_forest,hard,hard,0,mp:train
train,sample_002512.npz,/home/zzy/TrajectoryPlanning/distill/data/benchmark/mp/train/sample_003235.npz,mp,gaps_and_forest,U,mp_gaps_and_forest,hard,hard,0,mp:train
train,sample_002513.npz,/home/zzy/TrajectoryPlanning/distill/data/benchmark/mp/train/sample_003236.npz,mp,gaps_and_forest,U,mp_gaps_and_forest,hard,hard,0,mp:train
train,sample_002514.npz,/home/zzy/TrajectoryPlanning/distill/data/benchmark/mp/train/sample_003239.npz,mp,gaps_and_forest,U,mp_gaps_and_forest,hard,hard,0,mp:train
train,sample_002515.npz,/home/zzy/TrajectoryPlanning/distill/data/benchmark/mp/train/sample_003240.npz,mp,gaps_and_forest,U,mp_gaps_and_forest,hard,hard,0,mp:train
train,sample_002516.npz,/home/zzy/TrajectoryPlanning/distill/data/benchmark/mp/train/sample_003241.npz,mp,gaps_and_forest,U,mp_gaps_and_forest,hard,hard,0,mp:train
train,sample_002517.npz,/home/zzy/TrajectoryPlanning/distill/data/benchmark/mp/train/sample_003243.npz,mp,gaps_and_forest,U,mp_gaps_and_forest,hard,hard,0,mp:train
train,sample_002518.npz,/home/zzy/TrajectoryPlanning/distill/data/benchmark/mp/train/sample_003244.npz,mp,gaps_and_forest,U,mp_gaps_and_forest,hard,hard,0,mp:train
train,sample_002519.npz,/home/zzy/TrajectoryPlanning/distill/data/benchmark/mp/train/sample_003245.npz,mp,gaps_and_forest,U,mp_gaps_and_forest,hard,hard,0,mp:train
train,sample_002520.npz,/home/zzy/TrajectoryPlanning/distill/data/benchmark/mp/train/sample_003246.npz,mp,gaps_and_forest,U,mp_gaps_and_forest,hard,hard,0,mp:train
train,sample_002521.npz,/home/zzy/TrajectoryPlanning/distill/data/benchmark/mp/train/sample_003247.npz,mp,gaps_and_forest,U,mp_gaps_and_forest,hard,hard,0,mp:train
train,sample_002522.npz,/home/zzy/TrajectoryPlanning/distill/data/benchmark/mp/train/sample_003248.npz,mp,gaps_and_forest,U,mp_gaps_and_forest,hard,hard,0,mp:train
train,sample_002523.npz,/home/zzy/TrajectoryPlanning/distill/data/benchmark/mp/train/sample_003251.npz,mp,gaps_and_forest,U,mp_gaps_and_forest,hard,hard,0,mp:train
train,sample_002524.npz,/home/zzy/TrajectoryPlanning/distill/data/benchmark/mp/train/sample_003252.npz,mp,gaps_and_forest,U,mp_gaps_and_forest,hard,hard,0,mp:train
train,sample_002525.npz,/home/zzy/TrajectoryPlanning/distill/data/benchmark/mp/train/sample_003253.npz,mp,gaps_and_forest,U,mp_gaps_and_forest,hard,hard,0,mp:train
train,sample_002526.npz,/home/zzy/TrajectoryPlanning/distill/data/benchmark/mp/train/sample_003255.npz,mp,gaps_and_forest,U,mp_gaps_and_forest,hard,hard,0,mp:train
train,sample_002527.npz,/home/zzy/TrajectoryPlanning/distill/data/benchmark/mp/train/sample_003256.npz,mp,gaps_and_forest,U,mp_gaps_and_forest,hard,hard,0,mp:train
train,sample_002528.npz,/home/zzy/TrajectoryPlanning/distill/data/benchmark/mp/train/sample_003257.npz,mp,gaps_and_forest,U,mp_gaps_and_forest,hard,hard,0,mp:train
train,sample_002529.npz,/home/zzy/TrajectoryPlanning/distill/data/benchmark/mp/train/sample_003259.npz,mp,gaps_and_forest,U,mp_gaps_and_forest,hard,hard,0,mp:train
train,sample_002530.npz,/home/zzy/TrajectoryPlanning/distill/data/benchmark/mp/train/sample_003260.npz,mp,gaps_and_forest,U,mp_gaps_and_forest,hard,hard,0,mp:train
train,sample_002531.npz,/home/zzy/TrajectoryPlanning/distill/data/benchmark/mp/train/sample_003262.npz,mp,gaps_and_forest,U,mp_gaps_and_forest,hard,hard,0,mp:train
train,sample_002532.npz,/home/zzy/TrajectoryPlanning/distill/data/benchmark/mp/train/sample_003263.npz,mp,gaps_and_forest,U,mp_gaps_and_forest,hard,hard,0,mp:train
train,sample_002533.npz,/home/zzy/TrajectoryPlanning/distill/data/benchmark/mp/train/sample_003265.npz,mp,gaps_and_forest,U,mp_gaps_and_forest,hard,hard,0,mp:train
train,sample_002534.npz,/home/zzy/TrajectoryPlanning/distill/data/benchmark/mp/train/sample_003267.npz,mp,gaps_and_forest,U,mp_gaps_and_forest,hard,hard,0,mp:train
train,sample_002535.npz,/home/zzy/TrajectoryPlanning/distill/data/benchmark/mp/train/sample_003268.npz,mp,gaps_and_forest,U,mp_gaps_and_forest,hard,hard,0,mp:train
train,sample_002536.npz,/home/zzy/TrajectoryPlanning/distill/data/benchmark/mp/train/sample_003269.npz,mp,gaps_and_forest,U,mp_gaps_and_forest,hard,hard,0,mp:train
train,sample_002537.npz,/home/zzy/TrajectoryPlanning/distill/data/benchmark/mp/train/sample_003271.npz,mp,gaps_and_forest,U,mp_gaps_and_forest,hard,hard,0,mp:train
train,sample_002538.npz,/home/zzy/TrajectoryPlanning/distill/data/benchmark/mp/train/sample_003272.npz,mp,gaps_and_forest,U,mp_gaps_and_forest,hard,hard,0,mp:train
train,sample_002539.npz,/home/zzy/TrajectoryPlanning/distill/data/benchmark/mp/train/sample_003273.npz,mp,gaps_and_forest,U,mp_gaps_and_forest,hard,hard,0,mp:train
train,sample_002540.npz,/home/zzy/TrajectoryPlanning/distill/data/benchmark/mp/train/sample_003274.npz,mp,gaps_and_forest,U,mp_gaps_and_forest,hard,hard,0,mp:train
train,sample_002541.npz,/home/zzy/TrajectoryPlanning/distill/data/benchmark/mp/train/sample_003275.npz,mp,gaps_and_forest,U,mp_gaps_and_forest,hard,hard,0,mp:train
train,sample_002542.npz,/home/zzy/TrajectoryPlanning/distill/data/benchmark/mp/train/sample_003276.npz,mp,gaps_and_forest,U,mp_gaps_and_forest,hard,hard,0,mp:train
train,sample_002543.npz,/home/zzy/TrajectoryPlanning/distill/data/benchmark/mp/train/sample_003277.npz,mp,gaps_and_forest,U,mp_gaps_and_forest,hard,hard,0,mp:train
train,sample_002544.npz,/home/zzy/TrajectoryPlanning/distill/data/benchmark/mp/train/sample_003278.npz,mp,gaps_and_forest,U,mp_gaps_and_forest,hard,hard,0,mp:train
train,sample_002545.npz,/home/zzy/TrajectoryPlanning/distill/data/benchmark/mp/train/sample_003279.npz,mp,gaps_and_forest,U,mp_gaps_and_forest,hard,hard,0,mp:train
train,sample_002546.npz,/home/zzy/TrajectoryPlanning/distill/data/benchmark/mp/train/sample_003282.npz,mp,gaps_and_forest,U,mp_gaps_and_forest,hard,hard,0,mp:train
train,sample_002547.npz,/home/zzy/TrajectoryPlanning/distill/data/benchmark/mp/train/sample_003283.npz,mp,gaps_and_forest,U,mp_gaps_and_forest,hard,hard,0,mp:train
train,sample_002548.npz,/home/zzy/TrajectoryPlanning/distill/data/benchmark/mp/train/sample_003284.npz,mp,gaps_and_forest,U,mp_gaps_and_forest,hard,hard,0,mp:train
train,sample_002549.npz,/home/zzy/TrajectoryPlanning/distill/data/benchmark/mp/train/sample_003285.npz,mp,gaps_and_forest,U,mp_gaps_and_forest,hard,hard,0,mp:train
train,sample_002550.npz,/home/zzy/TrajectoryPlanning/distill/data/benchmark/mp/train/sample_003287.npz,mp,gaps_and_forest,U,mp_gaps_and_forest,hard,hard,0,mp:train
train,sample_002551.npz,/home/zzy/TrajectoryPlanning/distill/data/benchmark/mp/train/sample_003288.npz,mp,gaps_and_forest,U,mp_gaps_and_forest,hard,hard,0,mp:train
train,sample_002552.npz,/home/zzy/TrajectoryPlanning/distill/data/benchmark/mp/train/sample_003289.npz,mp,gaps_and_forest,U,mp_gaps_and_forest,hard,hard,0,mp:train
train,sample_002553.npz,/home/zzy/TrajectoryPlanning/distill/data/benchmark/mp/train/sample_003290.npz,mp,gaps_and_forest,U,mp_gaps_and_forest,hard,hard,0,mp:train
train,sample_002554.npz,/home/zzy/TrajectoryPlanning/distill/data/benchmark/mp/train/sample_003293.npz,mp,gaps_and_forest,U,mp_gaps_and_forest,hard,hard,0,mp:train
train,sample_002555.npz,/home/zzy/TrajectoryPlanning/distill/data/benchmark/mp/train/sample_003294.npz,mp,gaps_and_forest,U,mp_gaps_and_forest,hard,hard,0,mp:train
train,sample_002556.npz,/home/zzy/TrajectoryPlanning/distill/data/benchmark/mp/train/sample_003296.npz,mp,gaps_and_forest,U,mp_gaps_and_forest,hard,hard,0,mp:train
train,sample_002557.npz,/home/zzy/TrajectoryPlanning/distill/data/benchmark/mp/train/sample_003297.npz,mp,gaps_and_forest,U,mp_gaps_and_forest,hard,hard,0,mp:train
train,sample_002558.npz,/home/zzy/TrajectoryPlanning/distill/data/benchmark/mp/train/sample_003299.npz,mp,gaps_and_forest,U,mp_gaps_and_forest,hard,hard,0,mp:train
train,sample_002559.npz,/home/zzy/TrajectoryPlanning/distill/data/benchmark/mp/train/sample_003300.npz,mp,gaps_and_forest,U,mp_gaps_and_forest,hard,hard,0,mp:train
train,sample_002560.npz,/home/zzy/TrajectoryPlanning/distill/data/benchmark/mp/train/sample_003301.npz,mp,gaps_and_forest,U,mp_gaps_and_forest,hard,hard,0,mp:train
train,sample_002561.npz,/home/zzy/TrajectoryPlanning/distill/data/benchmark/mp/train/sample_003302.npz,mp,gaps_and_forest,U,mp_gaps_and_forest,hard,hard,0,mp:train
train,sample_002562.npz,/home/zzy/TrajectoryPlanning/distill/data/benchmark/mp/train/sample_003304.npz,mp,gaps_and_forest,U,mp_gaps_and_forest,hard,hard,0,mp:train
train,sample_002563.npz,/home/zzy/TrajectoryPlanning/distill/data/benchmark/mp/train/sample_003305.npz,mp,gaps_and_forest,U,mp_gaps_and_forest,hard,hard,0,mp:train
train,sample_002564.npz,/home/zzy/TrajectoryPlanning/distill/data/benchmark/mp/train/sample_003308.npz,mp,gaps_and_forest,U,mp_gaps_and_forest,hard,hard,0,mp:train
train,sample_002565.npz,/home/zzy/TrajectoryPlanning/distill/data/benchmark/mp/train/sample_003309.npz,mp,gaps_and_forest,U,mp_gaps_and_forest,hard,hard,0,mp:train
train,sample_002566.npz,/home/zzy/TrajectoryPlanning/distill/data/benchmark/mp/train/sample_003310.npz,mp,gaps_and_forest,U,mp_gaps_and_forest,hard,hard,0,mp:train
train,sample_002567.npz,/home/zzy/TrajectoryPlanning/distill/data/benchmark/mp/train/sample_003311.npz,mp,gaps_and_forest,U,mp_gaps_and_forest,hard,hard,0,mp:train
train,sample_002568.npz,/home/zzy/TrajectoryPlanning/distill/data/benchmark/mp/train/sample_003312.npz,mp,gaps_and_forest,U,mp_gaps_and_forest,hard,hard,0,mp:train
train,sample_002569.npz,/home/zzy/TrajectoryPlanning/distill/data/benchmark/mp/train/sample_003313.npz,mp,gaps_and_forest,U,mp_gaps_and_forest,hard,hard,0,mp:train
train,sample_002570.npz,/home/zzy/TrajectoryPlanning/distill/data/benchmark/mp/train/sample_003314.npz,mp,gaps_and_forest,U,mp_gaps_and_forest,hard,hard,0,mp:train
train,sample_002571.npz,/home/zzy/TrajectoryPlanning/distill/data/benchmark/mp/train/sample_003315.npz,mp,gaps_and_forest,U,mp_gaps_and_forest,hard,hard,0,mp:train
train,sample_002572.npz,/home/zzy/TrajectoryPlanning/distill/data/benchmark/mp/train/sample_003317.npz,mp,gaps_and_forest,U,mp_gaps_and_forest,hard,hard,0,mp:train
train,sample_002573.npz,/home/zzy/TrajectoryPlanning/distill/data/benchmark/mp/train/sample_003318.npz,mp,gaps_and_forest,U,mp_gaps_and_forest,hard,hard,0,mp:train
train,sample_002574.npz,/home/zzy/TrajectoryPlanning/distill/data/benchmark/mp/train/sample_003319.npz,mp,gaps_and_forest,U,mp_gaps_and_forest,hard,hard,0,mp:train
train,sample_002575.npz,/home/zzy/TrajectoryPlanning/distill/data/benchmark/mp/train/sample_003320.npz,mp,gaps_and_forest,U,mp_gaps_and_forest,hard,hard,0,mp:train
train,sample_002576.npz,/home/zzy/TrajectoryPlanning/distill/data/benchmark/mp/train/sample_003321.npz,mp,gaps_and_forest,U,mp_gaps_and_forest,hard,hard,0,mp:train
train,sample_002577.npz,/home/zzy/TrajectoryPlanning/distill/data/benchmark/mp/train/sample_003322.npz,mp,gaps_and_forest,U,mp_gaps_and_forest,hard,hard,0,mp:train
train,sample_002578.npz,/home/zzy/TrajectoryPlanning/distill/data/benchmark/mp/train/sample_003323.npz,mp,gaps_and_forest,U,mp_gaps_and_forest,hard,hard,0,mp:train
train,sample_002579.npz,/home/zzy/TrajectoryPlanning/distill/data/benchmark/mp/train/sample_003324.npz,mp,gaps_and_forest,U,mp_gaps_and_forest,hard,hard,0,mp:train
train,sample_002580.npz,/home/zzy/TrajectoryPlanning/distill/data/benchmark/mp/train/sample_003325.npz,mp,gaps_and_forest,U,mp_gaps_and_forest,hard,hard,0,mp:train
train,sample_002581.npz,/home/zzy/TrajectoryPlanning/distill/data/benchmark/mp/train/sample_003326.npz,mp,gaps_and_forest,U,mp_gaps_and_forest,hard,hard,0,mp:train
train,sample_002582.npz,/home/zzy/TrajectoryPlanning/distill/data/benchmark/mp/train/sample_003328.npz,mp,gaps_and_forest,U,mp_gaps_and_forest,hard,hard,0,mp:train
train,sample_002583.npz,/home/zzy/TrajectoryPlanning/distill/data/benchmark/mp/train/sample_003329.npz,mp,gaps_and_forest,U,mp_gaps_and_forest,hard,hard,0,mp:train
train,sample_002584.npz,/home/zzy/TrajectoryPlanning/distill/data/benchmark/mp/train/sample_003330.npz,mp,gaps_and_forest,U,mp_gaps_and_forest,hard,hard,0,mp:train
train,sample_002585.npz,/home/zzy/TrajectoryPlanning/distill/data/benchmark/mp/train/sample_003331.npz,mp,gaps_and_forest,U,mp_gaps_and_forest,hard,hard,0,mp:train
train,sample_002586.npz,/home/zzy/TrajectoryPlanning/distill/data/benchmark/mp/train/sample_003332.npz,mp,gaps_and_forest,U,mp_gaps_and_forest,hard,hard,0,mp:train
train,sample_002587.npz,/home/zzy/TrajectoryPlanning/distill/data/benchmark/mp/train/sample_003333.npz,mp,gaps_and_forest,U,mp_gaps_and_forest,hard,hard,0,mp:train
train,sample_002588.npz,/home/zzy/TrajectoryPlanning/distill/data/benchmark/mp/train/sample_003335.npz,mp,gaps_and_forest,U,mp_gaps_and_forest,hard,hard,0,mp:train
train,sample_002589.npz,/home/zzy/TrajectoryPlanning/distill/data/benchmark/mp/train/sample_003336.npz,mp,gaps_and_forest,U,mp_gaps_and_forest,hard,hard,0,mp:train
train,sample_002590.npz,/home/zzy/TrajectoryPlanning/distill/data/benchmark/mp/train/sample_003337.npz,mp,gaps_and_forest,U,mp_gaps_and_forest,hard,hard,0,mp:train
train,sample_002591.npz,/home/zzy/TrajectoryPlanning/distill/data/benchmark/mp/train/sample_003338.npz,mp,gaps_and_forest,U,mp_gaps_and_forest,hard,hard,0,mp:train
train,sample_002592.npz,/home/zzy/TrajectoryPlanning/distill/data/benchmark/mp/train/sample_003339.npz,mp,gaps_and_forest,U,mp_gaps_and_forest,hard,hard,0,mp:train
train,sample_002593.npz,/home/zzy/TrajectoryPlanning/distill/data/benchmark/mp/train/sample_003340.npz,mp,gaps_and_forest,U,mp_gaps_and_forest,hard,hard,0,mp:train
train,sample_002594.npz,/home/zzy/TrajectoryPlanning/distill/data/benchmark/mp/train/sample_003341.npz,mp,gaps_and_forest,U,mp_gaps_and_forest,hard,hard,0,mp:train
train,sample_002595.npz,/home/zzy/TrajectoryPlanning/distill/data/benchmark/mp/train/sample_003342.npz,mp,gaps_and_forest,U,mp_gaps_and_forest,hard,hard,0,mp:train
train,sample_002596.npz,/home/zzy/TrajectoryPlanning/distill/data/benchmark/mp/train/sample_003343.npz,mp,gaps_and_forest,U,mp_gaps_and_forest,hard,hard,0,mp:train
train,sample_002597.npz,/home/zzy/TrajectoryPlanning/distill/data/benchmark/mp/train/sample_003344.npz,mp,gaps_and_forest,U,mp_gaps_and_forest,hard,hard,0,mp:train
train,sample_002598.npz,/home/zzy/TrajectoryPlanning/distill/data/benchmark/mp/train/sample_003345.npz,mp,gaps_and_forest,U,mp_gaps_and_forest,hard,hard,0,mp:train
train,sample_002599.npz,/home/zzy/TrajectoryPlanning/distill/data/benchmark/mp/train/sample_003346.npz,mp,gaps_and_forest,U,mp_gaps_and_forest,hard,hard,0,mp:train
train,sample_002600.npz,/home/zzy/TrajectoryPlanning/distill/data/benchmark/mp/train/sample_003347.npz,mp,gaps_and_forest,U,mp_gaps_and_forest,hard,hard,0,mp:train
train,sample_002601.npz,/home/zzy/TrajectoryPlanning/distill/data/benchmark/mp/train/sample_003350.npz,mp,gaps_and_forest,U,mp_gaps_and_forest,hard,hard,0,mp:train
train,sample_002602.npz,/home/zzy/TrajectoryPlanning/distill/data/benchmark/mp/train/sample_003352.npz,mp,gaps_and_forest,U,mp_gaps_and_forest,hard,hard,0,mp:train
train,sample_002603.npz,/home/zzy/TrajectoryPlanning/distill/data/benchmark/mp/train/sample_003353.npz,mp,gaps_and_forest,U,mp_gaps_and_forest,hard,hard,0,mp:train
train,sample_002604.npz,/home/zzy/TrajectoryPlanning/distill/data/benchmark/mp/train/sample_003354.npz,mp,gaps_and_forest,U,mp_gaps_and_forest,hard,hard,0,mp:train
train,sample_002605.npz,/home/zzy/TrajectoryPlanning/distill/data/benchmark/mp/train/sample_003355.npz,mp,gaps_and_forest,U,mp_gaps_and_forest,hard,hard,0,mp:train
train,sample_002606.npz,/home/zzy/TrajectoryPlanning/distill/data/benchmark/mp/train/sample_003356.npz,mp,gaps_and_forest,U,mp_gaps_and_forest,hard,hard,0,mp:train
train,sample_002607.npz,/home/zzy/TrajectoryPlanning/distill/data/benchmark/mp/train/sample_003357.npz,mp,gaps_and_forest,U,mp_gaps_and_forest,hard,hard,0,mp:train
train,sample_002608.npz,/home/zzy/TrajectoryPlanning/distill/data/benchmark/mp/train/sample_003358.npz,mp,gaps_and_forest,U,mp_gaps_and_forest,hard,hard,0,mp:train
train,sample_002609.npz,/home/zzy/TrajectoryPlanning/distill/data/benchmark/mp/train/sample_003359.npz,mp,gaps_and_forest,U,mp_gaps_and_forest,hard,hard,0,mp:train
train,sample_002610.npz,/home/zzy/TrajectoryPlanning/distill/data/benchmark/mp/train/sample_003360.npz,mp,gaps_and_forest,U,mp_gaps_and_forest,hard,hard,0,mp:train
train,sample_002611.npz,/home/zzy/TrajectoryPlanning/distill/data/benchmark/mp/train/sample_003361.npz,mp,gaps_and_forest,U,mp_gaps_and_forest,hard,hard,0,mp:train
train,sample_002612.npz,/home/zzy/TrajectoryPlanning/distill/data/benchmark/mp/train/sample_003362.npz,mp,gaps_and_forest,U,mp_gaps_and_forest,hard,hard,0,mp:train
train,sample_002613.npz,/home/zzy/TrajectoryPlanning/distill/data/benchmark/mp/train/sample_003367.npz,mp,gaps_and_forest,U,mp_gaps_and_forest,hard,hard,0,mp:train
train,sample_002614.npz,/home/zzy/TrajectoryPlanning/distill/data/benchmark/mp/train/sample_003368.npz,mp,gaps_and_forest,U,mp_gaps_and_forest,hard,hard,0,mp:train
train,sample_002615.npz,/home/zzy/TrajectoryPlanning/distill/data/benchmark/mp/train/sample_003370.npz,mp,gaps_and_forest,U,mp_gaps_and_forest,hard,hard,0,mp:train
train,sample_002616.npz,/home/zzy/TrajectoryPlanning/distill/data/benchmark/mp/train/sample_003371.npz,mp,gaps_and_forest,U,mp_gaps_and_forest,hard,hard,0,mp:train
train,sample_002617.npz,/home/zzy/TrajectoryPlanning/distill/data/benchmark/mp/train/sample_003373.npz,mp,gaps_and_forest,U,mp_gaps_and_forest,hard,hard,0,mp:train
train,sample_002618.npz,/home/zzy/TrajectoryPlanning/distill/data/benchmark/mp/train/sample_003374.npz,mp,gaps_and_forest,U,mp_gaps_and_forest,hard,hard,0,mp:train
train,sample_002619.npz,/home/zzy/TrajectoryPlanning/distill/data/benchmark/mp/train/sample_003375.npz,mp,gaps_and_forest,U,mp_gaps_and_forest,hard,hard,0,mp:train
train,sample_002620.npz,/home/zzy/TrajectoryPlanning/distill/data/benchmark/mp/train/sample_003376.npz,mp,gaps_and_forest,U,mp_gaps_and_forest,hard,hard,0,mp:train
train,sample_002621.npz,/home/zzy/TrajectoryPlanning/distill/data/benchmark/mp/train/sample_003378.npz,mp,gaps_and_forest,U,mp_gaps_and_forest,hard,hard,0,mp:train
train,sample_002622.npz,/home/zzy/TrajectoryPlanning/distill/data/benchmark/mp/train/sample_003379.npz,mp,gaps_and_forest,U,mp_gaps_and_forest,hard,hard,0,mp:train
train,sample_002623.npz,/home/zzy/TrajectoryPlanning/distill/data/benchmark/mp/train/sample_003380.npz,mp,gaps_and_forest,U,mp_gaps_and_forest,hard,hard,0,mp:train
train,sample_002624.npz,/home/zzy/TrajectoryPlanning/distill/data/benchmark/mp/train/sample_003381.npz,mp,gaps_and_forest,U,mp_gaps_and_forest,hard,hard,0,mp:train
train,sample_002625.npz,/home/zzy/TrajectoryPlanning/distill/data/benchmark/mp/train/sample_003382.npz,mp,gaps_and_forest,U,mp_gaps_and_forest,hard,hard,0,mp:train
train,sample_002626.npz,/home/zzy/TrajectoryPlanning/distill/data/benchmark/mp/train/sample_003383.npz,mp,gaps_and_forest,U,mp_gaps_and_forest,hard,hard,0,mp:train
train,sample_002627.npz,/home/zzy/TrajectoryPlanning/distill/data/benchmark/mp/train/sample_003384.npz,mp,gaps_and_forest,U,mp_gaps_and_forest,hard,hard,0,mp:train
train,sample_002628.npz,/home/zzy/TrajectoryPlanning/distill/data/benchmark/mp/train/sample_003385.npz,mp,gaps_and_forest,U,mp_gaps_and_forest,hard,hard,0,mp:train
train,sample_002629.npz,/home/zzy/TrajectoryPlanning/distill/data/benchmark/mp/train/sample_003387.npz,mp,gaps_and_forest,U,mp_gaps_and_forest,hard,hard,0,mp:train
train,sample_002630.npz,/home/zzy/TrajectoryPlanning/distill/data/benchmark/mp/train/sample_003388.npz,mp,gaps_and_forest,U,mp_gaps_and_forest,hard,hard,0,mp:train
train,sample_002631.npz,/home/zzy/TrajectoryPlanning/distill/data/benchmark/mp/train/sample_003389.npz,mp,gaps_and_forest,U,mp_gaps_and_forest,hard,hard,0,mp:train
train,sample_002632.npz,/home/zzy/TrajectoryPlanning/distill/data/benchmark/mp/train/sample_003390.npz,mp,gaps_and_forest,U,mp_gaps_and_forest,hard,hard,0,mp:train
train,sample_002633.npz,/home/zzy/TrajectoryPlanning/distill/data/benchmark/mp/train/sample_003391.npz,mp,gaps_and_forest,U,mp_gaps_and_forest,hard,hard,0,mp:train
train,sample_002634.npz,/home/zzy/TrajectoryPlanning/distill/data/benchmark/mp/train/sample_003392.npz,mp,gaps_and_forest,U,mp_gaps_and_forest,hard,hard,0,mp:train
train,sample_002635.npz,/home/zzy/TrajectoryPlanning/distill/data/benchmark/mp/train/sample_003393.npz,mp,gaps_and_forest,U,mp_gaps_and_forest,hard,hard,0,mp:train
train,sample_002636.npz,/home/zzy/TrajectoryPlanning/distill/data/benchmark/mp/train/sample_003394.npz,mp,gaps_and_forest,U,mp_gaps_and_forest,hard,hard,0,mp:train
train,sample_002637.npz,/home/zzy/TrajectoryPlanning/distill/data/benchmark/mp/train/sample_003395.npz,mp,gaps_and_forest,U,mp_gaps_and_forest,hard,hard,0,mp:train
train,sample_002638.npz,/home/zzy/TrajectoryPlanning/distill/data/benchmark/mp/train/sample_003396.npz,mp,gaps_and_forest,U,mp_gaps_and_forest,hard,hard,0,mp:train
train,sample_002639.npz,/home/zzy/TrajectoryPlanning/distill/data/benchmark/mp/train/sample_003398.npz,mp,gaps_and_forest,U,mp_gaps_and_forest,hard,hard,0,mp:train
train,sample_002640.npz,/home/zzy/TrajectoryPlanning/distill/data/benchmark/mp/train/sample_003400.npz,mp,gaps_and_forest,U,mp_gaps_and_forest,hard,hard,0,mp:train
train,sample_002641.npz,/home/zzy/TrajectoryPlanning/distill/data/benchmark/mp/train/sample_003401.npz,mp,gaps_and_forest,U,mp_gaps_and_forest,hard,hard,0,mp:train
train,sample_002642.npz,/home/zzy/TrajectoryPlanning/distill/data/benchmark/mp/train/sample_003402.npz,mp,gaps_and_forest,U,mp_gaps_and_forest,hard,hard,0,mp:train
train,sample_002643.npz,/home/zzy/TrajectoryPlanning/distill/data/benchmark/mp/train/sample_003403.npz,mp,gaps_and_forest,U,mp_gaps_and_forest,hard,hard,0,mp:train
train,sample_002644.npz,/home/zzy/TrajectoryPlanning/distill/data/benchmark/mp/train/sample_003404.npz,mp,gaps_and_forest,U,mp_gaps_and_forest,hard,hard,0,mp:train
train,sample_002645.npz,/home/zzy/TrajectoryPlanning/distill/data/benchmark/mp/train/sample_003405.npz,mp,gaps_and_forest,U,mp_gaps_and_forest,hard,hard,0,mp:train
train,sample_002646.npz,/home/zzy/TrajectoryPlanning/distill/data/benchmark/mp/train/sample_003406.npz,mp,gaps_and_forest,U,mp_gaps_and_forest,hard,hard,0,mp:train
train,sample_002647.npz,/home/zzy/TrajectoryPlanning/distill/data/benchmark/mp/train/sample_003407.npz,mp,gaps_and_forest,U,mp_gaps_and_forest,hard,hard,0,mp:train
train,sample_002648.npz,/home/zzy/TrajectoryPlanning/distill/data/benchmark/mp/train/sample_003408.npz,mp,gaps_and_forest,U,mp_gaps_and_forest,hard,hard,0,mp:train
train,sample_002649.npz,/home/zzy/TrajectoryPlanning/distill/data/benchmark/mp/train/sample_003409.npz,mp,gaps_and_forest,U,mp_gaps_and_forest,hard,hard,0,mp:train
train,sample_002650.npz,/home/zzy/TrajectoryPlanning/distill/data/benchmark/mp/train/sample_003410.npz,mp,gaps_and_forest,U,mp_gaps_and_forest,hard,hard,0,mp:train
train,sample_002651.npz,/home/zzy/TrajectoryPlanning/distill/data/benchmark/mp/train/sample_003411.npz,mp,gaps_and_forest,U,mp_gaps_and_forest,hard,hard,0,mp:train
train,sample_002652.npz,/home/zzy/TrajectoryPlanning/distill/data/benchmark/mp/train/sample_003412.npz,mp,gaps_and_forest,U,mp_gaps_and_forest,hard,hard,0,mp:train
train,sample_002653.npz,/home/zzy/TrajectoryPlanning/distill/data/benchmark/mp/train/sample_003413.npz,mp,gaps_and_forest,U,mp_gaps_and_forest,hard,hard,0,mp:train
train,sample_002654.npz,/home/zzy/TrajectoryPlanning/distill/data/benchmark/mp/train/sample_003414.npz,mp,gaps_and_forest,U,mp_gaps_and_forest,hard,hard,0,mp:train
train,sample_002655.npz,/home/zzy/TrajectoryPlanning/distill/data/benchmark/mp/train/sample_003415.npz,mp,gaps_and_forest,U,mp_gaps_and_forest,hard,hard,0,mp:train
train,sample_002656.npz,/home/zzy/TrajectoryPlanning/distill/data/benchmark/mp/train/sample_003416.npz,mp,gaps_and_forest,U,mp_gaps_and_forest,hard,hard,0,mp:train
train,sample_002657.npz,/home/zzy/TrajectoryPlanning/distill/data/benchmark/mp/train/sample_003417.npz,mp,gaps_and_forest,U,mp_gaps_and_forest,hard,hard,0,mp:train
train,sample_002658.npz,/home/zzy/TrajectoryPlanning/distill/data/benchmark/mp/train/sample_003418.npz,mp,gaps_and_forest,U,mp_gaps_and_forest,hard,hard,0,mp:train
train,sample_002659.npz,/home/zzy/TrajectoryPlanning/distill/data/benchmark/mp/train/sample_003419.npz,mp,gaps_and_forest,U,mp_gaps_and_forest,hard,hard,0,mp:train
train,sample_002660.npz,/home/zzy/TrajectoryPlanning/distill/data/benchmark/mp/train/sample_003421.npz,mp,gaps_and_forest,U,mp_gaps_and_forest,hard,hard,0,mp:train
train,sample_002661.npz,/home/zzy/TrajectoryPlanning/distill/data/benchmark/mp/train/sample_003422.npz,mp,gaps_and_forest,U,mp_gaps_and_forest,hard,hard,0,mp:train
train,sample_002662.npz,/home/zzy/TrajectoryPlanning/distill/data/benchmark/mp/train/sample_003423.npz,mp,gaps_and_forest,U,mp_gaps_and_forest,hard,hard,0,mp:train
train,sample_002663.npz,/home/zzy/TrajectoryPlanning/distill/data/benchmark/mp/train/sample_003424.npz,mp,gaps_and_forest,U,mp_gaps_and_forest,hard,hard,0,mp:train
train,sample_002664.npz,/home/zzy/TrajectoryPlanning/distill/data/benchmark/mp/train/sample_003425.npz,mp,gaps_and_forest,U,mp_gaps_and_forest,hard,hard,0,mp:train
train,sample_002665.npz,/home/zzy/TrajectoryPlanning/distill/data/benchmark/mp/train/sample_003427.npz,mp,gaps_and_forest,U,mp_gaps_and_forest,hard,hard,0,mp:train
train,sample_002666.npz,/home/zzy/TrajectoryPlanning/distill/data/benchmark/mp/train/sample_003428.npz,mp,gaps_and_forest,U,mp_gaps_and_forest,hard,hard,0,mp:train
train,sample_002667.npz,/home/zzy/TrajectoryPlanning/distill/data/benchmark/mp/train/sample_003429.npz,mp,gaps_and_forest,U,mp_gaps_and_forest,hard,hard,0,mp:train
train,sample_002668.npz,/home/zzy/TrajectoryPlanning/distill/data/benchmark/mp/train/sample_003431.npz,mp,gaps_and_forest,U,mp_gaps_and_forest,hard,hard,0,mp:train
train,sample_002669.npz,/home/zzy/TrajectoryPlanning/distill/data/benchmark/mp/train/sample_003432.npz,mp,gaps_and_forest,U,mp_gaps_and_forest,hard,hard,0,mp:train
train,sample_002670.npz,/home/zzy/TrajectoryPlanning/distill/data/benchmark/mp/train/sample_003433.npz,mp,gaps_and_forest,U,mp_gaps_and_forest,hard,hard,0,mp:train
train,sample_002671.npz,/home/zzy/TrajectoryPlanning/distill/data/benchmark/mp/train/sample_003435.npz,mp,gaps_and_forest,U,mp_gaps_and_forest,hard,hard,0,mp:train
train,sample_002672.npz,/home/zzy/TrajectoryPlanning/distill/data/benchmark/mp/train/sample_003436.npz,mp,gaps_and_forest,U,mp_gaps_and_forest,hard,hard,0,mp:train
train,sample_002673.npz,/home/zzy/TrajectoryPlanning/distill/data/benchmark/mp/train/sample_003437.npz,mp,gaps_and_forest,U,mp_gaps_and_forest,hard,hard,0,mp:train
train,sample_002674.npz,/home/zzy/TrajectoryPlanning/distill/data/benchmark/mp/train/sample_003438.npz,mp,gaps_and_forest,U,mp_gaps_and_forest,hard,hard,0,mp:train
train,sample_002675.npz,/home/zzy/TrajectoryPlanning/distill/data/benchmark/mp/train/sample_003439.npz,mp,gaps_and_forest,U,mp_gaps_and_forest,hard,hard,0,mp:train
train,sample_002676.npz,/home/zzy/TrajectoryPlanning/distill/data/benchmark/mp/train/sample_003440.npz,mp,gaps_and_forest,U,mp_gaps_and_forest,hard,hard,0,mp:train
train,sample_002677.npz,/home/zzy/TrajectoryPlanning/distill/data/benchmark/mp/train/sample_003443.npz,mp,gaps_and_forest,U,mp_gaps_and_forest,hard,hard,0,mp:train
train,sample_002678.npz,/home/zzy/TrajectoryPlanning/distill/data/benchmark/mp/train/sample_003444.npz,mp,gaps_and_forest,U,mp_gaps_and_forest,hard,hard,0,mp:train
train,sample_002679.npz,/home/zzy/TrajectoryPlanning/distill/data/benchmark/mp/train/sample_003445.npz,mp,gaps_and_forest,U,mp_gaps_and_forest,hard,hard,0,mp:train
train,sample_002680.npz,/home/zzy/TrajectoryPlanning/distill/data/benchmark/mp/train/sample_003449.npz,mp,gaps_and_forest,U,mp_gaps_and_forest,hard,hard,0,mp:train
train,sample_002681.npz,/home/zzy/TrajectoryPlanning/distill/data/benchmark/mp/train/sample_003450.npz,mp,gaps_and_forest,U,mp_gaps_and_forest,hard,hard,0,mp:train
train,sample_002682.npz,/home/zzy/TrajectoryPlanning/distill/data/benchmark/mp/train/sample_003451.npz,mp,gaps_and_forest,U,mp_gaps_and_forest,hard,hard,0,mp:train
train,sample_002683.npz,/home/zzy/TrajectoryPlanning/distill/data/benchmark/mp/train/sample_003452.npz,mp,gaps_and_forest,U,mp_gaps_and_forest,hard,hard,0,mp:train
train,sample_002684.npz,/home/zzy/TrajectoryPlanning/distill/data/benchmark/mp/train/sample_003453.npz,mp,gaps_and_forest,U,mp_gaps_and_forest,hard,hard,0,mp:train
train,sample_002685.npz,/home/zzy/TrajectoryPlanning/distill/data/benchmark/mp/train/sample_003454.npz,mp,gaps_and_forest,U,mp_gaps_and_forest,hard,hard,0,mp:train
train,sample_002686.npz,/home/zzy/TrajectoryPlanning/distill/data/benchmark/mp/train/sample_003455.npz,mp,gaps_and_forest,U,mp_gaps_and_forest,hard,hard,0,mp:train
train,sample_002687.npz,/home/zzy/TrajectoryPlanning/distill/data/benchmark/mp/train/sample_003457.npz,mp,gaps_and_forest,U,mp_gaps_and_forest,hard,hard,0,mp:train
train,sample_002688.npz,/home/zzy/TrajectoryPlanning/distill/data/benchmark/mp/train/sample_003458.npz,mp,gaps_and_forest,U,mp_gaps_and_forest,hard,hard,0,mp:train
train,sample_002689.npz,/home/zzy/TrajectoryPlanning/distill/data/benchmark/mp/train/sample_003459.npz,mp,gaps_and_forest,U,mp_gaps_and_forest,hard,hard,0,mp:train
train,sample_002690.npz,/home/zzy/TrajectoryPlanning/distill/data/benchmark/mp/train/sample_003460.npz,mp,gaps_and_forest,U,mp_gaps_and_forest,hard,hard,0,mp:train
train,sample_002691.npz,/home/zzy/TrajectoryPlanning/distill/data/benchmark/mp/train/sample_003461.npz,mp,gaps_and_forest,U,mp_gaps_and_forest,hard,hard,0,mp:train
train,sample_002692.npz,/home/zzy/TrajectoryPlanning/distill/data/benchmark/mp/train/sample_003462.npz,mp,gaps_and_forest,U,mp_gaps_and_forest,hard,hard,0,mp:train
train,sample_002693.npz,/home/zzy/TrajectoryPlanning/distill/data/benchmark/mp/train/sample_003463.npz,mp,gaps_and_forest,U,mp_gaps_and_forest,hard,hard,0,mp:train
train,sample_002694.npz,/home/zzy/TrajectoryPlanning/distill/data/benchmark/mp/train/sample_003464.npz,mp,gaps_and_forest,U,mp_gaps_and_forest,hard,hard,0,mp:train
train,sample_002695.npz,/home/zzy/TrajectoryPlanning/distill/data/benchmark/mp/train/sample_003465.npz,mp,gaps_and_forest,U,mp_gaps_and_forest,hard,hard,0,mp:train
train,sample_002696.npz,/home/zzy/TrajectoryPlanning/distill/data/benchmark/mp/train/sample_003466.npz,mp,gaps_and_forest,U,mp_gaps_and_forest,hard,hard,0,mp:train
train,sample_002697.npz,/home/zzy/TrajectoryPlanning/distill/data/benchmark/mp/train/sample_003467.npz,mp,gaps_and_forest,U,mp_gaps_and_forest,hard,hard,0,mp:train
train,sample_002698.npz,/home/zzy/TrajectoryPlanning/distill/data/benchmark/mp/train/sample_003469.npz,mp,gaps_and_forest,U,mp_gaps_and_forest,hard,hard,0,mp:train
train,sample_002699.npz,/home/zzy/TrajectoryPlanning/distill/data/benchmark/mp/train/sample_003470.npz,mp,gaps_and_forest,U,mp_gaps_and_forest,hard,hard,0,mp:train
train,sample_002700.npz,/home/zzy/TrajectoryPlanning/distill/data/benchmark/mp/train/sample_003471.npz,mp,gaps_and_forest,U,mp_gaps_and_forest,hard,hard,0,mp:train
train,sample_002701.npz,/home/zzy/TrajectoryPlanning/distill/data/benchmark/mp/train/sample_003472.npz,mp,gaps_and_forest,U,mp_gaps_and_forest,hard,hard,0,mp:train
train,sample_002702.npz,/home/zzy/TrajectoryPlanning/distill/data/benchmark/mp/train/sample_003473.npz,mp,gaps_and_forest,U,mp_gaps_and_forest,hard,hard,0,mp:train
train,sample_002703.npz,/home/zzy/TrajectoryPlanning/distill/data/benchmark/mp/train/sample_003474.npz,mp,gaps_and_forest,U,mp_gaps_and_forest,hard,hard,0,mp:train
train,sample_002704.npz,/home/zzy/TrajectoryPlanning/distill/data/benchmark/mp/train/sample_003475.npz,mp,gaps_and_forest,U,mp_gaps_and_forest,hard,hard,0,mp:train
train,sample_002705.npz,/home/zzy/TrajectoryPlanning/distill/data/benchmark/mp/train/sample_003476.npz,mp,gaps_and_forest,U,mp_gaps_and_forest,hard,hard,0,mp:train
train,sample_002706.npz,/home/zzy/TrajectoryPlanning/distill/data/benchmark/mp/train/sample_003478.npz,mp,gaps_and_forest,U,mp_gaps_and_forest,hard,hard,0,mp:train
train,sample_002707.npz,/home/zzy/TrajectoryPlanning/distill/data/benchmark/mp/train/sample_003479.npz,mp,gaps_and_forest,U,mp_gaps_and_forest,hard,hard,0,mp:train
train,sample_002708.npz,/home/zzy/TrajectoryPlanning/distill/data/benchmark/mp/train/sample_003480.npz,mp,gaps_and_forest,U,mp_gaps_and_forest,hard,hard,0,mp:train
train,sample_002709.npz,/home/zzy/TrajectoryPlanning/distill/data/benchmark/mp/train/sample_003481.npz,mp,gaps_and_forest,U,mp_gaps_and_forest,hard,hard,0,mp:train
train,sample_002710.npz,/home/zzy/TrajectoryPlanning/distill/data/benchmark/mp/train/sample_003482.npz,mp,gaps_and_forest,U,mp_gaps_and_forest,hard,hard,0,mp:train
train,sample_002711.npz,/home/zzy/TrajectoryPlanning/distill/data/benchmark/mp/train/sample_003483.npz,mp,gaps_and_forest,U,mp_gaps_and_forest,hard,hard,0,mp:train
train,sample_002712.npz,/home/zzy/TrajectoryPlanning/distill/data/benchmark/mp/train/sample_003484.npz,mp,gaps_and_forest,U,mp_gaps_and_forest,hard,hard,0,mp:train
train,sample_002713.npz,/home/zzy/TrajectoryPlanning/distill/data/benchmark/mp/train/sample_003485.npz,mp,gaps_and_forest,U,mp_gaps_and_forest,hard,hard,0,mp:train
train,sample_002714.npz,/home/zzy/TrajectoryPlanning/distill/data/benchmark/mp/train/sample_003486.npz,mp,gaps_and_forest,U,mp_gaps_and_forest,hard,hard,0,mp:train
train,sample_002715.npz,/home/zzy/TrajectoryPlanning/distill/data/benchmark/mp/train/sample_003488.npz,mp,gaps_and_forest,U,mp_gaps_and_forest,hard,hard,0,mp:train
train,sample_002716.npz,/home/zzy/TrajectoryPlanning/distill/data/benchmark/mp/train/sample_003489.npz,mp,gaps_and_forest,U,mp_gaps_and_forest,hard,hard,0,mp:train
train,sample_002717.npz,/home/zzy/TrajectoryPlanning/distill/data/benchmark/mp/train/sample_003490.npz,mp,gaps_and_forest,U,mp_gaps_and_forest,hard,hard,0,mp:train
train,sample_002718.npz,/home/zzy/TrajectoryPlanning/distill/data/benchmark/mp/train/sample_003492.npz,mp,gaps_and_forest,U,mp_gaps_and_forest,hard,hard,0,mp:train
train,sample_002719.npz,/home/zzy/TrajectoryPlanning/distill/data/benchmark/mp/train/sample_003493.npz,mp,gaps_and_forest,U,mp_gaps_and_forest,hard,hard,0,mp:train
train,sample_002720.npz,/home/zzy/TrajectoryPlanning/distill/data/benchmark/mp/train/sample_003494.npz,mp,gaps_and_forest,U,mp_gaps_and_forest,hard,hard,0,mp:train
train,sample_002721.npz,/home/zzy/TrajectoryPlanning/distill/data/benchmark/mp/train/sample_003495.npz,mp,gaps_and_forest,U,mp_gaps_and_forest,hard,hard,0,mp:train
train,sample_002722.npz,/home/zzy/TrajectoryPlanning/distill/data/benchmark/mp/train/sample_003496.npz,mp,gaps_and_forest,U,mp_gaps_and_forest,hard,hard,0,mp:train
train,sample_002723.npz,/home/zzy/TrajectoryPlanning/distill/data/benchmark/mp/train/sample_003497.npz,mp,gaps_and_forest,U,mp_gaps_and_forest,hard,hard,0,mp:train
train,sample_002724.npz,/home/zzy/TrajectoryPlanning/distill/data/benchmark/mp/train/sample_003499.npz,mp,gaps_and_forest,U,mp_gaps_and_forest,hard,hard,0,mp:train
train,sample_002725.npz,/home/zzy/TrajectoryPlanning/distill/data/benchmark/mp/train/sample_003500.npz,mp,gaps_and_forest,U,mp_gaps_and_forest,hard,hard,0,mp:train
train,sample_002726.npz,/home/zzy/TrajectoryPlanning/distill/data/benchmark/mp/train/sample_003501.npz,mp,gaps_and_forest,U,mp_gaps_and_forest,hard,hard,0,mp:train
train,sample_002727.npz,/home/zzy/TrajectoryPlanning/distill/data/benchmark/mp/train/sample_003502.npz,mp,gaps_and_forest,U,mp_gaps_and_forest,hard,hard,0,mp:train
train,sample_002728.npz,/home/zzy/TrajectoryPlanning/distill/data/benchmark/mp/train/sample_003503.npz,mp,gaps_and_forest,U,mp_gaps_and_forest,hard,hard,0,mp:train
train,sample_002729.npz,/home/zzy/TrajectoryPlanning/distill/data/benchmark/mp/train/sample_003504.npz,mp,gaps_and_forest,U,mp_gaps_and_forest,hard,hard,0,mp:train
train,sample_002730.npz,/home/zzy/TrajectoryPlanning/distill/data/benchmark/mp/train/sample_003505.npz,mp,gaps_and_forest,U,mp_gaps_and_forest,hard,hard,0,mp:train
train,sample_002731.npz,/home/zzy/TrajectoryPlanning/distill/data/benchmark/mp/train/sample_003506.npz,mp,gaps_and_forest,U,mp_gaps_and_forest,hard,hard,0,mp:train
train,sample_002732.npz,/home/zzy/TrajectoryPlanning/distill/data/benchmark/mp/train/sample_003507.npz,mp,gaps_and_forest,U,mp_gaps_and_forest,hard,hard,0,mp:train
train,sample_002733.npz,/home/zzy/TrajectoryPlanning/distill/data/benchmark/mp/train/sample_003508.npz,mp,gaps_and_forest,U,mp_gaps_and_forest,hard,hard,0,mp:train
train,sample_002734.npz,/home/zzy/TrajectoryPlanning/distill/data/benchmark/mp/train/sample_003509.npz,mp,gaps_and_forest,U,mp_gaps_and_forest,hard,hard,0,mp:train
train,sample_002735.npz,/home/zzy/TrajectoryPlanning/distill/data/benchmark/mp/train/sample_003511.npz,mp,gaps_and_forest,U,mp_gaps_and_forest,hard,hard,0,mp:train
train,sample_002736.npz,/home/zzy/TrajectoryPlanning/distill/data/benchmark/mp/train/sample_003513.npz,mp,gaps_and_forest,U,mp_gaps_and_forest,hard,hard,0,mp:train
train,sample_002737.npz,/home/zzy/TrajectoryPlanning/distill/data/benchmark/mp/train/sample_003514.npz,mp,gaps_and_forest,U,mp_gaps_and_forest,hard,hard,0,mp:train
train,sample_002738.npz,/home/zzy/TrajectoryPlanning/distill/data/benchmark/mp/train/sample_003515.npz,mp,gaps_and_forest,U,mp_gaps_and_forest,hard,hard,0,mp:train
train,sample_002739.npz,/home/zzy/TrajectoryPlanning/distill/data/benchmark/mp/train/sample_003516.npz,mp,gaps_and_forest,U,mp_gaps_and_forest,hard,hard,0,mp:train
train,sample_002740.npz,/home/zzy/TrajectoryPlanning/distill/data/benchmark/mp/train/sample_003518.npz,mp,gaps_and_forest,U,mp_gaps_and_forest,hard,hard,0,mp:train
train,sample_002741.npz,/home/zzy/TrajectoryPlanning/distill/data/benchmark/mp/train/sample_003519.npz,mp,gaps_and_forest,U,mp_gaps_and_forest,hard,hard,0,mp:train
train,sample_002742.npz,/home/zzy/TrajectoryPlanning/distill/data/benchmark/mp/train/sample_003520.npz,mp,gaps_and_forest,U,mp_gaps_and_forest,hard,hard,0,mp:train
train,sample_002743.npz,/home/zzy/TrajectoryPlanning/distill/data/benchmark/mp/train/sample_003521.npz,mp,gaps_and_forest,U,mp_gaps_and_forest,hard,hard,0,mp:train
train,sample_002744.npz,/home/zzy/TrajectoryPlanning/distill/data/benchmark/mp/train/sample_003522.npz,mp,gaps_and_forest,U,mp_gaps_and_forest,hard,hard,0,mp:train
train,sample_002745.npz,/home/zzy/TrajectoryPlanning/distill/data/benchmark/mp/train/sample_003523.npz,mp,gaps_and_forest,U,mp_gaps_and_forest,hard,hard,0,mp:train
train,sample_002746.npz,/home/zzy/TrajectoryPlanning/distill/data/benchmark/mp/train/sample_003525.npz,mp,gaps_and_forest,U,mp_gaps_and_forest,hard,hard,0,mp:train
train,sample_002747.npz,/home/zzy/TrajectoryPlanning/distill/data/benchmark/mp/train/sample_003526.npz,mp,gaps_and_forest,U,mp_gaps_and_forest,hard,hard,0,mp:train
train,sample_002748.npz,/home/zzy/TrajectoryPlanning/distill/data/benchmark/mp/train/sample_003527.npz,mp,gaps_and_forest,U,mp_gaps_and_forest,hard,hard,0,mp:train
train,sample_002749.npz,/home/zzy/TrajectoryPlanning/distill/data/benchmark/mp/train/sample_003528.npz,mp,gaps_and_forest,U,mp_gaps_and_forest,hard,hard,0,mp:train
train,sample_002750.npz,/home/zzy/TrajectoryPlanning/distill/data/benchmark/mp/train/sample_003529.npz,mp,gaps_and_forest,U,mp_gaps_and_forest,hard,hard,0,mp:train
train,sample_002751.npz,/home/zzy/TrajectoryPlanning/distill/data/benchmark/mp/train/sample_003531.npz,mp,gaps_and_forest,U,mp_gaps_and_forest,hard,hard,0,mp:train
train,sample_002752.npz,/home/zzy/TrajectoryPlanning/distill/data/benchmark/mp/train/sample_003533.npz,mp,gaps_and_forest,U,mp_gaps_and_forest,hard,hard,0,mp:train
train,sample_002753.npz,/home/zzy/TrajectoryPlanning/distill/data/benchmark/mp/train/sample_003534.npz,mp,gaps_and_forest,U,mp_gaps_and_forest,hard,hard,0,mp:train
train,sample_002754.npz,/home/zzy/TrajectoryPlanning/distill/data/benchmark/mp/train/sample_003535.npz,mp,gaps_and_forest,U,mp_gaps_and_forest,hard,hard,0,mp:train
train,sample_002755.npz,/home/zzy/TrajectoryPlanning/distill/data/benchmark/mp/train/sample_003536.npz,mp,gaps_and_forest,U,mp_gaps_and_forest,hard,hard,0,mp:train
train,sample_002756.npz,/home/zzy/TrajectoryPlanning/distill/data/benchmark/mp/train/sample_003537.npz,mp,gaps_and_forest,U,mp_gaps_and_forest,hard,hard,0,mp:train
train,sample_002757.npz,/home/zzy/TrajectoryPlanning/distill/data/benchmark/mp/train/sample_003538.npz,mp,gaps_and_forest,U,mp_gaps_and_forest,hard,hard,0,mp:train
train,sample_002758.npz,/home/zzy/TrajectoryPlanning/distill/data/benchmark/mp/train/sample_003540.npz,mp,gaps_and_forest,U,mp_gaps_and_forest,hard,hard,0,mp:train
train,sample_002759.npz,/home/zzy/TrajectoryPlanning/distill/data/benchmark/mp/train/sample_003541.npz,mp,gaps_and_forest,U,mp_gaps_and_forest,hard,hard,0,mp:train
train,sample_002760.npz,/home/zzy/TrajectoryPlanning/distill/data/benchmark/mp/train/sample_003542.npz,mp,gaps_and_forest,U,mp_gaps_and_forest,hard,hard,0,mp:train
train,sample_002761.npz,/home/zzy/TrajectoryPlanning/distill/data/benchmark/mp/train/sample_003543.npz,mp,gaps_and_forest,U,mp_gaps_and_forest,hard,hard,0,mp:train
train,sample_002762.npz,/home/zzy/TrajectoryPlanning/distill/data/benchmark/mp/train/sample_003544.npz,mp,gaps_and_forest,U,mp_gaps_and_forest,hard,hard,0,mp:train
train,sample_002763.npz,/home/zzy/TrajectoryPlanning/distill/data/benchmark/mp/train/sample_003545.npz,mp,gaps_and_forest,U,mp_gaps_and_forest,hard,hard,0,mp:train
train,sample_002764.npz,/home/zzy/TrajectoryPlanning/distill/data/benchmark/mp/train/sample_003547.npz,mp,gaps_and_forest,U,mp_gaps_and_forest,hard,hard,0,mp:train
train,sample_002765.npz,/home/zzy/TrajectoryPlanning/distill/data/benchmark/mp/train/sample_003549.npz,mp,gaps_and_forest,U,mp_gaps_and_forest,hard,hard,0,mp:train
train,sample_002766.npz,/home/zzy/TrajectoryPlanning/distill/data/benchmark/mp/train/sample_003550.npz,mp,gaps_and_forest,U,mp_gaps_and_forest,hard,hard,0,mp:train
train,sample_002767.npz,/home/zzy/TrajectoryPlanning/distill/data/benchmark/mp/train/sample_003551.npz,mp,gaps_and_forest,U,mp_gaps_and_forest,hard,hard,0,mp:train
train,sample_002768.npz,/home/zzy/TrajectoryPlanning/distill/data/benchmark/mp/train/sample_003552.npz,mp,gaps_and_forest,U,mp_gaps_and_forest,hard,hard,0,mp:train
train,sample_002769.npz,/home/zzy/TrajectoryPlanning/distill/data/benchmark/mp/train/sample_003553.npz,mp,gaps_and_forest,U,mp_gaps_and_forest,hard,hard,0,mp:train
train,sample_002770.npz,/home/zzy/TrajectoryPlanning/distill/data/benchmark/mp/train/sample_003555.npz,mp,gaps_and_forest,U,mp_gaps_and_forest,hard,hard,0,mp:train
train,sample_002771.npz,/home/zzy/TrajectoryPlanning/distill/data/benchmark/mp/train/sample_003556.npz,mp,gaps_and_forest,U,mp_gaps_and_forest,hard,hard,0,mp:train
train,sample_002772.npz,/home/zzy/TrajectoryPlanning/distill/data/benchmark/mp/train/sample_003557.npz,mp,gaps_and_forest,U,mp_gaps_and_forest,hard,hard,0,mp:train
train,sample_002773.npz,/home/zzy/TrajectoryPlanning/distill/data/benchmark/mp/train/sample_003558.npz,mp,gaps_and_forest,U,mp_gaps_and_forest,hard,hard,0,mp:train
train,sample_002774.npz,/home/zzy/TrajectoryPlanning/distill/data/benchmark/mp/train/sample_003559.npz,mp,gaps_and_forest,U,mp_gaps_and_forest,hard,hard,0,mp:train
train,sample_002775.npz,/home/zzy/TrajectoryPlanning/distill/data/benchmark/mp/train/sample_003561.npz,mp,gaps_and_forest,U,mp_gaps_and_forest,hard,hard,0,mp:train
train,sample_002776.npz,/home/zzy/TrajectoryPlanning/distill/data/benchmark/mp/train/sample_003562.npz,mp,gaps_and_forest,U,mp_gaps_and_forest,hard,hard,0,mp:train
train,sample_002777.npz,/home/zzy/TrajectoryPlanning/distill/data/benchmark/mp/train/sample_003563.npz,mp,gaps_and_forest,U,mp_gaps_and_forest,hard,hard,0,mp:train
train,sample_002778.npz,/home/zzy/TrajectoryPlanning/distill/data/benchmark/mp/train/sample_003565.npz,mp,gaps_and_forest,U,mp_gaps_and_forest,hard,hard,0,mp:train
train,sample_002779.npz,/home/zzy/TrajectoryPlanning/distill/data/benchmark/mp/train/sample_003566.npz,mp,gaps_and_forest,U,mp_gaps_and_forest,hard,hard,0,mp:train
train,sample_002780.npz,/home/zzy/TrajectoryPlanning/distill/data/benchmark/mp/train/sample_003567.npz,mp,gaps_and_forest,U,mp_gaps_and_forest,hard,hard,0,mp:train
train,sample_002781.npz,/home/zzy/TrajectoryPlanning/distill/data/benchmark/mp/train/sample_003568.npz,mp,gaps_and_forest,U,mp_gaps_and_forest,hard,hard,0,mp:train
train,sample_002782.npz,/home/zzy/TrajectoryPlanning/distill/data/benchmark/mp/train/sample_003569.npz,mp,gaps_and_forest,U,mp_gaps_and_forest,hard,hard,0,mp:train
train,sample_002783.npz,/home/zzy/TrajectoryPlanning/distill/data/benchmark/mp/train/sample_003570.npz,mp,gaps_and_forest,U,mp_gaps_and_forest,hard,hard,0,mp:train
train,sample_002784.npz,/home/zzy/TrajectoryPlanning/distill/data/benchmark/mp/train/sample_003571.npz,mp,gaps_and_forest,U,mp_gaps_and_forest,hard,hard,0,mp:train
train,sample_002785.npz,/home/zzy/TrajectoryPlanning/distill/data/benchmark/mp/train/sample_003572.npz,mp,gaps_and_forest,U,mp_gaps_and_forest,hard,hard,0,mp:train
train,sample_002786.npz,/home/zzy/TrajectoryPlanning/distill/data/benchmark/mp/train/sample_003573.npz,mp,gaps_and_forest,U,mp_gaps_and_forest,hard,hard,0,mp:train
train,sample_002787.npz,/home/zzy/TrajectoryPlanning/distill/data/benchmark/mp/train/sample_003575.npz,mp,gaps_and_forest,U,mp_gaps_and_forest,hard,hard,0,mp:train
train,sample_002788.npz,/home/zzy/TrajectoryPlanning/distill/data/benchmark/mp/train/sample_003577.npz,mp,gaps_and_forest,U,mp_gaps_and_forest,hard,hard,0,mp:train
train,sample_002789.npz,/home/zzy/TrajectoryPlanning/distill/data/benchmark/mp/train/sample_003580.npz,mp,gaps_and_forest,U,mp_gaps_and_forest,hard,hard,0,mp:train
train,sample_002790.npz,/home/zzy/TrajectoryPlanning/distill/data/benchmark/mp/train/sample_003581.npz,mp,gaps_and_forest,U,mp_gaps_and_forest,hard,hard,0,mp:train
train,sample_002791.npz,/home/zzy/TrajectoryPlanning/distill/data/benchmark/mp/train/sample_003584.npz,mp,gaps_and_forest,U,mp_gaps_and_forest,hard,hard,0,mp:train
train,sample_002792.npz,/home/zzy/TrajectoryPlanning/distill/data/benchmark/mp/train/sample_003585.npz,mp,gaps_and_forest,U,mp_gaps_and_forest,hard,hard,0,mp:train
train,sample_002793.npz,/home/zzy/TrajectoryPlanning/distill/data/benchmark/mp/train/sample_003586.npz,mp,gaps_and_forest,U,mp_gaps_and_forest,hard,hard,0,mp:train
train,sample_002794.npz,/home/zzy/TrajectoryPlanning/distill/data/benchmark/mp/train/sample_003587.npz,mp,gaps_and_forest,U,mp_gaps_and_forest,hard,hard,0,mp:train
train,sample_002795.npz,/home/zzy/TrajectoryPlanning/distill/data/benchmark/mp/train/sample_003588.npz,mp,gaps_and_forest,U,mp_gaps_and_forest,hard,hard,0,mp:train
train,sample_002796.npz,/home/zzy/TrajectoryPlanning/distill/data/benchmark/mp/train/sample_003589.npz,mp,gaps_and_forest,U,mp_gaps_and_forest,hard,hard,0,mp:train
train,sample_002797.npz,/home/zzy/TrajectoryPlanning/distill/data/benchmark/mp/train/sample_003590.npz,mp,gaps_and_forest,U,mp_gaps_and_forest,hard,hard,0,mp:train
train,sample_002798.npz,/home/zzy/TrajectoryPlanning/distill/data/benchmark/mp/train/sample_003591.npz,mp,gaps_and_forest,U,mp_gaps_and_forest,hard,hard,0,mp:train
train,sample_002799.npz,/home/zzy/TrajectoryPlanning/distill/data/benchmark/mp/train/sample_003592.npz,mp,gaps_and_forest,U,mp_gaps_and_forest,hard,hard,0,mp:train
train,sample_002800.npz,/home/zzy/TrajectoryPlanning/distill/data/benchmark/mp/train/sample_003593.npz,mp,gaps_and_forest,U,mp_gaps_and_forest,hard,hard,0,mp:train
train,sample_002801.npz,/home/zzy/TrajectoryPlanning/distill/data/benchmark/mp/train/sample_003595.npz,mp,gaps_and_forest,U,mp_gaps_and_forest,hard,hard,0,mp:train
train,sample_002802.npz,/home/zzy/TrajectoryPlanning/distill/data/benchmark/mp/train/sample_003596.npz,mp,gaps_and_forest,U,mp_gaps_and_forest,hard,hard,0,mp:train
train,sample_002803.npz,/home/zzy/TrajectoryPlanning/distill/data/benchmark/mp/train/sample_003597.npz,mp,gaps_and_forest,U,mp_gaps_and_forest,hard,hard,0,mp:train
train,sample_002804.npz,/home/zzy/TrajectoryPlanning/distill/data/benchmark/mp/train/sample_003598.npz,mp,gaps_and_forest,U,mp_gaps_and_forest,hard,hard,0,mp:train
train,sample_002805.npz,/home/zzy/TrajectoryPlanning/distill/data/benchmark/mp/train/sample_003599.npz,mp,gaps_and_forest,U,mp_gaps_and_forest,hard,hard,0,mp:train
train,sample_002806.npz,/home/zzy/TrajectoryPlanning/distill/data/benchmark/mp/train/sample_003600.npz,mp,gaps_and_forest,U,mp_gaps_and_forest,hard,hard,0,mp:train
train,sample_002807.npz,/home/zzy/TrajectoryPlanning/distill/data/benchmark/mp/train/sample_003601.npz,mp,gaps_and_forest,U,mp_gaps_and_forest,hard,hard,0,mp:train
train,sample_002808.npz,/home/zzy/TrajectoryPlanning/distill/data/benchmark/mp/train/sample_003602.npz,mp,gaps_and_forest,U,mp_gaps_and_forest,hard,hard,0,mp:train
train,sample_002809.npz,/home/zzy/TrajectoryPlanning/distill/data/benchmark/mp/train/sample_003603.npz,mp,gaps_and_forest,U,mp_gaps_and_forest,hard,hard,0,mp:train
train,sample_002810.npz,/home/zzy/TrajectoryPlanning/distill/data/benchmark/mp/train/sample_003604.npz,mp,gaps_and_forest,U,mp_gaps_and_forest,hard,hard,0,mp:train
train,sample_002811.npz,/home/zzy/TrajectoryPlanning/distill/data/benchmark/mp/train/sample_003605.npz,mp,gaps_and_forest,U,mp_gaps_and_forest,hard,hard,0,mp:train
train,sample_002812.npz,/home/zzy/TrajectoryPlanning/distill/data/benchmark/mp/train/sample_003606.npz,mp,gaps_and_forest,U,mp_gaps_and_forest,hard,hard,0,mp:train
train,sample_002813.npz,/home/zzy/TrajectoryPlanning/distill/data/benchmark/mp/train/sample_003607.npz,mp,gaps_and_forest,U,mp_gaps_and_forest,hard,hard,0,mp:train
train,sample_002814.npz,/home/zzy/TrajectoryPlanning/distill/data/benchmark/mp/train/sample_003608.npz,mp,gaps_and_forest,U,mp_gaps_and_forest,hard,hard,0,mp:train
train,sample_002815.npz,/home/zzy/TrajectoryPlanning/distill/data/benchmark/mp/train/sample_003609.npz,mp,gaps_and_forest,U,mp_gaps_and_forest,hard,hard,0,mp:train
train,sample_002816.npz,/home/zzy/TrajectoryPlanning/distill/data/benchmark/mp/train/sample_003610.npz,mp,gaps_and_forest,U,mp_gaps_and_forest,hard,hard,0,mp:train
train,sample_002817.npz,/home/zzy/TrajectoryPlanning/distill/data/benchmark/mp/train/sample_003611.npz,mp,gaps_and_forest,U,mp_gaps_and_forest,hard,hard,0,mp:train
train,sample_002818.npz,/home/zzy/TrajectoryPlanning/distill/data/benchmark/mp/train/sample_003612.npz,mp,gaps_and_forest,U,mp_gaps_and_forest,hard,hard,0,mp:train
train,sample_002819.npz,/home/zzy/TrajectoryPlanning/distill/data/benchmark/mp/train/sample_003614.npz,mp,gaps_and_forest,U,mp_gaps_and_forest,hard,hard,0,mp:train
train,sample_002820.npz,/home/zzy/TrajectoryPlanning/distill/data/benchmark/mp/train/sample_003615.npz,mp,gaps_and_forest,U,mp_gaps_and_forest,hard,hard,0,mp:train
train,sample_002821.npz,/home/zzy/TrajectoryPlanning/distill/data/benchmark/mp/train/sample_003616.npz,mp,gaps_and_forest,U,mp_gaps_and_forest,hard,hard,0,mp:train
train,sample_002822.npz,/home/zzy/TrajectoryPlanning/distill/data/benchmark/mp/train/sample_003617.npz,mp,gaps_and_forest,U,mp_gaps_and_forest,hard,hard,0,mp:train
train,sample_002823.npz,/home/zzy/TrajectoryPlanning/distill/data/benchmark/mp/train/sample_003618.npz,mp,gaps_and_forest,U,mp_gaps_and_forest,hard,hard,0,mp:train
train,sample_002824.npz,/home/zzy/TrajectoryPlanning/distill/data/benchmark/mp/train/sample_003619.npz,mp,gaps_and_forest,U,mp_gaps_and_forest,hard,hard,0,mp:train
train,sample_002825.npz,/home/zzy/TrajectoryPlanning/distill/data/benchmark/mp/train/sample_003621.npz,mp,gaps_and_forest,U,mp_gaps_and_forest,hard,hard,0,mp:train
train,sample_002826.npz,/home/zzy/TrajectoryPlanning/distill/data/benchmark/mp/train/sample_003624.npz,mp,gaps_and_forest,U,mp_gaps_and_forest,hard,hard,0,mp:train
train,sample_002827.npz,/home/zzy/TrajectoryPlanning/distill/data/benchmark/mp/train/sample_003625.npz,mp,gaps_and_forest,U,mp_gaps_and_forest,hard,hard,0,mp:train
train,sample_002828.npz,/home/zzy/TrajectoryPlanning/distill/data/benchmark/mp/train/sample_003626.npz,mp,gaps_and_forest,U,mp_gaps_and_forest,hard,hard,0,mp:train
train,sample_002829.npz,/home/zzy/TrajectoryPlanning/distill/data/benchmark/mp/train/sample_003627.npz,mp,gaps_and_forest,U,mp_gaps_and_forest,hard,hard,0,mp:train
train,sample_002830.npz,/home/zzy/TrajectoryPlanning/distill/data/benchmark/mp/train/sample_003628.npz,mp,gaps_and_forest,U,mp_gaps_and_forest,hard,hard,0,mp:train
train,sample_002831.npz,/home/zzy/TrajectoryPlanning/distill/data/benchmark/mp/train/sample_003629.npz,mp,gaps_and_forest,U,mp_gaps_and_forest,hard,hard,0,mp:train
train,sample_002832.npz,/home/zzy/TrajectoryPlanning/distill/data/benchmark/mp/train/sample_003630.npz,mp,gaps_and_forest,U,mp_gaps_and_forest,hard,hard,0,mp:train
train,sample_002833.npz,/home/zzy/TrajectoryPlanning/distill/data/benchmark/mp/train/sample_003631.npz,mp,gaps_and_forest,U,mp_gaps_and_forest,hard,hard,0,mp:train
train,sample_002834.npz,/home/zzy/TrajectoryPlanning/distill/data/benchmark/mp/train/sample_003632.npz,mp,gaps_and_forest,U,mp_gaps_and_forest,hard,hard,0,mp:train
train,sample_002835.npz,/home/zzy/TrajectoryPlanning/distill/data/benchmark/mp/train/sample_003633.npz,mp,gaps_and_forest,U,mp_gaps_and_forest,hard,hard,0,mp:train
train,sample_002836.npz,/home/zzy/TrajectoryPlanning/distill/data/benchmark/mp/train/sample_003634.npz,mp,gaps_and_forest,U,mp_gaps_and_forest,hard,hard,0,mp:train
train,sample_002837.npz,/home/zzy/TrajectoryPlanning/distill/data/benchmark/mp/train/sample_003635.npz,mp,gaps_and_forest,U,mp_gaps_and_forest,hard,hard,0,mp:train
train,sample_002838.npz,/home/zzy/TrajectoryPlanning/distill/data/benchmark/mp/train/sample_003636.npz,mp,gaps_and_forest,U,mp_gaps_and_forest,hard,hard,0,mp:train
train,sample_002839.npz,/home/zzy/TrajectoryPlanning/distill/data/benchmark/mp/train/sample_003637.npz,mp,gaps_and_forest,U,mp_gaps_and_forest,hard,hard,0,mp:train
train,sample_002840.npz,/home/zzy/TrajectoryPlanning/distill/data/benchmark/mp/train/sample_003638.npz,mp,gaps_and_forest,U,mp_gaps_and_forest,hard,hard,0,mp:train
train,sample_002841.npz,/home/zzy/TrajectoryPlanning/distill/data/benchmark/mp/train/sample_003639.npz,mp,gaps_and_forest,U,mp_gaps_and_forest,hard,hard,0,mp:train
train,sample_002842.npz,/home/zzy/TrajectoryPlanning/distill/data/benchmark/mp/train/sample_003640.npz,mp,gaps_and_forest,U,mp_gaps_and_forest,hard,hard,0,mp:train
train,sample_002843.npz,/home/zzy/TrajectoryPlanning/distill/data/benchmark/mp/train/sample_003641.npz,mp,gaps_and_forest,U,mp_gaps_and_forest,hard,hard,0,mp:train
train,sample_002844.npz,/home/zzy/TrajectoryPlanning/distill/data/benchmark/mp/train/sample_003642.npz,mp,gaps_and_forest,U,mp_gaps_and_forest,hard,hard,0,mp:train
train,sample_002845.npz,/home/zzy/TrajectoryPlanning/distill/data/benchmark/mp/train/sample_003643.npz,mp,gaps_and_forest,U,mp_gaps_and_forest,hard,hard,0,mp:train
train,sample_002846.npz,/home/zzy/TrajectoryPlanning/distill/data/benchmark/mp/train/sample_003644.npz,mp,gaps_and_forest,U,mp_gaps_and_forest,hard,hard,0,mp:train
train,sample_002847.npz,/home/zzy/TrajectoryPlanning/distill/data/benchmark/mp/train/sample_003645.npz,mp,gaps_and_forest,U,mp_gaps_and_forest,hard,hard,0,mp:train
train,sample_002848.npz,/home/zzy/TrajectoryPlanning/distill/data/benchmark/mp/train/sample_003646.npz,mp,gaps_and_forest,U,mp_gaps_and_forest,hard,hard,0,mp:train
train,sample_002849.npz,/home/zzy/TrajectoryPlanning/distill/data/benchmark/mp/train/sample_003647.npz,mp,gaps_and_forest,U,mp_gaps_and_forest,hard,hard,0,mp:train
train,sample_002850.npz,/home/zzy/TrajectoryPlanning/distill/data/benchmark/mp/train/sample_003648.npz,mp,gaps_and_forest,U,mp_gaps_and_forest,hard,hard,0,mp:train
train,sample_002851.npz,/home/zzy/TrajectoryPlanning/distill/data/benchmark/mp/train/sample_003649.npz,mp,gaps_and_forest,U,mp_gaps_and_forest,hard,hard,0,mp:train
train,sample_002852.npz,/home/zzy/TrajectoryPlanning/distill/data/benchmark/mp/train/sample_003650.npz,mp,gaps_and_forest,U,mp_gaps_and_forest,hard,hard,0,mp:train
train,sample_002853.npz,/home/zzy/TrajectoryPlanning/distill/data/benchmark/mp/train/sample_003651.npz,mp,gaps_and_forest,U,mp_gaps_and_forest,hard,hard,0,mp:train
train,sample_002854.npz,/home/zzy/TrajectoryPlanning/distill/data/benchmark/mp/train/sample_003652.npz,mp,gaps_and_forest,U,mp_gaps_and_forest,hard,hard,0,mp:train
train,sample_002855.npz,/home/zzy/TrajectoryPlanning/distill/data/benchmark/mp/train/sample_003654.npz,mp,gaps_and_forest,U,mp_gaps_and_forest,hard,hard,0,mp:train
train,sample_002856.npz,/home/zzy/TrajectoryPlanning/distill/data/benchmark/mp/train/sample_003655.npz,mp,gaps_and_forest,U,mp_gaps_and_forest,hard,hard,0,mp:train
train,sample_002857.npz,/home/zzy/TrajectoryPlanning/distill/data/benchmark/mp/train/sample_003656.npz,mp,gaps_and_forest,U,mp_gaps_and_forest,hard,hard,0,mp:train
train,sample_002858.npz,/home/zzy/TrajectoryPlanning/distill/data/benchmark/mp/train/sample_003657.npz,mp,gaps_and_forest,U,mp_gaps_and_forest,hard,hard,0,mp:train
train,sample_002859.npz,/home/zzy/TrajectoryPlanning/distill/data/benchmark/mp/train/sample_003658.npz,mp,gaps_and_forest,U,mp_gaps_and_forest,hard,hard,0,mp:train
train,sample_002860.npz,/home/zzy/TrajectoryPlanning/distill/data/benchmark/mp/train/sample_003659.npz,mp,gaps_and_forest,U,mp_gaps_and_forest,hard,hard,0,mp:train
train,sample_002861.npz,/home/zzy/TrajectoryPlanning/distill/data/benchmark/mp/train/sample_003660.npz,mp,gaps_and_forest,U,mp_gaps_and_forest,hard,hard,0,mp:train
train,sample_002862.npz,/home/zzy/TrajectoryPlanning/distill/data/benchmark/mp/train/sample_003661.npz,mp,gaps_and_forest,U,mp_gaps_and_forest,hard,hard,0,mp:train
train,sample_002863.npz,/home/zzy/TrajectoryPlanning/distill/data/benchmark/mp/train/sample_003662.npz,mp,gaps_and_forest,U,mp_gaps_and_forest,hard,hard,0,mp:train
train,sample_002864.npz,/home/zzy/TrajectoryPlanning/distill/data/benchmark/mp/train/sample_003664.npz,mp,gaps_and_forest,U,mp_gaps_and_forest,hard,hard,0,mp:train
train,sample_002865.npz,/home/zzy/TrajectoryPlanning/distill/data/benchmark/mp/train/sample_003665.npz,mp,gaps_and_forest,U,mp_gaps_and_forest,hard,hard,0,mp:train
train,sample_002866.npz,/home/zzy/TrajectoryPlanning/distill/data/benchmark/mp/train/sample_003668.npz,mp,gaps_and_forest,U,mp_gaps_and_forest,hard,hard,0,mp:train
train,sample_002867.npz,/home/zzy/TrajectoryPlanning/distill/data/benchmark/mp/train/sample_003669.npz,mp,gaps_and_forest,U,mp_gaps_and_forest,hard,hard,0,mp:train
train,sample_002868.npz,/home/zzy/TrajectoryPlanning/distill/data/benchmark/mp/train/sample_003670.npz,mp,gaps_and_forest,U,mp_gaps_and_forest,hard,hard,0,mp:train
train,sample_002869.npz,/home/zzy/TrajectoryPlanning/distill/data/benchmark/mp/train/sample_003671.npz,mp,gaps_and_forest,U,mp_gaps_and_forest,hard,hard,0,mp:train
train,sample_002870.npz,/home/zzy/TrajectoryPlanning/distill/data/benchmark/mp/train/sample_003672.npz,mp,gaps_and_forest,U,mp_gaps_and_forest,hard,hard,0,mp:train
train,sample_002871.npz,/home/zzy/TrajectoryPlanning/distill/data/benchmark/mp/train/sample_003673.npz,mp,gaps_and_forest,U,mp_gaps_and_forest,hard,hard,0,mp:train
train,sample_002872.npz,/home/zzy/TrajectoryPlanning/distill/data/benchmark/mp/train/sample_003674.npz,mp,gaps_and_forest,U,mp_gaps_and_forest,hard,hard,0,mp:train
train,sample_002873.npz,/home/zzy/TrajectoryPlanning/distill/data/benchmark/mp/train/sample_003675.npz,mp,gaps_and_forest,U,mp_gaps_and_forest,hard,hard,0,mp:train
train,sample_002874.npz,/home/zzy/TrajectoryPlanning/distill/data/benchmark/mp/train/sample_003676.npz,mp,gaps_and_forest,U,mp_gaps_and_forest,hard,hard,0,mp:train
train,sample_002875.npz,/home/zzy/TrajectoryPlanning/distill/data/benchmark/mp/train/sample_003677.npz,mp,gaps_and_forest,U,mp_gaps_and_forest,hard,hard,0,mp:train
train,sample_002876.npz,/home/zzy/TrajectoryPlanning/distill/data/benchmark/mp/train/sample_003678.npz,mp,gaps_and_forest,U,mp_gaps_and_forest,hard,hard,0,mp:train
train,sample_002877.npz,/home/zzy/TrajectoryPlanning/distill/data/benchmark/mp/train/sample_003679.npz,mp,gaps_and_forest,U,mp_gaps_and_forest,hard,hard,0,mp:train
train,sample_002878.npz,/home/zzy/TrajectoryPlanning/distill/data/benchmark/mp/train/sample_003680.npz,mp,gaps_and_forest,U,mp_gaps_and_forest,hard,hard,0,mp:train
train,sample_002879.npz,/home/zzy/TrajectoryPlanning/distill/data/benchmark/mp/train/sample_003682.npz,mp,gaps_and_forest,U,mp_gaps_and_forest,hard,hard,0,mp:train
train,sample_002880.npz,/home/zzy/TrajectoryPlanning/distill/data/benchmark/mp/train/sample_003684.npz,mp,gaps_and_forest,U,mp_gaps_and_forest,hard,hard,0,mp:train
train,sample_002881.npz,/home/zzy/TrajectoryPlanning/distill/data/benchmark/mp/train/sample_003685.npz,mp,gaps_and_forest,U,mp_gaps_and_forest,hard,hard,0,mp:train
train,sample_002882.npz,/home/zzy/TrajectoryPlanning/distill/data/benchmark/mp/train/sample_003686.npz,mp,gaps_and_forest,U,mp_gaps_and_forest,hard,hard,0,mp:train
train,sample_002883.npz,/home/zzy/TrajectoryPlanning/distill/data/benchmark/mp/train/sample_003687.npz,mp,gaps_and_forest,U,mp_gaps_and_forest,hard,hard,0,mp:train
train,sample_002884.npz,/home/zzy/TrajectoryPlanning/distill/data/benchmark/mp/train/sample_003689.npz,mp,gaps_and_forest,U,mp_gaps_and_forest,hard,hard,0,mp:train
train,sample_002885.npz,/home/zzy/TrajectoryPlanning/distill/data/benchmark/mp/train/sample_003690.npz,mp,gaps_and_forest,U,mp_gaps_and_forest,hard,hard,0,mp:train
train,sample_002886.npz,/home/zzy/TrajectoryPlanning/distill/data/benchmark/mp/train/sample_003693.npz,mp,gaps_and_forest,U,mp_gaps_and_forest,hard,hard,0,mp:train
train,sample_002887.npz,/home/zzy/TrajectoryPlanning/distill/data/benchmark/mp/train/sample_003694.npz,mp,gaps_and_forest,U,mp_gaps_and_forest,hard,hard,0,mp:train
train,sample_002888.npz,/home/zzy/TrajectoryPlanning/distill/data/benchmark/mp/train/sample_003695.npz,mp,gaps_and_forest,U,mp_gaps_and_forest,hard,hard,0,mp:train
train,sample_002889.npz,/home/zzy/TrajectoryPlanning/distill/data/benchmark/mp/train/sample_003696.npz,mp,gaps_and_forest,U,mp_gaps_and_forest,hard,hard,0,mp:train
train,sample_002890.npz,/home/zzy/TrajectoryPlanning/distill/data/benchmark/mp/train/sample_003700.npz,mp,gaps_and_forest,U,mp_gaps_and_forest,hard,hard,0,mp:train
train,sample_002891.npz,/home/zzy/TrajectoryPlanning/distill/data/benchmark/mp/train/sample_003702.npz,mp,gaps_and_forest,U,mp_gaps_and_forest,hard,hard,0,mp:train
train,sample_002892.npz,/home/zzy/TrajectoryPlanning/distill/data/benchmark/mp/train/sample_003703.npz,mp,gaps_and_forest,U,mp_gaps_and_forest,hard,hard,0,mp:train
train,sample_002893.npz,/home/zzy/TrajectoryPlanning/distill/data/benchmark/mp/train/sample_003704.npz,mp,gaps_and_forest,U,mp_gaps_and_forest,hard,hard,0,mp:train
train,sample_002894.npz,/home/zzy/TrajectoryPlanning/distill/data/benchmark/mp/train/sample_003705.npz,mp,gaps_and_forest,U,mp_gaps_and_forest,hard,hard,0,mp:train
train,sample_002895.npz,/home/zzy/TrajectoryPlanning/distill/data/benchmark/mp/train/sample_003706.npz,mp,gaps_and_forest,U,mp_gaps_and_forest,hard,hard,0,mp:train
train,sample_002896.npz,/home/zzy/TrajectoryPlanning/distill/data/benchmark/mp/train/sample_003707.npz,mp,gaps_and_forest,U,mp_gaps_and_forest,hard,hard,0,mp:train
train,sample_002897.npz,/home/zzy/TrajectoryPlanning/distill/data/benchmark/mp/train/sample_003709.npz,mp,gaps_and_forest,U,mp_gaps_and_forest,hard,hard,0,mp:train
train,sample_002898.npz,/home/zzy/TrajectoryPlanning/distill/data/benchmark/mp/train/sample_003710.npz,mp,gaps_and_forest,U,mp_gaps_and_forest,hard,hard,0,mp:train
train,sample_002899.npz,/home/zzy/TrajectoryPlanning/distill/data/benchmark/mp/train/sample_003711.npz,mp,gaps_and_forest,U,mp_gaps_and_forest,hard,hard,0,mp:train
train,sample_002900.npz,/home/zzy/TrajectoryPlanning/distill/data/benchmark/mp/train/sample_003712.npz,mp,gaps_and_forest,U,mp_gaps_and_forest,hard,hard,0,mp:train
train,sample_002901.npz,/home/zzy/TrajectoryPlanning/distill/data/benchmark/mp/train/sample_003714.npz,mp,gaps_and_forest,U,mp_gaps_and_forest,hard,hard,0,mp:train
train,sample_002902.npz,/home/zzy/TrajectoryPlanning/distill/data/benchmark/mp/train/sample_003715.npz,mp,gaps_and_forest,U,mp_gaps_and_forest,hard,hard,0,mp:train
train,sample_002903.npz,/home/zzy/TrajectoryPlanning/distill/data/benchmark/mp/train/sample_003716.npz,mp,gaps_and_forest,U,mp_gaps_and_forest,hard,hard,0,mp:train
train,sample_002904.npz,/home/zzy/TrajectoryPlanning/distill/data/benchmark/mp/train/sample_003717.npz,mp,gaps_and_forest,U,mp_gaps_and_forest,hard,hard,0,mp:train
train,sample_002905.npz,/home/zzy/TrajectoryPlanning/distill/data/benchmark/mp/train/sample_003718.npz,mp,gaps_and_forest,U,mp_gaps_and_forest,hard,hard,0,mp:train
train,sample_002906.npz,/home/zzy/TrajectoryPlanning/distill/data/benchmark/mp/train/sample_003719.npz,mp,gaps_and_forest,U,mp_gaps_and_forest,hard,hard,0,mp:train
train,sample_002907.npz,/home/zzy/TrajectoryPlanning/distill/data/benchmark/mp/train/sample_003720.npz,mp,gaps_and_forest,U,mp_gaps_and_forest,hard,hard,0,mp:train
train,sample_002908.npz,/home/zzy/TrajectoryPlanning/distill/data/benchmark/mp/train/sample_003721.npz,mp,gaps_and_forest,U,mp_gaps_and_forest,hard,hard,0,mp:train
train,sample_002909.npz,/home/zzy/TrajectoryPlanning/distill/data/benchmark/mp/train/sample_003722.npz,mp,gaps_and_forest,U,mp_gaps_and_forest,hard,hard,0,mp:train
train,sample_002910.npz,/home/zzy/TrajectoryPlanning/distill/data/benchmark/mp/train/sample_003723.npz,mp,gaps_and_forest,U,mp_gaps_and_forest,hard,hard,0,mp:train
train,sample_002911.npz,/home/zzy/TrajectoryPlanning/distill/data/benchmark/mp/train/sample_003724.npz,mp,gaps_and_forest,U,mp_gaps_and_forest,hard,hard,0,mp:train
train,sample_002912.npz,/home/zzy/TrajectoryPlanning/distill/data/benchmark/mp/train/sample_003726.npz,mp,gaps_and_forest,U,mp_gaps_and_forest,hard,hard,0,mp:train
train,sample_002913.npz,/home/zzy/TrajectoryPlanning/distill/data/benchmark/mp/train/sample_003728.npz,mp,gaps_and_forest,U,mp_gaps_and_forest,hard,hard,0,mp:train
train,sample_002914.npz,/home/zzy/TrajectoryPlanning/distill/data/benchmark/mp/train/sample_003730.npz,mp,gaps_and_forest,U,mp_gaps_and_forest,hard,hard,0,mp:train
train,sample_002915.npz,/home/zzy/TrajectoryPlanning/distill/data/benchmark/mp/train/sample_003731.npz,mp,gaps_and_forest,U,mp_gaps_and_forest,hard,hard,0,mp:train
train,sample_002916.npz,/home/zzy/TrajectoryPlanning/distill/data/benchmark/mp/train/sample_003732.npz,mp,gaps_and_forest,U,mp_gaps_and_forest,hard,hard,0,mp:train
train,sample_002917.npz,/home/zzy/TrajectoryPlanning/distill/data/benchmark/mp/train/sample_003734.npz,mp,gaps_and_forest,U,mp_gaps_and_forest,hard,hard,0,mp:train
train,sample_002918.npz,/home/zzy/TrajectoryPlanning/distill/data/benchmark/mp/train/sample_003735.npz,mp,gaps_and_forest,U,mp_gaps_and_forest,hard,hard,0,mp:train
train,sample_002919.npz,/home/zzy/TrajectoryPlanning/distill/data/benchmark/mp/train/sample_003736.npz,mp,gaps_and_forest,U,mp_gaps_and_forest,hard,hard,0,mp:train
train,sample_002920.npz,/home/zzy/TrajectoryPlanning/distill/data/benchmark/mp/train/sample_003737.npz,mp,gaps_and_forest,U,mp_gaps_and_forest,hard,hard,0,mp:train
train,sample_002921.npz,/home/zzy/TrajectoryPlanning/distill/data/benchmark/mp/train/sample_003738.npz,mp,gaps_and_forest,U,mp_gaps_and_forest,hard,hard,0,mp:train
train,sample_002922.npz,/home/zzy/TrajectoryPlanning/distill/data/benchmark/mp/train/sample_003739.npz,mp,gaps_and_forest,U,mp_gaps_and_forest,hard,hard,0,mp:train
train,sample_002923.npz,/home/zzy/TrajectoryPlanning/distill/data/benchmark/mp/train/sample_003741.npz,mp,gaps_and_forest,U,mp_gaps_and_forest,hard,hard,0,mp:train
train,sample_002924.npz,/home/zzy/TrajectoryPlanning/distill/data/benchmark/mp/train/sample_003742.npz,mp,gaps_and_forest,U,mp_gaps_and_forest,hard,hard,0,mp:train
train,sample_002925.npz,/home/zzy/TrajectoryPlanning/distill/data/benchmark/mp/train/sample_003743.npz,mp,gaps_and_forest,U,mp_gaps_and_forest,hard,hard,0,mp:train
train,sample_002926.npz,/home/zzy/TrajectoryPlanning/distill/data/benchmark/mp/train/sample_003744.npz,mp,gaps_and_forest,U,mp_gaps_and_forest,hard,hard,0,mp:train
train,sample_002927.npz,/home/zzy/TrajectoryPlanning/distill/data/benchmark/mp/train/sample_003745.npz,mp,gaps_and_forest,U,mp_gaps_and_forest,hard,hard,0,mp:train
train,sample_002928.npz,/home/zzy/TrajectoryPlanning/distill/data/benchmark/mp/train/sample_003746.npz,mp,gaps_and_forest,U,mp_gaps_and_forest,hard,hard,0,mp:train
train,sample_002929.npz,/home/zzy/TrajectoryPlanning/distill/data/benchmark/mp/train/sample_003747.npz,mp,gaps_and_forest,U,mp_gaps_and_forest,hard,hard,0,mp:train
train,sample_002930.npz,/home/zzy/TrajectoryPlanning/distill/data/benchmark/mp/train/sample_003748.npz,mp,gaps_and_forest,U,mp_gaps_and_forest,hard,hard,0,mp:train
train,sample_002931.npz,/home/zzy/TrajectoryPlanning/distill/data/benchmark/mp/train/sample_003749.npz,mp,gaps_and_forest,U,mp_gaps_and_forest,hard,hard,0,mp:train
train,sample_002932.npz,/home/zzy/TrajectoryPlanning/distill/data/benchmark/mp/train/sample_003750.npz,mp,gaps_and_forest,U,mp_gaps_and_forest,hard,hard,0,mp:train
train,sample_002933.npz,/home/zzy/TrajectoryPlanning/distill/data/benchmark/mp/train/sample_003751.npz,mp,gaps_and_forest,U,mp_gaps_and_forest,hard,hard,0,mp:train
train,sample_002934.npz,/home/zzy/TrajectoryPlanning/distill/data/benchmark/mp/train/sample_003752.npz,mp,gaps_and_forest,U,mp_gaps_and_forest,hard,hard,0,mp:train
train,sample_002935.npz,/home/zzy/TrajectoryPlanning/distill/data/benchmark/mp/train/sample_003753.npz,mp,gaps_and_forest,U,mp_gaps_and_forest,hard,hard,0,mp:train
train,sample_002936.npz,/home/zzy/TrajectoryPlanning/distill/data/benchmark/mp/train/sample_003754.npz,mp,gaps_and_forest,U,mp_gaps_and_forest,hard,hard,0,mp:train
train,sample_002937.npz,/home/zzy/TrajectoryPlanning/distill/data/benchmark/mp/train/sample_003755.npz,mp,gaps_and_forest,U,mp_gaps_and_forest,hard,hard,0,mp:train
train,sample_002938.npz,/home/zzy/TrajectoryPlanning/distill/data/benchmark/mp/train/sample_003756.npz,mp,gaps_and_forest,U,mp_gaps_and_forest,hard,hard,0,mp:train
train,sample_002939.npz,/home/zzy/TrajectoryPlanning/distill/data/benchmark/mp/train/sample_003757.npz,mp,gaps_and_forest,U,mp_gaps_and_forest,hard,hard,0,mp:train
train,sample_002940.npz,/home/zzy/TrajectoryPlanning/distill/data/benchmark/mp/train/sample_003758.npz,mp,gaps_and_forest,U,mp_gaps_and_forest,hard,hard,0,mp:train
train,sample_002941.npz,/home/zzy/TrajectoryPlanning/distill/data/benchmark/mp/train/sample_003761.npz,mp,gaps_and_forest,U,mp_gaps_and_forest,hard,hard,0,mp:train
train,sample_002942.npz,/home/zzy/TrajectoryPlanning/distill/data/benchmark/mp/train/sample_003762.npz,mp,gaps_and_forest,U,mp_gaps_and_forest,hard,hard,0,mp:train
train,sample_002943.npz,/home/zzy/TrajectoryPlanning/distill/data/benchmark/mp/train/sample_003763.npz,mp,gaps_and_forest,U,mp_gaps_and_forest,hard,hard,0,mp:train
train,sample_002944.npz,/home/zzy/TrajectoryPlanning/distill/data/benchmark/mp/train/sample_003764.npz,mp,gaps_and_forest,U,mp_gaps_and_forest,hard,hard,0,mp:train
train,sample_002945.npz,/home/zzy/TrajectoryPlanning/distill/data/benchmark/mp/train/sample_003765.npz,mp,gaps_and_forest,U,mp_gaps_and_forest,hard,hard,0,mp:train
train,sample_002946.npz,/home/zzy/TrajectoryPlanning/distill/data/benchmark/mp/train/sample_003766.npz,mp,gaps_and_forest,U,mp_gaps_and_forest,hard,hard,0,mp:train
train,sample_002947.npz,/home/zzy/TrajectoryPlanning/distill/data/benchmark/mp/train/sample_003767.npz,mp,gaps_and_forest,U,mp_gaps_and_forest,hard,hard,0,mp:train
train,sample_002948.npz,/home/zzy/TrajectoryPlanning/distill/data/benchmark/mp/train/sample_003768.npz,mp,gaps_and_forest,U,mp_gaps_and_forest,hard,hard,0,mp:train
train,sample_002949.npz,/home/zzy/TrajectoryPlanning/distill/data/benchmark/mp/train/sample_003769.npz,mp,gaps_and_forest,U,mp_gaps_and_forest,hard,hard,0,mp:train
train,sample_002950.npz,/home/zzy/TrajectoryPlanning/distill/data/benchmark/mp/train/sample_003770.npz,mp,gaps_and_forest,U,mp_gaps_and_forest,hard,hard,0,mp:train
train,sample_002951.npz,/home/zzy/TrajectoryPlanning/distill/data/benchmark/mp/train/sample_003771.npz,mp,gaps_and_forest,U,mp_gaps_and_forest,hard,hard,0,mp:train
train,sample_002952.npz,/home/zzy/TrajectoryPlanning/distill/data/benchmark/mp/train/sample_003772.npz,mp,gaps_and_forest,U,mp_gaps_and_forest,hard,hard,0,mp:train
train,sample_002953.npz,/home/zzy/TrajectoryPlanning/distill/data/benchmark/mp/train/sample_003773.npz,mp,gaps_and_forest,U,mp_gaps_and_forest,hard,hard,0,mp:train
train,sample_002954.npz,/home/zzy/TrajectoryPlanning/distill/data/benchmark/mp/train/sample_003774.npz,mp,gaps_and_forest,U,mp_gaps_and_forest,hard,hard,0,mp:train
train,sample_002955.npz,/home/zzy/TrajectoryPlanning/distill/data/benchmark/mp/train/sample_003775.npz,mp,gaps_and_forest,U,mp_gaps_and_forest,hard,hard,0,mp:train
train,sample_002956.npz,/home/zzy/TrajectoryPlanning/distill/data/benchmark/mp/train/sample_003776.npz,mp,gaps_and_forest,U,mp_gaps_and_forest,hard,hard,0,mp:train
train,sample_002957.npz,/home/zzy/TrajectoryPlanning/distill/data/benchmark/mp/train/sample_003777.npz,mp,gaps_and_forest,U,mp_gaps_and_forest,hard,hard,0,mp:train
train,sample_002958.npz,/home/zzy/TrajectoryPlanning/distill/data/benchmark/mp/train/sample_003778.npz,mp,gaps_and_forest,U,mp_gaps_and_forest,hard,hard,0,mp:train
train,sample_002959.npz,/home/zzy/TrajectoryPlanning/distill/data/benchmark/mp/train/sample_003779.npz,mp,gaps_and_forest,U,mp_gaps_and_forest,hard,hard,0,mp:train
train,sample_002960.npz,/home/zzy/TrajectoryPlanning/distill/data/benchmark/mp/train/sample_003780.npz,mp,gaps_and_forest,U,mp_gaps_and_forest,hard,hard,0,mp:train
train,sample_002961.npz,/home/zzy/TrajectoryPlanning/distill/data/benchmark/mp/train/sample_003781.npz,mp,gaps_and_forest,U,mp_gaps_and_forest,hard,hard,0,mp:train
train,sample_002962.npz,/home/zzy/TrajectoryPlanning/distill/data/benchmark/mp/train/sample_003782.npz,mp,gaps_and_forest,U,mp_gaps_and_forest,hard,hard,0,mp:train
train,sample_002963.npz,/home/zzy/TrajectoryPlanning/distill/data/benchmark/mp/train/sample_003783.npz,mp,gaps_and_forest,U,mp_gaps_and_forest,hard,hard,0,mp:train
train,sample_002964.npz,/home/zzy/TrajectoryPlanning/distill/data/benchmark/mp/train/sample_003784.npz,mp,gaps_and_forest,U,mp_gaps_and_forest,hard,hard,0,mp:train
train,sample_002965.npz,/home/zzy/TrajectoryPlanning/distill/data/benchmark/mp/train/sample_003785.npz,mp,gaps_and_forest,U,mp_gaps_and_forest,hard,hard,0,mp:train
train,sample_002966.npz,/home/zzy/TrajectoryPlanning/distill/data/benchmark/mp/train/sample_003786.npz,mp,gaps_and_forest,U,mp_gaps_and_forest,hard,hard,0,mp:train
train,sample_002967.npz,/home/zzy/TrajectoryPlanning/distill/data/benchmark/mp/train/sample_003789.npz,mp,gaps_and_forest,U,mp_gaps_and_forest,hard,hard,0,mp:train
train,sample_002968.npz,/home/zzy/TrajectoryPlanning/distill/data/benchmark/mp/train/sample_003791.npz,mp,gaps_and_forest,U,mp_gaps_and_forest,hard,hard,0,mp:train
train,sample_002969.npz,/home/zzy/TrajectoryPlanning/distill/data/benchmark/mp/train/sample_003792.npz,mp,gaps_and_forest,U,mp_gaps_and_forest,hard,hard,0,mp:train
train,sample_002970.npz,/home/zzy/TrajectoryPlanning/distill/data/benchmark/mp/train/sample_003793.npz,mp,gaps_and_forest,U,mp_gaps_and_forest,hard,hard,0,mp:train
train,sample_002971.npz,/home/zzy/TrajectoryPlanning/distill/data/benchmark/mp/train/sample_003794.npz,mp,gaps_and_forest,U,mp_gaps_and_forest,hard,hard,0,mp:train
train,sample_002972.npz,/home/zzy/TrajectoryPlanning/distill/data/benchmark/mp/train/sample_003795.npz,mp,gaps_and_forest,U,mp_gaps_and_forest,hard,hard,0,mp:train
train,sample_002973.npz,/home/zzy/TrajectoryPlanning/distill/data/benchmark/mp/train/sample_003796.npz,mp,gaps_and_forest,U,mp_gaps_and_forest,hard,hard,0,mp:train
train,sample_002974.npz,/home/zzy/TrajectoryPlanning/distill/data/benchmark/mp/train/sample_003797.npz,mp,gaps_and_forest,U,mp_gaps_and_forest,hard,hard,0,mp:train
train,sample_002975.npz,/home/zzy/TrajectoryPlanning/distill/data/benchmark/mp/train/sample_003798.npz,mp,gaps_and_forest,U,mp_gaps_and_forest,hard,hard,0,mp:train
train,sample_002976.npz,/home/zzy/TrajectoryPlanning/distill/data/benchmark/mp/train/sample_003800.npz,mp,gaps_and_forest,U,mp_gaps_and_forest,hard,hard,0,mp:train
train,sample_002977.npz,/home/zzy/TrajectoryPlanning/distill/data/benchmark/mp/train/sample_003801.npz,mp,gaps_and_forest,U,mp_gaps_and_forest,hard,hard,0,mp:train
train,sample_002978.npz,/home/zzy/TrajectoryPlanning/distill/data/benchmark/mp/train/sample_003802.npz,mp,gaps_and_forest,U,mp_gaps_and_forest,hard,hard,0,mp:train
train,sample_002979.npz,/home/zzy/TrajectoryPlanning/distill/data/benchmark/mp/train/sample_003803.npz,mp,gaps_and_forest,U,mp_gaps_and_forest,hard,hard,0,mp:train
train,sample_002980.npz,/home/zzy/TrajectoryPlanning/distill/data/benchmark/mp/train/sample_003804.npz,mp,gaps_and_forest,U,mp_gaps_and_forest,hard,hard,0,mp:train
train,sample_002981.npz,/home/zzy/TrajectoryPlanning/distill/data/benchmark/mp/train/sample_003806.npz,mp,gaps_and_forest,U,mp_gaps_and_forest,hard,hard,0,mp:train
train,sample_002982.npz,/home/zzy/TrajectoryPlanning/distill/data/benchmark/mp/train/sample_003807.npz,mp,gaps_and_forest,U,mp_gaps_and_forest,hard,hard,0,mp:train
train,sample_002983.npz,/home/zzy/TrajectoryPlanning/distill/data/benchmark/mp/train/sample_003810.npz,mp,gaps_and_forest,U,mp_gaps_and_forest,hard,hard,0,mp:train
train,sample_002984.npz,/home/zzy/TrajectoryPlanning/distill/data/benchmark/mp/train/sample_003812.npz,mp,gaps_and_forest,U,mp_gaps_and_forest,hard,hard,0,mp:train
train,sample_002985.npz,/home/zzy/TrajectoryPlanning/distill/data/benchmark/mp/train/sample_003813.npz,mp,gaps_and_forest,U,mp_gaps_and_forest,hard,hard,0,mp:train
train,sample_002986.npz,/home/zzy/TrajectoryPlanning/distill/data/benchmark/mp/train/sample_003814.npz,mp,gaps_and_forest,U,mp_gaps_and_forest,hard,hard,0,mp:train
train,sample_002987.npz,/home/zzy/TrajectoryPlanning/distill/data/benchmark/mp/train/sample_003819.npz,mp,gaps_and_forest,U,mp_gaps_and_forest,hard,hard,0,mp:train
train,sample_002988.npz,/home/zzy/TrajectoryPlanning/distill/data/benchmark/mp/train/sample_003820.npz,mp,gaps_and_forest,U,mp_gaps_and_forest,hard,hard,0,mp:train
train,sample_002989.npz,/home/zzy/TrajectoryPlanning/distill/data/benchmark/mp/train/sample_003821.npz,mp,gaps_and_forest,U,mp_gaps_and_forest,hard,hard,0,mp:train
train,sample_002990.npz,/home/zzy/TrajectoryPlanning/distill/data/benchmark/mp/train/sample_003823.npz,mp,gaps_and_forest,U,mp_gaps_and_forest,hard,hard,0,mp:train
train,sample_002991.npz,/home/zzy/TrajectoryPlanning/distill/data/benchmark/mp/train/sample_003824.npz,mp,gaps_and_forest,U,mp_gaps_and_forest,hard,hard,0,mp:train
train,sample_002992.npz,/home/zzy/TrajectoryPlanning/distill/data/benchmark/mp/train/sample_003825.npz,mp,gaps_and_forest,U,mp_gaps_and_forest,hard,hard,0,mp:train
train,sample_002993.npz,/home/zzy/TrajectoryPlanning/distill/data/benchmark/mp/train/sample_003826.npz,mp,gaps_and_forest,U,mp_gaps_and_forest,hard,hard,0,mp:train
train,sample_002994.npz,/home/zzy/TrajectoryPlanning/distill/data/benchmark/mp/train/sample_003827.npz,mp,gaps_and_forest,U,mp_gaps_and_forest,hard,hard,0,mp:train
train,sample_002995.npz,/home/zzy/TrajectoryPlanning/distill/data/benchmark/mp/train/sample_003828.npz,mp,gaps_and_forest,U,mp_gaps_and_forest,hard,hard,0,mp:train
train,sample_002996.npz,/home/zzy/TrajectoryPlanning/distill/data/benchmark/mp/train/sample_003830.npz,mp,gaps_and_forest,U,mp_gaps_and_forest,hard,hard,0,mp:train
train,sample_002997.npz,/home/zzy/TrajectoryPlanning/distill/data/benchmark/mp/train/sample_003831.npz,mp,gaps_and_forest,U,mp_gaps_and_forest,hard,hard,0,mp:train
train,sample_002998.npz,/home/zzy/TrajectoryPlanning/distill/data/benchmark/mp/train/sample_003832.npz,mp,gaps_and_forest,U,mp_gaps_and_forest,hard,hard,0,mp:train
train,sample_002999.npz,/home/zzy/TrajectoryPlanning/distill/data/benchmark/mp/train/sample_003833.npz,mp,gaps_and_forest,U,mp_gaps_and_forest,hard,hard,0,mp:train
train,sample_003000.npz,/home/zzy/TrajectoryPlanning/distill/data/benchmark/mp/train/sample_003834.npz,mp,gaps_and_forest,U,mp_gaps_and_forest,hard,hard,0,mp:train
train,sample_003001.npz,/home/zzy/TrajectoryPlanning/distill/data/benchmark/mp/train/sample_003835.npz,mp,gaps_and_forest,U,mp_gaps_and_forest,hard,hard,0,mp:train
train,sample_003002.npz,/home/zzy/TrajectoryPlanning/distill/data/benchmark/mp/train/sample_003836.npz,mp,gaps_and_forest,U,mp_gaps_and_forest,hard,hard,0,mp:train
train,sample_003003.npz,/home/zzy/TrajectoryPlanning/distill/data/benchmark/mp/train/sample_003837.npz,mp,gaps_and_forest,U,mp_gaps_and_forest,hard,hard,0,mp:train
train,sample_003004.npz,/home/zzy/TrajectoryPlanning/distill/data/benchmark/mp/train/sample_003839.npz,mp,gaps_and_forest,U,mp_gaps_and_forest,hard,hard,0,mp:train
train,sample_003005.npz,/home/zzy/TrajectoryPlanning/distill/data/benchmark/mp/train/sample_003841.npz,mp,gaps_and_forest,U,mp_gaps_and_forest,hard,hard,0,mp:train
train,sample_003006.npz,/home/zzy/TrajectoryPlanning/distill/data/benchmark/mp/train/sample_003842.npz,mp,gaps_and_forest,U,mp_gaps_and_forest,hard,hard,0,mp:train
train,sample_003007.npz,/home/zzy/TrajectoryPlanning/distill/data/benchmark/mp/train/sample_003843.npz,mp,gaps_and_forest,U,mp_gaps_and_forest,hard,hard,0,mp:train
train,sample_003008.npz,/home/zzy/TrajectoryPlanning/distill/data/benchmark/mp/train/sample_003844.npz,mp,gaps_and_forest,U,mp_gaps_and_forest,hard,hard,0,mp:train
train,sample_003009.npz,/home/zzy/TrajectoryPlanning/distill/data/benchmark/mp/train/sample_003846.npz,mp,gaps_and_forest,U,mp_gaps_and_forest,hard,hard,0,mp:train
train,sample_003010.npz,/home/zzy/TrajectoryPlanning/distill/data/benchmark/mp/train/sample_003847.npz,mp,gaps_and_forest,U,mp_gaps_and_forest,hard,hard,0,mp:train
train,sample_003011.npz,/home/zzy/TrajectoryPlanning/distill/data/benchmark/mp/train/sample_003848.npz,mp,gaps_and_forest,U,mp_gaps_and_forest,hard,hard,0,mp:train
train,sample_003012.npz,/home/zzy/TrajectoryPlanning/distill/data/benchmark/mp/train/sample_003849.npz,mp,gaps_and_forest,U,mp_gaps_and_forest,hard,hard,0,mp:train
train,sample_003013.npz,/home/zzy/TrajectoryPlanning/distill/data/benchmark/mp/train/sample_003850.npz,mp,gaps_and_forest,U,mp_gaps_and_forest,hard,hard,0,mp:train
train,sample_003014.npz,/home/zzy/TrajectoryPlanning/distill/data/benchmark/mp/train/sample_003852.npz,mp,gaps_and_forest,U,mp_gaps_and_forest,hard,hard,0,mp:train
train,sample_003015.npz,/home/zzy/TrajectoryPlanning/distill/data/benchmark/mp/train/sample_003853.npz,mp,gaps_and_forest,U,mp_gaps_and_forest,hard,hard,0,mp:train
train,sample_003016.npz,/home/zzy/TrajectoryPlanning/distill/data/benchmark/mp/train/sample_003855.npz,mp,gaps_and_forest,U,mp_gaps_and_forest,hard,hard,0,mp:train
train,sample_003017.npz,/home/zzy/TrajectoryPlanning/distill/data/benchmark/mp/train/sample_003856.npz,mp,gaps_and_forest,U,mp_gaps_and_forest,hard,hard,0,mp:train
train,sample_003018.npz,/home/zzy/TrajectoryPlanning/distill/data/benchmark/mp/train/sample_003857.npz,mp,gaps_and_forest,U,mp_gaps_and_forest,hard,hard,0,mp:train
train,sample_003019.npz,/home/zzy/TrajectoryPlanning/distill/data/benchmark/mp/train/sample_003859.npz,mp,gaps_and_forest,U,mp_gaps_and_forest,hard,hard,0,mp:train
train,sample_003020.npz,/home/zzy/TrajectoryPlanning/distill/data/benchmark/mp/train/sample_003860.npz,mp,gaps_and_forest,U,mp_gaps_and_forest,hard,hard,0,mp:train
train,sample_003021.npz,/home/zzy/TrajectoryPlanning/distill/data/benchmark/mp/train/sample_003861.npz,mp,gaps_and_forest,U,mp_gaps_and_forest,hard,hard,0,mp:train
train,sample_003022.npz,/home/zzy/TrajectoryPlanning/distill/data/benchmark/mp/train/sample_003862.npz,mp,gaps_and_forest,U,mp_gaps_and_forest,hard,hard,0,mp:train
train,sample_003023.npz,/home/zzy/TrajectoryPlanning/distill/data/benchmark/mp/train/sample_003863.npz,mp,gaps_and_forest,U,mp_gaps_and_forest,hard,hard,0,mp:train
train,sample_003024.npz,/home/zzy/TrajectoryPlanning/distill/data/benchmark/mp/train/sample_003864.npz,mp,gaps_and_forest,U,mp_gaps_and_forest,hard,hard,0,mp:train
train,sample_003025.npz,/home/zzy/TrajectoryPlanning/distill/data/benchmark/mp/train/sample_003865.npz,mp,gaps_and_forest,U,mp_gaps_and_forest,hard,hard,0,mp:train
train,sample_003026.npz,/home/zzy/TrajectoryPlanning/distill/data/benchmark/mp/train/sample_003866.npz,mp,gaps_and_forest,U,mp_gaps_and_forest,hard,hard,0,mp:train
train,sample_003027.npz,/home/zzy/TrajectoryPlanning/distill/data/benchmark/mp/train/sample_003867.npz,mp,gaps_and_forest,U,mp_gaps_and_forest,hard,hard,0,mp:train
train,sample_003028.npz,/home/zzy/TrajectoryPlanning/distill/data/benchmark/mp/train/sample_003868.npz,mp,gaps_and_forest,U,mp_gaps_and_forest,hard,hard,0,mp:train
train,sample_003029.npz,/home/zzy/TrajectoryPlanning/distill/data/benchmark/mp/train/sample_003869.npz,mp,gaps_and_forest,U,mp_gaps_and_forest,hard,hard,0,mp:train
train,sample_003030.npz,/home/zzy/TrajectoryPlanning/distill/data/benchmark/mp/train/sample_003870.npz,mp,gaps_and_forest,U,mp_gaps_and_forest,hard,hard,0,mp:train
train,sample_003031.npz,/home/zzy/TrajectoryPlanning/distill/data/benchmark/mp/train/sample_003871.npz,mp,gaps_and_forest,U,mp_gaps_and_forest,hard,hard,0,mp:train
train,sample_003032.npz,/home/zzy/TrajectoryPlanning/distill/data/benchmark/mp/train/sample_003872.npz,mp,gaps_and_forest,U,mp_gaps_and_forest,hard,hard,0,mp:train
train,sample_003033.npz,/home/zzy/TrajectoryPlanning/distill/data/benchmark/mp/train/sample_003874.npz,mp,gaps_and_forest,U,mp_gaps_and_forest,hard,hard,0,mp:train
train,sample_003034.npz,/home/zzy/TrajectoryPlanning/distill/data/benchmark/mp/train/sample_003875.npz,mp,gaps_and_forest,U,mp_gaps_and_forest,hard,hard,0,mp:train
train,sample_003035.npz,/home/zzy/TrajectoryPlanning/distill/data/benchmark/mp/train/sample_003876.npz,mp,gaps_and_forest,U,mp_gaps_and_forest,hard,hard,0,mp:train
train,sample_003036.npz,/home/zzy/TrajectoryPlanning/distill/data/benchmark/mp/train/sample_003877.npz,mp,gaps_and_forest,U,mp_gaps_and_forest,hard,hard,0,mp:train
train,sample_003037.npz,/home/zzy/TrajectoryPlanning/distill/data/benchmark/mp/train/sample_003879.npz,mp,gaps_and_forest,U,mp_gaps_and_forest,hard,hard,0,mp:train
train,sample_003038.npz,/home/zzy/TrajectoryPlanning/distill/data/benchmark/mp/train/sample_003880.npz,mp,gaps_and_forest,U,mp_gaps_and_forest,hard,hard,0,mp:train
train,sample_003039.npz,/home/zzy/TrajectoryPlanning/distill/data/benchmark/mp/train/sample_003881.npz,mp,gaps_and_forest,U,mp_gaps_and_forest,hard,hard,0,mp:train
train,sample_003040.npz,/home/zzy/TrajectoryPlanning/distill/data/benchmark/mp/train/sample_003883.npz,mp,gaps_and_forest,U,mp_gaps_and_forest,hard,hard,0,mp:train
train,sample_003041.npz,/home/zzy/TrajectoryPlanning/distill/data/benchmark/mp/train/sample_003885.npz,mp,gaps_and_forest,U,mp_gaps_and_forest,hard,hard,0,mp:train
train,sample_003042.npz,/home/zzy/TrajectoryPlanning/distill/data/benchmark/mp/train/sample_003886.npz,mp,gaps_and_forest,U,mp_gaps_and_forest,hard,hard,0,mp:train
train,sample_003043.npz,/home/zzy/TrajectoryPlanning/distill/data/benchmark/mp/train/sample_003887.npz,mp,gaps_and_forest,U,mp_gaps_and_forest,hard,hard,0,mp:train
train,sample_003044.npz,/home/zzy/TrajectoryPlanning/distill/data/benchmark/mp/train/sample_003888.npz,mp,gaps_and_forest,U,mp_gaps_and_forest,hard,hard,0,mp:train
train,sample_003045.npz,/home/zzy/TrajectoryPlanning/distill/data/benchmark/mp/train/sample_003889.npz,mp,gaps_and_forest,U,mp_gaps_and_forest,hard,hard,0,mp:train
train,sample_003046.npz,/home/zzy/TrajectoryPlanning/distill/data/benchmark/mp/train/sample_003890.npz,mp,gaps_and_forest,U,mp_gaps_and_forest,hard,hard,0,mp:train
train,sample_003047.npz,/home/zzy/TrajectoryPlanning/distill/data/benchmark/mp/train/sample_003891.npz,mp,gaps_and_forest,U,mp_gaps_and_forest,hard,hard,0,mp:train
train,sample_003048.npz,/home/zzy/TrajectoryPlanning/distill/data/benchmark/mp/train/sample_003892.npz,mp,gaps_and_forest,U,mp_gaps_and_forest,hard,hard,0,mp:train
train,sample_003049.npz,/home/zzy/TrajectoryPlanning/distill/data/benchmark/mp/train/sample_003893.npz,mp,gaps_and_forest,U,mp_gaps_and_forest,hard,hard,0,mp:train
train,sample_003050.npz,/home/zzy/TrajectoryPlanning/distill/data/benchmark/mp/train/sample_003894.npz,mp,gaps_and_forest,U,mp_gaps_and_forest,hard,hard,0,mp:train
train,sample_003051.npz,/home/zzy/TrajectoryPlanning/distill/data/benchmark/mp/train/sample_003895.npz,mp,gaps_and_forest,U,mp_gaps_and_forest,hard,hard,0,mp:train
train,sample_003052.npz,/home/zzy/TrajectoryPlanning/distill/data/benchmark/mp/train/sample_003896.npz,mp,gaps_and_forest,U,mp_gaps_and_forest,hard,hard,0,mp:train
train,sample_003053.npz,/home/zzy/TrajectoryPlanning/distill/data/benchmark/mp/train/sample_003897.npz,mp,gaps_and_forest,U,mp_gaps_and_forest,hard,hard,0,mp:train
train,sample_003054.npz,/home/zzy/TrajectoryPlanning/distill/data/benchmark/mp/train/sample_003898.npz,mp,gaps_and_forest,U,mp_gaps_and_forest,hard,hard,0,mp:train
train,sample_003055.npz,/home/zzy/TrajectoryPlanning/distill/data/benchmark/mp/train/sample_003899.npz,mp,gaps_and_forest,U,mp_gaps_and_forest,hard,hard,0,mp:train
train,sample_003056.npz,/home/zzy/TrajectoryPlanning/distill/data/benchmark/mp/train/sample_003900.npz,mp,gaps_and_forest,U,mp_gaps_and_forest,hard,hard,0,mp:train
train,sample_003057.npz,/home/zzy/TrajectoryPlanning/distill/data/benchmark/mp/train/sample_003902.npz,mp,gaps_and_forest,U,mp_gaps_and_forest,hard,hard,0,mp:train
train,sample_003058.npz,/home/zzy/TrajectoryPlanning/distill/data/benchmark/mp/train/sample_003903.npz,mp,gaps_and_forest,U,mp_gaps_and_forest,hard,hard,0,mp:train
train,sample_003059.npz,/home/zzy/TrajectoryPlanning/distill/data/benchmark/mp/train/sample_003904.npz,mp,gaps_and_forest,U,mp_gaps_and_forest,hard,hard,0,mp:train
train,sample_003060.npz,/home/zzy/TrajectoryPlanning/distill/data/benchmark/mp/train/sample_003905.npz,mp,gaps_and_forest,U,mp_gaps_and_forest,hard,hard,0,mp:train
train,sample_003061.npz,/home/zzy/TrajectoryPlanning/distill/data/benchmark/mp/train/sample_003906.npz,mp,gaps_and_forest,U,mp_gaps_and_forest,hard,hard,0,mp:train
train,sample_003062.npz,/home/zzy/TrajectoryPlanning/distill/data/benchmark/mp/train/sample_003907.npz,mp,gaps_and_forest,U,mp_gaps_and_forest,hard,hard,0,mp:train
train,sample_003063.npz,/home/zzy/TrajectoryPlanning/distill/data/benchmark/mp/train/sample_003908.npz,mp,gaps_and_forest,U,mp_gaps_and_forest,hard,hard,0,mp:train
train,sample_003064.npz,/home/zzy/TrajectoryPlanning/distill/data/benchmark/mp/train/sample_003909.npz,mp,gaps_and_forest,U,mp_gaps_and_forest,hard,hard,0,mp:train
train,sample_003065.npz,/home/zzy/TrajectoryPlanning/distill/data/benchmark/mp/train/sample_003910.npz,mp,gaps_and_forest,U,mp_gaps_and_forest,hard,hard,0,mp:train
train,sample_003066.npz,/home/zzy/TrajectoryPlanning/distill/data/benchmark/mp/train/sample_003913.npz,mp,gaps_and_forest,U,mp_gaps_and_forest,hard,hard,0,mp:train
train,sample_003067.npz,/home/zzy/TrajectoryPlanning/distill/data/benchmark/mp/train/sample_003914.npz,mp,gaps_and_forest,U,mp_gaps_and_forest,hard,hard,0,mp:train
train,sample_003068.npz,/home/zzy/TrajectoryPlanning/distill/data/benchmark/mp/train/sample_003915.npz,mp,gaps_and_forest,U,mp_gaps_and_forest,hard,hard,0,mp:train
train,sample_003069.npz,/home/zzy/TrajectoryPlanning/distill/data/benchmark/mp/train/sample_003916.npz,mp,gaps_and_forest,U,mp_gaps_and_forest,hard,hard,0,mp:train
train,sample_003070.npz,/home/zzy/TrajectoryPlanning/distill/data/benchmark/mp/train/sample_003918.npz,mp,gaps_and_forest,U,mp_gaps_and_forest,hard,hard,0,mp:train
train,sample_003071.npz,/home/zzy/TrajectoryPlanning/distill/data/benchmark/mp/train/sample_003919.npz,mp,gaps_and_forest,U,mp_gaps_and_forest,hard,hard,0,mp:train
train,sample_003072.npz,/home/zzy/TrajectoryPlanning/distill/data/benchmark/mp/train/sample_003923.npz,mp,gaps_and_forest,U,mp_gaps_and_forest,hard,hard,0,mp:train
train,sample_003073.npz,/home/zzy/TrajectoryPlanning/distill/data/benchmark/mp/train/sample_003924.npz,mp,gaps_and_forest,U,mp_gaps_and_forest,hard,hard,0,mp:train
train,sample_003074.npz,/home/zzy/TrajectoryPlanning/distill/data/benchmark/mp/train/sample_003925.npz,mp,gaps_and_forest,U,mp_gaps_and_forest,hard,hard,0,mp:train
train,sample_003075.npz,/home/zzy/TrajectoryPlanning/distill/data/benchmark/mp/train/sample_003926.npz,mp,gaps_and_forest,U,mp_gaps_and_forest,hard,hard,0,mp:train
train,sample_003076.npz,/home/zzy/TrajectoryPlanning/distill/data/benchmark/mp/train/sample_003927.npz,mp,gaps_and_forest,U,mp_gaps_and_forest,hard,hard,0,mp:train
train,sample_003077.npz,/home/zzy/TrajectoryPlanning/distill/data/benchmark/mp/train/sample_003928.npz,mp,gaps_and_forest,U,mp_gaps_and_forest,hard,hard,0,mp:train
train,sample_003078.npz,/home/zzy/TrajectoryPlanning/distill/data/benchmark/mp/train/sample_003929.npz,mp,gaps_and_forest,U,mp_gaps_and_forest,hard,hard,0,mp:train
train,sample_003079.npz,/home/zzy/TrajectoryPlanning/distill/data/benchmark/mp/train/sample_003930.npz,mp,gaps_and_forest,U,mp_gaps_and_forest,hard,hard,0,mp:train
train,sample_003080.npz,/home/zzy/TrajectoryPlanning/distill/data/benchmark/mp/train/sample_003932.npz,mp,gaps_and_forest,U,mp_gaps_and_forest,hard,hard,0,mp:train
train,sample_003081.npz,/home/zzy/TrajectoryPlanning/distill/data/benchmark/mp/train/sample_003933.npz,mp,gaps_and_forest,U,mp_gaps_and_forest,hard,hard,0,mp:train
train,sample_003082.npz,/home/zzy/TrajectoryPlanning/distill/data/benchmark/mp/train/sample_003935.npz,mp,gaps_and_forest,U,mp_gaps_and_forest,hard,hard,0,mp:train
train,sample_003083.npz,/home/zzy/TrajectoryPlanning/distill/data/benchmark/mp/train/sample_003936.npz,mp,gaps_and_forest,U,mp_gaps_and_forest,hard,hard,0,mp:train
train,sample_003084.npz,/home/zzy/TrajectoryPlanning/distill/data/benchmark/mp/train/sample_003937.npz,mp,gaps_and_forest,U,mp_gaps_and_forest,hard,hard,0,mp:train
train,sample_003085.npz,/home/zzy/TrajectoryPlanning/distill/data/benchmark/mp/train/sample_003938.npz,mp,gaps_and_forest,U,mp_gaps_and_forest,hard,hard,0,mp:train
train,sample_003086.npz,/home/zzy/TrajectoryPlanning/distill/data/benchmark/mp/train/sample_003939.npz,mp,gaps_and_forest,U,mp_gaps_and_forest,hard,hard,0,mp:train
train,sample_003087.npz,/home/zzy/TrajectoryPlanning/distill/data/benchmark/mp/train/sample_003943.npz,mp,gaps_and_forest,U,mp_gaps_and_forest,hard,hard,0,mp:train
train,sample_003088.npz,/home/zzy/TrajectoryPlanning/distill/data/benchmark/mp/train/sample_003945.npz,mp,gaps_and_forest,U,mp_gaps_and_forest,hard,hard,0,mp:train
train,sample_003089.npz,/home/zzy/TrajectoryPlanning/distill/data/benchmark/mp/train/sample_003946.npz,mp,gaps_and_forest,U,mp_gaps_and_forest,hard,hard,0,mp:train
train,sample_003090.npz,/home/zzy/TrajectoryPlanning/distill/data/benchmark/mp/train/sample_003947.npz,mp,gaps_and_forest,U,mp_gaps_and_forest,hard,hard,0,mp:train
train,sample_003091.npz,/home/zzy/TrajectoryPlanning/distill/data/benchmark/mp/train/sample_003948.npz,mp,gaps_and_forest,U,mp_gaps_and_forest,hard,hard,0,mp:train
train,sample_003092.npz,/home/zzy/TrajectoryPlanning/distill/data/benchmark/mp/train/sample_003951.npz,mp,gaps_and_forest,U,mp_gaps_and_forest,hard,hard,0,mp:train
train,sample_003093.npz,/home/zzy/TrajectoryPlanning/distill/data/benchmark/mp/train/sample_003952.npz,mp,gaps_and_forest,U,mp_gaps_and_forest,hard,hard,0,mp:train
train,sample_003094.npz,/home/zzy/TrajectoryPlanning/distill/data/benchmark/mp/train/sample_003953.npz,mp,gaps_and_forest,U,mp_gaps_and_forest,hard,hard,0,mp:train
train,sample_003095.npz,/home/zzy/TrajectoryPlanning/distill/data/benchmark/mp/train/sample_003954.npz,mp,gaps_and_forest,U,mp_gaps_and_forest,hard,hard,0,mp:train
train,sample_003096.npz,/home/zzy/TrajectoryPlanning/distill/data/benchmark/mp/train/sample_003955.npz,mp,gaps_and_forest,U,mp_gaps_and_forest,hard,hard,0,mp:train
train,sample_003097.npz,/home/zzy/TrajectoryPlanning/distill/data/benchmark/mp/train/sample_003956.npz,mp,gaps_and_forest,U,mp_gaps_and_forest,hard,hard,0,mp:train
train,sample_003098.npz,/home/zzy/TrajectoryPlanning/distill/data/benchmark/mp/train/sample_003957.npz,mp,gaps_and_forest,U,mp_gaps_and_forest,hard,hard,0,mp:train
train,sample_003099.npz,/home/zzy/TrajectoryPlanning/distill/data/benchmark/mp/train/sample_003958.npz,mp,gaps_and_forest,U,mp_gaps_and_forest,hard,hard,0,mp:train
train,sample_003100.npz,/home/zzy/TrajectoryPlanning/distill/data/benchmark/mp/train/sample_003960.npz,mp,gaps_and_forest,U,mp_gaps_and_forest,hard,hard,0,mp:train
train,sample_003101.npz,/home/zzy/TrajectoryPlanning/distill/data/benchmark/mp/train/sample_003961.npz,mp,gaps_and_forest,U,mp_gaps_and_forest,hard,hard,0,mp:train
train,sample_003102.npz,/home/zzy/TrajectoryPlanning/distill/data/benchmark/mp/train/sample_003962.npz,mp,gaps_and_forest,U,mp_gaps_and_forest,hard,hard,0,mp:train
train,sample_003103.npz,/home/zzy/TrajectoryPlanning/distill/data/benchmark/mp/train/sample_003963.npz,mp,gaps_and_forest,U,mp_gaps_and_forest,hard,hard,0,mp:train
train,sample_003104.npz,/home/zzy/TrajectoryPlanning/distill/data/benchmark/mp/train/sample_003965.npz,mp,gaps_and_forest,U,mp_gaps_and_forest,hard,hard,0,mp:train
train,sample_003105.npz,/home/zzy/TrajectoryPlanning/distill/data/benchmark/mp/train/sample_003966.npz,mp,gaps_and_forest,U,mp_gaps_and_forest,hard,hard,0,mp:train
train,sample_003106.npz,/home/zzy/TrajectoryPlanning/distill/data/benchmark/mp/train/sample_003967.npz,mp,gaps_and_forest,U,mp_gaps_and_forest,hard,hard,0,mp:train
train,sample_003107.npz,/home/zzy/TrajectoryPlanning/distill/data/benchmark/mp/train/sample_003969.npz,mp,gaps_and_forest,U,mp_gaps_and_forest,hard,hard,0,mp:train
train,sample_003108.npz,/home/zzy/TrajectoryPlanning/distill/data/benchmark/mp/train/sample_003970.npz,mp,gaps_and_forest,U,mp_gaps_and_forest,hard,hard,0,mp:train
train,sample_003109.npz,/home/zzy/TrajectoryPlanning/distill/data/benchmark/mp/train/sample_003971.npz,mp,gaps_and_forest,U,mp_gaps_and_forest,hard,hard,0,mp:train
train,sample_003110.npz,/home/zzy/TrajectoryPlanning/distill/data/benchmark/mp/train/sample_003973.npz,mp,gaps_and_forest,U,mp_gaps_and_forest,hard,hard,0,mp:train
train,sample_003111.npz,/home/zzy/TrajectoryPlanning/distill/data/benchmark/mp/train/sample_003974.npz,mp,gaps_and_forest,U,mp_gaps_and_forest,hard,hard,0,mp:train
train,sample_003112.npz,/home/zzy/TrajectoryPlanning/distill/data/benchmark/mp/train/sample_003975.npz,mp,gaps_and_forest,U,mp_gaps_and_forest,hard,hard,0,mp:train
train,sample_003113.npz,/home/zzy/TrajectoryPlanning/distill/data/benchmark/mp/train/sample_003977.npz,mp,gaps_and_forest,U,mp_gaps_and_forest,hard,hard,0,mp:train
train,sample_003114.npz,/home/zzy/TrajectoryPlanning/distill/data/benchmark/mp/train/sample_003978.npz,mp,gaps_and_forest,U,mp_gaps_and_forest,hard,hard,0,mp:train
train,sample_003115.npz,/home/zzy/TrajectoryPlanning/distill/data/benchmark/mp/train/sample_003979.npz,mp,gaps_and_forest,U,mp_gaps_and_forest,hard,hard,0,mp:train
train,sample_003116.npz,/home/zzy/TrajectoryPlanning/distill/data/benchmark/mp/train/sample_003980.npz,mp,gaps_and_forest,U,mp_gaps_and_forest,hard,hard,0,mp:train
train,sample_003117.npz,/home/zzy/TrajectoryPlanning/distill/data/benchmark/mp/train/sample_003981.npz,mp,gaps_and_forest,U,mp_gaps_and_forest,hard,hard,0,mp:train
train,sample_003118.npz,/home/zzy/TrajectoryPlanning/distill/data/benchmark/mp/train/sample_003982.npz,mp,gaps_and_forest,U,mp_gaps_and_forest,hard,hard,0,mp:train
train,sample_003119.npz,/home/zzy/TrajectoryPlanning/distill/data/benchmark/mp/train/sample_003983.npz,mp,gaps_and_forest,U,mp_gaps_and_forest,hard,hard,0,mp:train
train,sample_003120.npz,/home/zzy/TrajectoryPlanning/distill/data/benchmark/mp/train/sample_003984.npz,mp,gaps_and_forest,U,mp_gaps_and_forest,hard,hard,0,mp:train
train,sample_003121.npz,/home/zzy/TrajectoryPlanning/distill/data/benchmark/mp/train/sample_003985.npz,mp,gaps_and_forest,U,mp_gaps_and_forest,hard,hard,0,mp:train
train,sample_003122.npz,/home/zzy/TrajectoryPlanning/distill/data/benchmark/mp/train/sample_003986.npz,mp,gaps_and_forest,U,mp_gaps_and_forest,hard,hard,0,mp:train
train,sample_003123.npz,/home/zzy/TrajectoryPlanning/distill/data/benchmark/mp/train/sample_003988.npz,mp,gaps_and_forest,U,mp_gaps_and_forest,hard,hard,0,mp:train
train,sample_003124.npz,/home/zzy/TrajectoryPlanning/distill/data/benchmark/mp/train/sample_003989.npz,mp,gaps_and_forest,U,mp_gaps_and_forest,hard,hard,0,mp:train
train,sample_003125.npz,/home/zzy/TrajectoryPlanning/distill/data/benchmark/mp/train/sample_003990.npz,mp,gaps_and_forest,U,mp_gaps_and_forest,hard,hard,0,mp:train
train,sample_003126.npz,/home/zzy/TrajectoryPlanning/distill/data/benchmark/mp/train/sample_003991.npz,mp,gaps_and_forest,U,mp_gaps_and_forest,hard,hard,0,mp:train
train,sample_003127.npz,/home/zzy/TrajectoryPlanning/distill/data/benchmark/mp/train/sample_003992.npz,mp,gaps_and_forest,U,mp_gaps_and_forest,hard,hard,0,mp:train
train,sample_003128.npz,/home/zzy/TrajectoryPlanning/distill/data/benchmark/mp/train/sample_003993.npz,mp,gaps_and_forest,U,mp_gaps_and_forest,hard,hard,0,mp:train
train,sample_003129.npz,/home/zzy/TrajectoryPlanning/distill/data/benchmark/mp/train/sample_003998.npz,mp,gaps_and_forest,U,mp_gaps_and_forest,hard,hard,0,mp:train
train,sample_003130.npz,/home/zzy/TrajectoryPlanning/distill/data/benchmark/mp/train/sample_003999.npz,mp,gaps_and_forest,U,mp_gaps_and_forest,hard,hard,0,mp:train
train,sample_003131.npz,/home/zzy/TrajectoryPlanning/distill/data/benchmark/mp/test/sample_000100.npz,mp,mazes,U,mp_mazes,hard,hard,0,mp:test
train,sample_003132.npz,/home/zzy/TrajectoryPlanning/distill/data/benchmark/mp/test/sample_000102.npz,mp,mazes,U,mp_mazes,hard,hard,0,mp:test
train,sample_003133.npz,/home/zzy/TrajectoryPlanning/distill/data/benchmark/mp/test/sample_000103.npz,mp,mazes,U,mp_mazes,hard,hard,0,mp:test
train,sample_003134.npz,/home/zzy/TrajectoryPlanning/distill/data/benchmark/mp/test/sample_000104.npz,mp,mazes,U,mp_mazes,hard,hard,0,mp:test
train,sample_003135.npz,/home/zzy/TrajectoryPlanning/distill/data/benchmark/mp/test/sample_000105.npz,mp,mazes,U,mp_mazes,hard,hard,0,mp:test
train,sample_003136.npz,/home/zzy/TrajectoryPlanning/distill/data/benchmark/mp/test/sample_000106.npz,mp,mazes,U,mp_mazes,hard,hard,0,mp:test
train,sample_003137.npz,/home/zzy/TrajectoryPlanning/distill/data/benchmark/mp/test/sample_000107.npz,mp,mazes,U,mp_mazes,hard,hard,0,mp:test
train,sample_003138.npz,/home/zzy/TrajectoryPlanning/distill/data/benchmark/mp/test/sample_000108.npz,mp,mazes,U,mp_mazes,hard,hard,0,mp:test
train,sample_003139.npz,/home/zzy/TrajectoryPlanning/distill/data/benchmark/mp/test/sample_000109.npz,mp,mazes,U,mp_mazes,hard,hard,0,mp:test
train,sample_003140.npz,/home/zzy/TrajectoryPlanning/distill/data/benchmark/mp/test/sample_000110.npz,mp,mazes,U,mp_mazes,hard,hard,0,mp:test
train,sample_003141.npz,/home/zzy/TrajectoryPlanning/distill/data/benchmark/mp/test/sample_000111.npz,mp,mazes,U,mp_mazes,hard,hard,0,mp:test
train,sample_003142.npz,/home/zzy/TrajectoryPlanning/distill/data/benchmark/mp/test/sample_000112.npz,mp,mazes,U,mp_mazes,hard,hard,0,mp:test
train,sample_003143.npz,/home/zzy/TrajectoryPlanning/distill/data/benchmark/mp/test/sample_000113.npz,mp,mazes,U,mp_mazes,hard,hard,0,mp:test
train,sample_003144.npz,/home/zzy/TrajectoryPlanning/distill/data/benchmark/mp/test/sample_000114.npz,mp,mazes,U,mp_mazes,hard,hard,0,mp:test
train,sample_003145.npz,/home/zzy/TrajectoryPlanning/distill/data/benchmark/mp/test/sample_000115.npz,mp,mazes,U,mp_mazes,hard,hard,0,mp:test
train,sample_003146.npz,/home/zzy/TrajectoryPlanning/distill/data/benchmark/mp/test/sample_000116.npz,mp,mazes,U,mp_mazes,hard,hard,0,mp:test
train,sample_003147.npz,/home/zzy/TrajectoryPlanning/distill/data/benchmark/mp/test/sample_000117.npz,mp,mazes,U,mp_mazes,hard,hard,0,mp:test
train,sample_003148.npz,/home/zzy/TrajectoryPlanning/distill/data/benchmark/mp/test/sample_000118.npz,mp,mazes,U,mp_mazes,hard,hard,0,mp:test
train,sample_003149.npz,/home/zzy/TrajectoryPlanning/distill/data/benchmark/mp/test/sample_000119.npz,mp,mazes,U,mp_mazes,hard,hard,0,mp:test
train,sample_003150.npz,/home/zzy/TrajectoryPlanning/distill/data/benchmark/mp/test/sample_000120.npz,mp,mazes,U,mp_mazes,hard,hard,0,mp:test
train,sample_003151.npz,/home/zzy/TrajectoryPlanning/distill/data/benchmark/mp/test/sample_000121.npz,mp,mazes,U,mp_mazes,hard,hard,0,mp:test
train,sample_003152.npz,/home/zzy/TrajectoryPlanning/distill/data/benchmark/mp/test/sample_000122.npz,mp,mazes,U,mp_mazes,hard,hard,0,mp:test
train,sample_003153.npz,/home/zzy/TrajectoryPlanning/distill/data/benchmark/mp/test/sample_000123.npz,mp,mazes,U,mp_mazes,hard,hard,0,mp:test
train,sample_003154.npz,/home/zzy/TrajectoryPlanning/distill/data/benchmark/mp/test/sample_000124.npz,mp,mazes,U,mp_mazes,hard,hard,0,mp:test
train,sample_003155.npz,/home/zzy/TrajectoryPlanning/distill/data/benchmark/mp/test/sample_000125.npz,mp,mazes,U,mp_mazes,hard,hard,0,mp:test
train,sample_003156.npz,/home/zzy/TrajectoryPlanning/distill/data/benchmark/mp/test/sample_000126.npz,mp,mazes,U,mp_mazes,hard,hard,0,mp:test
train,sample_003157.npz,/home/zzy/TrajectoryPlanning/distill/data/benchmark/mp/test/sample_000127.npz,mp,mazes,U,mp_mazes,hard,hard,0,mp:test
train,sample_003158.npz,/home/zzy/TrajectoryPlanning/distill/data/benchmark/mp/test/sample_000128.npz,mp,mazes,U,mp_mazes,hard,hard,0,mp:test
train,sample_003159.npz,/home/zzy/TrajectoryPlanning/distill/data/benchmark/mp/test/sample_000129.npz,mp,mazes,U,mp_mazes,hard,hard,0,mp:test
train,sample_003160.npz,/home/zzy/TrajectoryPlanning/distill/data/benchmark/mp/test/sample_000132.npz,mp,mazes,U,mp_mazes,hard,hard,0,mp:test
train,sample_003161.npz,/home/zzy/TrajectoryPlanning/distill/data/benchmark/mp/test/sample_000133.npz,mp,mazes,U,mp_mazes,hard,hard,0,mp:test
train,sample_003162.npz,/home/zzy/TrajectoryPlanning/distill/data/benchmark/mp/test/sample_000134.npz,mp,mazes,U,mp_mazes,hard,hard,0,mp:test
train,sample_003163.npz,/home/zzy/TrajectoryPlanning/distill/data/benchmark/mp/test/sample_000135.npz,mp,mazes,U,mp_mazes,hard,hard,0,mp:test
train,sample_003164.npz,/home/zzy/TrajectoryPlanning/distill/data/benchmark/mp/test/sample_000136.npz,mp,mazes,U,mp_mazes,hard,hard,0,mp:test
train,sample_003165.npz,/home/zzy/TrajectoryPlanning/distill/data/benchmark/mp/test/sample_000138.npz,mp,mazes,U,mp_mazes,hard,hard,0,mp:test
train,sample_003166.npz,/home/zzy/TrajectoryPlanning/distill/data/benchmark/mp/test/sample_000139.npz,mp,mazes,U,mp_mazes,hard,hard,0,mp:test
train,sample_003167.npz,/home/zzy/TrajectoryPlanning/distill/data/benchmark/mp/test/sample_000140.npz,mp,mazes,U,mp_mazes,hard,hard,0,mp:test
train,sample_003168.npz,/home/zzy/TrajectoryPlanning/distill/data/benchmark/mp/test/sample_000142.npz,mp,mazes,U,mp_mazes,hard,hard,0,mp:test
train,sample_003169.npz,/home/zzy/TrajectoryPlanning/distill/data/benchmark/mp/test/sample_000145.npz,mp,mazes,U,mp_mazes,hard,hard,0,mp:test
train,sample_003170.npz,/home/zzy/TrajectoryPlanning/distill/data/benchmark/mp/test/sample_000146.npz,mp,mazes,U,mp_mazes,hard,hard,0,mp:test
train,sample_003171.npz,/home/zzy/TrajectoryPlanning/distill/data/benchmark/mp/test/sample_000147.npz,mp,mazes,U,mp_mazes,hard,hard,0,mp:test
train,sample_003172.npz,/home/zzy/TrajectoryPlanning/distill/data/benchmark/mp/test/sample_000148.npz,mp,mazes,U,mp_mazes,hard,hard,0,mp:test
train,sample_003173.npz,/home/zzy/TrajectoryPlanning/distill/data/benchmark/mp/test/sample_000150.npz,mp,mazes,U,mp_mazes,hard,hard,0,mp:test
train,sample_003174.npz,/home/zzy/TrajectoryPlanning/distill/data/benchmark/mp/test/sample_000152.npz,mp,mazes,U,mp_mazes,hard,hard,0,mp:test
train,sample_003175.npz,/home/zzy/TrajectoryPlanning/distill/data/benchmark/mp/test/sample_000153.npz,mp,mazes,U,mp_mazes,hard,hard,0,mp:test
train,sample_003176.npz,/home/zzy/TrajectoryPlanning/distill/data/benchmark/mp/test/sample_000154.npz,mp,mazes,U,mp_mazes,hard,hard,0,mp:test
train,sample_003177.npz,/home/zzy/TrajectoryPlanning/distill/data/benchmark/mp/test/sample_000155.npz,mp,mazes,U,mp_mazes,hard,hard,0,mp:test
train,sample_003178.npz,/home/zzy/TrajectoryPlanning/distill/data/benchmark/mp/test/sample_000156.npz,mp,mazes,U,mp_mazes,hard,hard,0,mp:test
train,sample_003179.npz,/home/zzy/TrajectoryPlanning/distill/data/benchmark/mp/test/sample_000157.npz,mp,mazes,U,mp_mazes,hard,hard,0,mp:test
train,sample_003180.npz,/home/zzy/TrajectoryPlanning/distill/data/benchmark/mp/test/sample_000158.npz,mp,mazes,U,mp_mazes,hard,hard,0,mp:test
train,sample_003181.npz,/home/zzy/TrajectoryPlanning/distill/data/benchmark/mp/test/sample_000159.npz,mp,mazes,U,mp_mazes,hard,hard,0,mp:test
train,sample_003182.npz,/home/zzy/TrajectoryPlanning/distill/data/benchmark/mp/test/sample_000160.npz,mp,mazes,U,mp_mazes,hard,hard,0,mp:test
train,sample_003183.npz,/home/zzy/TrajectoryPlanning/distill/data/benchmark/mp/test/sample_000161.npz,mp,mazes,U,mp_mazes,hard,hard,0,mp:test
train,sample_003184.npz,/home/zzy/TrajectoryPlanning/distill/data/benchmark/mp/test/sample_000162.npz,mp,mazes,U,mp_mazes,hard,hard,0,mp:test
train,sample_003185.npz,/home/zzy/TrajectoryPlanning/distill/data/benchmark/mp/test/sample_000164.npz,mp,mazes,U,mp_mazes,hard,hard,0,mp:test
train,sample_003186.npz,/home/zzy/TrajectoryPlanning/distill/data/benchmark/mp/test/sample_000165.npz,mp,mazes,U,mp_mazes,hard,hard,0,mp:test
train,sample_003187.npz,/home/zzy/TrajectoryPlanning/distill/data/benchmark/mp/test/sample_000167.npz,mp,mazes,U,mp_mazes,hard,hard,0,mp:test
train,sample_003188.npz,/home/zzy/TrajectoryPlanning/distill/data/benchmark/mp/test/sample_000168.npz,mp,mazes,U,mp_mazes,hard,hard,0,mp:test
train,sample_003189.npz,/home/zzy/TrajectoryPlanning/distill/data/benchmark/mp/test/sample_000169.npz,mp,mazes,U,mp_mazes,hard,hard,0,mp:test
train,sample_003190.npz,/home/zzy/TrajectoryPlanning/distill/data/benchmark/mp/test/sample_000170.npz,mp,mazes,U,mp_mazes,hard,hard,0,mp:test
train,sample_003191.npz,/home/zzy/TrajectoryPlanning/distill/data/benchmark/mp/test/sample_000171.npz,mp,mazes,U,mp_mazes,hard,hard,0,mp:test
train,sample_003192.npz,/home/zzy/TrajectoryPlanning/distill/data/benchmark/mp/test/sample_000173.npz,mp,mazes,U,mp_mazes,hard,hard,0,mp:test
train,sample_003193.npz,/home/zzy/TrajectoryPlanning/distill/data/benchmark/mp/test/sample_000174.npz,mp,mazes,U,mp_mazes,hard,hard,0,mp:test
train,sample_003194.npz,/home/zzy/TrajectoryPlanning/distill/data/benchmark/mp/test/sample_000175.npz,mp,mazes,U,mp_mazes,hard,hard,0,mp:test
train,sample_003195.npz,/home/zzy/TrajectoryPlanning/distill/data/benchmark/mp/test/sample_000176.npz,mp,mazes,U,mp_mazes,hard,hard,0,mp:test
train,sample_003196.npz,/home/zzy/TrajectoryPlanning/distill/data/benchmark/mp/test/sample_000178.npz,mp,mazes,U,mp_mazes,hard,hard,0,mp:test
train,sample_003197.npz,/home/zzy/TrajectoryPlanning/distill/data/benchmark/mp/test/sample_000179.npz,mp,mazes,U,mp_mazes,hard,hard,0,mp:test
train,sample_003198.npz,/home/zzy/TrajectoryPlanning/distill/data/benchmark/mp/test/sample_000180.npz,mp,mazes,U,mp_mazes,hard,hard,0,mp:test
train,sample_003199.npz,/home/zzy/TrajectoryPlanning/distill/data/benchmark/mp/test/sample_000181.npz,mp,mazes,U,mp_mazes,hard,hard,0,mp:test
train,sample_003200.npz,/home/zzy/TrajectoryPlanning/distill/data/benchmark/mp/test/sample_000183.npz,mp,mazes,U,mp_mazes,hard,hard,0,mp:test
train,sample_003201.npz,/home/zzy/TrajectoryPlanning/distill/data/benchmark/mp/test/sample_000185.npz,mp,mazes,U,mp_mazes,hard,hard,0,mp:test
train,sample_003202.npz,/home/zzy/TrajectoryPlanning/distill/data/benchmark/mp/test/sample_000186.npz,mp,mazes,U,mp_mazes,hard,hard,0,mp:test
train,sample_003203.npz,/home/zzy/TrajectoryPlanning/distill/data/benchmark/mp/test/sample_000188.npz,mp,mazes,U,mp_mazes,hard,hard,0,mp:test
train,sample_003204.npz,/home/zzy/TrajectoryPlanning/distill/data/benchmark/mp/test/sample_000190.npz,mp,mazes,U,mp_mazes,hard,hard,0,mp:test
train,sample_003205.npz,/home/zzy/TrajectoryPlanning/distill/data/benchmark/mp/test/sample_000191.npz,mp,mazes,U,mp_mazes,hard,hard,0,mp:test
train,sample_003206.npz,/home/zzy/TrajectoryPlanning/distill/data/benchmark/mp/test/sample_000192.npz,mp,mazes,U,mp_mazes,hard,hard,0,mp:test
train,sample_003207.npz,/home/zzy/TrajectoryPlanning/distill/data/benchmark/mp/test/sample_000193.npz,mp,mazes,U,mp_mazes,hard,hard,0,mp:test
train,sample_003208.npz,/home/zzy/TrajectoryPlanning/distill/data/benchmark/mp/test/sample_000194.npz,mp,mazes,U,mp_mazes,hard,hard,0,mp:test
train,sample_003209.npz,/home/zzy/TrajectoryPlanning/distill/data/benchmark/mp/test/sample_000196.npz,mp,mazes,U,mp_mazes,hard,hard,0,mp:test
train,sample_003210.npz,/home/zzy/TrajectoryPlanning/distill/data/benchmark/mp/test/sample_000198.npz,mp,mazes,U,mp_mazes,hard,hard,0,mp:test
train,sample_003211.npz,/home/zzy/TrajectoryPlanning/distill/data/benchmark/mp/test/sample_000199.npz,mp,mazes,U,mp_mazes,hard,hard,0,mp:test
train,sample_003212.npz,/home/zzy/TrajectoryPlanning/distill/data/benchmark/mp/train/sample_000800.npz,mp,mazes,U,mp_mazes,hard,hard,0,mp:train
train,sample_003213.npz,/home/zzy/TrajectoryPlanning/distill/data/benchmark/mp/train/sample_000801.npz,mp,mazes,U,mp_mazes,hard,hard,0,mp:train
train,sample_003214.npz,/home/zzy/TrajectoryPlanning/distill/data/benchmark/mp/train/sample_000802.npz,mp,mazes,U,mp_mazes,hard,hard,0,mp:train
train,sample_003215.npz,/home/zzy/TrajectoryPlanning/distill/data/benchmark/mp/train/sample_000803.npz,mp,mazes,U,mp_mazes,hard,hard,0,mp:train
train,sample_003216.npz,/home/zzy/TrajectoryPlanning/distill/data/benchmark/mp/train/sample_000804.npz,mp,mazes,U,mp_mazes,hard,hard,0,mp:train
train,sample_003217.npz,/home/zzy/TrajectoryPlanning/distill/data/benchmark/mp/train/sample_000805.npz,mp,mazes,U,mp_mazes,hard,hard,0,mp:train
train,sample_003218.npz,/home/zzy/TrajectoryPlanning/distill/data/benchmark/mp/train/sample_000807.npz,mp,mazes,U,mp_mazes,hard,hard,0,mp:train
train,sample_003219.npz,/home/zzy/TrajectoryPlanning/distill/data/benchmark/mp/train/sample_000808.npz,mp,mazes,U,mp_mazes,hard,hard,0,mp:train
train,sample_003220.npz,/home/zzy/TrajectoryPlanning/distill/data/benchmark/mp/train/sample_000809.npz,mp,mazes,U,mp_mazes,hard,hard,0,mp:train
train,sample_003221.npz,/home/zzy/TrajectoryPlanning/distill/data/benchmark/mp/train/sample_000810.npz,mp,mazes,U,mp_mazes,hard,hard,0,mp:train
train,sample_003222.npz,/home/zzy/TrajectoryPlanning/distill/data/benchmark/mp/train/sample_000813.npz,mp,mazes,U,mp_mazes,hard,hard,0,mp:train
train,sample_003223.npz,/home/zzy/TrajectoryPlanning/distill/data/benchmark/mp/train/sample_000814.npz,mp,mazes,U,mp_mazes,hard,hard,0,mp:train
train,sample_003224.npz,/home/zzy/TrajectoryPlanning/distill/data/benchmark/mp/train/sample_000815.npz,mp,mazes,U,mp_mazes,hard,hard,0,mp:train
train,sample_003225.npz,/home/zzy/TrajectoryPlanning/distill/data/benchmark/mp/train/sample_000817.npz,mp,mazes,U,mp_mazes,hard,hard,0,mp:train
train,sample_003226.npz,/home/zzy/TrajectoryPlanning/distill/data/benchmark/mp/train/sample_000818.npz,mp,mazes,U,mp_mazes,hard,hard,0,mp:train
train,sample_003227.npz,/home/zzy/TrajectoryPlanning/distill/data/benchmark/mp/train/sample_000819.npz,mp,mazes,U,mp_mazes,hard,hard,0,mp:train
train,sample_003228.npz,/home/zzy/TrajectoryPlanning/distill/data/benchmark/mp/train/sample_000820.npz,mp,mazes,U,mp_mazes,hard,hard,0,mp:train
train,sample_003229.npz,/home/zzy/TrajectoryPlanning/distill/data/benchmark/mp/train/sample_000821.npz,mp,mazes,U,mp_mazes,hard,hard,0,mp:train
train,sample_003230.npz,/home/zzy/TrajectoryPlanning/distill/data/benchmark/mp/train/sample_000822.npz,mp,mazes,U,mp_mazes,hard,hard,0,mp:train
train,sample_003231.npz,/home/zzy/TrajectoryPlanning/distill/data/benchmark/mp/train/sample_000823.npz,mp,mazes,U,mp_mazes,hard,hard,0,mp:train
train,sample_003232.npz,/home/zzy/TrajectoryPlanning/distill/data/benchmark/mp/train/sample_000824.npz,mp,mazes,U,mp_mazes,hard,hard,0,mp:train
train,sample_003233.npz,/home/zzy/TrajectoryPlanning/distill/data/benchmark/mp/train/sample_000825.npz,mp,mazes,U,mp_mazes,hard,hard,0,mp:train
train,sample_003234.npz,/home/zzy/TrajectoryPlanning/distill/data/benchmark/mp/train/sample_000827.npz,mp,mazes,U,mp_mazes,hard,hard,0,mp:train
train,sample_003235.npz,/home/zzy/TrajectoryPlanning/distill/data/benchmark/mp/train/sample_000828.npz,mp,mazes,U,mp_mazes,hard,hard,0,mp:train
train,sample_003236.npz,/home/zzy/TrajectoryPlanning/distill/data/benchmark/mp/train/sample_000829.npz,mp,mazes,U,mp_mazes,hard,hard,0,mp:train
train,sample_003237.npz,/home/zzy/TrajectoryPlanning/distill/data/benchmark/mp/train/sample_000830.npz,mp,mazes,U,mp_mazes,hard,hard,0,mp:train
train,sample_003238.npz,/home/zzy/TrajectoryPlanning/distill/data/benchmark/mp/train/sample_000831.npz,mp,mazes,U,mp_mazes,hard,hard,0,mp:train
train,sample_003239.npz,/home/zzy/TrajectoryPlanning/distill/data/benchmark/mp/train/sample_000833.npz,mp,mazes,U,mp_mazes,hard,hard,0,mp:train
train,sample_003240.npz,/home/zzy/TrajectoryPlanning/distill/data/benchmark/mp/train/sample_000834.npz,mp,mazes,U,mp_mazes,hard,hard,0,mp:train
train,sample_003241.npz,/home/zzy/TrajectoryPlanning/distill/data/benchmark/mp/train/sample_000835.npz,mp,mazes,U,mp_mazes,hard,hard,0,mp:train
train,sample_003242.npz,/home/zzy/TrajectoryPlanning/distill/data/benchmark/mp/train/sample_000836.npz,mp,mazes,U,mp_mazes,hard,hard,0,mp:train
train,sample_003243.npz,/home/zzy/TrajectoryPlanning/distill/data/benchmark/mp/train/sample_000837.npz,mp,mazes,U,mp_mazes,hard,hard,0,mp:train
train,sample_003244.npz,/home/zzy/TrajectoryPlanning/distill/data/benchmark/mp/train/sample_000838.npz,mp,mazes,U,mp_mazes,hard,hard,0,mp:train
train,sample_003245.npz,/home/zzy/TrajectoryPlanning/distill/data/benchmark/mp/train/sample_000839.npz,mp,mazes,U,mp_mazes,hard,hard,0,mp:train
train,sample_003246.npz,/home/zzy/TrajectoryPlanning/distill/data/benchmark/mp/train/sample_000840.npz,mp,mazes,U,mp_mazes,hard,hard,0,mp:train
train,sample_003247.npz,/home/zzy/TrajectoryPlanning/distill/data/benchmark/mp/train/sample_000841.npz,mp,mazes,U,mp_mazes,hard,hard,0,mp:train
train,sample_003248.npz,/home/zzy/TrajectoryPlanning/distill/data/benchmark/mp/train/sample_000842.npz,mp,mazes,U,mp_mazes,hard,hard,0,mp:train
train,sample_003249.npz,/home/zzy/TrajectoryPlanning/distill/data/benchmark/mp/train/sample_000844.npz,mp,mazes,U,mp_mazes,hard,hard,0,mp:train
train,sample_003250.npz,/home/zzy/TrajectoryPlanning/distill/data/benchmark/mp/train/sample_000845.npz,mp,mazes,U,mp_mazes,hard,hard,0,mp:train
train,sample_003251.npz,/home/zzy/TrajectoryPlanning/distill/data/benchmark/mp/train/sample_000846.npz,mp,mazes,U,mp_mazes,hard,hard,0,mp:train
train,sample_003252.npz,/home/zzy/TrajectoryPlanning/distill/data/benchmark/mp/train/sample_000847.npz,mp,mazes,U,mp_mazes,hard,hard,0,mp:train
train,sample_003253.npz,/home/zzy/TrajectoryPlanning/distill/data/benchmark/mp/train/sample_000848.npz,mp,mazes,U,mp_mazes,hard,hard,0,mp:train
train,sample_003254.npz,/home/zzy/TrajectoryPlanning/distill/data/benchmark/mp/train/sample_000849.npz,mp,mazes,U,mp_mazes,hard,hard,0,mp:train
train,sample_003255.npz,/home/zzy/TrajectoryPlanning/distill/data/benchmark/mp/train/sample_000852.npz,mp,mazes,U,mp_mazes,hard,hard,0,mp:train
train,sample_003256.npz,/home/zzy/TrajectoryPlanning/distill/data/benchmark/mp/train/sample_000853.npz,mp,mazes,U,mp_mazes,hard,hard,0,mp:train
train,sample_003257.npz,/home/zzy/TrajectoryPlanning/distill/data/benchmark/mp/train/sample_000854.npz,mp,mazes,U,mp_mazes,hard,hard,0,mp:train
train,sample_003258.npz,/home/zzy/TrajectoryPlanning/distill/data/benchmark/mp/train/sample_000855.npz,mp,mazes,U,mp_mazes,hard,hard,0,mp:train
train,sample_003259.npz,/home/zzy/TrajectoryPlanning/distill/data/benchmark/mp/train/sample_000857.npz,mp,mazes,U,mp_mazes,hard,hard,0,mp:train
train,sample_003260.npz,/home/zzy/TrajectoryPlanning/distill/data/benchmark/mp/train/sample_000858.npz,mp,mazes,U,mp_mazes,hard,hard,0,mp:train
train,sample_003261.npz,/home/zzy/TrajectoryPlanning/distill/data/benchmark/mp/train/sample_000859.npz,mp,mazes,U,mp_mazes,hard,hard,0,mp:train
train,sample_003262.npz,/home/zzy/TrajectoryPlanning/distill/data/benchmark/mp/train/sample_000861.npz,mp,mazes,U,mp_mazes,hard,hard,0,mp:train
train,sample_003263.npz,/home/zzy/TrajectoryPlanning/distill/data/benchmark/mp/train/sample_000864.npz,mp,mazes,U,mp_mazes,hard,hard,0,mp:train
train,sample_003264.npz,/home/zzy/TrajectoryPlanning/distill/data/benchmark/mp/train/sample_000865.npz,mp,mazes,U,mp_mazes,hard,hard,0,mp:train
train,sample_003265.npz,/home/zzy/TrajectoryPlanning/distill/data/benchmark/mp/train/sample_000866.npz,mp,mazes,U,mp_mazes,hard,hard,0,mp:train
train,sample_003266.npz,/home/zzy/TrajectoryPlanning/distill/data/benchmark/mp/train/sample_000867.npz,mp,mazes,U,mp_mazes,hard,hard,0,mp:train
train,sample_003267.npz,/home/zzy/TrajectoryPlanning/distill/data/benchmark/mp/train/sample_000868.npz,mp,mazes,U,mp_mazes,hard,hard,0,mp:train
train,sample_003268.npz,/home/zzy/TrajectoryPlanning/distill/data/benchmark/mp/train/sample_000869.npz,mp,mazes,U,mp_mazes,hard,hard,0,mp:train
train,sample_003269.npz,/home/zzy/TrajectoryPlanning/distill/data/benchmark/mp/train/sample_000870.npz,mp,mazes,U,mp_mazes,hard,hard,0,mp:train
train,sample_003270.npz,/home/zzy/TrajectoryPlanning/distill/data/benchmark/mp/train/sample_000874.npz,mp,mazes,U,mp_mazes,hard,hard,0,mp:train
train,sample_003271.npz,/home/zzy/TrajectoryPlanning/distill/data/benchmark/mp/train/sample_000876.npz,mp,mazes,U,mp_mazes,hard,hard,0,mp:train
train,sample_003272.npz,/home/zzy/TrajectoryPlanning/distill/data/benchmark/mp/train/sample_000877.npz,mp,mazes,U,mp_mazes,hard,hard,0,mp:train
train,sample_003273.npz,/home/zzy/TrajectoryPlanning/distill/data/benchmark/mp/train/sample_000878.npz,mp,mazes,U,mp_mazes,hard,hard,0,mp:train
train,sample_003274.npz,/home/zzy/TrajectoryPlanning/distill/data/benchmark/mp/train/sample_000879.npz,mp,mazes,U,mp_mazes,hard,hard,0,mp:train
train,sample_003275.npz,/home/zzy/TrajectoryPlanning/distill/data/benchmark/mp/train/sample_000880.npz,mp,mazes,U,mp_mazes,hard,hard,0,mp:train
train,sample_003276.npz,/home/zzy/TrajectoryPlanning/distill/data/benchmark/mp/train/sample_000881.npz,mp,mazes,U,mp_mazes,hard,hard,0,mp:train
train,sample_003277.npz,/home/zzy/TrajectoryPlanning/distill/data/benchmark/mp/train/sample_000882.npz,mp,mazes,U,mp_mazes,hard,hard,0,mp:train
train,sample_003278.npz,/home/zzy/TrajectoryPlanning/distill/data/benchmark/mp/train/sample_000883.npz,mp,mazes,U,mp_mazes,hard,hard,0,mp:train
train,sample_003279.npz,/home/zzy/TrajectoryPlanning/distill/data/benchmark/mp/train/sample_000884.npz,mp,mazes,U,mp_mazes,hard,hard,0,mp:train
train,sample_003280.npz,/home/zzy/TrajectoryPlanning/distill/data/benchmark/mp/train/sample_000885.npz,mp,mazes,U,mp_mazes,hard,hard,0,mp:train
train,sample_003281.npz,/home/zzy/TrajectoryPlanning/distill/data/benchmark/mp/train/sample_000886.npz,mp,mazes,U,mp_mazes,hard,hard,0,mp:train
train,sample_003282.npz,/home/zzy/TrajectoryPlanning/distill/data/benchmark/mp/train/sample_000887.npz,mp,mazes,U,mp_mazes,hard,hard,0,mp:train
train,sample_003283.npz,/home/zzy/TrajectoryPlanning/distill/data/benchmark/mp/train/sample_000888.npz,mp,mazes,U,mp_mazes,hard,hard,0,mp:train
train,sample_003284.npz,/home/zzy/TrajectoryPlanning/distill/data/benchmark/mp/train/sample_000890.npz,mp,mazes,U,mp_mazes,hard,hard,0,mp:train
train,sample_003285.npz,/home/zzy/TrajectoryPlanning/distill/data/benchmark/mp/train/sample_000891.npz,mp,mazes,U,mp_mazes,hard,hard,0,mp:train
train,sample_003286.npz,/home/zzy/TrajectoryPlanning/distill/data/benchmark/mp/train/sample_000892.npz,mp,mazes,U,mp_mazes,hard,hard,0,mp:train
train,sample_003287.npz,/home/zzy/TrajectoryPlanning/distill/data/benchmark/mp/train/sample_000897.npz,mp,mazes,U,mp_mazes,hard,hard,0,mp:train
train,sample_003288.npz,/home/zzy/TrajectoryPlanning/distill/data/benchmark/mp/train/sample_000898.npz,mp,mazes,U,mp_mazes,hard,hard,0,mp:train
train,sample_003289.npz,/home/zzy/TrajectoryPlanning/distill/data/benchmark/mp/train/sample_000899.npz,mp,mazes,U,mp_mazes,hard,hard,0,mp:train
train,sample_003290.npz,/home/zzy/TrajectoryPlanning/distill/data/benchmark/mp/train/sample_000900.npz,mp,mazes,U,mp_mazes,hard,hard,0,mp:train
train,sample_003291.npz,/home/zzy/TrajectoryPlanning/distill/data/benchmark/mp/train/sample_000901.npz,mp,mazes,U,mp_mazes,hard,hard,0,mp:train
train,sample_003292.npz,/home/zzy/TrajectoryPlanning/distill/data/benchmark/mp/train/sample_000902.npz,mp,mazes,U,mp_mazes,hard,hard,0,mp:train
train,sample_003293.npz,/home/zzy/TrajectoryPlanning/distill/data/benchmark/mp/train/sample_000903.npz,mp,mazes,U,mp_mazes,hard,hard,0,mp:train
train,sample_003294.npz,/home/zzy/TrajectoryPlanning/distill/data/benchmark/mp/train/sample_000904.npz,mp,mazes,U,mp_mazes,hard,hard,0,mp:train
train,sample_003295.npz,/home/zzy/TrajectoryPlanning/distill/data/benchmark/mp/train/sample_000905.npz,mp,mazes,U,mp_mazes,hard,hard,0,mp:train
train,sample_003296.npz,/home/zzy/TrajectoryPlanning/distill/data/benchmark/mp/train/sample_000906.npz,mp,mazes,U,mp_mazes,hard,hard,0,mp:train
train,sample_003297.npz,/home/zzy/TrajectoryPlanning/distill/data/benchmark/mp/train/sample_000908.npz,mp,mazes,U,mp_mazes,hard,hard,0,mp:train
train,sample_003298.npz,/home/zzy/TrajectoryPlanning/distill/data/benchmark/mp/train/sample_000909.npz,mp,mazes,U,mp_mazes,hard,hard,0,mp:train
train,sample_003299.npz,/home/zzy/TrajectoryPlanning/distill/data/benchmark/mp/train/sample_000910.npz,mp,mazes,U,mp_mazes,hard,hard,0,mp:train
train,sample_003300.npz,/home/zzy/TrajectoryPlanning/distill/data/benchmark/mp/train/sample_000912.npz,mp,mazes,U,mp_mazes,hard,hard,0,mp:train
train,sample_003301.npz,/home/zzy/TrajectoryPlanning/distill/data/benchmark/mp/train/sample_000913.npz,mp,mazes,U,mp_mazes,hard,hard,0,mp:train
train,sample_003302.npz,/home/zzy/TrajectoryPlanning/distill/data/benchmark/mp/train/sample_000914.npz,mp,mazes,U,mp_mazes,hard,hard,0,mp:train
train,sample_003303.npz,/home/zzy/TrajectoryPlanning/distill/data/benchmark/mp/train/sample_000916.npz,mp,mazes,U,mp_mazes,hard,hard,0,mp:train
train,sample_003304.npz,/home/zzy/TrajectoryPlanning/distill/data/benchmark/mp/train/sample_000917.npz,mp,mazes,U,mp_mazes,hard,hard,0,mp:train
train,sample_003305.npz,/home/zzy/TrajectoryPlanning/distill/data/benchmark/mp/train/sample_000918.npz,mp,mazes,U,mp_mazes,hard,hard,0,mp:train
train,sample_003306.npz,/home/zzy/TrajectoryPlanning/distill/data/benchmark/mp/train/sample_000920.npz,mp,mazes,U,mp_mazes,hard,hard,0,mp:train
train,sample_003307.npz,/home/zzy/TrajectoryPlanning/distill/data/benchmark/mp/train/sample_000922.npz,mp,mazes,U,mp_mazes,hard,hard,0,mp:train
train,sample_003308.npz,/home/zzy/TrajectoryPlanning/distill/data/benchmark/mp/train/sample_000923.npz,mp,mazes,U,mp_mazes,hard,hard,0,mp:train
train,sample_003309.npz,/home/zzy/TrajectoryPlanning/distill/data/benchmark/mp/train/sample_000924.npz,mp,mazes,U,mp_mazes,hard,hard,0,mp:train
train,sample_003310.npz,/home/zzy/TrajectoryPlanning/distill/data/benchmark/mp/train/sample_000925.npz,mp,mazes,U,mp_mazes,hard,hard,0,mp:train
train,sample_003311.npz,/home/zzy/TrajectoryPlanning/distill/data/benchmark/mp/train/sample_000926.npz,mp,mazes,U,mp_mazes,hard,hard,0,mp:train
train,sample_003312.npz,/home/zzy/TrajectoryPlanning/distill/data/benchmark/mp/train/sample_000927.npz,mp,mazes,U,mp_mazes,hard,hard,0,mp:train
train,sample_003313.npz,/home/zzy/TrajectoryPlanning/distill/data/benchmark/mp/train/sample_000928.npz,mp,mazes,U,mp_mazes,hard,hard,0,mp:train
train,sample_003314.npz,/home/zzy/TrajectoryPlanning/distill/data/benchmark/mp/train/sample_000929.npz,mp,mazes,U,mp_mazes,hard,hard,0,mp:train
train,sample_003315.npz,/home/zzy/TrajectoryPlanning/distill/data/benchmark/mp/train/sample_000930.npz,mp,mazes,U,mp_mazes,hard,hard,0,mp:train
train,sample_003316.npz,/home/zzy/TrajectoryPlanning/distill/data/benchmark/mp/train/sample_000931.npz,mp,mazes,U,mp_mazes,hard,hard,0,mp:train
train,sample_003317.npz,/home/zzy/TrajectoryPlanning/distill/data/benchmark/mp/train/sample_000934.npz,mp,mazes,U,mp_mazes,hard,hard,0,mp:train
train,sample_003318.npz,/home/zzy/TrajectoryPlanning/distill/data/benchmark/mp/train/sample_000935.npz,mp,mazes,U,mp_mazes,hard,hard,0,mp:train
train,sample_003319.npz,/home/zzy/TrajectoryPlanning/distill/data/benchmark/mp/train/sample_000936.npz,mp,mazes,U,mp_mazes,hard,hard,0,mp:train
train,sample_003320.npz,/home/zzy/TrajectoryPlanning/distill/data/benchmark/mp/train/sample_000938.npz,mp,mazes,U,mp_mazes,hard,hard,0,mp:train
train,sample_003321.npz,/home/zzy/TrajectoryPlanning/distill/data/benchmark/mp/train/sample_000939.npz,mp,mazes,U,mp_mazes,hard,hard,0,mp:train
train,sample_003322.npz,/home/zzy/TrajectoryPlanning/distill/data/benchmark/mp/train/sample_000940.npz,mp,mazes,U,mp_mazes,hard,hard,0,mp:train
train,sample_003323.npz,/home/zzy/TrajectoryPlanning/distill/data/benchmark/mp/train/sample_000941.npz,mp,mazes,U,mp_mazes,hard,hard,0,mp:train
train,sample_003324.npz,/home/zzy/TrajectoryPlanning/distill/data/benchmark/mp/train/sample_000942.npz,mp,mazes,U,mp_mazes,hard,hard,0,mp:train
train,sample_003325.npz,/home/zzy/TrajectoryPlanning/distill/data/benchmark/mp/train/sample_000943.npz,mp,mazes,U,mp_mazes,hard,hard,0,mp:train
train,sample_003326.npz,/home/zzy/TrajectoryPlanning/distill/data/benchmark/mp/train/sample_000944.npz,mp,mazes,U,mp_mazes,hard,hard,0,mp:train
train,sample_003327.npz,/home/zzy/TrajectoryPlanning/distill/data/benchmark/mp/train/sample_000945.npz,mp,mazes,U,mp_mazes,hard,hard,0,mp:train
train,sample_003328.npz,/home/zzy/TrajectoryPlanning/distill/data/benchmark/mp/train/sample_000946.npz,mp,mazes,U,mp_mazes,hard,hard,0,mp:train
train,sample_003329.npz,/home/zzy/TrajectoryPlanning/distill/data/benchmark/mp/train/sample_000948.npz,mp,mazes,U,mp_mazes,hard,hard,0,mp:train
train,sample_003330.npz,/home/zzy/TrajectoryPlanning/distill/data/benchmark/mp/train/sample_000949.npz,mp,mazes,U,mp_mazes,hard,hard,0,mp:train
train,sample_003331.npz,/home/zzy/TrajectoryPlanning/distill/data/benchmark/mp/train/sample_000951.npz,mp,mazes,U,mp_mazes,hard,hard,0,mp:train
train,sample_003332.npz,/home/zzy/TrajectoryPlanning/distill/data/benchmark/mp/train/sample_000952.npz,mp,mazes,U,mp_mazes,hard,hard,0,mp:train
train,sample_003333.npz,/home/zzy/TrajectoryPlanning/distill/data/benchmark/mp/train/sample_000953.npz,mp,mazes,U,mp_mazes,hard,hard,0,mp:train
train,sample_003334.npz,/home/zzy/TrajectoryPlanning/distill/data/benchmark/mp/train/sample_000954.npz,mp,mazes,U,mp_mazes,hard,hard,0,mp:train
train,sample_003335.npz,/home/zzy/TrajectoryPlanning/distill/data/benchmark/mp/train/sample_000955.npz,mp,mazes,U,mp_mazes,hard,hard,0,mp:train
train,sample_003336.npz,/home/zzy/TrajectoryPlanning/distill/data/benchmark/mp/train/sample_000957.npz,mp,mazes,U,mp_mazes,hard,hard,0,mp:train
train,sample_003337.npz,/home/zzy/TrajectoryPlanning/distill/data/benchmark/mp/train/sample_000958.npz,mp,mazes,U,mp_mazes,hard,hard,0,mp:train
train,sample_003338.npz,/home/zzy/TrajectoryPlanning/distill/data/benchmark/mp/train/sample_000959.npz,mp,mazes,U,mp_mazes,hard,hard,0,mp:train
train,sample_003339.npz,/home/zzy/TrajectoryPlanning/distill/data/benchmark/mp/train/sample_000961.npz,mp,mazes,U,mp_mazes,hard,hard,0,mp:train
train,sample_003340.npz,/home/zzy/TrajectoryPlanning/distill/data/benchmark/mp/train/sample_000962.npz,mp,mazes,U,mp_mazes,hard,hard,0,mp:train
train,sample_003341.npz,/home/zzy/TrajectoryPlanning/distill/data/benchmark/mp/train/sample_000963.npz,mp,mazes,U,mp_mazes,hard,hard,0,mp:train
train,sample_003342.npz,/home/zzy/TrajectoryPlanning/distill/data/benchmark/mp/train/sample_000964.npz,mp,mazes,U,mp_mazes,hard,hard,0,mp:train
train,sample_003343.npz,/home/zzy/TrajectoryPlanning/distill/data/benchmark/mp/train/sample_000965.npz,mp,mazes,U,mp_mazes,hard,hard,0,mp:train
train,sample_003344.npz,/home/zzy/TrajectoryPlanning/distill/data/benchmark/mp/train/sample_000967.npz,mp,mazes,U,mp_mazes,hard,hard,0,mp:train
train,sample_003345.npz,/home/zzy/TrajectoryPlanning/distill/data/benchmark/mp/train/sample_000968.npz,mp,mazes,U,mp_mazes,hard,hard,0,mp:train
train,sample_003346.npz,/home/zzy/TrajectoryPlanning/distill/data/benchmark/mp/train/sample_000970.npz,mp,mazes,U,mp_mazes,hard,hard,0,mp:train
train,sample_003347.npz,/home/zzy/TrajectoryPlanning/distill/data/benchmark/mp/train/sample_000972.npz,mp,mazes,U,mp_mazes,hard,hard,0,mp:train
train,sample_003348.npz,/home/zzy/TrajectoryPlanning/distill/data/benchmark/mp/train/sample_000973.npz,mp,mazes,U,mp_mazes,hard,hard,0,mp:train
train,sample_003349.npz,/home/zzy/TrajectoryPlanning/distill/data/benchmark/mp/train/sample_000974.npz,mp,mazes,U,mp_mazes,hard,hard,0,mp:train
train,sample_003350.npz,/home/zzy/TrajectoryPlanning/distill/data/benchmark/mp/train/sample_000975.npz,mp,mazes,U,mp_mazes,hard,hard,0,mp:train
train,sample_003351.npz,/home/zzy/TrajectoryPlanning/distill/data/benchmark/mp/train/sample_000976.npz,mp,mazes,U,mp_mazes,hard,hard,0,mp:train
train,sample_003352.npz,/home/zzy/TrajectoryPlanning/distill/data/benchmark/mp/train/sample_000977.npz,mp,mazes,U,mp_mazes,hard,hard,0,mp:train
train,sample_003353.npz,/home/zzy/TrajectoryPlanning/distill/data/benchmark/mp/train/sample_000978.npz,mp,mazes,U,mp_mazes,hard,hard,0,mp:train
train,sample_003354.npz,/home/zzy/TrajectoryPlanning/distill/data/benchmark/mp/train/sample_000979.npz,mp,mazes,U,mp_mazes,hard,hard,0,mp:train
train,sample_003355.npz,/home/zzy/TrajectoryPlanning/distill/data/benchmark/mp/train/sample_000980.npz,mp,mazes,U,mp_mazes,hard,hard,0,mp:train
train,sample_003356.npz,/home/zzy/TrajectoryPlanning/distill/data/benchmark/mp/train/sample_000981.npz,mp,mazes,U,mp_mazes,hard,hard,0,mp:train
train,sample_003357.npz,/home/zzy/TrajectoryPlanning/distill/data/benchmark/mp/train/sample_000982.npz,mp,mazes,U,mp_mazes,hard,hard,0,mp:train
train,sample_003358.npz,/home/zzy/TrajectoryPlanning/distill/data/benchmark/mp/train/sample_000983.npz,mp,mazes,U,mp_mazes,hard,hard,0,mp:train
train,sample_003359.npz,/home/zzy/TrajectoryPlanning/distill/data/benchmark/mp/train/sample_000984.npz,mp,mazes,U,mp_mazes,hard,hard,0,mp:train
train,sample_003360.npz,/home/zzy/TrajectoryPlanning/distill/data/benchmark/mp/train/sample_000985.npz,mp,mazes,U,mp_mazes,hard,hard,0,mp:train
train,sample_003361.npz,/home/zzy/TrajectoryPlanning/distill/data/benchmark/mp/train/sample_000986.npz,mp,mazes,U,mp_mazes,hard,hard,0,mp:train
train,sample_003362.npz,/home/zzy/TrajectoryPlanning/distill/data/benchmark/mp/train/sample_000987.npz,mp,mazes,U,mp_mazes,hard,hard,0,mp:train
train,sample_003363.npz,/home/zzy/TrajectoryPlanning/distill/data/benchmark/mp/train/sample_000988.npz,mp,mazes,U,mp_mazes,hard,hard,0,mp:train
train,sample_003364.npz,/home/zzy/TrajectoryPlanning/distill/data/benchmark/mp/train/sample_000990.npz,mp,mazes,U,mp_mazes,hard,hard,0,mp:train
train,sample_003365.npz,/home/zzy/TrajectoryPlanning/distill/data/benchmark/mp/train/sample_000993.npz,mp,mazes,U,mp_mazes,hard,hard,0,mp:train
train,sample_003366.npz,/home/zzy/TrajectoryPlanning/distill/data/benchmark/mp/train/sample_000994.npz,mp,mazes,U,mp_mazes,hard,hard,0,mp:train
train,sample_003367.npz,/home/zzy/TrajectoryPlanning/distill/data/benchmark/mp/train/sample_000995.npz,mp,mazes,U,mp_mazes,hard,hard,0,mp:train
train,sample_003368.npz,/home/zzy/TrajectoryPlanning/distill/data/benchmark/mp/train/sample_000996.npz,mp,mazes,U,mp_mazes,hard,hard,0,mp:train
train,sample_003369.npz,/home/zzy/TrajectoryPlanning/distill/data/benchmark/mp/train/sample_000997.npz,mp,mazes,U,mp_mazes,hard,hard,0,mp:train
train,sample_003370.npz,/home/zzy/TrajectoryPlanning/distill/data/benchmark/mp/train/sample_000998.npz,mp,mazes,U,mp_mazes,hard,hard,0,mp:train
train,sample_003371.npz,/home/zzy/TrajectoryPlanning/distill/data/benchmark/mp/train/sample_000999.npz,mp,mazes,U,mp_mazes,hard,hard,0,mp:train
train,sample_003372.npz,/home/zzy/TrajectoryPlanning/distill/data/benchmark/mp/train/sample_001000.npz,mp,mazes,U,mp_mazes,hard,hard,0,mp:train
train,sample_003373.npz,/home/zzy/TrajectoryPlanning/distill/data/benchmark/mp/train/sample_001002.npz,mp,mazes,U,mp_mazes,hard,hard,0,mp:train
train,sample_003374.npz,/home/zzy/TrajectoryPlanning/distill/data/benchmark/mp/train/sample_001003.npz,mp,mazes,U,mp_mazes,hard,hard,0,mp:train
train,sample_003375.npz,/home/zzy/TrajectoryPlanning/distill/data/benchmark/mp/train/sample_001004.npz,mp,mazes,U,mp_mazes,hard,hard,0,mp:train
train,sample_003376.npz,/home/zzy/TrajectoryPlanning/distill/data/benchmark/mp/train/sample_001006.npz,mp,mazes,U,mp_mazes,hard,hard,0,mp:train
train,sample_003377.npz,/home/zzy/TrajectoryPlanning/distill/data/benchmark/mp/train/sample_001007.npz,mp,mazes,U,mp_mazes,hard,hard,0,mp:train
train,sample_003378.npz,/home/zzy/TrajectoryPlanning/distill/data/benchmark/mp/train/sample_001009.npz,mp,mazes,U,mp_mazes,hard,hard,0,mp:train
train,sample_003379.npz,/home/zzy/TrajectoryPlanning/distill/data/benchmark/mp/train/sample_001010.npz,mp,mazes,U,mp_mazes,hard,hard,0,mp:train
train,sample_003380.npz,/home/zzy/TrajectoryPlanning/distill/data/benchmark/mp/train/sample_001011.npz,mp,mazes,U,mp_mazes,hard,hard,0,mp:train
train,sample_003381.npz,/home/zzy/TrajectoryPlanning/distill/data/benchmark/mp/train/sample_001012.npz,mp,mazes,U,mp_mazes,hard,hard,0,mp:train
train,sample_003382.npz,/home/zzy/TrajectoryPlanning/distill/data/benchmark/mp/train/sample_001013.npz,mp,mazes,U,mp_mazes,hard,hard,0,mp:train
train,sample_003383.npz,/home/zzy/TrajectoryPlanning/distill/data/benchmark/mp/train/sample_001014.npz,mp,mazes,U,mp_mazes,hard,hard,0,mp:train
train,sample_003384.npz,/home/zzy/TrajectoryPlanning/distill/data/benchmark/mp/train/sample_001015.npz,mp,mazes,U,mp_mazes,hard,hard,0,mp:train
train,sample_003385.npz,/home/zzy/TrajectoryPlanning/distill/data/benchmark/mp/train/sample_001016.npz,mp,mazes,U,mp_mazes,hard,hard,0,mp:train
train,sample_003386.npz,/home/zzy/TrajectoryPlanning/distill/data/benchmark/mp/train/sample_001017.npz,mp,mazes,U,mp_mazes,hard,hard,0,mp:train
train,sample_003387.npz,/home/zzy/TrajectoryPlanning/distill/data/benchmark/mp/train/sample_001018.npz,mp,mazes,U,mp_mazes,hard,hard,0,mp:train
train,sample_003388.npz,/home/zzy/TrajectoryPlanning/distill/data/benchmark/mp/train/sample_001019.npz,mp,mazes,U,mp_mazes,hard,hard,0,mp:train
train,sample_003389.npz,/home/zzy/TrajectoryPlanning/distill/data/benchmark/mp/train/sample_001020.npz,mp,mazes,U,mp_mazes,hard,hard,0,mp:train
train,sample_003390.npz,/home/zzy/TrajectoryPlanning/distill/data/benchmark/mp/train/sample_001025.npz,mp,mazes,U,mp_mazes,hard,hard,0,mp:train
train,sample_003391.npz,/home/zzy/TrajectoryPlanning/distill/data/benchmark/mp/train/sample_001026.npz,mp,mazes,U,mp_mazes,hard,hard,0,mp:train
train,sample_003392.npz,/home/zzy/TrajectoryPlanning/distill/data/benchmark/mp/train/sample_001027.npz,mp,mazes,U,mp_mazes,hard,hard,0,mp:train
train,sample_003393.npz,/home/zzy/TrajectoryPlanning/distill/data/benchmark/mp/train/sample_001028.npz,mp,mazes,U,mp_mazes,hard,hard,0,mp:train
train,sample_003394.npz,/home/zzy/TrajectoryPlanning/distill/data/benchmark/mp/train/sample_001029.npz,mp,mazes,U,mp_mazes,hard,hard,0,mp:train
train,sample_003395.npz,/home/zzy/TrajectoryPlanning/distill/data/benchmark/mp/train/sample_001030.npz,mp,mazes,U,mp_mazes,hard,hard,0,mp:train
train,sample_003396.npz,/home/zzy/TrajectoryPlanning/distill/data/benchmark/mp/train/sample_001031.npz,mp,mazes,U,mp_mazes,hard,hard,0,mp:train
train,sample_003397.npz,/home/zzy/TrajectoryPlanning/distill/data/benchmark/mp/train/sample_001032.npz,mp,mazes,U,mp_mazes,hard,hard,0,mp:train
train,sample_003398.npz,/home/zzy/TrajectoryPlanning/distill/data/benchmark/mp/train/sample_001033.npz,mp,mazes,U,mp_mazes,hard,hard,0,mp:train
train,sample_003399.npz,/home/zzy/TrajectoryPlanning/distill/data/benchmark/mp/train/sample_001035.npz,mp,mazes,U,mp_mazes,hard,hard,0,mp:train
train,sample_003400.npz,/home/zzy/TrajectoryPlanning/distill/data/benchmark/mp/train/sample_001036.npz,mp,mazes,U,mp_mazes,hard,hard,0,mp:train
train,sample_003401.npz,/home/zzy/TrajectoryPlanning/distill/data/benchmark/mp/train/sample_001037.npz,mp,mazes,U,mp_mazes,hard,hard,0,mp:train
train,sample_003402.npz,/home/zzy/TrajectoryPlanning/distill/data/benchmark/mp/train/sample_001038.npz,mp,mazes,U,mp_mazes,hard,hard,0,mp:train
train,sample_003403.npz,/home/zzy/TrajectoryPlanning/distill/data/benchmark/mp/train/sample_001039.npz,mp,mazes,U,mp_mazes,hard,hard,0,mp:train
train,sample_003404.npz,/home/zzy/TrajectoryPlanning/distill/data/benchmark/mp/train/sample_001040.npz,mp,mazes,U,mp_mazes,hard,hard,0,mp:train
train,sample_003405.npz,/home/zzy/TrajectoryPlanning/distill/data/benchmark/mp/train/sample_001041.npz,mp,mazes,U,mp_mazes,hard,hard,0,mp:train
train,sample_003406.npz,/home/zzy/TrajectoryPlanning/distill/data/benchmark/mp/train/sample_001042.npz,mp,mazes,U,mp_mazes,hard,hard,0,mp:train
train,sample_003407.npz,/home/zzy/TrajectoryPlanning/distill/data/benchmark/mp/train/sample_001043.npz,mp,mazes,U,mp_mazes,hard,hard,0,mp:train
train,sample_003408.npz,/home/zzy/TrajectoryPlanning/distill/data/benchmark/mp/train/sample_001044.npz,mp,mazes,U,mp_mazes,hard,hard,0,mp:train
train,sample_003409.npz,/home/zzy/TrajectoryPlanning/distill/data/benchmark/mp/train/sample_001045.npz,mp,mazes,U,mp_mazes,hard,hard,0,mp:train
train,sample_003410.npz,/home/zzy/TrajectoryPlanning/distill/data/benchmark/mp/train/sample_001046.npz,mp,mazes,U,mp_mazes,hard,hard,0,mp:train
train,sample_003411.npz,/home/zzy/TrajectoryPlanning/distill/data/benchmark/mp/train/sample_001047.npz,mp,mazes,U,mp_mazes,hard,hard,0,mp:train
train,sample_003412.npz,/home/zzy/TrajectoryPlanning/distill/data/benchmark/mp/train/sample_001048.npz,mp,mazes,U,mp_mazes,hard,hard,0,mp:train
train,sample_003413.npz,/home/zzy/TrajectoryPlanning/distill/data/benchmark/mp/train/sample_001049.npz,mp,mazes,U,mp_mazes,hard,hard,0,mp:train
train,sample_003414.npz,/home/zzy/TrajectoryPlanning/distill/data/benchmark/mp/train/sample_001050.npz,mp,mazes,U,mp_mazes,hard,hard,0,mp:train
train,sample_003415.npz,/home/zzy/TrajectoryPlanning/distill/data/benchmark/mp/train/sample_001051.npz,mp,mazes,U,mp_mazes,hard,hard,0,mp:train
train,sample_003416.npz,/home/zzy/TrajectoryPlanning/distill/data/benchmark/mp/train/sample_001052.npz,mp,mazes,U,mp_mazes,hard,hard,0,mp:train
train,sample_003417.npz,/home/zzy/TrajectoryPlanning/distill/data/benchmark/mp/train/sample_001053.npz,mp,mazes,U,mp_mazes,hard,hard,0,mp:train
train,sample_003418.npz,/home/zzy/TrajectoryPlanning/distill/data/benchmark/mp/train/sample_001054.npz,mp,mazes,U,mp_mazes,hard,hard,0,mp:train
train,sample_003419.npz,/home/zzy/TrajectoryPlanning/distill/data/benchmark/mp/train/sample_001055.npz,mp,mazes,U,mp_mazes,hard,hard,0,mp:train
train,sample_003420.npz,/home/zzy/TrajectoryPlanning/distill/data/benchmark/mp/train/sample_001056.npz,mp,mazes,U,mp_mazes,hard,hard,0,mp:train
train,sample_003421.npz,/home/zzy/TrajectoryPlanning/distill/data/benchmark/mp/train/sample_001057.npz,mp,mazes,U,mp_mazes,hard,hard,0,mp:train
train,sample_003422.npz,/home/zzy/TrajectoryPlanning/distill/data/benchmark/mp/train/sample_001058.npz,mp,mazes,U,mp_mazes,hard,hard,0,mp:train
train,sample_003423.npz,/home/zzy/TrajectoryPlanning/distill/data/benchmark/mp/train/sample_001059.npz,mp,mazes,U,mp_mazes,hard,hard,0,mp:train
train,sample_003424.npz,/home/zzy/TrajectoryPlanning/distill/data/benchmark/mp/train/sample_001060.npz,mp,mazes,U,mp_mazes,hard,hard,0,mp:train
train,sample_003425.npz,/home/zzy/TrajectoryPlanning/distill/data/benchmark/mp/train/sample_001062.npz,mp,mazes,U,mp_mazes,hard,hard,0,mp:train
train,sample_003426.npz,/home/zzy/TrajectoryPlanning/distill/data/benchmark/mp/train/sample_001063.npz,mp,mazes,U,mp_mazes,hard,hard,0,mp:train
train,sample_003427.npz,/home/zzy/TrajectoryPlanning/distill/data/benchmark/mp/train/sample_001065.npz,mp,mazes,U,mp_mazes,hard,hard,0,mp:train
train,sample_003428.npz,/home/zzy/TrajectoryPlanning/distill/data/benchmark/mp/train/sample_001067.npz,mp,mazes,U,mp_mazes,hard,hard,0,mp:train
train,sample_003429.npz,/home/zzy/TrajectoryPlanning/distill/data/benchmark/mp/train/sample_001070.npz,mp,mazes,U,mp_mazes,hard,hard,0,mp:train
train,sample_003430.npz,/home/zzy/TrajectoryPlanning/distill/data/benchmark/mp/train/sample_001071.npz,mp,mazes,U,mp_mazes,hard,hard,0,mp:train
train,sample_003431.npz,/home/zzy/TrajectoryPlanning/distill/data/benchmark/mp/train/sample_001072.npz,mp,mazes,U,mp_mazes,hard,hard,0,mp:train
train,sample_003432.npz,/home/zzy/TrajectoryPlanning/distill/data/benchmark/mp/train/sample_001073.npz,mp,mazes,U,mp_mazes,hard,hard,0,mp:train
train,sample_003433.npz,/home/zzy/TrajectoryPlanning/distill/data/benchmark/mp/train/sample_001074.npz,mp,mazes,U,mp_mazes,hard,hard,0,mp:train
train,sample_003434.npz,/home/zzy/TrajectoryPlanning/distill/data/benchmark/mp/train/sample_001075.npz,mp,mazes,U,mp_mazes,hard,hard,0,mp:train
train,sample_003435.npz,/home/zzy/TrajectoryPlanning/distill/data/benchmark/mp/train/sample_001076.npz,mp,mazes,U,mp_mazes,hard,hard,0,mp:train
train,sample_003436.npz,/home/zzy/TrajectoryPlanning/distill/data/benchmark/mp/train/sample_001077.npz,mp,mazes,U,mp_mazes,hard,hard,0,mp:train
train,sample_003437.npz,/home/zzy/TrajectoryPlanning/distill/data/benchmark/mp/train/sample_001078.npz,mp,mazes,U,mp_mazes,hard,hard,0,mp:train
train,sample_003438.npz,/home/zzy/TrajectoryPlanning/distill/data/benchmark/mp/train/sample_001079.npz,mp,mazes,U,mp_mazes,hard,hard,0,mp:train
train,sample_003439.npz,/home/zzy/TrajectoryPlanning/distill/data/benchmark/mp/train/sample_001080.npz,mp,mazes,U,mp_mazes,hard,hard,0,mp:train
train,sample_003440.npz,/home/zzy/TrajectoryPlanning/distill/data/benchmark/mp/train/sample_001081.npz,mp,mazes,U,mp_mazes,hard,hard,0,mp:train
train,sample_003441.npz,/home/zzy/TrajectoryPlanning/distill/data/benchmark/mp/train/sample_001082.npz,mp,mazes,U,mp_mazes,hard,hard,0,mp:train
train,sample_003442.npz,/home/zzy/TrajectoryPlanning/distill/data/benchmark/mp/train/sample_001083.npz,mp,mazes,U,mp_mazes,hard,hard,0,mp:train
train,sample_003443.npz,/home/zzy/TrajectoryPlanning/distill/data/benchmark/mp/train/sample_001084.npz,mp,mazes,U,mp_mazes,hard,hard,0,mp:train
train,sample_003444.npz,/home/zzy/TrajectoryPlanning/distill/data/benchmark/mp/train/sample_001085.npz,mp,mazes,U,mp_mazes,hard,hard,0,mp:train
train,sample_003445.npz,/home/zzy/TrajectoryPlanning/distill/data/benchmark/mp/train/sample_001086.npz,mp,mazes,U,mp_mazes,hard,hard,0,mp:train
train,sample_003446.npz,/home/zzy/TrajectoryPlanning/distill/data/benchmark/mp/train/sample_001087.npz,mp,mazes,U,mp_mazes,hard,hard,0,mp:train
train,sample_003447.npz,/home/zzy/TrajectoryPlanning/distill/data/benchmark/mp/train/sample_001089.npz,mp,mazes,U,mp_mazes,hard,hard,0,mp:train
train,sample_003448.npz,/home/zzy/TrajectoryPlanning/distill/data/benchmark/mp/train/sample_001090.npz,mp,mazes,U,mp_mazes,hard,hard,0,mp:train
train,sample_003449.npz,/home/zzy/TrajectoryPlanning/distill/data/benchmark/mp/train/sample_001092.npz,mp,mazes,U,mp_mazes,hard,hard,0,mp:train
train,sample_003450.npz,/home/zzy/TrajectoryPlanning/distill/data/benchmark/mp/train/sample_001093.npz,mp,mazes,U,mp_mazes,hard,hard,0,mp:train
train,sample_003451.npz,/home/zzy/TrajectoryPlanning/distill/data/benchmark/mp/train/sample_001094.npz,mp,mazes,U,mp_mazes,hard,hard,0,mp:train
train,sample_003452.npz,/home/zzy/TrajectoryPlanning/distill/data/benchmark/mp/train/sample_001095.npz,mp,mazes,U,mp_mazes,hard,hard,0,mp:train
train,sample_003453.npz,/home/zzy/TrajectoryPlanning/distill/data/benchmark/mp/train/sample_001096.npz,mp,mazes,U,mp_mazes,hard,hard,0,mp:train
train,sample_003454.npz,/home/zzy/TrajectoryPlanning/distill/data/benchmark/mp/train/sample_001097.npz,mp,mazes,U,mp_mazes,hard,hard,0,mp:train
train,sample_003455.npz,/home/zzy/TrajectoryPlanning/distill/data/benchmark/mp/train/sample_001098.npz,mp,mazes,U,mp_mazes,hard,hard,0,mp:train
train,sample_003456.npz,/home/zzy/TrajectoryPlanning/distill/data/benchmark/mp/train/sample_001099.npz,mp,mazes,U,mp_mazes,hard,hard,0,mp:train
train,sample_003457.npz,/home/zzy/TrajectoryPlanning/distill/data/benchmark/mp/train/sample_001100.npz,mp,mazes,U,mp_mazes,hard,hard,0,mp:train
train,sample_003458.npz,/home/zzy/TrajectoryPlanning/distill/data/benchmark/mp/train/sample_001101.npz,mp,mazes,U,mp_mazes,hard,hard,0,mp:train
train,sample_003459.npz,/home/zzy/TrajectoryPlanning/distill/data/benchmark/mp/train/sample_001102.npz,mp,mazes,U,mp_mazes,hard,hard,0,mp:train
train,sample_003460.npz,/home/zzy/TrajectoryPlanning/distill/data/benchmark/mp/train/sample_001103.npz,mp,mazes,U,mp_mazes,hard,hard,0,mp:train
train,sample_003461.npz,/home/zzy/TrajectoryPlanning/distill/data/benchmark/mp/train/sample_001105.npz,mp,mazes,U,mp_mazes,hard,hard,0,mp:train
train,sample_003462.npz,/home/zzy/TrajectoryPlanning/distill/data/benchmark/mp/train/sample_001106.npz,mp,mazes,U,mp_mazes,hard,hard,0,mp:train
train,sample_003463.npz,/home/zzy/TrajectoryPlanning/distill/data/benchmark/mp/train/sample_001107.npz,mp,mazes,U,mp_mazes,hard,hard,0,mp:train
train,sample_003464.npz,/home/zzy/TrajectoryPlanning/distill/data/benchmark/mp/train/sample_001108.npz,mp,mazes,U,mp_mazes,hard,hard,0,mp:train
train,sample_003465.npz,/home/zzy/TrajectoryPlanning/distill/data/benchmark/mp/train/sample_001110.npz,mp,mazes,U,mp_mazes,hard,hard,0,mp:train
train,sample_003466.npz,/home/zzy/TrajectoryPlanning/distill/data/benchmark/mp/train/sample_001111.npz,mp,mazes,U,mp_mazes,hard,hard,0,mp:train
train,sample_003467.npz,/home/zzy/TrajectoryPlanning/distill/data/benchmark/mp/train/sample_001112.npz,mp,mazes,U,mp_mazes,hard,hard,0,mp:train
train,sample_003468.npz,/home/zzy/TrajectoryPlanning/distill/data/benchmark/mp/train/sample_001113.npz,mp,mazes,U,mp_mazes,hard,hard,0,mp:train
train,sample_003469.npz,/home/zzy/TrajectoryPlanning/distill/data/benchmark/mp/train/sample_001114.npz,mp,mazes,U,mp_mazes,hard,hard,0,mp:train
train,sample_003470.npz,/home/zzy/TrajectoryPlanning/distill/data/benchmark/mp/train/sample_001115.npz,mp,mazes,U,mp_mazes,hard,hard,0,mp:train
train,sample_003471.npz,/home/zzy/TrajectoryPlanning/distill/data/benchmark/mp/train/sample_001116.npz,mp,mazes,U,mp_mazes,hard,hard,0,mp:train
train,sample_003472.npz,/home/zzy/TrajectoryPlanning/distill/data/benchmark/mp/train/sample_001117.npz,mp,mazes,U,mp_mazes,hard,hard,0,mp:train
train,sample_003473.npz,/home/zzy/TrajectoryPlanning/distill/data/benchmark/mp/train/sample_001118.npz,mp,mazes,U,mp_mazes,hard,hard,0,mp:train
train,sample_003474.npz,/home/zzy/TrajectoryPlanning/distill/data/benchmark/mp/train/sample_001119.npz,mp,mazes,U,mp_mazes,hard,hard,0,mp:train
train,sample_003475.npz,/home/zzy/TrajectoryPlanning/distill/data/benchmark/mp/train/sample_001120.npz,mp,mazes,U,mp_mazes,hard,hard,0,mp:train
train,sample_003476.npz,/home/zzy/TrajectoryPlanning/distill/data/benchmark/mp/train/sample_001121.npz,mp,mazes,U,mp_mazes,hard,hard,0,mp:train
train,sample_003477.npz,/home/zzy/TrajectoryPlanning/distill/data/benchmark/mp/train/sample_001122.npz,mp,mazes,U,mp_mazes,hard,hard,0,mp:train
train,sample_003478.npz,/home/zzy/TrajectoryPlanning/distill/data/benchmark/mp/train/sample_001123.npz,mp,mazes,U,mp_mazes,hard,hard,0,mp:train
train,sample_003479.npz,/home/zzy/TrajectoryPlanning/distill/data/benchmark/mp/train/sample_001124.npz,mp,mazes,U,mp_mazes,hard,hard,0,mp:train
train,sample_003480.npz,/home/zzy/TrajectoryPlanning/distill/data/benchmark/mp/train/sample_001125.npz,mp,mazes,U,mp_mazes,hard,hard,0,mp:train
train,sample_003481.npz,/home/zzy/TrajectoryPlanning/distill/data/benchmark/mp/train/sample_001126.npz,mp,mazes,U,mp_mazes,hard,hard,0,mp:train
train,sample_003482.npz,/home/zzy/TrajectoryPlanning/distill/data/benchmark/mp/train/sample_001128.npz,mp,mazes,U,mp_mazes,hard,hard,0,mp:train
train,sample_003483.npz,/home/zzy/TrajectoryPlanning/distill/data/benchmark/mp/train/sample_001129.npz,mp,mazes,U,mp_mazes,hard,hard,0,mp:train
train,sample_003484.npz,/home/zzy/TrajectoryPlanning/distill/data/benchmark/mp/train/sample_001130.npz,mp,mazes,U,mp_mazes,hard,hard,0,mp:train
train,sample_003485.npz,/home/zzy/TrajectoryPlanning/distill/data/benchmark/mp/train/sample_001131.npz,mp,mazes,U,mp_mazes,hard,hard,0,mp:train
train,sample_003486.npz,/home/zzy/TrajectoryPlanning/distill/data/benchmark/mp/train/sample_001132.npz,mp,mazes,U,mp_mazes,hard,hard,0,mp:train
train,sample_003487.npz,/home/zzy/TrajectoryPlanning/distill/data/benchmark/mp/train/sample_001134.npz,mp,mazes,U,mp_mazes,hard,hard,0,mp:train
train,sample_003488.npz,/home/zzy/TrajectoryPlanning/distill/data/benchmark/mp/train/sample_001135.npz,mp,mazes,U,mp_mazes,hard,hard,0,mp:train
train,sample_003489.npz,/home/zzy/TrajectoryPlanning/distill/data/benchmark/mp/train/sample_001139.npz,mp,mazes,U,mp_mazes,hard,hard,0,mp:train
train,sample_003490.npz,/home/zzy/TrajectoryPlanning/distill/data/benchmark/mp/train/sample_001140.npz,mp,mazes,U,mp_mazes,hard,hard,0,mp:train
train,sample_003491.npz,/home/zzy/TrajectoryPlanning/distill/data/benchmark/mp/train/sample_001141.npz,mp,mazes,U,mp_mazes,hard,hard,0,mp:train
train,sample_003492.npz,/home/zzy/TrajectoryPlanning/distill/data/benchmark/mp/train/sample_001142.npz,mp,mazes,U,mp_mazes,hard,hard,0,mp:train
train,sample_003493.npz,/home/zzy/TrajectoryPlanning/distill/data/benchmark/mp/train/sample_001143.npz,mp,mazes,U,mp_mazes,hard,hard,0,mp:train
train,sample_003494.npz,/home/zzy/TrajectoryPlanning/distill/data/benchmark/mp/train/sample_001144.npz,mp,mazes,U,mp_mazes,hard,hard,0,mp:train
train,sample_003495.npz,/home/zzy/TrajectoryPlanning/distill/data/benchmark/mp/train/sample_001146.npz,mp,mazes,U,mp_mazes,hard,hard,0,mp:train
train,sample_003496.npz,/home/zzy/TrajectoryPlanning/distill/data/benchmark/mp/train/sample_001147.npz,mp,mazes,U,mp_mazes,hard,hard,0,mp:train
train,sample_003497.npz,/home/zzy/TrajectoryPlanning/distill/data/benchmark/mp/train/sample_001148.npz,mp,mazes,U,mp_mazes,hard,hard,0,mp:train
train,sample_003498.npz,/home/zzy/TrajectoryPlanning/distill/data/benchmark/mp/train/sample_001150.npz,mp,mazes,U,mp_mazes,hard,hard,0,mp:train
train,sample_003499.npz,/home/zzy/TrajectoryPlanning/distill/data/benchmark/mp/train/sample_001151.npz,mp,mazes,U,mp_mazes,hard,hard,0,mp:train
train,sample_003500.npz,/home/zzy/TrajectoryPlanning/distill/data/benchmark/mp/train/sample_001152.npz,mp,mazes,U,mp_mazes,hard,hard,0,mp:train
train,sample_003501.npz,/home/zzy/TrajectoryPlanning/distill/data/benchmark/mp/train/sample_001153.npz,mp,mazes,U,mp_mazes,hard,hard,0,mp:train
train,sample_003502.npz,/home/zzy/TrajectoryPlanning/distill/data/benchmark/mp/train/sample_001154.npz,mp,mazes,U,mp_mazes,hard,hard,0,mp:train
train,sample_003503.npz,/home/zzy/TrajectoryPlanning/distill/data/benchmark/mp/train/sample_001155.npz,mp,mazes,U,mp_mazes,hard,hard,0,mp:train
train,sample_003504.npz,/home/zzy/TrajectoryPlanning/distill/data/benchmark/mp/train/sample_001158.npz,mp,mazes,U,mp_mazes,hard,hard,0,mp:train
train,sample_003505.npz,/home/zzy/TrajectoryPlanning/distill/data/benchmark/mp/train/sample_001160.npz,mp,mazes,U,mp_mazes,hard,hard,0,mp:train
train,sample_003506.npz,/home/zzy/TrajectoryPlanning/distill/data/benchmark/mp/train/sample_001161.npz,mp,mazes,U,mp_mazes,hard,hard,0,mp:train
train,sample_003507.npz,/home/zzy/TrajectoryPlanning/distill/data/benchmark/mp/train/sample_001165.npz,mp,mazes,U,mp_mazes,hard,hard,0,mp:train
train,sample_003508.npz,/home/zzy/TrajectoryPlanning/distill/data/benchmark/mp/train/sample_001166.npz,mp,mazes,U,mp_mazes,hard,hard,0,mp:train
train,sample_003509.npz,/home/zzy/TrajectoryPlanning/distill/data/benchmark/mp/train/sample_001167.npz,mp,mazes,U,mp_mazes,hard,hard,0,mp:train
train,sample_003510.npz,/home/zzy/TrajectoryPlanning/distill/data/benchmark/mp/train/sample_001168.npz,mp,mazes,U,mp_mazes,hard,hard,0,mp:train
train,sample_003511.npz,/home/zzy/TrajectoryPlanning/distill/data/benchmark/mp/train/sample_001169.npz,mp,mazes,U,mp_mazes,hard,hard,0,mp:train
train,sample_003512.npz,/home/zzy/TrajectoryPlanning/distill/data/benchmark/mp/train/sample_001170.npz,mp,mazes,U,mp_mazes,hard,hard,0,mp:train
train,sample_003513.npz,/home/zzy/TrajectoryPlanning/distill/data/benchmark/mp/train/sample_001171.npz,mp,mazes,U,mp_mazes,hard,hard,0,mp:train
train,sample_003514.npz,/home/zzy/TrajectoryPlanning/distill/data/benchmark/mp/train/sample_001172.npz,mp,mazes,U,mp_mazes,hard,hard,0,mp:train
train,sample_003515.npz,/home/zzy/TrajectoryPlanning/distill/data/benchmark/mp/train/sample_001173.npz,mp,mazes,U,mp_mazes,hard,hard,0,mp:train
train,sample_003516.npz,/home/zzy/TrajectoryPlanning/distill/data/benchmark/mp/train/sample_001174.npz,mp,mazes,U,mp_mazes,hard,hard,0,mp:train
train,sample_003517.npz,/home/zzy/TrajectoryPlanning/distill/data/benchmark/mp/train/sample_001175.npz,mp,mazes,U,mp_mazes,hard,hard,0,mp:train
train,sample_003518.npz,/home/zzy/TrajectoryPlanning/distill/data/benchmark/mp/train/sample_001178.npz,mp,mazes,U,mp_mazes,hard,hard,0,mp:train
train,sample_003519.npz,/home/zzy/TrajectoryPlanning/distill/data/benchmark/mp/train/sample_001179.npz,mp,mazes,U,mp_mazes,hard,hard,0,mp:train
train,sample_003520.npz,/home/zzy/TrajectoryPlanning/distill/data/benchmark/mp/train/sample_001180.npz,mp,mazes,U,mp_mazes,hard,hard,0,mp:train
train,sample_003521.npz,/home/zzy/TrajectoryPlanning/distill/data/benchmark/mp/train/sample_001181.npz,mp,mazes,U,mp_mazes,hard,hard,0,mp:train
train,sample_003522.npz,/home/zzy/TrajectoryPlanning/distill/data/benchmark/mp/train/sample_001182.npz,mp,mazes,U,mp_mazes,hard,hard,0,mp:train
train,sample_003523.npz,/home/zzy/TrajectoryPlanning/distill/data/benchmark/mp/train/sample_001184.npz,mp,mazes,U,mp_mazes,hard,hard,0,mp:train
train,sample_003524.npz,/home/zzy/TrajectoryPlanning/distill/data/benchmark/mp/train/sample_001185.npz,mp,mazes,U,mp_mazes,hard,hard,0,mp:train
train,sample_003525.npz,/home/zzy/TrajectoryPlanning/distill/data/benchmark/mp/train/sample_001187.npz,mp,mazes,U,mp_mazes,hard,hard,0,mp:train
train,sample_003526.npz,/home/zzy/TrajectoryPlanning/distill/data/benchmark/mp/train/sample_001188.npz,mp,mazes,U,mp_mazes,hard,hard,0,mp:train
train,sample_003527.npz,/home/zzy/TrajectoryPlanning/distill/data/benchmark/mp/train/sample_001189.npz,mp,mazes,U,mp_mazes,hard,hard,0,mp:train
train,sample_003528.npz,/home/zzy/TrajectoryPlanning/distill/data/benchmark/mp/train/sample_001190.npz,mp,mazes,U,mp_mazes,hard,hard,0,mp:train
train,sample_003529.npz,/home/zzy/TrajectoryPlanning/distill/data/benchmark/mp/train/sample_001191.npz,mp,mazes,U,mp_mazes,hard,hard,0,mp:train
train,sample_003530.npz,/home/zzy/TrajectoryPlanning/distill/data/benchmark/mp/train/sample_001192.npz,mp,mazes,U,mp_mazes,hard,hard,0,mp:train
train,sample_003531.npz,/home/zzy/TrajectoryPlanning/distill/data/benchmark/mp/train/sample_001193.npz,mp,mazes,U,mp_mazes,hard,hard,0,mp:train
train,sample_003532.npz,/home/zzy/TrajectoryPlanning/distill/data/benchmark/mp/train/sample_001195.npz,mp,mazes,U,mp_mazes,hard,hard,0,mp:train
train,sample_003533.npz,/home/zzy/TrajectoryPlanning/distill/data/benchmark/mp/train/sample_001197.npz,mp,mazes,U,mp_mazes,hard,hard,0,mp:train
train,sample_003534.npz,/home/zzy/TrajectoryPlanning/distill/data/benchmark/mp/train/sample_001198.npz,mp,mazes,U,mp_mazes,hard,hard,0,mp:train
train,sample_003535.npz,/home/zzy/TrajectoryPlanning/distill/data/benchmark/mp/train/sample_001199.npz,mp,mazes,U,mp_mazes,hard,hard,0,mp:train
train,sample_003536.npz,/home/zzy/TrajectoryPlanning/distill/data/benchmark/mp/train/sample_001200.npz,mp,mazes,U,mp_mazes,hard,hard,0,mp:train
train,sample_003537.npz,/home/zzy/TrajectoryPlanning/distill/data/benchmark/mp/train/sample_001201.npz,mp,mazes,U,mp_mazes,hard,hard,0,mp:train
train,sample_003538.npz,/home/zzy/TrajectoryPlanning/distill/data/benchmark/mp/train/sample_001202.npz,mp,mazes,U,mp_mazes,hard,hard,0,mp:train
train,sample_003539.npz,/home/zzy/TrajectoryPlanning/distill/data/benchmark/mp/train/sample_001205.npz,mp,mazes,U,mp_mazes,hard,hard,0,mp:train
train,sample_003540.npz,/home/zzy/TrajectoryPlanning/distill/data/benchmark/mp/train/sample_001206.npz,mp,mazes,U,mp_mazes,hard,hard,0,mp:train
train,sample_003541.npz,/home/zzy/TrajectoryPlanning/distill/data/benchmark/mp/train/sample_001207.npz,mp,mazes,U,mp_mazes,hard,hard,0,mp:train
train,sample_003542.npz,/home/zzy/TrajectoryPlanning/distill/data/benchmark/mp/train/sample_001208.npz,mp,mazes,U,mp_mazes,hard,hard,0,mp:train
train,sample_003543.npz,/home/zzy/TrajectoryPlanning/distill/data/benchmark/mp/train/sample_001209.npz,mp,mazes,U,mp_mazes,hard,hard,0,mp:train
train,sample_003544.npz,/home/zzy/TrajectoryPlanning/distill/data/benchmark/mp/train/sample_001210.npz,mp,mazes,U,mp_mazes,hard,hard,0,mp:train
train,sample_003545.npz,/home/zzy/TrajectoryPlanning/distill/data/benchmark/mp/train/sample_001211.npz,mp,mazes,U,mp_mazes,hard,hard,0,mp:train
train,sample_003546.npz,/home/zzy/TrajectoryPlanning/distill/data/benchmark/mp/train/sample_001212.npz,mp,mazes,U,mp_mazes,hard,hard,0,mp:train
train,sample_003547.npz,/home/zzy/TrajectoryPlanning/distill/data/benchmark/mp/train/sample_001213.npz,mp,mazes,U,mp_mazes,hard,hard,0,mp:train
train,sample_003548.npz,/home/zzy/TrajectoryPlanning/distill/data/benchmark/mp/train/sample_001214.npz,mp,mazes,U,mp_mazes,hard,hard,0,mp:train
train,sample_003549.npz,/home/zzy/TrajectoryPlanning/distill/data/benchmark/mp/train/sample_001215.npz,mp,mazes,U,mp_mazes,hard,hard,0,mp:train
train,sample_003550.npz,/home/zzy/TrajectoryPlanning/distill/data/benchmark/mp/train/sample_001216.npz,mp,mazes,U,mp_mazes,hard,hard,0,mp:train
train,sample_003551.npz,/home/zzy/TrajectoryPlanning/distill/data/benchmark/mp/train/sample_001217.npz,mp,mazes,U,mp_mazes,hard,hard,0,mp:train
train,sample_003552.npz,/home/zzy/TrajectoryPlanning/distill/data/benchmark/mp/train/sample_001219.npz,mp,mazes,U,mp_mazes,hard,hard,0,mp:train
train,sample_003553.npz,/home/zzy/TrajectoryPlanning/distill/data/benchmark/mp/train/sample_001220.npz,mp,mazes,U,mp_mazes,hard,hard,0,mp:train
train,sample_003554.npz,/home/zzy/TrajectoryPlanning/distill/data/benchmark/mp/train/sample_001222.npz,mp,mazes,U,mp_mazes,hard,hard,0,mp:train
train,sample_003555.npz,/home/zzy/TrajectoryPlanning/distill/data/benchmark/mp/train/sample_001223.npz,mp,mazes,U,mp_mazes,hard,hard,0,mp:train
train,sample_003556.npz,/home/zzy/TrajectoryPlanning/distill/data/benchmark/mp/train/sample_001225.npz,mp,mazes,U,mp_mazes,hard,hard,0,mp:train
train,sample_003557.npz,/home/zzy/TrajectoryPlanning/distill/data/benchmark/mp/train/sample_001226.npz,mp,mazes,U,mp_mazes,hard,hard,0,mp:train
train,sample_003558.npz,/home/zzy/TrajectoryPlanning/distill/data/benchmark/mp/train/sample_001227.npz,mp,mazes,U,mp_mazes,hard,hard,0,mp:train
train,sample_003559.npz,/home/zzy/TrajectoryPlanning/distill/data/benchmark/mp/train/sample_001230.npz,mp,mazes,U,mp_mazes,hard,hard,0,mp:train
train,sample_003560.npz,/home/zzy/TrajectoryPlanning/distill/data/benchmark/mp/train/sample_001235.npz,mp,mazes,U,mp_mazes,hard,hard,0,mp:train
train,sample_003561.npz,/home/zzy/TrajectoryPlanning/distill/data/benchmark/mp/train/sample_001236.npz,mp,mazes,U,mp_mazes,hard,hard,0,mp:train
train,sample_003562.npz,/home/zzy/TrajectoryPlanning/distill/data/benchmark/mp/train/sample_001237.npz,mp,mazes,U,mp_mazes,hard,hard,0,mp:train
train,sample_003563.npz,/home/zzy/TrajectoryPlanning/distill/data/benchmark/mp/train/sample_001238.npz,mp,mazes,U,mp_mazes,hard,hard,0,mp:train
train,sample_003564.npz,/home/zzy/TrajectoryPlanning/distill/data/benchmark/mp/train/sample_001239.npz,mp,mazes,U,mp_mazes,hard,hard,0,mp:train
train,sample_003565.npz,/home/zzy/TrajectoryPlanning/distill/data/benchmark/mp/train/sample_001242.npz,mp,mazes,U,mp_mazes,hard,hard,0,mp:train
train,sample_003566.npz,/home/zzy/TrajectoryPlanning/distill/data/benchmark/mp/train/sample_001243.npz,mp,mazes,U,mp_mazes,hard,hard,0,mp:train
train,sample_003567.npz,/home/zzy/TrajectoryPlanning/distill/data/benchmark/mp/train/sample_001244.npz,mp,mazes,U,mp_mazes,hard,hard,0,mp:train
train,sample_003568.npz,/home/zzy/TrajectoryPlanning/distill/data/benchmark/mp/train/sample_001245.npz,mp,mazes,U,mp_mazes,hard,hard,0,mp:train
train,sample_003569.npz,/home/zzy/TrajectoryPlanning/distill/data/benchmark/mp/train/sample_001246.npz,mp,mazes,U,mp_mazes,hard,hard,0,mp:train
train,sample_003570.npz,/home/zzy/TrajectoryPlanning/distill/data/benchmark/mp/train/sample_001247.npz,mp,mazes,U,mp_mazes,hard,hard,0,mp:train
train,sample_003571.npz,/home/zzy/TrajectoryPlanning/distill/data/benchmark/mp/train/sample_001249.npz,mp,mazes,U,mp_mazes,hard,hard,0,mp:train
train,sample_003572.npz,/home/zzy/TrajectoryPlanning/distill/data/benchmark/mp/train/sample_001251.npz,mp,mazes,U,mp_mazes,hard,hard,0,mp:train
train,sample_003573.npz,/home/zzy/TrajectoryPlanning/distill/data/benchmark/mp/train/sample_001252.npz,mp,mazes,U,mp_mazes,hard,hard,0,mp:train
train,sample_003574.npz,/home/zzy/TrajectoryPlanning/distill/data/benchmark/mp/train/sample_001253.npz,mp,mazes,U,mp_mazes,hard,hard,0,mp:train
train,sample_003575.npz,/home/zzy/TrajectoryPlanning/distill/data/benchmark/mp/train/sample_001254.npz,mp,mazes,U,mp_mazes,hard,hard,0,mp:train
train,sample_003576.npz,/home/zzy/TrajectoryPlanning/distill/data/benchmark/mp/train/sample_001255.npz,mp,mazes,U,mp_mazes,hard,hard,0,mp:train
train,sample_003577.npz,/home/zzy/TrajectoryPlanning/distill/data/benchmark/mp/train/sample_001256.npz,mp,mazes,U,mp_mazes,hard,hard,0,mp:train
train,sample_003578.npz,/home/zzy/TrajectoryPlanning/distill/data/benchmark/mp/train/sample_001257.npz,mp,mazes,U,mp_mazes,hard,hard,0,mp:train
train,sample_003579.npz,/home/zzy/TrajectoryPlanning/distill/data/benchmark/mp/train/sample_001258.npz,mp,mazes,U,mp_mazes,hard,hard,0,mp:train
train,sample_003580.npz,/home/zzy/TrajectoryPlanning/distill/data/benchmark/mp/train/sample_001259.npz,mp,mazes,U,mp_mazes,hard,hard,0,mp:train
train,sample_003581.npz,/home/zzy/TrajectoryPlanning/distill/data/benchmark/mp/train/sample_001260.npz,mp,mazes,U,mp_mazes,hard,hard,0,mp:train
train,sample_003582.npz,/home/zzy/TrajectoryPlanning/distill/data/benchmark/mp/train/sample_001261.npz,mp,mazes,U,mp_mazes,hard,hard,0,mp:train
train,sample_003583.npz,/home/zzy/TrajectoryPlanning/distill/data/benchmark/mp/train/sample_001262.npz,mp,mazes,U,mp_mazes,hard,hard,0,mp:train
train,sample_003584.npz,/home/zzy/TrajectoryPlanning/distill/data/benchmark/mp/train/sample_001263.npz,mp,mazes,U,mp_mazes,hard,hard,0,mp:train
train,sample_003585.npz,/home/zzy/TrajectoryPlanning/distill/data/benchmark/mp/train/sample_001264.npz,mp,mazes,U,mp_mazes,hard,hard,0,mp:train
train,sample_003586.npz,/home/zzy/TrajectoryPlanning/distill/data/benchmark/mp/train/sample_001265.npz,mp,mazes,U,mp_mazes,hard,hard,0,mp:train
train,sample_003587.npz,/home/zzy/TrajectoryPlanning/distill/data/benchmark/mp/train/sample_001267.npz,mp,mazes,U,mp_mazes,hard,hard,0,mp:train
train,sample_003588.npz,/home/zzy/TrajectoryPlanning/distill/data/benchmark/mp/train/sample_001268.npz,mp,mazes,U,mp_mazes,hard,hard,0,mp:train
train,sample_003589.npz,/home/zzy/TrajectoryPlanning/distill/data/benchmark/mp/train/sample_001269.npz,mp,mazes,U,mp_mazes,hard,hard,0,mp:train
train,sample_003590.npz,/home/zzy/TrajectoryPlanning/distill/data/benchmark/mp/train/sample_001272.npz,mp,mazes,U,mp_mazes,hard,hard,0,mp:train
train,sample_003591.npz,/home/zzy/TrajectoryPlanning/distill/data/benchmark/mp/train/sample_001273.npz,mp,mazes,U,mp_mazes,hard,hard,0,mp:train
train,sample_003592.npz,/home/zzy/TrajectoryPlanning/distill/data/benchmark/mp/train/sample_001275.npz,mp,mazes,U,mp_mazes,hard,hard,0,mp:train
train,sample_003593.npz,/home/zzy/TrajectoryPlanning/distill/data/benchmark/mp/train/sample_001279.npz,mp,mazes,U,mp_mazes,hard,hard,0,mp:train
train,sample_003594.npz,/home/zzy/TrajectoryPlanning/distill/data/benchmark/mp/train/sample_001280.npz,mp,mazes,U,mp_mazes,hard,hard,0,mp:train
train,sample_003595.npz,/home/zzy/TrajectoryPlanning/distill/data/benchmark/mp/train/sample_001281.npz,mp,mazes,U,mp_mazes,hard,hard,0,mp:train
train,sample_003596.npz,/home/zzy/TrajectoryPlanning/distill/data/benchmark/mp/train/sample_001283.npz,mp,mazes,U,mp_mazes,hard,hard,0,mp:train
train,sample_003597.npz,/home/zzy/TrajectoryPlanning/distill/data/benchmark/mp/train/sample_001285.npz,mp,mazes,U,mp_mazes,hard,hard,0,mp:train
train,sample_003598.npz,/home/zzy/TrajectoryPlanning/distill/data/benchmark/mp/train/sample_001286.npz,mp,mazes,U,mp_mazes,hard,hard,0,mp:train
train,sample_003599.npz,/home/zzy/TrajectoryPlanning/distill/data/benchmark/mp/train/sample_001287.npz,mp,mazes,U,mp_mazes,hard,hard,0,mp:train
train,sample_003600.npz,/home/zzy/TrajectoryPlanning/distill/data/benchmark/mp/train/sample_001288.npz,mp,mazes,U,mp_mazes,hard,hard,0,mp:train
train,sample_003601.npz,/home/zzy/TrajectoryPlanning/distill/data/benchmark/mp/train/sample_001289.npz,mp,mazes,U,mp_mazes,hard,hard,0,mp:train
train,sample_003602.npz,/home/zzy/TrajectoryPlanning/distill/data/benchmark/mp/train/sample_001290.npz,mp,mazes,U,mp_mazes,hard,hard,0,mp:train
train,sample_003603.npz,/home/zzy/TrajectoryPlanning/distill/data/benchmark/mp/train/sample_001291.npz,mp,mazes,U,mp_mazes,hard,hard,0,mp:train
train,sample_003604.npz,/home/zzy/TrajectoryPlanning/distill/data/benchmark/mp/train/sample_001293.npz,mp,mazes,U,mp_mazes,hard,hard,0,mp:train
train,sample_003605.npz,/home/zzy/TrajectoryPlanning/distill/data/benchmark/mp/train/sample_001294.npz,mp,mazes,U,mp_mazes,hard,hard,0,mp:train
train,sample_003606.npz,/home/zzy/TrajectoryPlanning/distill/data/benchmark/mp/train/sample_001295.npz,mp,mazes,U,mp_mazes,hard,hard,0,mp:train
train,sample_003607.npz,/home/zzy/TrajectoryPlanning/distill/data/benchmark/mp/train/sample_001296.npz,mp,mazes,U,mp_mazes,hard,hard,0,mp:train
train,sample_003608.npz,/home/zzy/TrajectoryPlanning/distill/data/benchmark/mp/train/sample_001297.npz,mp,mazes,U,mp_mazes,hard,hard,0,mp:train
train,sample_003609.npz,/home/zzy/TrajectoryPlanning/distill/data/benchmark/mp/train/sample_001298.npz,mp,mazes,U,mp_mazes,hard,hard,0,mp:train
train,sample_003610.npz,/home/zzy/TrajectoryPlanning/distill/data/benchmark/mp/train/sample_001299.npz,mp,mazes,U,mp_mazes,hard,hard,0,mp:train
train,sample_003611.npz,/home/zzy/TrajectoryPlanning/distill/data/benchmark/mp/train/sample_001300.npz,mp,mazes,U,mp_mazes,hard,hard,0,mp:train
train,sample_003612.npz,/home/zzy/TrajectoryPlanning/distill/data/benchmark/mp/train/sample_001301.npz,mp,mazes,U,mp_mazes,hard,hard,0,mp:train
train,sample_003613.npz,/home/zzy/TrajectoryPlanning/distill/data/benchmark/mp/train/sample_001303.npz,mp,mazes,U,mp_mazes,hard,hard,0,mp:train
train,sample_003614.npz,/home/zzy/TrajectoryPlanning/distill/data/benchmark/mp/train/sample_001304.npz,mp,mazes,U,mp_mazes,hard,hard,0,mp:train
train,sample_003615.npz,/home/zzy/TrajectoryPlanning/distill/data/benchmark/mp/train/sample_001305.npz,mp,mazes,U,mp_mazes,hard,hard,0,mp:train
train,sample_003616.npz,/home/zzy/TrajectoryPlanning/distill/data/benchmark/mp/train/sample_001306.npz,mp,mazes,U,mp_mazes,hard,hard,0,mp:train
train,sample_003617.npz,/home/zzy/TrajectoryPlanning/distill/data/benchmark/mp/train/sample_001307.npz,mp,mazes,U,mp_mazes,hard,hard,0,mp:train
train,sample_003618.npz,/home/zzy/TrajectoryPlanning/distill/data/benchmark/mp/train/sample_001308.npz,mp,mazes,U,mp_mazes,hard,hard,0,mp:train
train,sample_003619.npz,/home/zzy/TrajectoryPlanning/distill/data/benchmark/mp/train/sample_001309.npz,mp,mazes,U,mp_mazes,hard,hard,0,mp:train
train,sample_003620.npz,/home/zzy/TrajectoryPlanning/distill/data/benchmark/mp/train/sample_001310.npz,mp,mazes,U,mp_mazes,hard,hard,0,mp:train
train,sample_003621.npz,/home/zzy/TrajectoryPlanning/distill/data/benchmark/mp/train/sample_001311.npz,mp,mazes,U,mp_mazes,hard,hard,0,mp:train
train,sample_003622.npz,/home/zzy/TrajectoryPlanning/distill/data/benchmark/mp/train/sample_001312.npz,mp,mazes,U,mp_mazes,hard,hard,0,mp:train
train,sample_003623.npz,/home/zzy/TrajectoryPlanning/distill/data/benchmark/mp/train/sample_001313.npz,mp,mazes,U,mp_mazes,hard,hard,0,mp:train
train,sample_003624.npz,/home/zzy/TrajectoryPlanning/distill/data/benchmark/mp/train/sample_001314.npz,mp,mazes,U,mp_mazes,hard,hard,0,mp:train
train,sample_003625.npz,/home/zzy/TrajectoryPlanning/distill/data/benchmark/mp/train/sample_001315.npz,mp,mazes,U,mp_mazes,hard,hard,0,mp:train
train,sample_003626.npz,/home/zzy/TrajectoryPlanning/distill/data/benchmark/mp/train/sample_001316.npz,mp,mazes,U,mp_mazes,hard,hard,0,mp:train
train,sample_003627.npz,/home/zzy/TrajectoryPlanning/distill/data/benchmark/mp/train/sample_001317.npz,mp,mazes,U,mp_mazes,hard,hard,0,mp:train
train,sample_003628.npz,/home/zzy/TrajectoryPlanning/distill/data/benchmark/mp/train/sample_001318.npz,mp,mazes,U,mp_mazes,hard,hard,0,mp:train
train,sample_003629.npz,/home/zzy/TrajectoryPlanning/distill/data/benchmark/mp/train/sample_001319.npz,mp,mazes,U,mp_mazes,hard,hard,0,mp:train
train,sample_003630.npz,/home/zzy/TrajectoryPlanning/distill/data/benchmark/mp/train/sample_001320.npz,mp,mazes,U,mp_mazes,hard,hard,0,mp:train
train,sample_003631.npz,/home/zzy/TrajectoryPlanning/distill/data/benchmark/mp/train/sample_001321.npz,mp,mazes,U,mp_mazes,hard,hard,0,mp:train
train,sample_003632.npz,/home/zzy/TrajectoryPlanning/distill/data/benchmark/mp/train/sample_001322.npz,mp,mazes,U,mp_mazes,hard,hard,0,mp:train
train,sample_003633.npz,/home/zzy/TrajectoryPlanning/distill/data/benchmark/mp/train/sample_001323.npz,mp,mazes,U,mp_mazes,hard,hard,0,mp:train
train,sample_003634.npz,/home/zzy/TrajectoryPlanning/distill/data/benchmark/mp/train/sample_001324.npz,mp,mazes,U,mp_mazes,hard,hard,0,mp:train
train,sample_003635.npz,/home/zzy/TrajectoryPlanning/distill/data/benchmark/mp/train/sample_001325.npz,mp,mazes,U,mp_mazes,hard,hard,0,mp:train
train,sample_003636.npz,/home/zzy/TrajectoryPlanning/distill/data/benchmark/mp/train/sample_001326.npz,mp,mazes,U,mp_mazes,hard,hard,0,mp:train
train,sample_003637.npz,/home/zzy/TrajectoryPlanning/distill/data/benchmark/mp/train/sample_001328.npz,mp,mazes,U,mp_mazes,hard,hard,0,mp:train
train,sample_003638.npz,/home/zzy/TrajectoryPlanning/distill/data/benchmark/mp/train/sample_001329.npz,mp,mazes,U,mp_mazes,hard,hard,0,mp:train
train,sample_003639.npz,/home/zzy/TrajectoryPlanning/distill/data/benchmark/mp/train/sample_001330.npz,mp,mazes,U,mp_mazes,hard,hard,0,mp:train
train,sample_003640.npz,/home/zzy/TrajectoryPlanning/distill/data/benchmark/mp/train/sample_001331.npz,mp,mazes,U,mp_mazes,hard,hard,0,mp:train
train,sample_003641.npz,/home/zzy/TrajectoryPlanning/distill/data/benchmark/mp/train/sample_001332.npz,mp,mazes,U,mp_mazes,hard,hard,0,mp:train
train,sample_003642.npz,/home/zzy/TrajectoryPlanning/distill/data/benchmark/mp/train/sample_001333.npz,mp,mazes,U,mp_mazes,hard,hard,0,mp:train
train,sample_003643.npz,/home/zzy/TrajectoryPlanning/distill/data/benchmark/mp/train/sample_001334.npz,mp,mazes,U,mp_mazes,hard,hard,0,mp:train
train,sample_003644.npz,/home/zzy/TrajectoryPlanning/distill/data/benchmark/mp/train/sample_001335.npz,mp,mazes,U,mp_mazes,hard,hard,0,mp:train
train,sample_003645.npz,/home/zzy/TrajectoryPlanning/distill/data/benchmark/mp/train/sample_001336.npz,mp,mazes,U,mp_mazes,hard,hard,0,mp:train
train,sample_003646.npz,/home/zzy/TrajectoryPlanning/distill/data/benchmark/mp/train/sample_001337.npz,mp,mazes,U,mp_mazes,hard,hard,0,mp:train
train,sample_003647.npz,/home/zzy/TrajectoryPlanning/distill/data/benchmark/mp/train/sample_001338.npz,mp,mazes,U,mp_mazes,hard,hard,0,mp:train
train,sample_003648.npz,/home/zzy/TrajectoryPlanning/distill/data/benchmark/mp/train/sample_001339.npz,mp,mazes,U,mp_mazes,hard,hard,0,mp:train
train,sample_003649.npz,/home/zzy/TrajectoryPlanning/distill/data/benchmark/mp/train/sample_001340.npz,mp,mazes,U,mp_mazes,hard,hard,0,mp:train
train,sample_003650.npz,/home/zzy/TrajectoryPlanning/distill/data/benchmark/mp/train/sample_001341.npz,mp,mazes,U,mp_mazes,hard,hard,0,mp:train
train,sample_003651.npz,/home/zzy/TrajectoryPlanning/distill/data/benchmark/mp/train/sample_001342.npz,mp,mazes,U,mp_mazes,hard,hard,0,mp:train
train,sample_003652.npz,/home/zzy/TrajectoryPlanning/distill/data/benchmark/mp/train/sample_001344.npz,mp,mazes,U,mp_mazes,hard,hard,0,mp:train
train,sample_003653.npz,/home/zzy/TrajectoryPlanning/distill/data/benchmark/mp/train/sample_001345.npz,mp,mazes,U,mp_mazes,hard,hard,0,mp:train
train,sample_003654.npz,/home/zzy/TrajectoryPlanning/distill/data/benchmark/mp/train/sample_001346.npz,mp,mazes,U,mp_mazes,hard,hard,0,mp:train
train,sample_003655.npz,/home/zzy/TrajectoryPlanning/distill/data/benchmark/mp/train/sample_001347.npz,mp,mazes,U,mp_mazes,hard,hard,0,mp:train
train,sample_003656.npz,/home/zzy/TrajectoryPlanning/distill/data/benchmark/mp/train/sample_001348.npz,mp,mazes,U,mp_mazes,hard,hard,0,mp:train
train,sample_003657.npz,/home/zzy/TrajectoryPlanning/distill/data/benchmark/mp/train/sample_001349.npz,mp,mazes,U,mp_mazes,hard,hard,0,mp:train
train,sample_003658.npz,/home/zzy/TrajectoryPlanning/distill/data/benchmark/mp/train/sample_001350.npz,mp,mazes,U,mp_mazes,hard,hard,0,mp:train
train,sample_003659.npz,/home/zzy/TrajectoryPlanning/distill/data/benchmark/mp/train/sample_001351.npz,mp,mazes,U,mp_mazes,hard,hard,0,mp:train
train,sample_003660.npz,/home/zzy/TrajectoryPlanning/distill/data/benchmark/mp/train/sample_001352.npz,mp,mazes,U,mp_mazes,hard,hard,0,mp:train
train,sample_003661.npz,/home/zzy/TrajectoryPlanning/distill/data/benchmark/mp/train/sample_001353.npz,mp,mazes,U,mp_mazes,hard,hard,0,mp:train
train,sample_003662.npz,/home/zzy/TrajectoryPlanning/distill/data/benchmark/mp/train/sample_001355.npz,mp,mazes,U,mp_mazes,hard,hard,0,mp:train
train,sample_003663.npz,/home/zzy/TrajectoryPlanning/distill/data/benchmark/mp/train/sample_001357.npz,mp,mazes,U,mp_mazes,hard,hard,0,mp:train
train,sample_003664.npz,/home/zzy/TrajectoryPlanning/distill/data/benchmark/mp/train/sample_001358.npz,mp,mazes,U,mp_mazes,hard,hard,0,mp:train
train,sample_003665.npz,/home/zzy/TrajectoryPlanning/distill/data/benchmark/mp/train/sample_001359.npz,mp,mazes,U,mp_mazes,hard,hard,0,mp:train
train,sample_003666.npz,/home/zzy/TrajectoryPlanning/distill/data/benchmark/mp/train/sample_001360.npz,mp,mazes,U,mp_mazes,hard,hard,0,mp:train
train,sample_003667.npz,/home/zzy/TrajectoryPlanning/distill/data/benchmark/mp/train/sample_001363.npz,mp,mazes,U,mp_mazes,hard,hard,0,mp:train
train,sample_003668.npz,/home/zzy/TrajectoryPlanning/distill/data/benchmark/mp/train/sample_001364.npz,mp,mazes,U,mp_mazes,hard,hard,0,mp:train
train,sample_003669.npz,/home/zzy/TrajectoryPlanning/distill/data/benchmark/mp/train/sample_001365.npz,mp,mazes,U,mp_mazes,hard,hard,0,mp:train
train,sample_003670.npz,/home/zzy/TrajectoryPlanning/distill/data/benchmark/mp/train/sample_001366.npz,mp,mazes,U,mp_mazes,hard,hard,0,mp:train
train,sample_003671.npz,/home/zzy/TrajectoryPlanning/distill/data/benchmark/mp/train/sample_001367.npz,mp,mazes,U,mp_mazes,hard,hard,0,mp:train
train,sample_003672.npz,/home/zzy/TrajectoryPlanning/distill/data/benchmark/mp/train/sample_001368.npz,mp,mazes,U,mp_mazes,hard,hard,0,mp:train
train,sample_003673.npz,/home/zzy/TrajectoryPlanning/distill/data/benchmark/mp/train/sample_001369.npz,mp,mazes,U,mp_mazes,hard,hard,0,mp:train
train,sample_003674.npz,/home/zzy/TrajectoryPlanning/distill/data/benchmark/mp/train/sample_001370.npz,mp,mazes,U,mp_mazes,hard,hard,0,mp:train
train,sample_003675.npz,/home/zzy/TrajectoryPlanning/distill/data/benchmark/mp/train/sample_001371.npz,mp,mazes,U,mp_mazes,hard,hard,0,mp:train
train,sample_003676.npz,/home/zzy/TrajectoryPlanning/distill/data/benchmark/mp/train/sample_001374.npz,mp,mazes,U,mp_mazes,hard,hard,0,mp:train
train,sample_003677.npz,/home/zzy/TrajectoryPlanning/distill/data/benchmark/mp/train/sample_001375.npz,mp,mazes,U,mp_mazes,hard,hard,0,mp:train
train,sample_003678.npz,/home/zzy/TrajectoryPlanning/distill/data/benchmark/mp/train/sample_001376.npz,mp,mazes,U,mp_mazes,hard,hard,0,mp:train
train,sample_003679.npz,/home/zzy/TrajectoryPlanning/distill/data/benchmark/mp/train/sample_001377.npz,mp,mazes,U,mp_mazes,hard,hard,0,mp:train
train,sample_003680.npz,/home/zzy/TrajectoryPlanning/distill/data/benchmark/mp/train/sample_001378.npz,mp,mazes,U,mp_mazes,hard,hard,0,mp:train
train,sample_003681.npz,/home/zzy/TrajectoryPlanning/distill/data/benchmark/mp/train/sample_001379.npz,mp,mazes,U,mp_mazes,hard,hard,0,mp:train
train,sample_003682.npz,/home/zzy/TrajectoryPlanning/distill/data/benchmark/mp/train/sample_001380.npz,mp,mazes,U,mp_mazes,hard,hard,0,mp:train
train,sample_003683.npz,/home/zzy/TrajectoryPlanning/distill/data/benchmark/mp/train/sample_001381.npz,mp,mazes,U,mp_mazes,hard,hard,0,mp:train
train,sample_003684.npz,/home/zzy/TrajectoryPlanning/distill/data/benchmark/mp/train/sample_001382.npz,mp,mazes,U,mp_mazes,hard,hard,0,mp:train
train,sample_003685.npz,/home/zzy/TrajectoryPlanning/distill/data/benchmark/mp/train/sample_001383.npz,mp,mazes,U,mp_mazes,hard,hard,0,mp:train
train,sample_003686.npz,/home/zzy/TrajectoryPlanning/distill/data/benchmark/mp/train/sample_001384.npz,mp,mazes,U,mp_mazes,hard,hard,0,mp:train
train,sample_003687.npz,/home/zzy/TrajectoryPlanning/distill/data/benchmark/mp/train/sample_001385.npz,mp,mazes,U,mp_mazes,hard,hard,0,mp:train
train,sample_003688.npz,/home/zzy/TrajectoryPlanning/distill/data/benchmark/mp/train/sample_001386.npz,mp,mazes,U,mp_mazes,hard,hard,0,mp:train
train,sample_003689.npz,/home/zzy/TrajectoryPlanning/distill/data/benchmark/mp/train/sample_001387.npz,mp,mazes,U,mp_mazes,hard,hard,0,mp:train
train,sample_003690.npz,/home/zzy/TrajectoryPlanning/distill/data/benchmark/mp/train/sample_001388.npz,mp,mazes,U,mp_mazes,hard,hard,0,mp:train
train,sample_003691.npz,/home/zzy/TrajectoryPlanning/distill/data/benchmark/mp/train/sample_001389.npz,mp,mazes,U,mp_mazes,hard,hard,0,mp:train
train,sample_003692.npz,/home/zzy/TrajectoryPlanning/distill/data/benchmark/mp/train/sample_001390.npz,mp,mazes,U,mp_mazes,hard,hard,0,mp:train
train,sample_003693.npz,/home/zzy/TrajectoryPlanning/distill/data/benchmark/mp/train/sample_001391.npz,mp,mazes,U,mp_mazes,hard,hard,0,mp:train
train,sample_003694.npz,/home/zzy/TrajectoryPlanning/distill/data/benchmark/mp/train/sample_001392.npz,mp,mazes,U,mp_mazes,hard,hard,0,mp:train
train,sample_003695.npz,/home/zzy/TrajectoryPlanning/distill/data/benchmark/mp/train/sample_001393.npz,mp,mazes,U,mp_mazes,hard,hard,0,mp:train
train,sample_003696.npz,/home/zzy/TrajectoryPlanning/distill/data/benchmark/mp/train/sample_001394.npz,mp,mazes,U,mp_mazes,hard,hard,0,mp:train
train,sample_003697.npz,/home/zzy/TrajectoryPlanning/distill/data/benchmark/mp/train/sample_001397.npz,mp,mazes,U,mp_mazes,hard,hard,0,mp:train
train,sample_003698.npz,/home/zzy/TrajectoryPlanning/distill/data/benchmark/mp/train/sample_001398.npz,mp,mazes,U,mp_mazes,hard,hard,0,mp:train
train,sample_003699.npz,/home/zzy/TrajectoryPlanning/distill/data/benchmark/mp/train/sample_001399.npz,mp,mazes,U,mp_mazes,hard,hard,0,mp:train
train,sample_003700.npz,/home/zzy/TrajectoryPlanning/distill/data/benchmark/mp/train/sample_001400.npz,mp,mazes,U,mp_mazes,hard,hard,0,mp:train
train,sample_003701.npz,/home/zzy/TrajectoryPlanning/distill/data/benchmark/mp/train/sample_001401.npz,mp,mazes,U,mp_mazes,hard,hard,0,mp:train
train,sample_003702.npz,/home/zzy/TrajectoryPlanning/distill/data/benchmark/mp/train/sample_001402.npz,mp,mazes,U,mp_mazes,hard,hard,0,mp:train
train,sample_003703.npz,/home/zzy/TrajectoryPlanning/distill/data/benchmark/mp/train/sample_001403.npz,mp,mazes,U,mp_mazes,hard,hard,0,mp:train
train,sample_003704.npz,/home/zzy/TrajectoryPlanning/distill/data/benchmark/mp/train/sample_001405.npz,mp,mazes,U,mp_mazes,hard,hard,0,mp:train
train,sample_003705.npz,/home/zzy/TrajectoryPlanning/distill/data/benchmark/mp/train/sample_001406.npz,mp,mazes,U,mp_mazes,hard,hard,0,mp:train
train,sample_003706.npz,/home/zzy/TrajectoryPlanning/distill/data/benchmark/mp/train/sample_001407.npz,mp,mazes,U,mp_mazes,hard,hard,0,mp:train
train,sample_003707.npz,/home/zzy/TrajectoryPlanning/distill/data/benchmark/mp/train/sample_001408.npz,mp,mazes,U,mp_mazes,hard,hard,0,mp:train
train,sample_003708.npz,/home/zzy/TrajectoryPlanning/distill/data/benchmark/mp/train/sample_001409.npz,mp,mazes,U,mp_mazes,hard,hard,0,mp:train
train,sample_003709.npz,/home/zzy/TrajectoryPlanning/distill/data/benchmark/mp/train/sample_001411.npz,mp,mazes,U,mp_mazes,hard,hard,0,mp:train
train,sample_003710.npz,/home/zzy/TrajectoryPlanning/distill/data/benchmark/mp/train/sample_001412.npz,mp,mazes,U,mp_mazes,hard,hard,0,mp:train
train,sample_003711.npz,/home/zzy/TrajectoryPlanning/distill/data/benchmark/mp/train/sample_001413.npz,mp,mazes,U,mp_mazes,hard,hard,0,mp:train
train,sample_003712.npz,/home/zzy/TrajectoryPlanning/distill/data/benchmark/mp/train/sample_001414.npz,mp,mazes,U,mp_mazes,hard,hard,0,mp:train
train,sample_003713.npz,/home/zzy/TrajectoryPlanning/distill/data/benchmark/mp/train/sample_001415.npz,mp,mazes,U,mp_mazes,hard,hard,0,mp:train
train,sample_003714.npz,/home/zzy/TrajectoryPlanning/distill/data/benchmark/mp/train/sample_001416.npz,mp,mazes,U,mp_mazes,hard,hard,0,mp:train
train,sample_003715.npz,/home/zzy/TrajectoryPlanning/distill/data/benchmark/mp/train/sample_001417.npz,mp,mazes,U,mp_mazes,hard,hard,0,mp:train
train,sample_003716.npz,/home/zzy/TrajectoryPlanning/distill/data/benchmark/mp/train/sample_001418.npz,mp,mazes,U,mp_mazes,hard,hard,0,mp:train
train,sample_003717.npz,/home/zzy/TrajectoryPlanning/distill/data/benchmark/mp/train/sample_001419.npz,mp,mazes,U,mp_mazes,hard,hard,0,mp:train
train,sample_003718.npz,/home/zzy/TrajectoryPlanning/distill/data/benchmark/mp/train/sample_001420.npz,mp,mazes,U,mp_mazes,hard,hard,0,mp:train
train,sample_003719.npz,/home/zzy/TrajectoryPlanning/distill/data/benchmark/mp/train/sample_001422.npz,mp,mazes,U,mp_mazes,hard,hard,0,mp:train
train,sample_003720.npz,/home/zzy/TrajectoryPlanning/distill/data/benchmark/mp/train/sample_001424.npz,mp,mazes,U,mp_mazes,hard,hard,0,mp:train
train,sample_003721.npz,/home/zzy/TrajectoryPlanning/distill/data/benchmark/mp/train/sample_001425.npz,mp,mazes,U,mp_mazes,hard,hard,0,mp:train
train,sample_003722.npz,/home/zzy/TrajectoryPlanning/distill/data/benchmark/mp/train/sample_001426.npz,mp,mazes,U,mp_mazes,hard,hard,0,mp:train
train,sample_003723.npz,/home/zzy/TrajectoryPlanning/distill/data/benchmark/mp/train/sample_001427.npz,mp,mazes,U,mp_mazes,hard,hard,0,mp:train
train,sample_003724.npz,/home/zzy/TrajectoryPlanning/distill/data/benchmark/mp/train/sample_001428.npz,mp,mazes,U,mp_mazes,hard,hard,0,mp:train
train,sample_003725.npz,/home/zzy/TrajectoryPlanning/distill/data/benchmark/mp/train/sample_001430.npz,mp,mazes,U,mp_mazes,hard,hard,0,mp:train
train,sample_003726.npz,/home/zzy/TrajectoryPlanning/distill/data/benchmark/mp/train/sample_001434.npz,mp,mazes,U,mp_mazes,hard,hard,0,mp:train
train,sample_003727.npz,/home/zzy/TrajectoryPlanning/distill/data/benchmark/mp/train/sample_001435.npz,mp,mazes,U,mp_mazes,hard,hard,0,mp:train
train,sample_003728.npz,/home/zzy/TrajectoryPlanning/distill/data/benchmark/mp/train/sample_001437.npz,mp,mazes,U,mp_mazes,hard,hard,0,mp:train
train,sample_003729.npz,/home/zzy/TrajectoryPlanning/distill/data/benchmark/mp/train/sample_001438.npz,mp,mazes,U,mp_mazes,hard,hard,0,mp:train
train,sample_003730.npz,/home/zzy/TrajectoryPlanning/distill/data/benchmark/mp/train/sample_001439.npz,mp,mazes,U,mp_mazes,hard,hard,0,mp:train
train,sample_003731.npz,/home/zzy/TrajectoryPlanning/distill/data/benchmark/mp/train/sample_001440.npz,mp,mazes,U,mp_mazes,hard,hard,0,mp:train
train,sample_003732.npz,/home/zzy/TrajectoryPlanning/distill/data/benchmark/mp/train/sample_001441.npz,mp,mazes,U,mp_mazes,hard,hard,0,mp:train
train,sample_003733.npz,/home/zzy/TrajectoryPlanning/distill/data/benchmark/mp/train/sample_001443.npz,mp,mazes,U,mp_mazes,hard,hard,0,mp:train
train,sample_003734.npz,/home/zzy/TrajectoryPlanning/distill/data/benchmark/mp/train/sample_001445.npz,mp,mazes,U,mp_mazes,hard,hard,0,mp:train
train,sample_003735.npz,/home/zzy/TrajectoryPlanning/distill/data/benchmark/mp/train/sample_001447.npz,mp,mazes,U,mp_mazes,hard,hard,0,mp:train
train,sample_003736.npz,/home/zzy/TrajectoryPlanning/distill/data/benchmark/mp/train/sample_001448.npz,mp,mazes,U,mp_mazes,hard,hard,0,mp:train
train,sample_003737.npz,/home/zzy/TrajectoryPlanning/distill/data/benchmark/mp/train/sample_001449.npz,mp,mazes,U,mp_mazes,hard,hard,0,mp:train
train,sample_003738.npz,/home/zzy/TrajectoryPlanning/distill/data/benchmark/mp/train/sample_001450.npz,mp,mazes,U,mp_mazes,hard,hard,0,mp:train
train,sample_003739.npz,/home/zzy/TrajectoryPlanning/distill/data/benchmark/mp/train/sample_001453.npz,mp,mazes,U,mp_mazes,hard,hard,0,mp:train
train,sample_003740.npz,/home/zzy/TrajectoryPlanning/distill/data/benchmark/mp/train/sample_001456.npz,mp,mazes,U,mp_mazes,hard,hard,0,mp:train
train,sample_003741.npz,/home/zzy/TrajectoryPlanning/distill/data/benchmark/mp/train/sample_001457.npz,mp,mazes,U,mp_mazes,hard,hard,0,mp:train
train,sample_003742.npz,/home/zzy/TrajectoryPlanning/distill/data/benchmark/mp/train/sample_001458.npz,mp,mazes,U,mp_mazes,hard,hard,0,mp:train
train,sample_003743.npz,/home/zzy/TrajectoryPlanning/distill/data/benchmark/mp/train/sample_001460.npz,mp,mazes,U,mp_mazes,hard,hard,0,mp:train
train,sample_003744.npz,/home/zzy/TrajectoryPlanning/distill/data/benchmark/mp/train/sample_001463.npz,mp,mazes,U,mp_mazes,hard,hard,0,mp:train
train,sample_003745.npz,/home/zzy/TrajectoryPlanning/distill/data/benchmark/mp/train/sample_001464.npz,mp,mazes,U,mp_mazes,hard,hard,0,mp:train
train,sample_003746.npz,/home/zzy/TrajectoryPlanning/distill/data/benchmark/mp/train/sample_001465.npz,mp,mazes,U,mp_mazes,hard,hard,0,mp:train
train,sample_003747.npz,/home/zzy/TrajectoryPlanning/distill/data/benchmark/mp/train/sample_001466.npz,mp,mazes,U,mp_mazes,hard,hard,0,mp:train
train,sample_003748.npz,/home/zzy/TrajectoryPlanning/distill/data/benchmark/mp/train/sample_001467.npz,mp,mazes,U,mp_mazes,hard,hard,0,mp:train
train,sample_003749.npz,/home/zzy/TrajectoryPlanning/distill/data/benchmark/mp/train/sample_001468.npz,mp,mazes,U,mp_mazes,hard,hard,0,mp:train
train,sample_003750.npz,/home/zzy/TrajectoryPlanning/distill/data/benchmark/mp/train/sample_001469.npz,mp,mazes,U,mp_mazes,hard,hard,0,mp:train
train,sample_003751.npz,/home/zzy/TrajectoryPlanning/distill/data/benchmark/mp/train/sample_001470.npz,mp,mazes,U,mp_mazes,hard,hard,0,mp:train
train,sample_003752.npz,/home/zzy/TrajectoryPlanning/distill/data/benchmark/mp/train/sample_001471.npz,mp,mazes,U,mp_mazes,hard,hard,0,mp:train
train,sample_003753.npz,/home/zzy/TrajectoryPlanning/distill/data/benchmark/mp/train/sample_001472.npz,mp,mazes,U,mp_mazes,hard,hard,0,mp:train
train,sample_003754.npz,/home/zzy/TrajectoryPlanning/distill/data/benchmark/mp/train/sample_001473.npz,mp,mazes,U,mp_mazes,hard,hard,0,mp:train
train,sample_003755.npz,/home/zzy/TrajectoryPlanning/distill/data/benchmark/mp/train/sample_001474.npz,mp,mazes,U,mp_mazes,hard,hard,0,mp:train
train,sample_003756.npz,/home/zzy/TrajectoryPlanning/distill/data/benchmark/mp/train/sample_001475.npz,mp,mazes,U,mp_mazes,hard,hard,0,mp:train
train,sample_003757.npz,/home/zzy/TrajectoryPlanning/distill/data/benchmark/mp/train/sample_001476.npz,mp,mazes,U,mp_mazes,hard,hard,0,mp:train
train,sample_003758.npz,/home/zzy/TrajectoryPlanning/distill/data/benchmark/mp/train/sample_001477.npz,mp,mazes,U,mp_mazes,hard,hard,0,mp:train
train,sample_003759.npz,/home/zzy/TrajectoryPlanning/distill/data/benchmark/mp/train/sample_001478.npz,mp,mazes,U,mp_mazes,hard,hard,0,mp:train
train,sample_003760.npz,/home/zzy/TrajectoryPlanning/distill/data/benchmark/mp/train/sample_001479.npz,mp,mazes,U,mp_mazes,hard,hard,0,mp:train
train,sample_003761.npz,/home/zzy/TrajectoryPlanning/distill/data/benchmark/mp/train/sample_001480.npz,mp,mazes,U,mp_mazes,hard,hard,0,mp:train
train,sample_003762.npz,/home/zzy/TrajectoryPlanning/distill/data/benchmark/mp/train/sample_001482.npz,mp,mazes,U,mp_mazes,hard,hard,0,mp:train
train,sample_003763.npz,/home/zzy/TrajectoryPlanning/distill/data/benchmark/mp/train/sample_001483.npz,mp,mazes,U,mp_mazes,hard,hard,0,mp:train
train,sample_003764.npz,/home/zzy/TrajectoryPlanning/distill/data/benchmark/mp/train/sample_001484.npz,mp,mazes,U,mp_mazes,hard,hard,0,mp:train
train,sample_003765.npz,/home/zzy/TrajectoryPlanning/distill/data/benchmark/mp/train/sample_001485.npz,mp,mazes,U,mp_mazes,hard,hard,0,mp:train
train,sample_003766.npz,/home/zzy/TrajectoryPlanning/distill/data/benchmark/mp/train/sample_001486.npz,mp,mazes,U,mp_mazes,hard,hard,0,mp:train
train,sample_003767.npz,/home/zzy/TrajectoryPlanning/distill/data/benchmark/mp/train/sample_001487.npz,mp,mazes,U,mp_mazes,hard,hard,0,mp:train
train,sample_003768.npz,/home/zzy/TrajectoryPlanning/distill/data/benchmark/mp/train/sample_001488.npz,mp,mazes,U,mp_mazes,hard,hard,0,mp:train
train,sample_003769.npz,/home/zzy/TrajectoryPlanning/distill/data/benchmark/mp/train/sample_001489.npz,mp,mazes,U,mp_mazes,hard,hard,0,mp:train
train,sample_003770.npz,/home/zzy/TrajectoryPlanning/distill/data/benchmark/mp/train/sample_001490.npz,mp,mazes,U,mp_mazes,hard,hard,0,mp:train
train,sample_003771.npz,/home/zzy/TrajectoryPlanning/distill/data/benchmark/mp/train/sample_001491.npz,mp,mazes,U,mp_mazes,hard,hard,0,mp:train
train,sample_003772.npz,/home/zzy/TrajectoryPlanning/distill/data/benchmark/mp/train/sample_001493.npz,mp,mazes,U,mp_mazes,hard,hard,0,mp:train
train,sample_003773.npz,/home/zzy/TrajectoryPlanning/distill/data/benchmark/mp/train/sample_001495.npz,mp,mazes,U,mp_mazes,hard,hard,0,mp:train
train,sample_003774.npz,/home/zzy/TrajectoryPlanning/distill/data/benchmark/mp/train/sample_001496.npz,mp,mazes,U,mp_mazes,hard,hard,0,mp:train
train,sample_003775.npz,/home/zzy/TrajectoryPlanning/distill/data/benchmark/mp/train/sample_001497.npz,mp,mazes,U,mp_mazes,hard,hard,0,mp:train
train,sample_003776.npz,/home/zzy/TrajectoryPlanning/distill/data/benchmark/mp/train/sample_001498.npz,mp,mazes,U,mp_mazes,hard,hard,0,mp:train
train,sample_003777.npz,/home/zzy/TrajectoryPlanning/distill/data/benchmark/mp/train/sample_001499.npz,mp,mazes,U,mp_mazes,hard,hard,0,mp:train
train,sample_003778.npz,/home/zzy/TrajectoryPlanning/distill/data/benchmark/mp/train/sample_001500.npz,mp,mazes,U,mp_mazes,hard,hard,0,mp:train
train,sample_003779.npz,/home/zzy/TrajectoryPlanning/distill/data/benchmark/mp/train/sample_001501.npz,mp,mazes,U,mp_mazes,hard,hard,0,mp:train
train,sample_003780.npz,/home/zzy/TrajectoryPlanning/distill/data/benchmark/mp/train/sample_001502.npz,mp,mazes,U,mp_mazes,hard,hard,0,mp:train
train,sample_003781.npz,/home/zzy/TrajectoryPlanning/distill/data/benchmark/mp/train/sample_001503.npz,mp,mazes,U,mp_mazes,hard,hard,0,mp:train
train,sample_003782.npz,/home/zzy/TrajectoryPlanning/distill/data/benchmark/mp/train/sample_001504.npz,mp,mazes,U,mp_mazes,hard,hard,0,mp:train
train,sample_003783.npz,/home/zzy/TrajectoryPlanning/distill/data/benchmark/mp/train/sample_001505.npz,mp,mazes,U,mp_mazes,hard,hard,0,mp:train
train,sample_003784.npz,/home/zzy/TrajectoryPlanning/distill/data/benchmark/mp/train/sample_001506.npz,mp,mazes,U,mp_mazes,hard,hard,0,mp:train
train,sample_003785.npz,/home/zzy/TrajectoryPlanning/distill/data/benchmark/mp/train/sample_001507.npz,mp,mazes,U,mp_mazes,hard,hard,0,mp:train
train,sample_003786.npz,/home/zzy/TrajectoryPlanning/distill/data/benchmark/mp/train/sample_001508.npz,mp,mazes,U,mp_mazes,hard,hard,0,mp:train
train,sample_003787.npz,/home/zzy/TrajectoryPlanning/distill/data/benchmark/mp/train/sample_001511.npz,mp,mazes,U,mp_mazes,hard,hard,0,mp:train
train,sample_003788.npz,/home/zzy/TrajectoryPlanning/distill/data/benchmark/mp/train/sample_001512.npz,mp,mazes,U,mp_mazes,hard,hard,0,mp:train
train,sample_003789.npz,/home/zzy/TrajectoryPlanning/distill/data/benchmark/mp/train/sample_001513.npz,mp,mazes,U,mp_mazes,hard,hard,0,mp:train
train,sample_003790.npz,/home/zzy/TrajectoryPlanning/distill/data/benchmark/mp/train/sample_001514.npz,mp,mazes,U,mp_mazes,hard,hard,0,mp:train
train,sample_003791.npz,/home/zzy/TrajectoryPlanning/distill/data/benchmark/mp/train/sample_001516.npz,mp,mazes,U,mp_mazes,hard,hard,0,mp:train
train,sample_003792.npz,/home/zzy/TrajectoryPlanning/distill/data/benchmark/mp/train/sample_001518.npz,mp,mazes,U,mp_mazes,hard,hard,0,mp:train
train,sample_003793.npz,/home/zzy/TrajectoryPlanning/distill/data/benchmark/mp/train/sample_001519.npz,mp,mazes,U,mp_mazes,hard,hard,0,mp:train
train,sample_003794.npz,/home/zzy/TrajectoryPlanning/distill/data/benchmark/mp/train/sample_001520.npz,mp,mazes,U,mp_mazes,hard,hard,0,mp:train
train,sample_003795.npz,/home/zzy/TrajectoryPlanning/distill/data/benchmark/mp/train/sample_001521.npz,mp,mazes,U,mp_mazes,hard,hard,0,mp:train
train,sample_003796.npz,/home/zzy/TrajectoryPlanning/distill/data/benchmark/mp/train/sample_001523.npz,mp,mazes,U,mp_mazes,hard,hard,0,mp:train
train,sample_003797.npz,/home/zzy/TrajectoryPlanning/distill/data/benchmark/mp/train/sample_001524.npz,mp,mazes,U,mp_mazes,hard,hard,0,mp:train
train,sample_003798.npz,/home/zzy/TrajectoryPlanning/distill/data/benchmark/mp/train/sample_001525.npz,mp,mazes,U,mp_mazes,hard,hard,0,mp:train
train,sample_003799.npz,/home/zzy/TrajectoryPlanning/distill/data/benchmark/mp/train/sample_001526.npz,mp,mazes,U,mp_mazes,hard,hard,0,mp:train
train,sample_003800.npz,/home/zzy/TrajectoryPlanning/distill/data/benchmark/mp/train/sample_001527.npz,mp,mazes,U,mp_mazes,hard,hard,0,mp:train
train,sample_003801.npz,/home/zzy/TrajectoryPlanning/distill/data/benchmark/mp/train/sample_001528.npz,mp,mazes,U,mp_mazes,hard,hard,0,mp:train
train,sample_003802.npz,/home/zzy/TrajectoryPlanning/distill/data/benchmark/mp/train/sample_001531.npz,mp,mazes,U,mp_mazes,hard,hard,0,mp:train
train,sample_003803.npz,/home/zzy/TrajectoryPlanning/distill/data/benchmark/mp/train/sample_001532.npz,mp,mazes,U,mp_mazes,hard,hard,0,mp:train
train,sample_003804.npz,/home/zzy/TrajectoryPlanning/distill/data/benchmark/mp/train/sample_001533.npz,mp,mazes,U,mp_mazes,hard,hard,0,mp:train
train,sample_003805.npz,/home/zzy/TrajectoryPlanning/distill/data/benchmark/mp/train/sample_001534.npz,mp,mazes,U,mp_mazes,hard,hard,0,mp:train
train,sample_003806.npz,/home/zzy/TrajectoryPlanning/distill/data/benchmark/mp/train/sample_001535.npz,mp,mazes,U,mp_mazes,hard,hard,0,mp:train
train,sample_003807.npz,/home/zzy/TrajectoryPlanning/distill/data/benchmark/mp/train/sample_001536.npz,mp,mazes,U,mp_mazes,hard,hard,0,mp:train
train,sample_003808.npz,/home/zzy/TrajectoryPlanning/distill/data/benchmark/mp/train/sample_001537.npz,mp,mazes,U,mp_mazes,hard,hard,0,mp:train
train,sample_003809.npz,/home/zzy/TrajectoryPlanning/distill/data/benchmark/mp/train/sample_001538.npz,mp,mazes,U,mp_mazes,hard,hard,0,mp:train
train,sample_003810.npz,/home/zzy/TrajectoryPlanning/distill/data/benchmark/mp/train/sample_001539.npz,mp,mazes,U,mp_mazes,hard,hard,0,mp:train
train,sample_003811.npz,/home/zzy/TrajectoryPlanning/distill/data/benchmark/mp/train/sample_001540.npz,mp,mazes,U,mp_mazes,hard,hard,0,mp:train
train,sample_003812.npz,/home/zzy/TrajectoryPlanning/distill/data/benchmark/mp/train/sample_001541.npz,mp,mazes,U,mp_mazes,hard,hard,0,mp:train
train,sample_003813.npz,/home/zzy/TrajectoryPlanning/distill/data/benchmark/mp/train/sample_001543.npz,mp,mazes,U,mp_mazes,hard,hard,0,mp:train
train,sample_003814.npz,/home/zzy/TrajectoryPlanning/distill/data/benchmark/mp/train/sample_001544.npz,mp,mazes,U,mp_mazes,hard,hard,0,mp:train
train,sample_003815.npz,/home/zzy/TrajectoryPlanning/distill/data/benchmark/mp/train/sample_001545.npz,mp,mazes,U,mp_mazes,hard,hard,0,mp:train
train,sample_003816.npz,/home/zzy/TrajectoryPlanning/distill/data/benchmark/mp/train/sample_001546.npz,mp,mazes,U,mp_mazes,hard,hard,0,mp:train
train,sample_003817.npz,/home/zzy/TrajectoryPlanning/distill/data/benchmark/mp/train/sample_001548.npz,mp,mazes,U,mp_mazes,hard,hard,0,mp:train
train,sample_003818.npz,/home/zzy/TrajectoryPlanning/distill/data/benchmark/mp/train/sample_001549.npz,mp,mazes,U,mp_mazes,hard,hard,0,mp:train
train,sample_003819.npz,/home/zzy/TrajectoryPlanning/distill/data/benchmark/mp/train/sample_001550.npz,mp,mazes,U,mp_mazes,hard,hard,0,mp:train
train,sample_003820.npz,/home/zzy/TrajectoryPlanning/distill/data/benchmark/mp/train/sample_001551.npz,mp,mazes,U,mp_mazes,hard,hard,0,mp:train
train,sample_003821.npz,/home/zzy/TrajectoryPlanning/distill/data/benchmark/mp/train/sample_001553.npz,mp,mazes,U,mp_mazes,hard,hard,0,mp:train
train,sample_003822.npz,/home/zzy/TrajectoryPlanning/distill/data/benchmark/mp/train/sample_001556.npz,mp,mazes,U,mp_mazes,hard,hard,0,mp:train
train,sample_003823.npz,/home/zzy/TrajectoryPlanning/distill/data/benchmark/mp/train/sample_001557.npz,mp,mazes,U,mp_mazes,hard,hard,0,mp:train
train,sample_003824.npz,/home/zzy/TrajectoryPlanning/distill/data/benchmark/mp/train/sample_001558.npz,mp,mazes,U,mp_mazes,hard,hard,0,mp:train
train,sample_003825.npz,/home/zzy/TrajectoryPlanning/distill/data/benchmark/mp/train/sample_001559.npz,mp,mazes,U,mp_mazes,hard,hard,0,mp:train
train,sample_003826.npz,/home/zzy/TrajectoryPlanning/distill/data/benchmark/mp/train/sample_001560.npz,mp,mazes,U,mp_mazes,hard,hard,0,mp:train
train,sample_003827.npz,/home/zzy/TrajectoryPlanning/distill/data/benchmark/mp/train/sample_001562.npz,mp,mazes,U,mp_mazes,hard,hard,0,mp:train
train,sample_003828.npz,/home/zzy/TrajectoryPlanning/distill/data/benchmark/mp/train/sample_001565.npz,mp,mazes,U,mp_mazes,hard,hard,0,mp:train
train,sample_003829.npz,/home/zzy/TrajectoryPlanning/distill/data/benchmark/mp/train/sample_001566.npz,mp,mazes,U,mp_mazes,hard,hard,0,mp:train
train,sample_003830.npz,/home/zzy/TrajectoryPlanning/distill/data/benchmark/mp/train/sample_001567.npz,mp,mazes,U,mp_mazes,hard,hard,0,mp:train
train,sample_003831.npz,/home/zzy/TrajectoryPlanning/distill/data/benchmark/mp/train/sample_001568.npz,mp,mazes,U,mp_mazes,hard,hard,0,mp:train
train,sample_003832.npz,/home/zzy/TrajectoryPlanning/distill/data/benchmark/mp/train/sample_001569.npz,mp,mazes,U,mp_mazes,hard,hard,0,mp:train
train,sample_003833.npz,/home/zzy/TrajectoryPlanning/distill/data/benchmark/mp/train/sample_001570.npz,mp,mazes,U,mp_mazes,hard,hard,0,mp:train
train,sample_003834.npz,/home/zzy/TrajectoryPlanning/distill/data/benchmark/mp/train/sample_001571.npz,mp,mazes,U,mp_mazes,hard,hard,0,mp:train
train,sample_003835.npz,/home/zzy/TrajectoryPlanning/distill/data/benchmark/mp/train/sample_001572.npz,mp,mazes,U,mp_mazes,hard,hard,0,mp:train
train,sample_003836.npz,/home/zzy/TrajectoryPlanning/distill/data/benchmark/mp/train/sample_001574.npz,mp,mazes,U,mp_mazes,hard,hard,0,mp:train
train,sample_003837.npz,/home/zzy/TrajectoryPlanning/distill/data/benchmark/mp/train/sample_001576.npz,mp,mazes,U,mp_mazes,hard,hard,0,mp:train
train,sample_003838.npz,/home/zzy/TrajectoryPlanning/distill/data/benchmark/mp/train/sample_001577.npz,mp,mazes,U,mp_mazes,hard,hard,0,mp:train
train,sample_003839.npz,/home/zzy/TrajectoryPlanning/distill/data/benchmark/mp/train/sample_001578.npz,mp,mazes,U,mp_mazes,hard,hard,0,mp:train
train,sample_003840.npz,/home/zzy/TrajectoryPlanning/distill/data/benchmark/mp/train/sample_001580.npz,mp,mazes,U,mp_mazes,hard,hard,0,mp:train
train,sample_003841.npz,/home/zzy/TrajectoryPlanning/distill/data/benchmark/mp/train/sample_001583.npz,mp,mazes,U,mp_mazes,hard,hard,0,mp:train
train,sample_003842.npz,/home/zzy/TrajectoryPlanning/distill/data/benchmark/mp/train/sample_001584.npz,mp,mazes,U,mp_mazes,hard,hard,0,mp:train
train,sample_003843.npz,/home/zzy/TrajectoryPlanning/distill/data/benchmark/mp/train/sample_001585.npz,mp,mazes,U,mp_mazes,hard,hard,0,mp:train
train,sample_003844.npz,/home/zzy/TrajectoryPlanning/distill/data/benchmark/mp/train/sample_001586.npz,mp,mazes,U,mp_mazes,hard,hard,0,mp:train
train,sample_003845.npz,/home/zzy/TrajectoryPlanning/distill/data/benchmark/mp/train/sample_001587.npz,mp,mazes,U,mp_mazes,hard,hard,0,mp:train
train,sample_003846.npz,/home/zzy/TrajectoryPlanning/distill/data/benchmark/mp/train/sample_001588.npz,mp,mazes,U,mp_mazes,hard,hard,0,mp:train
train,sample_003847.npz,/home/zzy/TrajectoryPlanning/distill/data/benchmark/mp/train/sample_001589.npz,mp,mazes,U,mp_mazes,hard,hard,0,mp:train
train,sample_003848.npz,/home/zzy/TrajectoryPlanning/distill/data/benchmark/mp/train/sample_001590.npz,mp,mazes,U,mp_mazes,hard,hard,0,mp:train
train,sample_003849.npz,/home/zzy/TrajectoryPlanning/distill/data/benchmark/mp/train/sample_001591.npz,mp,mazes,U,mp_mazes,hard,hard,0,mp:train
train,sample_003850.npz,/home/zzy/TrajectoryPlanning/distill/data/benchmark/mp/train/sample_001593.npz,mp,mazes,U,mp_mazes,hard,hard,0,mp:train
train,sample_003851.npz,/home/zzy/TrajectoryPlanning/distill/data/benchmark/mp/train/sample_001594.npz,mp,mazes,U,mp_mazes,hard,hard,0,mp:train
train,sample_003852.npz,/home/zzy/TrajectoryPlanning/distill/data/benchmark/mp/train/sample_001596.npz,mp,mazes,U,mp_mazes,hard,hard,0,mp:train
train,sample_003853.npz,/home/zzy/TrajectoryPlanning/distill/data/benchmark/mp/train/sample_001597.npz,mp,mazes,U,mp_mazes,hard,hard,0,mp:train
train,sample_003854.npz,/home/zzy/TrajectoryPlanning/distill/data/benchmark/mp/test/sample_000600.npz,mp,multiple_bugtraps,U,mp_multiple_bugtraps,hard,hard,0,mp:test
train,sample_003855.npz,/home/zzy/TrajectoryPlanning/distill/data/benchmark/mp/test/sample_000602.npz,mp,multiple_bugtraps,U,mp_multiple_bugtraps,hard,hard,0,mp:test
train,sample_003856.npz,/home/zzy/TrajectoryPlanning/distill/data/benchmark/mp/test/sample_000603.npz,mp,multiple_bugtraps,U,mp_multiple_bugtraps,hard,hard,0,mp:test
train,sample_003857.npz,/home/zzy/TrajectoryPlanning/distill/data/benchmark/mp/test/sample_000605.npz,mp,multiple_bugtraps,U,mp_multiple_bugtraps,hard,hard,0,mp:test
train,sample_003858.npz,/home/zzy/TrajectoryPlanning/distill/data/benchmark/mp/test/sample_000606.npz,mp,multiple_bugtraps,U,mp_multiple_bugtraps,hard,hard,0,mp:test
train,sample_003859.npz,/home/zzy/TrajectoryPlanning/distill/data/benchmark/mp/test/sample_000607.npz,mp,multiple_bugtraps,U,mp_multiple_bugtraps,hard,hard,0,mp:test
train,sample_003860.npz,/home/zzy/TrajectoryPlanning/distill/data/benchmark/mp/test/sample_000608.npz,mp,multiple_bugtraps,U,mp_multiple_bugtraps,hard,hard,0,mp:test
train,sample_003861.npz,/home/zzy/TrajectoryPlanning/distill/data/benchmark/mp/test/sample_000610.npz,mp,multiple_bugtraps,U,mp_multiple_bugtraps,hard,hard,0,mp:test
train,sample_003862.npz,/home/zzy/TrajectoryPlanning/distill/data/benchmark/mp/test/sample_000611.npz,mp,multiple_bugtraps,U,mp_multiple_bugtraps,hard,hard,0,mp:test
train,sample_003863.npz,/home/zzy/TrajectoryPlanning/distill/data/benchmark/mp/test/sample_000612.npz,mp,multiple_bugtraps,U,mp_multiple_bugtraps,hard,hard,0,mp:test
train,sample_003864.npz,/home/zzy/TrajectoryPlanning/distill/data/benchmark/mp/test/sample_000613.npz,mp,multiple_bugtraps,U,mp_multiple_bugtraps,hard,hard,0,mp:test
train,sample_003865.npz,/home/zzy/TrajectoryPlanning/distill/data/benchmark/mp/test/sample_000614.npz,mp,multiple_bugtraps,U,mp_multiple_bugtraps,hard,hard,0,mp:test
train,sample_003866.npz,/home/zzy/TrajectoryPlanning/distill/data/benchmark/mp/test/sample_000615.npz,mp,multiple_bugtraps,U,mp_multiple_bugtraps,hard,hard,0,mp:test
train,sample_003867.npz,/home/zzy/TrajectoryPlanning/distill/data/benchmark/mp/test/sample_000616.npz,mp,multiple_bugtraps,U,mp_multiple_bugtraps,hard,hard,0,mp:test
train,sample_003868.npz,/home/zzy/TrajectoryPlanning/distill/data/benchmark/mp/test/sample_000617.npz,mp,multiple_bugtraps,U,mp_multiple_bugtraps,hard,hard,0,mp:test
train,sample_003869.npz,/home/zzy/TrajectoryPlanning/distill/data/benchmark/mp/test/sample_000618.npz,mp,multiple_bugtraps,U,mp_multiple_bugtraps,hard,hard,0,mp:test
train,sample_003870.npz,/home/zzy/TrajectoryPlanning/distill/data/benchmark/mp/test/sample_000619.npz,mp,multiple_bugtraps,U,mp_multiple_bugtraps,hard,hard,0,mp:test
train,sample_003871.npz,/home/zzy/TrajectoryPlanning/distill/data/benchmark/mp/test/sample_000620.npz,mp,multiple_bugtraps,U,mp_multiple_bugtraps,hard,hard,0,mp:test
train,sample_003872.npz,/home/zzy/TrajectoryPlanning/distill/data/benchmark/mp/test/sample_000621.npz,mp,multiple_bugtraps,U,mp_multiple_bugtraps,hard,hard,0,mp:test
train,sample_003873.npz,/home/zzy/TrajectoryPlanning/distill/data/benchmark/mp/test/sample_000622.npz,mp,multiple_bugtraps,U,mp_multiple_bugtraps,hard,hard,0,mp:test
train,sample_003874.npz,/home/zzy/TrajectoryPlanning/distill/data/benchmark/mp/test/sample_000624.npz,mp,multiple_bugtraps,U,mp_multiple_bugtraps,hard,hard,0,mp:test
train,sample_003875.npz,/home/zzy/TrajectoryPlanning/distill/data/benchmark/mp/test/sample_000625.npz,mp,multiple_bugtraps,U,mp_multiple_bugtraps,hard,hard,0,mp:test
train,sample_003876.npz,/home/zzy/TrajectoryPlanning/distill/data/benchmark/mp/test/sample_000626.npz,mp,multiple_bugtraps,U,mp_multiple_bugtraps,hard,hard,0,mp:test
train,sample_003877.npz,/home/zzy/TrajectoryPlanning/distill/data/benchmark/mp/test/sample_000628.npz,mp,multiple_bugtraps,U,mp_multiple_bugtraps,hard,hard,0,mp:test
train,sample_003878.npz,/home/zzy/TrajectoryPlanning/distill/data/benchmark/mp/test/sample_000629.npz,mp,multiple_bugtraps,U,mp_multiple_bugtraps,hard,hard,0,mp:test
train,sample_003879.npz,/home/zzy/TrajectoryPlanning/distill/data/benchmark/mp/test/sample_000630.npz,mp,multiple_bugtraps,U,mp_multiple_bugtraps,hard,hard,0,mp:test
train,sample_003880.npz,/home/zzy/TrajectoryPlanning/distill/data/benchmark/mp/test/sample_000632.npz,mp,multiple_bugtraps,U,mp_multiple_bugtraps,hard,hard,0,mp:test
train,sample_003881.npz,/home/zzy/TrajectoryPlanning/distill/data/benchmark/mp/test/sample_000635.npz,mp,multiple_bugtraps,U,mp_multiple_bugtraps,hard,hard,0,mp:test
train,sample_003882.npz,/home/zzy/TrajectoryPlanning/distill/data/benchmark/mp/test/sample_000636.npz,mp,multiple_bugtraps,U,mp_multiple_bugtraps,hard,hard,0,mp:test
train,sample_003883.npz,/home/zzy/TrajectoryPlanning/distill/data/benchmark/mp/test/sample_000638.npz,mp,multiple_bugtraps,U,mp_multiple_bugtraps,hard,hard,0,mp:test
train,sample_003884.npz,/home/zzy/TrajectoryPlanning/distill/data/benchmark/mp/test/sample_000639.npz,mp,multiple_bugtraps,U,mp_multiple_bugtraps,hard,hard,0,mp:test
train,sample_003885.npz,/home/zzy/TrajectoryPlanning/distill/data/benchmark/mp/test/sample_000641.npz,mp,multiple_bugtraps,U,mp_multiple_bugtraps,hard,hard,0,mp:test
train,sample_003886.npz,/home/zzy/TrajectoryPlanning/distill/data/benchmark/mp/test/sample_000642.npz,mp,multiple_bugtraps,U,mp_multiple_bugtraps,hard,hard,0,mp:test
train,sample_003887.npz,/home/zzy/TrajectoryPlanning/distill/data/benchmark/mp/test/sample_000643.npz,mp,multiple_bugtraps,U,mp_multiple_bugtraps,hard,hard,0,mp:test
train,sample_003888.npz,/home/zzy/TrajectoryPlanning/distill/data/benchmark/mp/test/sample_000644.npz,mp,multiple_bugtraps,U,mp_multiple_bugtraps,hard,hard,0,mp:test
train,sample_003889.npz,/home/zzy/TrajectoryPlanning/distill/data/benchmark/mp/test/sample_000645.npz,mp,multiple_bugtraps,U,mp_multiple_bugtraps,hard,hard,0,mp:test
train,sample_003890.npz,/home/zzy/TrajectoryPlanning/distill/data/benchmark/mp/test/sample_000646.npz,mp,multiple_bugtraps,U,mp_multiple_bugtraps,hard,hard,0,mp:test
train,sample_003891.npz,/home/zzy/TrajectoryPlanning/distill/data/benchmark/mp/test/sample_000647.npz,mp,multiple_bugtraps,U,mp_multiple_bugtraps,hard,hard,0,mp:test
train,sample_003892.npz,/home/zzy/TrajectoryPlanning/distill/data/benchmark/mp/test/sample_000648.npz,mp,multiple_bugtraps,U,mp_multiple_bugtraps,hard,hard,0,mp:test
train,sample_003893.npz,/home/zzy/TrajectoryPlanning/distill/data/benchmark/mp/test/sample_000649.npz,mp,multiple_bugtraps,U,mp_multiple_bugtraps,hard,hard,0,mp:test
train,sample_003894.npz,/home/zzy/TrajectoryPlanning/distill/data/benchmark/mp/test/sample_000651.npz,mp,multiple_bugtraps,U,mp_multiple_bugtraps,hard,hard,0,mp:test
train,sample_003895.npz,/home/zzy/TrajectoryPlanning/distill/data/benchmark/mp/test/sample_000652.npz,mp,multiple_bugtraps,U,mp_multiple_bugtraps,hard,hard,0,mp:test
train,sample_003896.npz,/home/zzy/TrajectoryPlanning/distill/data/benchmark/mp/test/sample_000653.npz,mp,multiple_bugtraps,U,mp_multiple_bugtraps,hard,hard,0,mp:test
train,sample_003897.npz,/home/zzy/TrajectoryPlanning/distill/data/benchmark/mp/test/sample_000655.npz,mp,multiple_bugtraps,U,mp_multiple_bugtraps,hard,hard,0,mp:test
train,sample_003898.npz,/home/zzy/TrajectoryPlanning/distill/data/benchmark/mp/test/sample_000657.npz,mp,multiple_bugtraps,U,mp_multiple_bugtraps,hard,hard,0,mp:test
train,sample_003899.npz,/home/zzy/TrajectoryPlanning/distill/data/benchmark/mp/test/sample_000658.npz,mp,multiple_bugtraps,U,mp_multiple_bugtraps,hard,hard,0,mp:test
train,sample_003900.npz,/home/zzy/TrajectoryPlanning/distill/data/benchmark/mp/test/sample_000659.npz,mp,multiple_bugtraps,U,mp_multiple_bugtraps,hard,hard,0,mp:test
train,sample_003901.npz,/home/zzy/TrajectoryPlanning/distill/data/benchmark/mp/test/sample_000660.npz,mp,multiple_bugtraps,U,mp_multiple_bugtraps,hard,hard,0,mp:test
train,sample_003902.npz,/home/zzy/TrajectoryPlanning/distill/data/benchmark/mp/test/sample_000663.npz,mp,multiple_bugtraps,U,mp_multiple_bugtraps,hard,hard,0,mp:test
train,sample_003903.npz,/home/zzy/TrajectoryPlanning/distill/data/benchmark/mp/test/sample_000664.npz,mp,multiple_bugtraps,U,mp_multiple_bugtraps,hard,hard,0,mp:test
train,sample_003904.npz,/home/zzy/TrajectoryPlanning/distill/data/benchmark/mp/test/sample_000665.npz,mp,multiple_bugtraps,U,mp_multiple_bugtraps,hard,hard,0,mp:test
train,sample_003905.npz,/home/zzy/TrajectoryPlanning/distill/data/benchmark/mp/test/sample_000668.npz,mp,multiple_bugtraps,U,mp_multiple_bugtraps,hard,hard,0,mp:test
train,sample_003906.npz,/home/zzy/TrajectoryPlanning/distill/data/benchmark/mp/test/sample_000669.npz,mp,multiple_bugtraps,U,mp_multiple_bugtraps,hard,hard,0,mp:test
train,sample_003907.npz,/home/zzy/TrajectoryPlanning/distill/data/benchmark/mp/test/sample_000670.npz,mp,multiple_bugtraps,U,mp_multiple_bugtraps,hard,hard,0,mp:test
train,sample_003908.npz,/home/zzy/TrajectoryPlanning/distill/data/benchmark/mp/test/sample_000671.npz,mp,multiple_bugtraps,U,mp_multiple_bugtraps,hard,hard,0,mp:test
train,sample_003909.npz,/home/zzy/TrajectoryPlanning/distill/data/benchmark/mp/test/sample_000672.npz,mp,multiple_bugtraps,U,mp_multiple_bugtraps,hard,hard,0,mp:test
train,sample_003910.npz,/home/zzy/TrajectoryPlanning/distill/data/benchmark/mp/test/sample_000673.npz,mp,multiple_bugtraps,U,mp_multiple_bugtraps,hard,hard,0,mp:test
train,sample_003911.npz,/home/zzy/TrajectoryPlanning/distill/data/benchmark/mp/test/sample_000674.npz,mp,multiple_bugtraps,U,mp_multiple_bugtraps,hard,hard,0,mp:test
train,sample_003912.npz,/home/zzy/TrajectoryPlanning/distill/data/benchmark/mp/test/sample_000675.npz,mp,multiple_bugtraps,U,mp_multiple_bugtraps,hard,hard,0,mp:test
train,sample_003913.npz,/home/zzy/TrajectoryPlanning/distill/data/benchmark/mp/test/sample_000676.npz,mp,multiple_bugtraps,U,mp_multiple_bugtraps,hard,hard,0,mp:test
train,sample_003914.npz,/home/zzy/TrajectoryPlanning/distill/data/benchmark/mp/test/sample_000677.npz,mp,multiple_bugtraps,U,mp_multiple_bugtraps,hard,hard,0,mp:test
train,sample_003915.npz,/home/zzy/TrajectoryPlanning/distill/data/benchmark/mp/test/sample_000678.npz,mp,multiple_bugtraps,U,mp_multiple_bugtraps,hard,hard,0,mp:test
train,sample_003916.npz,/home/zzy/TrajectoryPlanning/distill/data/benchmark/mp/test/sample_000680.npz,mp,multiple_bugtraps,U,mp_multiple_bugtraps,hard,hard,0,mp:test
train,sample_003917.npz,/home/zzy/TrajectoryPlanning/distill/data/benchmark/mp/test/sample_000682.npz,mp,multiple_bugtraps,U,mp_multiple_bugtraps,hard,hard,0,mp:test
train,sample_003918.npz,/home/zzy/TrajectoryPlanning/distill/data/benchmark/mp/test/sample_000684.npz,mp,multiple_bugtraps,U,mp_multiple_bugtraps,hard,hard,0,mp:test
train,sample_003919.npz,/home/zzy/TrajectoryPlanning/distill/data/benchmark/mp/test/sample_000686.npz,mp,multiple_bugtraps,U,mp_multiple_bugtraps,hard,hard,0,mp:test
train,sample_003920.npz,/home/zzy/TrajectoryPlanning/distill/data/benchmark/mp/test/sample_000687.npz,mp,multiple_bugtraps,U,mp_multiple_bugtraps,hard,hard,0,mp:test
train,sample_003921.npz,/home/zzy/TrajectoryPlanning/distill/data/benchmark/mp/test/sample_000688.npz,mp,multiple_bugtraps,U,mp_multiple_bugtraps,hard,hard,0,mp:test
train,sample_003922.npz,/home/zzy/TrajectoryPlanning/distill/data/benchmark/mp/test/sample_000689.npz,mp,multiple_bugtraps,U,mp_multiple_bugtraps,hard,hard,0,mp:test
train,sample_003923.npz,/home/zzy/TrajectoryPlanning/distill/data/benchmark/mp/test/sample_000690.npz,mp,multiple_bugtraps,U,mp_multiple_bugtraps,hard,hard,0,mp:test
train,sample_003924.npz,/home/zzy/TrajectoryPlanning/distill/data/benchmark/mp/test/sample_000691.npz,mp,multiple_bugtraps,U,mp_multiple_bugtraps,hard,hard,0,mp:test
train,sample_003925.npz,/home/zzy/TrajectoryPlanning/distill/data/benchmark/mp/test/sample_000693.npz,mp,multiple_bugtraps,U,mp_multiple_bugtraps,hard,hard,0,mp:test
train,sample_003926.npz,/home/zzy/TrajectoryPlanning/distill/data/benchmark/mp/test/sample_000694.npz,mp,multiple_bugtraps,U,mp_multiple_bugtraps,hard,hard,0,mp:test
train,sample_003927.npz,/home/zzy/TrajectoryPlanning/distill/data/benchmark/mp/test/sample_000695.npz,mp,multiple_bugtraps,U,mp_multiple_bugtraps,hard,hard,0,mp:test
train,sample_003928.npz,/home/zzy/TrajectoryPlanning/distill/data/benchmark/mp/test/sample_000696.npz,mp,multiple_bugtraps,U,mp_multiple_bugtraps,hard,hard,0,mp:test
train,sample_003929.npz,/home/zzy/TrajectoryPlanning/distill/data/benchmark/mp/test/sample_000698.npz,mp,multiple_bugtraps,U,mp_multiple_bugtraps,hard,hard,0,mp:test
train,sample_003930.npz,/home/zzy/TrajectoryPlanning/distill/data/benchmark/mp/test/sample_000699.npz,mp,multiple_bugtraps,U,mp_multiple_bugtraps,hard,hard,0,mp:test
train,sample_003931.npz,/home/zzy/TrajectoryPlanning/distill/data/benchmark/mp/train/sample_004800.npz,mp,multiple_bugtraps,U,mp_multiple_bugtraps,hard,hard,0,mp:train
train,sample_003932.npz,/home/zzy/TrajectoryPlanning/distill/data/benchmark/mp/train/sample_004802.npz,mp,multiple_bugtraps,U,mp_multiple_bugtraps,hard,hard,0,mp:train
train,sample_003933.npz,/home/zzy/TrajectoryPlanning/distill/data/benchmark/mp/train/sample_004803.npz,mp,multiple_bugtraps,U,mp_multiple_bugtraps,hard,hard,0,mp:train
train,sample_003934.npz,/home/zzy/TrajectoryPlanning/distill/data/benchmark/mp/train/sample_004805.npz,mp,multiple_bugtraps,U,mp_multiple_bugtraps,hard,hard,0,mp:train
train,sample_003935.npz,/home/zzy/TrajectoryPlanning/distill/data/benchmark/mp/train/sample_004807.npz,mp,multiple_bugtraps,U,mp_multiple_bugtraps,hard,hard,0,mp:train
train,sample_003936.npz,/home/zzy/TrajectoryPlanning/distill/data/benchmark/mp/train/sample_004808.npz,mp,multiple_bugtraps,U,mp_multiple_bugtraps,hard,hard,0,mp:train
train,sample_003937.npz,/home/zzy/TrajectoryPlanning/distill/data/benchmark/mp/train/sample_004809.npz,mp,multiple_bugtraps,U,mp_multiple_bugtraps,hard,hard,0,mp:train
train,sample_003938.npz,/home/zzy/TrajectoryPlanning/distill/data/benchmark/mp/train/sample_004810.npz,mp,multiple_bugtraps,U,mp_multiple_bugtraps,hard,hard,0,mp:train
train,sample_003939.npz,/home/zzy/TrajectoryPlanning/distill/data/benchmark/mp/train/sample_004812.npz,mp,multiple_bugtraps,U,mp_multiple_bugtraps,hard,hard,0,mp:train
train,sample_003940.npz,/home/zzy/TrajectoryPlanning/distill/data/benchmark/mp/train/sample_004813.npz,mp,multiple_bugtraps,U,mp_multiple_bugtraps,hard,hard,0,mp:train
train,sample_003941.npz,/home/zzy/TrajectoryPlanning/distill/data/benchmark/mp/train/sample_004814.npz,mp,multiple_bugtraps,U,mp_multiple_bugtraps,hard,hard,0,mp:train
train,sample_003942.npz,/home/zzy/TrajectoryPlanning/distill/data/benchmark/mp/train/sample_004815.npz,mp,multiple_bugtraps,U,mp_multiple_bugtraps,hard,hard,0,mp:train
train,sample_003943.npz,/home/zzy/TrajectoryPlanning/distill/data/benchmark/mp/train/sample_004816.npz,mp,multiple_bugtraps,U,mp_multiple_bugtraps,hard,hard,0,mp:train
train,sample_003944.npz,/home/zzy/TrajectoryPlanning/distill/data/benchmark/mp/train/sample_004817.npz,mp,multiple_bugtraps,U,mp_multiple_bugtraps,hard,hard,0,mp:train
train,sample_003945.npz,/home/zzy/TrajectoryPlanning/distill/data/benchmark/mp/train/sample_004819.npz,mp,multiple_bugtraps,U,mp_multiple_bugtraps,hard,hard,0,mp:train
train,sample_003946.npz,/home/zzy/TrajectoryPlanning/distill/data/benchmark/mp/train/sample_004820.npz,mp,multiple_bugtraps,U,mp_multiple_bugtraps,hard,hard,0,mp:train
train,sample_003947.npz,/home/zzy/TrajectoryPlanning/distill/data/benchmark/mp/train/sample_004821.npz,mp,multiple_bugtraps,U,mp_multiple_bugtraps,hard,hard,0,mp:train
train,sample_003948.npz,/home/zzy/TrajectoryPlanning/distill/data/benchmark/mp/train/sample_004823.npz,mp,multiple_bugtraps,U,mp_multiple_bugtraps,hard,hard,0,mp:train
train,sample_003949.npz,/home/zzy/TrajectoryPlanning/distill/data/benchmark/mp/train/sample_004824.npz,mp,multiple_bugtraps,U,mp_multiple_bugtraps,hard,hard,0,mp:train
train,sample_003950.npz,/home/zzy/TrajectoryPlanning/distill/data/benchmark/mp/train/sample_004825.npz,mp,multiple_bugtraps,U,mp_multiple_bugtraps,hard,hard,0,mp:train
train,sample_003951.npz,/home/zzy/TrajectoryPlanning/distill/data/benchmark/mp/train/sample_004826.npz,mp,multiple_bugtraps,U,mp_multiple_bugtraps,hard,hard,0,mp:train
train,sample_003952.npz,/home/zzy/TrajectoryPlanning/distill/data/benchmark/mp/train/sample_004827.npz,mp,multiple_bugtraps,U,mp_multiple_bugtraps,hard,hard,0,mp:train
train,sample_003953.npz,/home/zzy/TrajectoryPlanning/distill/data/benchmark/mp/train/sample_004829.npz,mp,multiple_bugtraps,U,mp_multiple_bugtraps,hard,hard,0,mp:train
train,sample_003954.npz,/home/zzy/TrajectoryPlanning/distill/data/benchmark/mp/train/sample_004830.npz,mp,multiple_bugtraps,U,mp_multiple_bugtraps,hard,hard,0,mp:train
train,sample_003955.npz,/home/zzy/TrajectoryPlanning/distill/data/benchmark/mp/train/sample_004831.npz,mp,multiple_bugtraps,U,mp_multiple_bugtraps,hard,hard,0,mp:train
train,sample_003956.npz,/home/zzy/TrajectoryPlanning/distill/data/benchmark/mp/train/sample_004832.npz,mp,multiple_bugtraps,U,mp_multiple_bugtraps,hard,hard,0,mp:train
train,sample_003957.npz,/home/zzy/TrajectoryPlanning/distill/data/benchmark/mp/train/sample_004833.npz,mp,multiple_bugtraps,U,mp_multiple_bugtraps,hard,hard,0,mp:train
train,sample_003958.npz,/home/zzy/TrajectoryPlanning/distill/data/benchmark/mp/train/sample_004834.npz,mp,multiple_bugtraps,U,mp_multiple_bugtraps,hard,hard,0,mp:train
train,sample_003959.npz,/home/zzy/TrajectoryPlanning/distill/data/benchmark/mp/train/sample_004835.npz,mp,multiple_bugtraps,U,mp_multiple_bugtraps,hard,hard,0,mp:train
train,sample_003960.npz,/home/zzy/TrajectoryPlanning/distill/data/benchmark/mp/train/sample_004836.npz,mp,multiple_bugtraps,U,mp_multiple_bugtraps,hard,hard,0,mp:train
train,sample_003961.npz,/home/zzy/TrajectoryPlanning/distill/data/benchmark/mp/train/sample_004837.npz,mp,multiple_bugtraps,U,mp_multiple_bugtraps,hard,hard,0,mp:train
train,sample_003962.npz,/home/zzy/TrajectoryPlanning/distill/data/benchmark/mp/train/sample_004841.npz,mp,multiple_bugtraps,U,mp_multiple_bugtraps,hard,hard,0,mp:train
train,sample_003963.npz,/home/zzy/TrajectoryPlanning/distill/data/benchmark/mp/train/sample_004844.npz,mp,multiple_bugtraps,U,mp_multiple_bugtraps,hard,hard,0,mp:train
train,sample_003964.npz,/home/zzy/TrajectoryPlanning/distill/data/benchmark/mp/train/sample_004845.npz,mp,multiple_bugtraps,U,mp_multiple_bugtraps,hard,hard,0,mp:train
train,sample_003965.npz,/home/zzy/TrajectoryPlanning/distill/data/benchmark/mp/train/sample_004847.npz,mp,multiple_bugtraps,U,mp_multiple_bugtraps,hard,hard,0,mp:train
train,sample_003966.npz,/home/zzy/TrajectoryPlanning/distill/data/benchmark/mp/train/sample_004849.npz,mp,multiple_bugtraps,U,mp_multiple_bugtraps,hard,hard,0,mp:train
train,sample_003967.npz,/home/zzy/TrajectoryPlanning/distill/data/benchmark/mp/train/sample_004850.npz,mp,multiple_bugtraps,U,mp_multiple_bugtraps,hard,hard,0,mp:train
train,sample_003968.npz,/home/zzy/TrajectoryPlanning/distill/data/benchmark/mp/train/sample_004851.npz,mp,multiple_bugtraps,U,mp_multiple_bugtraps,hard,hard,0,mp:train
train,sample_003969.npz,/home/zzy/TrajectoryPlanning/distill/data/benchmark/mp/train/sample_004852.npz,mp,multiple_bugtraps,U,mp_multiple_bugtraps,hard,hard,0,mp:train
train,sample_003970.npz,/home/zzy/TrajectoryPlanning/distill/data/benchmark/mp/train/sample_004854.npz,mp,multiple_bugtraps,U,mp_multiple_bugtraps,hard,hard,0,mp:train
train,sample_003971.npz,/home/zzy/TrajectoryPlanning/distill/data/benchmark/mp/train/sample_004855.npz,mp,multiple_bugtraps,U,mp_multiple_bugtraps,hard,hard,0,mp:train
train,sample_003972.npz,/home/zzy/TrajectoryPlanning/distill/data/benchmark/mp/train/sample_004856.npz,mp,multiple_bugtraps,U,mp_multiple_bugtraps,hard,hard,0,mp:train
train,sample_003973.npz,/home/zzy/TrajectoryPlanning/distill/data/benchmark/mp/train/sample_004857.npz,mp,multiple_bugtraps,U,mp_multiple_bugtraps,hard,hard,0,mp:train
train,sample_003974.npz,/home/zzy/TrajectoryPlanning/distill/data/benchmark/mp/train/sample_004859.npz,mp,multiple_bugtraps,U,mp_multiple_bugtraps,hard,hard,0,mp:train
train,sample_003975.npz,/home/zzy/TrajectoryPlanning/distill/data/benchmark/mp/train/sample_004860.npz,mp,multiple_bugtraps,U,mp_multiple_bugtraps,hard,hard,0,mp:train
train,sample_003976.npz,/home/zzy/TrajectoryPlanning/distill/data/benchmark/mp/train/sample_004861.npz,mp,multiple_bugtraps,U,mp_multiple_bugtraps,hard,hard,0,mp:train
train,sample_003977.npz,/home/zzy/TrajectoryPlanning/distill/data/benchmark/mp/train/sample_004862.npz,mp,multiple_bugtraps,U,mp_multiple_bugtraps,hard,hard,0,mp:train
train,sample_003978.npz,/home/zzy/TrajectoryPlanning/distill/data/benchmark/mp/train/sample_004863.npz,mp,multiple_bugtraps,U,mp_multiple_bugtraps,hard,hard,0,mp:train
train,sample_003979.npz,/home/zzy/TrajectoryPlanning/distill/data/benchmark/mp/train/sample_004864.npz,mp,multiple_bugtraps,U,mp_multiple_bugtraps,hard,hard,0,mp:train
train,sample_003980.npz,/home/zzy/TrajectoryPlanning/distill/data/benchmark/mp/train/sample_004865.npz,mp,multiple_bugtraps,U,mp_multiple_bugtraps,hard,hard,0,mp:train
train,sample_003981.npz,/home/zzy/TrajectoryPlanning/distill/data/benchmark/mp/train/sample_004866.npz,mp,multiple_bugtraps,U,mp_multiple_bugtraps,hard,hard,0,mp:train
train,sample_003982.npz,/home/zzy/TrajectoryPlanning/distill/data/benchmark/mp/train/sample_004869.npz,mp,multiple_bugtraps,U,mp_multiple_bugtraps,hard,hard,0,mp:train
train,sample_003983.npz,/home/zzy/TrajectoryPlanning/distill/data/benchmark/mp/train/sample_004870.npz,mp,multiple_bugtraps,U,mp_multiple_bugtraps,hard,hard,0,mp:train
train,sample_003984.npz,/home/zzy/TrajectoryPlanning/distill/data/benchmark/mp/train/sample_004871.npz,mp,multiple_bugtraps,U,mp_multiple_bugtraps,hard,hard,0,mp:train
train,sample_003985.npz,/home/zzy/TrajectoryPlanning/distill/data/benchmark/mp/train/sample_004872.npz,mp,multiple_bugtraps,U,mp_multiple_bugtraps,hard,hard,0,mp:train
train,sample_003986.npz,/home/zzy/TrajectoryPlanning/distill/data/benchmark/mp/train/sample_004873.npz,mp,multiple_bugtraps,U,mp_multiple_bugtraps,hard,hard,0,mp:train
train,sample_003987.npz,/home/zzy/TrajectoryPlanning/distill/data/benchmark/mp/train/sample_004874.npz,mp,multiple_bugtraps,U,mp_multiple_bugtraps,hard,hard,0,mp:train
train,sample_003988.npz,/home/zzy/TrajectoryPlanning/distill/data/benchmark/mp/train/sample_004875.npz,mp,multiple_bugtraps,U,mp_multiple_bugtraps,hard,hard,0,mp:train
train,sample_003989.npz,/home/zzy/TrajectoryPlanning/distill/data/benchmark/mp/train/sample_004876.npz,mp,multiple_bugtraps,U,mp_multiple_bugtraps,hard,hard,0,mp:train
train,sample_003990.npz,/home/zzy/TrajectoryPlanning/distill/data/benchmark/mp/train/sample_004877.npz,mp,multiple_bugtraps,U,mp_multiple_bugtraps,hard,hard,0,mp:train
train,sample_003991.npz,/home/zzy/TrajectoryPlanning/distill/data/benchmark/mp/train/sample_004878.npz,mp,multiple_bugtraps,U,mp_multiple_bugtraps,hard,hard,0,mp:train
train,sample_003992.npz,/home/zzy/TrajectoryPlanning/distill/data/benchmark/mp/train/sample_004879.npz,mp,multiple_bugtraps,U,mp_multiple_bugtraps,hard,hard,0,mp:train
train,sample_003993.npz,/home/zzy/TrajectoryPlanning/distill/data/benchmark/mp/train/sample_004880.npz,mp,multiple_bugtraps,U,mp_multiple_bugtraps,hard,hard,0,mp:train
train,sample_003994.npz,/home/zzy/TrajectoryPlanning/distill/data/benchmark/mp/train/sample_004881.npz,mp,multiple_bugtraps,U,mp_multiple_bugtraps,hard,hard,0,mp:train
train,sample_003995.npz,/home/zzy/TrajectoryPlanning/distill/data/benchmark/mp/train/sample_004882.npz,mp,multiple_bugtraps,U,mp_multiple_bugtraps,hard,hard,0,mp:train
train,sample_003996.npz,/home/zzy/TrajectoryPlanning/distill/data/benchmark/mp/train/sample_004883.npz,mp,multiple_bugtraps,U,mp_multiple_bugtraps,hard,hard,0,mp:train
train,sample_003997.npz,/home/zzy/TrajectoryPlanning/distill/data/benchmark/mp/train/sample_004884.npz,mp,multiple_bugtraps,U,mp_multiple_bugtraps,hard,hard,0,mp:train
train,sample_003998.npz,/home/zzy/TrajectoryPlanning/distill/data/benchmark/mp/train/sample_004885.npz,mp,multiple_bugtraps,U,mp_multiple_bugtraps,hard,hard,0,mp:train
train,sample_003999.npz,/home/zzy/TrajectoryPlanning/distill/data/benchmark/mp/train/sample_004886.npz,mp,multiple_bugtraps,U,mp_multiple_bugtraps,hard,hard,0,mp:train
train,sample_004000.npz,/home/zzy/TrajectoryPlanning/distill/data/benchmark/mp/train/sample_004889.npz,mp,multiple_bugtraps,U,mp_multiple_bugtraps,hard,hard,0,mp:train
train,sample_004001.npz,/home/zzy/TrajectoryPlanning/distill/data/benchmark/mp/train/sample_004890.npz,mp,multiple_bugtraps,U,mp_multiple_bugtraps,hard,hard,0,mp:train
train,sample_004002.npz,/home/zzy/TrajectoryPlanning/distill/data/benchmark/mp/train/sample_004891.npz,mp,multiple_bugtraps,U,mp_multiple_bugtraps,hard,hard,0,mp:train
train,sample_004003.npz,/home/zzy/TrajectoryPlanning/distill/data/benchmark/mp/train/sample_004892.npz,mp,multiple_bugtraps,U,mp_multiple_bugtraps,hard,hard,0,mp:train
train,sample_004004.npz,/home/zzy/TrajectoryPlanning/distill/data/benchmark/mp/train/sample_004893.npz,mp,multiple_bugtraps,U,mp_multiple_bugtraps,hard,hard,0,mp:train
train,sample_004005.npz,/home/zzy/TrajectoryPlanning/distill/data/benchmark/mp/train/sample_004895.npz,mp,multiple_bugtraps,U,mp_multiple_bugtraps,hard,hard,0,mp:train
train,sample_004006.npz,/home/zzy/TrajectoryPlanning/distill/data/benchmark/mp/train/sample_004896.npz,mp,multiple_bugtraps,U,mp_multiple_bugtraps,hard,hard,0,mp:train
train,sample_004007.npz,/home/zzy/TrajectoryPlanning/distill/data/benchmark/mp/train/sample_004897.npz,mp,multiple_bugtraps,U,mp_multiple_bugtraps,hard,hard,0,mp:train
train,sample_004008.npz,/home/zzy/TrajectoryPlanning/distill/data/benchmark/mp/train/sample_004898.npz,mp,multiple_bugtraps,U,mp_multiple_bugtraps,hard,hard,0,mp:train
train,sample_004009.npz,/home/zzy/TrajectoryPlanning/distill/data/benchmark/mp/train/sample_004899.npz,mp,multiple_bugtraps,U,mp_multiple_bugtraps,hard,hard,0,mp:train
train,sample_004010.npz,/home/zzy/TrajectoryPlanning/distill/data/benchmark/mp/train/sample_004900.npz,mp,multiple_bugtraps,U,mp_multiple_bugtraps,hard,hard,0,mp:train
train,sample_004011.npz,/home/zzy/TrajectoryPlanning/distill/data/benchmark/mp/train/sample_004901.npz,mp,multiple_bugtraps,U,mp_multiple_bugtraps,hard,hard,0,mp:train
train,sample_004012.npz,/home/zzy/TrajectoryPlanning/distill/data/benchmark/mp/train/sample_004903.npz,mp,multiple_bugtraps,U,mp_multiple_bugtraps,hard,hard,0,mp:train
train,sample_004013.npz,/home/zzy/TrajectoryPlanning/distill/data/benchmark/mp/train/sample_004904.npz,mp,multiple_bugtraps,U,mp_multiple_bugtraps,hard,hard,0,mp:train
train,sample_004014.npz,/home/zzy/TrajectoryPlanning/distill/data/benchmark/mp/train/sample_004906.npz,mp,multiple_bugtraps,U,mp_multiple_bugtraps,hard,hard,0,mp:train
train,sample_004015.npz,/home/zzy/TrajectoryPlanning/distill/data/benchmark/mp/train/sample_004907.npz,mp,multiple_bugtraps,U,mp_multiple_bugtraps,hard,hard,0,mp:train
train,sample_004016.npz,/home/zzy/TrajectoryPlanning/distill/data/benchmark/mp/train/sample_004908.npz,mp,multiple_bugtraps,U,mp_multiple_bugtraps,hard,hard,0,mp:train
train,sample_004017.npz,/home/zzy/TrajectoryPlanning/distill/data/benchmark/mp/train/sample_004909.npz,mp,multiple_bugtraps,U,mp_multiple_bugtraps,hard,hard,0,mp:train
train,sample_004018.npz,/home/zzy/TrajectoryPlanning/distill/data/benchmark/mp/train/sample_004910.npz,mp,multiple_bugtraps,U,mp_multiple_bugtraps,hard,hard,0,mp:train
train,sample_004019.npz,/home/zzy/TrajectoryPlanning/distill/data/benchmark/mp/train/sample_004911.npz,mp,multiple_bugtraps,U,mp_multiple_bugtraps,hard,hard,0,mp:train
train,sample_004020.npz,/home/zzy/TrajectoryPlanning/distill/data/benchmark/mp/train/sample_004912.npz,mp,multiple_bugtraps,U,mp_multiple_bugtraps,hard,hard,0,mp:train
train,sample_004021.npz,/home/zzy/TrajectoryPlanning/distill/data/benchmark/mp/train/sample_004913.npz,mp,multiple_bugtraps,U,mp_multiple_bugtraps,hard,hard,0,mp:train
train,sample_004022.npz,/home/zzy/TrajectoryPlanning/distill/data/benchmark/mp/train/sample_004914.npz,mp,multiple_bugtraps,U,mp_multiple_bugtraps,hard,hard,0,mp:train
train,sample_004023.npz,/home/zzy/TrajectoryPlanning/distill/data/benchmark/mp/train/sample_004916.npz,mp,multiple_bugtraps,U,mp_multiple_bugtraps,hard,hard,0,mp:train
train,sample_004024.npz,/home/zzy/TrajectoryPlanning/distill/data/benchmark/mp/train/sample_004917.npz,mp,multiple_bugtraps,U,mp_multiple_bugtraps,hard,hard,0,mp:train
train,sample_004025.npz,/home/zzy/TrajectoryPlanning/distill/data/benchmark/mp/train/sample_004918.npz,mp,multiple_bugtraps,U,mp_multiple_bugtraps,hard,hard,0,mp:train
train,sample_004026.npz,/home/zzy/TrajectoryPlanning/distill/data/benchmark/mp/train/sample_004919.npz,mp,multiple_bugtraps,U,mp_multiple_bugtraps,hard,hard,0,mp:train
train,sample_004027.npz,/home/zzy/TrajectoryPlanning/distill/data/benchmark/mp/train/sample_004920.npz,mp,multiple_bugtraps,U,mp_multiple_bugtraps,hard,hard,0,mp:train
train,sample_004028.npz,/home/zzy/TrajectoryPlanning/distill/data/benchmark/mp/train/sample_004921.npz,mp,multiple_bugtraps,U,mp_multiple_bugtraps,hard,hard,0,mp:train
train,sample_004029.npz,/home/zzy/TrajectoryPlanning/distill/data/benchmark/mp/train/sample_004922.npz,mp,multiple_bugtraps,U,mp_multiple_bugtraps,hard,hard,0,mp:train
train,sample_004030.npz,/home/zzy/TrajectoryPlanning/distill/data/benchmark/mp/train/sample_004923.npz,mp,multiple_bugtraps,U,mp_multiple_bugtraps,hard,hard,0,mp:train
train,sample_004031.npz,/home/zzy/TrajectoryPlanning/distill/data/benchmark/mp/train/sample_004924.npz,mp,multiple_bugtraps,U,mp_multiple_bugtraps,hard,hard,0,mp:train
train,sample_004032.npz,/home/zzy/TrajectoryPlanning/distill/data/benchmark/mp/train/sample_004925.npz,mp,multiple_bugtraps,U,mp_multiple_bugtraps,hard,hard,0,mp:train
train,sample_004033.npz,/home/zzy/TrajectoryPlanning/distill/data/benchmark/mp/train/sample_004926.npz,mp,multiple_bugtraps,U,mp_multiple_bugtraps,hard,hard,0,mp:train
train,sample_004034.npz,/home/zzy/TrajectoryPlanning/distill/data/benchmark/mp/train/sample_004927.npz,mp,multiple_bugtraps,U,mp_multiple_bugtraps,hard,hard,0,mp:train
train,sample_004035.npz,/home/zzy/TrajectoryPlanning/distill/data/benchmark/mp/train/sample_004928.npz,mp,multiple_bugtraps,U,mp_multiple_bugtraps,hard,hard,0,mp:train
train,sample_004036.npz,/home/zzy/TrajectoryPlanning/distill/data/benchmark/mp/train/sample_004929.npz,mp,multiple_bugtraps,U,mp_multiple_bugtraps,hard,hard,0,mp:train
train,sample_004037.npz,/home/zzy/TrajectoryPlanning/distill/data/benchmark/mp/train/sample_004930.npz,mp,multiple_bugtraps,U,mp_multiple_bugtraps,hard,hard,0,mp:train
train,sample_004038.npz,/home/zzy/TrajectoryPlanning/distill/data/benchmark/mp/train/sample_004931.npz,mp,multiple_bugtraps,U,mp_multiple_bugtraps,hard,hard,0,mp:train
train,sample_004039.npz,/home/zzy/TrajectoryPlanning/distill/data/benchmark/mp/train/sample_004932.npz,mp,multiple_bugtraps,U,mp_multiple_bugtraps,hard,hard,0,mp:train
train,sample_004040.npz,/home/zzy/TrajectoryPlanning/distill/data/benchmark/mp/train/sample_004933.npz,mp,multiple_bugtraps,U,mp_multiple_bugtraps,hard,hard,0,mp:train
train,sample_004041.npz,/home/zzy/TrajectoryPlanning/distill/data/benchmark/mp/train/sample_004934.npz,mp,multiple_bugtraps,U,mp_multiple_bugtraps,hard,hard,0,mp:train
train,sample_004042.npz,/home/zzy/TrajectoryPlanning/distill/data/benchmark/mp/train/sample_004935.npz,mp,multiple_bugtraps,U,mp_multiple_bugtraps,hard,hard,0,mp:train
train,sample_004043.npz,/home/zzy/TrajectoryPlanning/distill/data/benchmark/mp/train/sample_004936.npz,mp,multiple_bugtraps,U,mp_multiple_bugtraps,hard,hard,0,mp:train
train,sample_004044.npz,/home/zzy/TrajectoryPlanning/distill/data/benchmark/mp/train/sample_004937.npz,mp,multiple_bugtraps,U,mp_multiple_bugtraps,hard,hard,0,mp:train
train,sample_004045.npz,/home/zzy/TrajectoryPlanning/distill/data/benchmark/mp/train/sample_004938.npz,mp,multiple_bugtraps,U,mp_multiple_bugtraps,hard,hard,0,mp:train
train,sample_004046.npz,/home/zzy/TrajectoryPlanning/distill/data/benchmark/mp/train/sample_004939.npz,mp,multiple_bugtraps,U,mp_multiple_bugtraps,hard,hard,0,mp:train
train,sample_004047.npz,/home/zzy/TrajectoryPlanning/distill/data/benchmark/mp/train/sample_004940.npz,mp,multiple_bugtraps,U,mp_multiple_bugtraps,hard,hard,0,mp:train
train,sample_004048.npz,/home/zzy/TrajectoryPlanning/distill/data/benchmark/mp/train/sample_004941.npz,mp,multiple_bugtraps,U,mp_multiple_bugtraps,hard,hard,0,mp:train
train,sample_004049.npz,/home/zzy/TrajectoryPlanning/distill/data/benchmark/mp/train/sample_004942.npz,mp,multiple_bugtraps,U,mp_multiple_bugtraps,hard,hard,0,mp:train
train,sample_004050.npz,/home/zzy/TrajectoryPlanning/distill/data/benchmark/mp/train/sample_004943.npz,mp,multiple_bugtraps,U,mp_multiple_bugtraps,hard,hard,0,mp:train
train,sample_004051.npz,/home/zzy/TrajectoryPlanning/distill/data/benchmark/mp/train/sample_004944.npz,mp,multiple_bugtraps,U,mp_multiple_bugtraps,hard,hard,0,mp:train
train,sample_004052.npz,/home/zzy/TrajectoryPlanning/distill/data/benchmark/mp/train/sample_004946.npz,mp,multiple_bugtraps,U,mp_multiple_bugtraps,hard,hard,0,mp:train
train,sample_004053.npz,/home/zzy/TrajectoryPlanning/distill/data/benchmark/mp/train/sample_004949.npz,mp,multiple_bugtraps,U,mp_multiple_bugtraps,hard,hard,0,mp:train
train,sample_004054.npz,/home/zzy/TrajectoryPlanning/distill/data/benchmark/mp/train/sample_004950.npz,mp,multiple_bugtraps,U,mp_multiple_bugtraps,hard,hard,0,mp:train
train,sample_004055.npz,/home/zzy/TrajectoryPlanning/distill/data/benchmark/mp/train/sample_004951.npz,mp,multiple_bugtraps,U,mp_multiple_bugtraps,hard,hard,0,mp:train
train,sample_004056.npz,/home/zzy/TrajectoryPlanning/distill/data/benchmark/mp/train/sample_004952.npz,mp,multiple_bugtraps,U,mp_multiple_bugtraps,hard,hard,0,mp:train
train,sample_004057.npz,/home/zzy/TrajectoryPlanning/distill/data/benchmark/mp/train/sample_004953.npz,mp,multiple_bugtraps,U,mp_multiple_bugtraps,hard,hard,0,mp:train
train,sample_004058.npz,/home/zzy/TrajectoryPlanning/distill/data/benchmark/mp/train/sample_004954.npz,mp,multiple_bugtraps,U,mp_multiple_bugtraps,hard,hard,0,mp:train
train,sample_004059.npz,/home/zzy/TrajectoryPlanning/distill/data/benchmark/mp/train/sample_004956.npz,mp,multiple_bugtraps,U,mp_multiple_bugtraps,hard,hard,0,mp:train
train,sample_004060.npz,/home/zzy/TrajectoryPlanning/distill/data/benchmark/mp/train/sample_004958.npz,mp,multiple_bugtraps,U,mp_multiple_bugtraps,hard,hard,0,mp:train
train,sample_004061.npz,/home/zzy/TrajectoryPlanning/distill/data/benchmark/mp/train/sample_004960.npz,mp,multiple_bugtraps,U,mp_multiple_bugtraps,hard,hard,0,mp:train
train,sample_004062.npz,/home/zzy/TrajectoryPlanning/distill/data/benchmark/mp/train/sample_004961.npz,mp,multiple_bugtraps,U,mp_multiple_bugtraps,hard,hard,0,mp:train
train,sample_004063.npz,/home/zzy/TrajectoryPlanning/distill/data/benchmark/mp/train/sample_004962.npz,mp,multiple_bugtraps,U,mp_multiple_bugtraps,hard,hard,0,mp:train
train,sample_004064.npz,/home/zzy/TrajectoryPlanning/distill/data/benchmark/mp/train/sample_004964.npz,mp,multiple_bugtraps,U,mp_multiple_bugtraps,hard,hard,0,mp:train
train,sample_004065.npz,/home/zzy/TrajectoryPlanning/distill/data/benchmark/mp/train/sample_004965.npz,mp,multiple_bugtraps,U,mp_multiple_bugtraps,hard,hard,0,mp:train
train,sample_004066.npz,/home/zzy/TrajectoryPlanning/distill/data/benchmark/mp/train/sample_004966.npz,mp,multiple_bugtraps,U,mp_multiple_bugtraps,hard,hard,0,mp:train
train,sample_004067.npz,/home/zzy/TrajectoryPlanning/distill/data/benchmark/mp/train/sample_004967.npz,mp,multiple_bugtraps,U,mp_multiple_bugtraps,hard,hard,0,mp:train
train,sample_004068.npz,/home/zzy/TrajectoryPlanning/distill/data/benchmark/mp/train/sample_004968.npz,mp,multiple_bugtraps,U,mp_multiple_bugtraps,hard,hard,0,mp:train
train,sample_004069.npz,/home/zzy/TrajectoryPlanning/distill/data/benchmark/mp/train/sample_004970.npz,mp,multiple_bugtraps,U,mp_multiple_bugtraps,hard,hard,0,mp:train
train,sample_004070.npz,/home/zzy/TrajectoryPlanning/distill/data/benchmark/mp/train/sample_004971.npz,mp,multiple_bugtraps,U,mp_multiple_bugtraps,hard,hard,0,mp:train
train,sample_004071.npz,/home/zzy/TrajectoryPlanning/distill/data/benchmark/mp/train/sample_004972.npz,mp,multiple_bugtraps,U,mp_multiple_bugtraps,hard,hard,0,mp:train
train,sample_004072.npz,/home/zzy/TrajectoryPlanning/distill/data/benchmark/mp/train/sample_004973.npz,mp,multiple_bugtraps,U,mp_multiple_bugtraps,hard,hard,0,mp:train
train,sample_004073.npz,/home/zzy/TrajectoryPlanning/distill/data/benchmark/mp/train/sample_004974.npz,mp,multiple_bugtraps,U,mp_multiple_bugtraps,hard,hard,0,mp:train
train,sample_004074.npz,/home/zzy/TrajectoryPlanning/distill/data/benchmark/mp/train/sample_004975.npz,mp,multiple_bugtraps,U,mp_multiple_bugtraps,hard,hard,0,mp:train
train,sample_004075.npz,/home/zzy/TrajectoryPlanning/distill/data/benchmark/mp/train/sample_004977.npz,mp,multiple_bugtraps,U,mp_multiple_bugtraps,hard,hard,0,mp:train
train,sample_004076.npz,/home/zzy/TrajectoryPlanning/distill/data/benchmark/mp/train/sample_004978.npz,mp,multiple_bugtraps,U,mp_multiple_bugtraps,hard,hard,0,mp:train
train,sample_004077.npz,/home/zzy/TrajectoryPlanning/distill/data/benchmark/mp/train/sample_004979.npz,mp,multiple_bugtraps,U,mp_multiple_bugtraps,hard,hard,0,mp:train
train,sample_004078.npz,/home/zzy/TrajectoryPlanning/distill/data/benchmark/mp/train/sample_004980.npz,mp,multiple_bugtraps,U,mp_multiple_bugtraps,hard,hard,0,mp:train
train,sample_004079.npz,/home/zzy/TrajectoryPlanning/distill/data/benchmark/mp/train/sample_004981.npz,mp,multiple_bugtraps,U,mp_multiple_bugtraps,hard,hard,0,mp:train
train,sample_004080.npz,/home/zzy/TrajectoryPlanning/distill/data/benchmark/mp/train/sample_004982.npz,mp,multiple_bugtraps,U,mp_multiple_bugtraps,hard,hard,0,mp:train
train,sample_004081.npz,/home/zzy/TrajectoryPlanning/distill/data/benchmark/mp/train/sample_004983.npz,mp,multiple_bugtraps,U,mp_multiple_bugtraps,hard,hard,0,mp:train
train,sample_004082.npz,/home/zzy/TrajectoryPlanning/distill/data/benchmark/mp/train/sample_004985.npz,mp,multiple_bugtraps,U,mp_multiple_bugtraps,hard,hard,0,mp:train
train,sample_004083.npz,/home/zzy/TrajectoryPlanning/distill/data/benchmark/mp/train/sample_004986.npz,mp,multiple_bugtraps,U,mp_multiple_bugtraps,hard,hard,0,mp:train
train,sample_004084.npz,/home/zzy/TrajectoryPlanning/distill/data/benchmark/mp/train/sample_004988.npz,mp,multiple_bugtraps,U,mp_multiple_bugtraps,hard,hard,0,mp:train
train,sample_004085.npz,/home/zzy/TrajectoryPlanning/distill/data/benchmark/mp/train/sample_004989.npz,mp,multiple_bugtraps,U,mp_multiple_bugtraps,hard,hard,0,mp:train
train,sample_004086.npz,/home/zzy/TrajectoryPlanning/distill/data/benchmark/mp/train/sample_004990.npz,mp,multiple_bugtraps,U,mp_multiple_bugtraps,hard,hard,0,mp:train
train,sample_004087.npz,/home/zzy/TrajectoryPlanning/distill/data/benchmark/mp/train/sample_004991.npz,mp,multiple_bugtraps,U,mp_multiple_bugtraps,hard,hard,0,mp:train
train,sample_004088.npz,/home/zzy/TrajectoryPlanning/distill/data/benchmark/mp/train/sample_004992.npz,mp,multiple_bugtraps,U,mp_multiple_bugtraps,hard,hard,0,mp:train
train,sample_004089.npz,/home/zzy/TrajectoryPlanning/distill/data/benchmark/mp/train/sample_004993.npz,mp,multiple_bugtraps,U,mp_multiple_bugtraps,hard,hard,0,mp:train
train,sample_004090.npz,/home/zzy/TrajectoryPlanning/distill/data/benchmark/mp/train/sample_004994.npz,mp,multiple_bugtraps,U,mp_multiple_bugtraps,hard,hard,0,mp:train
train,sample_004091.npz,/home/zzy/TrajectoryPlanning/distill/data/benchmark/mp/train/sample_004995.npz,mp,multiple_bugtraps,U,mp_multiple_bugtraps,hard,hard,0,mp:train
train,sample_004092.npz,/home/zzy/TrajectoryPlanning/distill/data/benchmark/mp/train/sample_004996.npz,mp,multiple_bugtraps,U,mp_multiple_bugtraps,hard,hard,0,mp:train
train,sample_004093.npz,/home/zzy/TrajectoryPlanning/distill/data/benchmark/mp/train/sample_004997.npz,mp,multiple_bugtraps,U,mp_multiple_bugtraps,hard,hard,0,mp:train
train,sample_004094.npz,/home/zzy/TrajectoryPlanning/distill/data/benchmark/mp/train/sample_004998.npz,mp,multiple_bugtraps,U,mp_multiple_bugtraps,hard,hard,0,mp:train
train,sample_004095.npz,/home/zzy/TrajectoryPlanning/distill/data/benchmark/mp/train/sample_004999.npz,mp,multiple_bugtraps,U,mp_multiple_bugtraps,hard,hard,0,mp:train
train,sample_004096.npz,/home/zzy/TrajectoryPlanning/distill/data/benchmark/mp/train/sample_005001.npz,mp,multiple_bugtraps,U,mp_multiple_bugtraps,hard,hard,0,mp:train
train,sample_004097.npz,/home/zzy/TrajectoryPlanning/distill/data/benchmark/mp/train/sample_005002.npz,mp,multiple_bugtraps,U,mp_multiple_bugtraps,hard,hard,0,mp:train
train,sample_004098.npz,/home/zzy/TrajectoryPlanning/distill/data/benchmark/mp/train/sample_005003.npz,mp,multiple_bugtraps,U,mp_multiple_bugtraps,hard,hard,0,mp:train
train,sample_004099.npz,/home/zzy/TrajectoryPlanning/distill/data/benchmark/mp/train/sample_005004.npz,mp,multiple_bugtraps,U,mp_multiple_bugtraps,hard,hard,0,mp:train
train,sample_004100.npz,/home/zzy/TrajectoryPlanning/distill/data/benchmark/mp/train/sample_005005.npz,mp,multiple_bugtraps,U,mp_multiple_bugtraps,hard,hard,0,mp:train
train,sample_004101.npz,/home/zzy/TrajectoryPlanning/distill/data/benchmark/mp/train/sample_005006.npz,mp,multiple_bugtraps,U,mp_multiple_bugtraps,hard,hard,0,mp:train
train,sample_004102.npz,/home/zzy/TrajectoryPlanning/distill/data/benchmark/mp/train/sample_005008.npz,mp,multiple_bugtraps,U,mp_multiple_bugtraps,hard,hard,0,mp:train
train,sample_004103.npz,/home/zzy/TrajectoryPlanning/distill/data/benchmark/mp/train/sample_005010.npz,mp,multiple_bugtraps,U,mp_multiple_bugtraps,hard,hard,0,mp:train
train,sample_004104.npz,/home/zzy/TrajectoryPlanning/distill/data/benchmark/mp/train/sample_005011.npz,mp,multiple_bugtraps,U,mp_multiple_bugtraps,hard,hard,0,mp:train
train,sample_004105.npz,/home/zzy/TrajectoryPlanning/distill/data/benchmark/mp/train/sample_005012.npz,mp,multiple_bugtraps,U,mp_multiple_bugtraps,hard,hard,0,mp:train
train,sample_004106.npz,/home/zzy/TrajectoryPlanning/distill/data/benchmark/mp/train/sample_005013.npz,mp,multiple_bugtraps,U,mp_multiple_bugtraps,hard,hard,0,mp:train
train,sample_004107.npz,/home/zzy/TrajectoryPlanning/distill/data/benchmark/mp/train/sample_005014.npz,mp,multiple_bugtraps,U,mp_multiple_bugtraps,hard,hard,0,mp:train
train,sample_004108.npz,/home/zzy/TrajectoryPlanning/distill/data/benchmark/mp/train/sample_005015.npz,mp,multiple_bugtraps,U,mp_multiple_bugtraps,hard,hard,0,mp:train
train,sample_004109.npz,/home/zzy/TrajectoryPlanning/distill/data/benchmark/mp/train/sample_005016.npz,mp,multiple_bugtraps,U,mp_multiple_bugtraps,hard,hard,0,mp:train
train,sample_004110.npz,/home/zzy/TrajectoryPlanning/distill/data/benchmark/mp/train/sample_005017.npz,mp,multiple_bugtraps,U,mp_multiple_bugtraps,hard,hard,0,mp:train
train,sample_004111.npz,/home/zzy/TrajectoryPlanning/distill/data/benchmark/mp/train/sample_005018.npz,mp,multiple_bugtraps,U,mp_multiple_bugtraps,hard,hard,0,mp:train
train,sample_004112.npz,/home/zzy/TrajectoryPlanning/distill/data/benchmark/mp/train/sample_005019.npz,mp,multiple_bugtraps,U,mp_multiple_bugtraps,hard,hard,0,mp:train
train,sample_004113.npz,/home/zzy/TrajectoryPlanning/distill/data/benchmark/mp/train/sample_005020.npz,mp,multiple_bugtraps,U,mp_multiple_bugtraps,hard,hard,0,mp:train
train,sample_004114.npz,/home/zzy/TrajectoryPlanning/distill/data/benchmark/mp/train/sample_005021.npz,mp,multiple_bugtraps,U,mp_multiple_bugtraps,hard,hard,0,mp:train
train,sample_004115.npz,/home/zzy/TrajectoryPlanning/distill/data/benchmark/mp/train/sample_005023.npz,mp,multiple_bugtraps,U,mp_multiple_bugtraps,hard,hard,0,mp:train
train,sample_004116.npz,/home/zzy/TrajectoryPlanning/distill/data/benchmark/mp/train/sample_005024.npz,mp,multiple_bugtraps,U,mp_multiple_bugtraps,hard,hard,0,mp:train
train,sample_004117.npz,/home/zzy/TrajectoryPlanning/distill/data/benchmark/mp/train/sample_005025.npz,mp,multiple_bugtraps,U,mp_multiple_bugtraps,hard,hard,0,mp:train
train,sample_004118.npz,/home/zzy/TrajectoryPlanning/distill/data/benchmark/mp/train/sample_005026.npz,mp,multiple_bugtraps,U,mp_multiple_bugtraps,hard,hard,0,mp:train
train,sample_004119.npz,/home/zzy/TrajectoryPlanning/distill/data/benchmark/mp/train/sample_005027.npz,mp,multiple_bugtraps,U,mp_multiple_bugtraps,hard,hard,0,mp:train
train,sample_004120.npz,/home/zzy/TrajectoryPlanning/distill/data/benchmark/mp/train/sample_005029.npz,mp,multiple_bugtraps,U,mp_multiple_bugtraps,hard,hard,0,mp:train
train,sample_004121.npz,/home/zzy/TrajectoryPlanning/distill/data/benchmark/mp/train/sample_005032.npz,mp,multiple_bugtraps,U,mp_multiple_bugtraps,hard,hard,0,mp:train
train,sample_004122.npz,/home/zzy/TrajectoryPlanning/distill/data/benchmark/mp/train/sample_005033.npz,mp,multiple_bugtraps,U,mp_multiple_bugtraps,hard,hard,0,mp:train
train,sample_004123.npz,/home/zzy/TrajectoryPlanning/distill/data/benchmark/mp/train/sample_005034.npz,mp,multiple_bugtraps,U,mp_multiple_bugtraps,hard,hard,0,mp:train
train,sample_004124.npz,/home/zzy/TrajectoryPlanning/distill/data/benchmark/mp/train/sample_005035.npz,mp,multiple_bugtraps,U,mp_multiple_bugtraps,hard,hard,0,mp:train
train,sample_004125.npz,/home/zzy/TrajectoryPlanning/distill/data/benchmark/mp/train/sample_005036.npz,mp,multiple_bugtraps,U,mp_multiple_bugtraps,hard,hard,0,mp:train
train,sample_004126.npz,/home/zzy/TrajectoryPlanning/distill/data/benchmark/mp/train/sample_005037.npz,mp,multiple_bugtraps,U,mp_multiple_bugtraps,hard,hard,0,mp:train
train,sample_004127.npz,/home/zzy/TrajectoryPlanning/distill/data/benchmark/mp/train/sample_005040.npz,mp,multiple_bugtraps,U,mp_multiple_bugtraps,hard,hard,0,mp:train
train,sample_004128.npz,/home/zzy/TrajectoryPlanning/distill/data/benchmark/mp/train/sample_005041.npz,mp,multiple_bugtraps,U,mp_multiple_bugtraps,hard,hard,0,mp:train
train,sample_004129.npz,/home/zzy/TrajectoryPlanning/distill/data/benchmark/mp/train/sample_005043.npz,mp,multiple_bugtraps,U,mp_multiple_bugtraps,hard,hard,0,mp:train
train,sample_004130.npz,/home/zzy/TrajectoryPlanning/distill/data/benchmark/mp/train/sample_005045.npz,mp,multiple_bugtraps,U,mp_multiple_bugtraps,hard,hard,0,mp:train
train,sample_004131.npz,/home/zzy/TrajectoryPlanning/distill/data/benchmark/mp/train/sample_005046.npz,mp,multiple_bugtraps,U,mp_multiple_bugtraps,hard,hard,0,mp:train
train,sample_004132.npz,/home/zzy/TrajectoryPlanning/distill/data/benchmark/mp/train/sample_005047.npz,mp,multiple_bugtraps,U,mp_multiple_bugtraps,hard,hard,0,mp:train
train,sample_004133.npz,/home/zzy/TrajectoryPlanning/distill/data/benchmark/mp/train/sample_005048.npz,mp,multiple_bugtraps,U,mp_multiple_bugtraps,hard,hard,0,mp:train
train,sample_004134.npz,/home/zzy/TrajectoryPlanning/distill/data/benchmark/mp/train/sample_005050.npz,mp,multiple_bugtraps,U,mp_multiple_bugtraps,hard,hard,0,mp:train
train,sample_004135.npz,/home/zzy/TrajectoryPlanning/distill/data/benchmark/mp/train/sample_005051.npz,mp,multiple_bugtraps,U,mp_multiple_bugtraps,hard,hard,0,mp:train
train,sample_004136.npz,/home/zzy/TrajectoryPlanning/distill/data/benchmark/mp/train/sample_005052.npz,mp,multiple_bugtraps,U,mp_multiple_bugtraps,hard,hard,0,mp:train
train,sample_004137.npz,/home/zzy/TrajectoryPlanning/distill/data/benchmark/mp/train/sample_005053.npz,mp,multiple_bugtraps,U,mp_multiple_bugtraps,hard,hard,0,mp:train
train,sample_004138.npz,/home/zzy/TrajectoryPlanning/distill/data/benchmark/mp/train/sample_005054.npz,mp,multiple_bugtraps,U,mp_multiple_bugtraps,hard,hard,0,mp:train
train,sample_004139.npz,/home/zzy/TrajectoryPlanning/distill/data/benchmark/mp/train/sample_005055.npz,mp,multiple_bugtraps,U,mp_multiple_bugtraps,hard,hard,0,mp:train
train,sample_004140.npz,/home/zzy/TrajectoryPlanning/distill/data/benchmark/mp/train/sample_005056.npz,mp,multiple_bugtraps,U,mp_multiple_bugtraps,hard,hard,0,mp:train
train,sample_004141.npz,/home/zzy/TrajectoryPlanning/distill/data/benchmark/mp/train/sample_005057.npz,mp,multiple_bugtraps,U,mp_multiple_bugtraps,hard,hard,0,mp:train
train,sample_004142.npz,/home/zzy/TrajectoryPlanning/distill/data/benchmark/mp/train/sample_005058.npz,mp,multiple_bugtraps,U,mp_multiple_bugtraps,hard,hard,0,mp:train
train,sample_004143.npz,/home/zzy/TrajectoryPlanning/distill/data/benchmark/mp/train/sample_005060.npz,mp,multiple_bugtraps,U,mp_multiple_bugtraps,hard,hard,0,mp:train
train,sample_004144.npz,/home/zzy/TrajectoryPlanning/distill/data/benchmark/mp/train/sample_005062.npz,mp,multiple_bugtraps,U,mp_multiple_bugtraps,hard,hard,0,mp:train
train,sample_004145.npz,/home/zzy/TrajectoryPlanning/distill/data/benchmark/mp/train/sample_005063.npz,mp,multiple_bugtraps,U,mp_multiple_bugtraps,hard,hard,0,mp:train
train,sample_004146.npz,/home/zzy/TrajectoryPlanning/distill/data/benchmark/mp/train/sample_005064.npz,mp,multiple_bugtraps,U,mp_multiple_bugtraps,hard,hard,0,mp:train
train,sample_004147.npz,/home/zzy/TrajectoryPlanning/distill/data/benchmark/mp/train/sample_005066.npz,mp,multiple_bugtraps,U,mp_multiple_bugtraps,hard,hard,0,mp:train
train,sample_004148.npz,/home/zzy/TrajectoryPlanning/distill/data/benchmark/mp/train/sample_005067.npz,mp,multiple_bugtraps,U,mp_multiple_bugtraps,hard,hard,0,mp:train
train,sample_004149.npz,/home/zzy/TrajectoryPlanning/distill/data/benchmark/mp/train/sample_005068.npz,mp,multiple_bugtraps,U,mp_multiple_bugtraps,hard,hard,0,mp:train
train,sample_004150.npz,/home/zzy/TrajectoryPlanning/distill/data/benchmark/mp/train/sample_005069.npz,mp,multiple_bugtraps,U,mp_multiple_bugtraps,hard,hard,0,mp:train
train,sample_004151.npz,/home/zzy/TrajectoryPlanning/distill/data/benchmark/mp/train/sample_005070.npz,mp,multiple_bugtraps,U,mp_multiple_bugtraps,hard,hard,0,mp:train
train,sample_004152.npz,/home/zzy/TrajectoryPlanning/distill/data/benchmark/mp/train/sample_005071.npz,mp,multiple_bugtraps,U,mp_multiple_bugtraps,hard,hard,0,mp:train
train,sample_004153.npz,/home/zzy/TrajectoryPlanning/distill/data/benchmark/mp/train/sample_005072.npz,mp,multiple_bugtraps,U,mp_multiple_bugtraps,hard,hard,0,mp:train
train,sample_004154.npz,/home/zzy/TrajectoryPlanning/distill/data/benchmark/mp/train/sample_005073.npz,mp,multiple_bugtraps,U,mp_multiple_bugtraps,hard,hard,0,mp:train
train,sample_004155.npz,/home/zzy/TrajectoryPlanning/distill/data/benchmark/mp/train/sample_005074.npz,mp,multiple_bugtraps,U,mp_multiple_bugtraps,hard,hard,0,mp:train
train,sample_004156.npz,/home/zzy/TrajectoryPlanning/distill/data/benchmark/mp/train/sample_005075.npz,mp,multiple_bugtraps,U,mp_multiple_bugtraps,hard,hard,0,mp:train
train,sample_004157.npz,/home/zzy/TrajectoryPlanning/distill/data/benchmark/mp/train/sample_005076.npz,mp,multiple_bugtraps,U,mp_multiple_bugtraps,hard,hard,0,mp:train
train,sample_004158.npz,/home/zzy/TrajectoryPlanning/distill/data/benchmark/mp/train/sample_005077.npz,mp,multiple_bugtraps,U,mp_multiple_bugtraps,hard,hard,0,mp:train
train,sample_004159.npz,/home/zzy/TrajectoryPlanning/distill/data/benchmark/mp/train/sample_005078.npz,mp,multiple_bugtraps,U,mp_multiple_bugtraps,hard,hard,0,mp:train
train,sample_004160.npz,/home/zzy/TrajectoryPlanning/distill/data/benchmark/mp/train/sample_005079.npz,mp,multiple_bugtraps,U,mp_multiple_bugtraps,hard,hard,0,mp:train
train,sample_004161.npz,/home/zzy/TrajectoryPlanning/distill/data/benchmark/mp/train/sample_005080.npz,mp,multiple_bugtraps,U,mp_multiple_bugtraps,hard,hard,0,mp:train
train,sample_004162.npz,/home/zzy/TrajectoryPlanning/distill/data/benchmark/mp/train/sample_005081.npz,mp,multiple_bugtraps,U,mp_multiple_bugtraps,hard,hard,0,mp:train
train,sample_004163.npz,/home/zzy/TrajectoryPlanning/distill/data/benchmark/mp/train/sample_005082.npz,mp,multiple_bugtraps,U,mp_multiple_bugtraps,hard,hard,0,mp:train
train,sample_004164.npz,/home/zzy/TrajectoryPlanning/distill/data/benchmark/mp/train/sample_005083.npz,mp,multiple_bugtraps,U,mp_multiple_bugtraps,hard,hard,0,mp:train
train,sample_004165.npz,/home/zzy/TrajectoryPlanning/distill/data/benchmark/mp/train/sample_005084.npz,mp,multiple_bugtraps,U,mp_multiple_bugtraps,hard,hard,0,mp:train
train,sample_004166.npz,/home/zzy/TrajectoryPlanning/distill/data/benchmark/mp/train/sample_005086.npz,mp,multiple_bugtraps,U,mp_multiple_bugtraps,hard,hard,0,mp:train
train,sample_004167.npz,/home/zzy/TrajectoryPlanning/distill/data/benchmark/mp/train/sample_005087.npz,mp,multiple_bugtraps,U,mp_multiple_bugtraps,hard,hard,0,mp:train
train,sample_004168.npz,/home/zzy/TrajectoryPlanning/distill/data/benchmark/mp/train/sample_005088.npz,mp,multiple_bugtraps,U,mp_multiple_bugtraps,hard,hard,0,mp:train
train,sample_004169.npz,/home/zzy/TrajectoryPlanning/distill/data/benchmark/mp/train/sample_005091.npz,mp,multiple_bugtraps,U,mp_multiple_bugtraps,hard,hard,0,mp:train
train,sample_004170.npz,/home/zzy/TrajectoryPlanning/distill/data/benchmark/mp/train/sample_005092.npz,mp,multiple_bugtraps,U,mp_multiple_bugtraps,hard,hard,0,mp:train
train,sample_004171.npz,/home/zzy/TrajectoryPlanning/distill/data/benchmark/mp/train/sample_005095.npz,mp,multiple_bugtraps,U,mp_multiple_bugtraps,hard,hard,0,mp:train
train,sample_004172.npz,/home/zzy/TrajectoryPlanning/distill/data/benchmark/mp/train/sample_005096.npz,mp,multiple_bugtraps,U,mp_multiple_bugtraps,hard,hard,0,mp:train
train,sample_004173.npz,/home/zzy/TrajectoryPlanning/distill/data/benchmark/mp/train/sample_005097.npz,mp,multiple_bugtraps,U,mp_multiple_bugtraps,hard,hard,0,mp:train
train,sample_004174.npz,/home/zzy/TrajectoryPlanning/distill/data/benchmark/mp/train/sample_005098.npz,mp,multiple_bugtraps,U,mp_multiple_bugtraps,hard,hard,0,mp:train
train,sample_004175.npz,/home/zzy/TrajectoryPlanning/distill/data/benchmark/mp/train/sample_005099.npz,mp,multiple_bugtraps,U,mp_multiple_bugtraps,hard,hard,0,mp:train
train,sample_004176.npz,/home/zzy/TrajectoryPlanning/distill/data/benchmark/mp/train/sample_005101.npz,mp,multiple_bugtraps,U,mp_multiple_bugtraps,hard,hard,0,mp:train
train,sample_004177.npz,/home/zzy/TrajectoryPlanning/distill/data/benchmark/mp/train/sample_005103.npz,mp,multiple_bugtraps,U,mp_multiple_bugtraps,hard,hard,0,mp:train
train,sample_004178.npz,/home/zzy/TrajectoryPlanning/distill/data/benchmark/mp/train/sample_005104.npz,mp,multiple_bugtraps,U,mp_multiple_bugtraps,hard,hard,0,mp:train
train,sample_004179.npz,/home/zzy/TrajectoryPlanning/distill/data/benchmark/mp/train/sample_005105.npz,mp,multiple_bugtraps,U,mp_multiple_bugtraps,hard,hard,0,mp:train
train,sample_004180.npz,/home/zzy/TrajectoryPlanning/distill/data/benchmark/mp/train/sample_005108.npz,mp,multiple_bugtraps,U,mp_multiple_bugtraps,hard,hard,0,mp:train
train,sample_004181.npz,/home/zzy/TrajectoryPlanning/distill/data/benchmark/mp/train/sample_005109.npz,mp,multiple_bugtraps,U,mp_multiple_bugtraps,hard,hard,0,mp:train
train,sample_004182.npz,/home/zzy/TrajectoryPlanning/distill/data/benchmark/mp/train/sample_005110.npz,mp,multiple_bugtraps,U,mp_multiple_bugtraps,hard,hard,0,mp:train
train,sample_004183.npz,/home/zzy/TrajectoryPlanning/distill/data/benchmark/mp/train/sample_005111.npz,mp,multiple_bugtraps,U,mp_multiple_bugtraps,hard,hard,0,mp:train
train,sample_004184.npz,/home/zzy/TrajectoryPlanning/distill/data/benchmark/mp/train/sample_005112.npz,mp,multiple_bugtraps,U,mp_multiple_bugtraps,hard,hard,0,mp:train
train,sample_004185.npz,/home/zzy/TrajectoryPlanning/distill/data/benchmark/mp/train/sample_005113.npz,mp,multiple_bugtraps,U,mp_multiple_bugtraps,hard,hard,0,mp:train
train,sample_004186.npz,/home/zzy/TrajectoryPlanning/distill/data/benchmark/mp/train/sample_005114.npz,mp,multiple_bugtraps,U,mp_multiple_bugtraps,hard,hard,0,mp:train
train,sample_004187.npz,/home/zzy/TrajectoryPlanning/distill/data/benchmark/mp/train/sample_005115.npz,mp,multiple_bugtraps,U,mp_multiple_bugtraps,hard,hard,0,mp:train
train,sample_004188.npz,/home/zzy/TrajectoryPlanning/distill/data/benchmark/mp/train/sample_005116.npz,mp,multiple_bugtraps,U,mp_multiple_bugtraps,hard,hard,0,mp:train
train,sample_004189.npz,/home/zzy/TrajectoryPlanning/distill/data/benchmark/mp/train/sample_005117.npz,mp,multiple_bugtraps,U,mp_multiple_bugtraps,hard,hard,0,mp:train
train,sample_004190.npz,/home/zzy/TrajectoryPlanning/distill/data/benchmark/mp/train/sample_005118.npz,mp,multiple_bugtraps,U,mp_multiple_bugtraps,hard,hard,0,mp:train
train,sample_004191.npz,/home/zzy/TrajectoryPlanning/distill/data/benchmark/mp/train/sample_005120.npz,mp,multiple_bugtraps,U,mp_multiple_bugtraps,hard,hard,0,mp:train
train,sample_004192.npz,/home/zzy/TrajectoryPlanning/distill/data/benchmark/mp/train/sample_005121.npz,mp,multiple_bugtraps,U,mp_multiple_bugtraps,hard,hard,0,mp:train
train,sample_004193.npz,/home/zzy/TrajectoryPlanning/distill/data/benchmark/mp/train/sample_005122.npz,mp,multiple_bugtraps,U,mp_multiple_bugtraps,hard,hard,0,mp:train
train,sample_004194.npz,/home/zzy/TrajectoryPlanning/distill/data/benchmark/mp/train/sample_005123.npz,mp,multiple_bugtraps,U,mp_multiple_bugtraps,hard,hard,0,mp:train
train,sample_004195.npz,/home/zzy/TrajectoryPlanning/distill/data/benchmark/mp/train/sample_005124.npz,mp,multiple_bugtraps,U,mp_multiple_bugtraps,hard,hard,0,mp:train
train,sample_004196.npz,/home/zzy/TrajectoryPlanning/distill/data/benchmark/mp/train/sample_005125.npz,mp,multiple_bugtraps,U,mp_multiple_bugtraps,hard,hard,0,mp:train
train,sample_004197.npz,/home/zzy/TrajectoryPlanning/distill/data/benchmark/mp/train/sample_005126.npz,mp,multiple_bugtraps,U,mp_multiple_bugtraps,hard,hard,0,mp:train
train,sample_004198.npz,/home/zzy/TrajectoryPlanning/distill/data/benchmark/mp/train/sample_005127.npz,mp,multiple_bugtraps,U,mp_multiple_bugtraps,hard,hard,0,mp:train
train,sample_004199.npz,/home/zzy/TrajectoryPlanning/distill/data/benchmark/mp/train/sample_005128.npz,mp,multiple_bugtraps,U,mp_multiple_bugtraps,hard,hard,0,mp:train
train,sample_004200.npz,/home/zzy/TrajectoryPlanning/distill/data/benchmark/mp/train/sample_005129.npz,mp,multiple_bugtraps,U,mp_multiple_bugtraps,hard,hard,0,mp:train
train,sample_004201.npz,/home/zzy/TrajectoryPlanning/distill/data/benchmark/mp/train/sample_005130.npz,mp,multiple_bugtraps,U,mp_multiple_bugtraps,hard,hard,0,mp:train
train,sample_004202.npz,/home/zzy/TrajectoryPlanning/distill/data/benchmark/mp/train/sample_005132.npz,mp,multiple_bugtraps,U,mp_multiple_bugtraps,hard,hard,0,mp:train
train,sample_004203.npz,/home/zzy/TrajectoryPlanning/distill/data/benchmark/mp/train/sample_005133.npz,mp,multiple_bugtraps,U,mp_multiple_bugtraps,hard,hard,0,mp:train
train,sample_004204.npz,/home/zzy/TrajectoryPlanning/distill/data/benchmark/mp/train/sample_005134.npz,mp,multiple_bugtraps,U,mp_multiple_bugtraps,hard,hard,0,mp:train
train,sample_004205.npz,/home/zzy/TrajectoryPlanning/distill/data/benchmark/mp/train/sample_005135.npz,mp,multiple_bugtraps,U,mp_multiple_bugtraps,hard,hard,0,mp:train
train,sample_004206.npz,/home/zzy/TrajectoryPlanning/distill/data/benchmark/mp/train/sample_005136.npz,mp,multiple_bugtraps,U,mp_multiple_bugtraps,hard,hard,0,mp:train
train,sample_004207.npz,/home/zzy/TrajectoryPlanning/distill/data/benchmark/mp/train/sample_005138.npz,mp,multiple_bugtraps,U,mp_multiple_bugtraps,hard,hard,0,mp:train
train,sample_004208.npz,/home/zzy/TrajectoryPlanning/distill/data/benchmark/mp/train/sample_005139.npz,mp,multiple_bugtraps,U,mp_multiple_bugtraps,hard,hard,0,mp:train
train,sample_004209.npz,/home/zzy/TrajectoryPlanning/distill/data/benchmark/mp/train/sample_005140.npz,mp,multiple_bugtraps,U,mp_multiple_bugtraps,hard,hard,0,mp:train
train,sample_004210.npz,/home/zzy/TrajectoryPlanning/distill/data/benchmark/mp/train/sample_005141.npz,mp,multiple_bugtraps,U,mp_multiple_bugtraps,hard,hard,0,mp:train
train,sample_004211.npz,/home/zzy/TrajectoryPlanning/distill/data/benchmark/mp/train/sample_005142.npz,mp,multiple_bugtraps,U,mp_multiple_bugtraps,hard,hard,0,mp:train
train,sample_004212.npz,/home/zzy/TrajectoryPlanning/distill/data/benchmark/mp/train/sample_005143.npz,mp,multiple_bugtraps,U,mp_multiple_bugtraps,hard,hard,0,mp:train
train,sample_004213.npz,/home/zzy/TrajectoryPlanning/distill/data/benchmark/mp/train/sample_005144.npz,mp,multiple_bugtraps,U,mp_multiple_bugtraps,hard,hard,0,mp:train
train,sample_004214.npz,/home/zzy/TrajectoryPlanning/distill/data/benchmark/mp/train/sample_005145.npz,mp,multiple_bugtraps,U,mp_multiple_bugtraps,hard,hard,0,mp:train
train,sample_004215.npz,/home/zzy/TrajectoryPlanning/distill/data/benchmark/mp/train/sample_005147.npz,mp,multiple_bugtraps,U,mp_multiple_bugtraps,hard,hard,0,mp:train
train,sample_004216.npz,/home/zzy/TrajectoryPlanning/distill/data/benchmark/mp/train/sample_005148.npz,mp,multiple_bugtraps,U,mp_multiple_bugtraps,hard,hard,0,mp:train
train,sample_004217.npz,/home/zzy/TrajectoryPlanning/distill/data/benchmark/mp/train/sample_005149.npz,mp,multiple_bugtraps,U,mp_multiple_bugtraps,hard,hard,0,mp:train
train,sample_004218.npz,/home/zzy/TrajectoryPlanning/distill/data/benchmark/mp/train/sample_005150.npz,mp,multiple_bugtraps,U,mp_multiple_bugtraps,hard,hard,0,mp:train
train,sample_004219.npz,/home/zzy/TrajectoryPlanning/distill/data/benchmark/mp/train/sample_005152.npz,mp,multiple_bugtraps,U,mp_multiple_bugtraps,hard,hard,0,mp:train
train,sample_004220.npz,/home/zzy/TrajectoryPlanning/distill/data/benchmark/mp/train/sample_005153.npz,mp,multiple_bugtraps,U,mp_multiple_bugtraps,hard,hard,0,mp:train
train,sample_004221.npz,/home/zzy/TrajectoryPlanning/distill/data/benchmark/mp/train/sample_005154.npz,mp,multiple_bugtraps,U,mp_multiple_bugtraps,hard,hard,0,mp:train
train,sample_004222.npz,/home/zzy/TrajectoryPlanning/distill/data/benchmark/mp/train/sample_005156.npz,mp,multiple_bugtraps,U,mp_multiple_bugtraps,hard,hard,0,mp:train
train,sample_004223.npz,/home/zzy/TrajectoryPlanning/distill/data/benchmark/mp/train/sample_005157.npz,mp,multiple_bugtraps,U,mp_multiple_bugtraps,hard,hard,0,mp:train
train,sample_004224.npz,/home/zzy/TrajectoryPlanning/distill/data/benchmark/mp/train/sample_005159.npz,mp,multiple_bugtraps,U,mp_multiple_bugtraps,hard,hard,0,mp:train
train,sample_004225.npz,/home/zzy/TrajectoryPlanning/distill/data/benchmark/mp/train/sample_005160.npz,mp,multiple_bugtraps,U,mp_multiple_bugtraps,hard,hard,0,mp:train
train,sample_004226.npz,/home/zzy/TrajectoryPlanning/distill/data/benchmark/mp/train/sample_005161.npz,mp,multiple_bugtraps,U,mp_multiple_bugtraps,hard,hard,0,mp:train
train,sample_004227.npz,/home/zzy/TrajectoryPlanning/distill/data/benchmark/mp/train/sample_005162.npz,mp,multiple_bugtraps,U,mp_multiple_bugtraps,hard,hard,0,mp:train
train,sample_004228.npz,/home/zzy/TrajectoryPlanning/distill/data/benchmark/mp/train/sample_005163.npz,mp,multiple_bugtraps,U,mp_multiple_bugtraps,hard,hard,0,mp:train
train,sample_004229.npz,/home/zzy/TrajectoryPlanning/distill/data/benchmark/mp/train/sample_005164.npz,mp,multiple_bugtraps,U,mp_multiple_bugtraps,hard,hard,0,mp:train
train,sample_004230.npz,/home/zzy/TrajectoryPlanning/distill/data/benchmark/mp/train/sample_005165.npz,mp,multiple_bugtraps,U,mp_multiple_bugtraps,hard,hard,0,mp:train
train,sample_004231.npz,/home/zzy/TrajectoryPlanning/distill/data/benchmark/mp/train/sample_005166.npz,mp,multiple_bugtraps,U,mp_multiple_bugtraps,hard,hard,0,mp:train
train,sample_004232.npz,/home/zzy/TrajectoryPlanning/distill/data/benchmark/mp/train/sample_005167.npz,mp,multiple_bugtraps,U,mp_multiple_bugtraps,hard,hard,0,mp:train
train,sample_004233.npz,/home/zzy/TrajectoryPlanning/distill/data/benchmark/mp/train/sample_005168.npz,mp,multiple_bugtraps,U,mp_multiple_bugtraps,hard,hard,0,mp:train
train,sample_004234.npz,/home/zzy/TrajectoryPlanning/distill/data/benchmark/mp/train/sample_005172.npz,mp,multiple_bugtraps,U,mp_multiple_bugtraps,hard,hard,0,mp:train
train,sample_004235.npz,/home/zzy/TrajectoryPlanning/distill/data/benchmark/mp/train/sample_005173.npz,mp,multiple_bugtraps,U,mp_multiple_bugtraps,hard,hard,0,mp:train
train,sample_004236.npz,/home/zzy/TrajectoryPlanning/distill/data/benchmark/mp/train/sample_005174.npz,mp,multiple_bugtraps,U,mp_multiple_bugtraps,hard,hard,0,mp:train
train,sample_004237.npz,/home/zzy/TrajectoryPlanning/distill/data/benchmark/mp/train/sample_005175.npz,mp,multiple_bugtraps,U,mp_multiple_bugtraps,hard,hard,0,mp:train
train,sample_004238.npz,/home/zzy/TrajectoryPlanning/distill/data/benchmark/mp/train/sample_005178.npz,mp,multiple_bugtraps,U,mp_multiple_bugtraps,hard,hard,0,mp:train
train,sample_004239.npz,/home/zzy/TrajectoryPlanning/distill/data/benchmark/mp/train/sample_005179.npz,mp,multiple_bugtraps,U,mp_multiple_bugtraps,hard,hard,0,mp:train
train,sample_004240.npz,/home/zzy/TrajectoryPlanning/distill/data/benchmark/mp/train/sample_005180.npz,mp,multiple_bugtraps,U,mp_multiple_bugtraps,hard,hard,0,mp:train
train,sample_004241.npz,/home/zzy/TrajectoryPlanning/distill/data/benchmark/mp/train/sample_005181.npz,mp,multiple_bugtraps,U,mp_multiple_bugtraps,hard,hard,0,mp:train
train,sample_004242.npz,/home/zzy/TrajectoryPlanning/distill/data/benchmark/mp/train/sample_005182.npz,mp,multiple_bugtraps,U,mp_multiple_bugtraps,hard,hard,0,mp:train
train,sample_004243.npz,/home/zzy/TrajectoryPlanning/distill/data/benchmark/mp/train/sample_005183.npz,mp,multiple_bugtraps,U,mp_multiple_bugtraps,hard,hard,0,mp:train
train,sample_004244.npz,/home/zzy/TrajectoryPlanning/distill/data/benchmark/mp/train/sample_005184.npz,mp,multiple_bugtraps,U,mp_multiple_bugtraps,hard,hard,0,mp:train
train,sample_004245.npz,/home/zzy/TrajectoryPlanning/distill/data/benchmark/mp/train/sample_005185.npz,mp,multiple_bugtraps,U,mp_multiple_bugtraps,hard,hard,0,mp:train
train,sample_004246.npz,/home/zzy/TrajectoryPlanning/distill/data/benchmark/mp/train/sample_005186.npz,mp,multiple_bugtraps,U,mp_multiple_bugtraps,hard,hard,0,mp:train
train,sample_004247.npz,/home/zzy/TrajectoryPlanning/distill/data/benchmark/mp/train/sample_005187.npz,mp,multiple_bugtraps,U,mp_multiple_bugtraps,hard,hard,0,mp:train
train,sample_004248.npz,/home/zzy/TrajectoryPlanning/distill/data/benchmark/mp/train/sample_005188.npz,mp,multiple_bugtraps,U,mp_multiple_bugtraps,hard,hard,0,mp:train
train,sample_004249.npz,/home/zzy/TrajectoryPlanning/distill/data/benchmark/mp/train/sample_005189.npz,mp,multiple_bugtraps,U,mp_multiple_bugtraps,hard,hard,0,mp:train
train,sample_004250.npz,/home/zzy/TrajectoryPlanning/distill/data/benchmark/mp/train/sample_005190.npz,mp,multiple_bugtraps,U,mp_multiple_bugtraps,hard,hard,0,mp:train
train,sample_004251.npz,/home/zzy/TrajectoryPlanning/distill/data/benchmark/mp/train/sample_005191.npz,mp,multiple_bugtraps,U,mp_multiple_bugtraps,hard,hard,0,mp:train
train,sample_004252.npz,/home/zzy/TrajectoryPlanning/distill/data/benchmark/mp/train/sample_005192.npz,mp,multiple_bugtraps,U,mp_multiple_bugtraps,hard,hard,0,mp:train
train,sample_004253.npz,/home/zzy/TrajectoryPlanning/distill/data/benchmark/mp/train/sample_005193.npz,mp,multiple_bugtraps,U,mp_multiple_bugtraps,hard,hard,0,mp:train
train,sample_004254.npz,/home/zzy/TrajectoryPlanning/distill/data/benchmark/mp/train/sample_005194.npz,mp,multiple_bugtraps,U,mp_multiple_bugtraps,hard,hard,0,mp:train
train,sample_004255.npz,/home/zzy/TrajectoryPlanning/distill/data/benchmark/mp/train/sample_005196.npz,mp,multiple_bugtraps,U,mp_multiple_bugtraps,hard,hard,0,mp:train
train,sample_004256.npz,/home/zzy/TrajectoryPlanning/distill/data/benchmark/mp/train/sample_005197.npz,mp,multiple_bugtraps,U,mp_multiple_bugtraps,hard,hard,0,mp:train
train,sample_004257.npz,/home/zzy/TrajectoryPlanning/distill/data/benchmark/mp/train/sample_005199.npz,mp,multiple_bugtraps,U,mp_multiple_bugtraps,hard,hard,0,mp:train
train,sample_004258.npz,/home/zzy/TrajectoryPlanning/distill/data/benchmark/mp/train/sample_005200.npz,mp,multiple_bugtraps,U,mp_multiple_bugtraps,hard,hard,0,mp:train
train,sample_004259.npz,/home/zzy/TrajectoryPlanning/distill/data/benchmark/mp/train/sample_005201.npz,mp,multiple_bugtraps,U,mp_multiple_bugtraps,hard,hard,0,mp:train
train,sample_004260.npz,/home/zzy/TrajectoryPlanning/distill/data/benchmark/mp/train/sample_005202.npz,mp,multiple_bugtraps,U,mp_multiple_bugtraps,hard,hard,0,mp:train
train,sample_004261.npz,/home/zzy/TrajectoryPlanning/distill/data/benchmark/mp/train/sample_005203.npz,mp,multiple_bugtraps,U,mp_multiple_bugtraps,hard,hard,0,mp:train
train,sample_004262.npz,/home/zzy/TrajectoryPlanning/distill/data/benchmark/mp/train/sample_005204.npz,mp,multiple_bugtraps,U,mp_multiple_bugtraps,hard,hard,0,mp:train
train,sample_004263.npz,/home/zzy/TrajectoryPlanning/distill/data/benchmark/mp/train/sample_005205.npz,mp,multiple_bugtraps,U,mp_multiple_bugtraps,hard,hard,0,mp:train
train,sample_004264.npz,/home/zzy/TrajectoryPlanning/distill/data/benchmark/mp/train/sample_005206.npz,mp,multiple_bugtraps,U,mp_multiple_bugtraps,hard,hard,0,mp:train
train,sample_004265.npz,/home/zzy/TrajectoryPlanning/distill/data/benchmark/mp/train/sample_005207.npz,mp,multiple_bugtraps,U,mp_multiple_bugtraps,hard,hard,0,mp:train
train,sample_004266.npz,/home/zzy/TrajectoryPlanning/distill/data/benchmark/mp/train/sample_005208.npz,mp,multiple_bugtraps,U,mp_multiple_bugtraps,hard,hard,0,mp:train
train,sample_004267.npz,/home/zzy/TrajectoryPlanning/distill/data/benchmark/mp/train/sample_005209.npz,mp,multiple_bugtraps,U,mp_multiple_bugtraps,hard,hard,0,mp:train
train,sample_004268.npz,/home/zzy/TrajectoryPlanning/distill/data/benchmark/mp/train/sample_005211.npz,mp,multiple_bugtraps,U,mp_multiple_bugtraps,hard,hard,0,mp:train
train,sample_004269.npz,/home/zzy/TrajectoryPlanning/distill/data/benchmark/mp/train/sample_005212.npz,mp,multiple_bugtraps,U,mp_multiple_bugtraps,hard,hard,0,mp:train
train,sample_004270.npz,/home/zzy/TrajectoryPlanning/distill/data/benchmark/mp/train/sample_005213.npz,mp,multiple_bugtraps,U,mp_multiple_bugtraps,hard,hard,0,mp:train
train,sample_004271.npz,/home/zzy/TrajectoryPlanning/distill/data/benchmark/mp/train/sample_005214.npz,mp,multiple_bugtraps,U,mp_multiple_bugtraps,hard,hard,0,mp:train
train,sample_004272.npz,/home/zzy/TrajectoryPlanning/distill/data/benchmark/mp/train/sample_005215.npz,mp,multiple_bugtraps,U,mp_multiple_bugtraps,hard,hard,0,mp:train
train,sample_004273.npz,/home/zzy/TrajectoryPlanning/distill/data/benchmark/mp/train/sample_005216.npz,mp,multiple_bugtraps,U,mp_multiple_bugtraps,hard,hard,0,mp:train
train,sample_004274.npz,/home/zzy/TrajectoryPlanning/distill/data/benchmark/mp/train/sample_005218.npz,mp,multiple_bugtraps,U,mp_multiple_bugtraps,hard,hard,0,mp:train
train,sample_004275.npz,/home/zzy/TrajectoryPlanning/distill/data/benchmark/mp/train/sample_005219.npz,mp,multiple_bugtraps,U,mp_multiple_bugtraps,hard,hard,0,mp:train
train,sample_004276.npz,/home/zzy/TrajectoryPlanning/distill/data/benchmark/mp/train/sample_005220.npz,mp,multiple_bugtraps,U,mp_multiple_bugtraps,hard,hard,0,mp:train
train,sample_004277.npz,/home/zzy/TrajectoryPlanning/distill/data/benchmark/mp/train/sample_005221.npz,mp,multiple_bugtraps,U,mp_multiple_bugtraps,hard,hard,0,mp:train
train,sample_004278.npz,/home/zzy/TrajectoryPlanning/distill/data/benchmark/mp/train/sample_005223.npz,mp,multiple_bugtraps,U,mp_multiple_bugtraps,hard,hard,0,mp:train
train,sample_004279.npz,/home/zzy/TrajectoryPlanning/distill/data/benchmark/mp/train/sample_005226.npz,mp,multiple_bugtraps,U,mp_multiple_bugtraps,hard,hard,0,mp:train
train,sample_004280.npz,/home/zzy/TrajectoryPlanning/distill/data/benchmark/mp/train/sample_005228.npz,mp,multiple_bugtraps,U,mp_multiple_bugtraps,hard,hard,0,mp:train
train,sample_004281.npz,/home/zzy/TrajectoryPlanning/distill/data/benchmark/mp/train/sample_005229.npz,mp,multiple_bugtraps,U,mp_multiple_bugtraps,hard,hard,0,mp:train
train,sample_004282.npz,/home/zzy/TrajectoryPlanning/distill/data/benchmark/mp/train/sample_005230.npz,mp,multiple_bugtraps,U,mp_multiple_bugtraps,hard,hard,0,mp:train
train,sample_004283.npz,/home/zzy/TrajectoryPlanning/distill/data/benchmark/mp/train/sample_005231.npz,mp,multiple_bugtraps,U,mp_multiple_bugtraps,hard,hard,0,mp:train
train,sample_004284.npz,/home/zzy/TrajectoryPlanning/distill/data/benchmark/mp/train/sample_005232.npz,mp,multiple_bugtraps,U,mp_multiple_bugtraps,hard,hard,0,mp:train
train,sample_004285.npz,/home/zzy/TrajectoryPlanning/distill/data/benchmark/mp/train/sample_005233.npz,mp,multiple_bugtraps,U,mp_multiple_bugtraps,hard,hard,0,mp:train
train,sample_004286.npz,/home/zzy/TrajectoryPlanning/distill/data/benchmark/mp/train/sample_005234.npz,mp,multiple_bugtraps,U,mp_multiple_bugtraps,hard,hard,0,mp:train
train,sample_004287.npz,/home/zzy/TrajectoryPlanning/distill/data/benchmark/mp/train/sample_005235.npz,mp,multiple_bugtraps,U,mp_multiple_bugtraps,hard,hard,0,mp:train
train,sample_004288.npz,/home/zzy/TrajectoryPlanning/distill/data/benchmark/mp/train/sample_005236.npz,mp,multiple_bugtraps,U,mp_multiple_bugtraps,hard,hard,0,mp:train
train,sample_004289.npz,/home/zzy/TrajectoryPlanning/distill/data/benchmark/mp/train/sample_005237.npz,mp,multiple_bugtraps,U,mp_multiple_bugtraps,hard,hard,0,mp:train
train,sample_004290.npz,/home/zzy/TrajectoryPlanning/distill/data/benchmark/mp/train/sample_005238.npz,mp,multiple_bugtraps,U,mp_multiple_bugtraps,hard,hard,0,mp:train
train,sample_004291.npz,/home/zzy/TrajectoryPlanning/distill/data/benchmark/mp/train/sample_005239.npz,mp,multiple_bugtraps,U,mp_multiple_bugtraps,hard,hard,0,mp:train
train,sample_004292.npz,/home/zzy/TrajectoryPlanning/distill/data/benchmark/mp/train/sample_005241.npz,mp,multiple_bugtraps,U,mp_multiple_bugtraps,hard,hard,0,mp:train
train,sample_004293.npz,/home/zzy/TrajectoryPlanning/distill/data/benchmark/mp/train/sample_005243.npz,mp,multiple_bugtraps,U,mp_multiple_bugtraps,hard,hard,0,mp:train
train,sample_004294.npz,/home/zzy/TrajectoryPlanning/distill/data/benchmark/mp/train/sample_005244.npz,mp,multiple_bugtraps,U,mp_multiple_bugtraps,hard,hard,0,mp:train
train,sample_004295.npz,/home/zzy/TrajectoryPlanning/distill/data/benchmark/mp/train/sample_005246.npz,mp,multiple_bugtraps,U,mp_multiple_bugtraps,hard,hard,0,mp:train
train,sample_004296.npz,/home/zzy/TrajectoryPlanning/distill/data/benchmark/mp/train/sample_005247.npz,mp,multiple_bugtraps,U,mp_multiple_bugtraps,hard,hard,0,mp:train
train,sample_004297.npz,/home/zzy/TrajectoryPlanning/distill/data/benchmark/mp/train/sample_005248.npz,mp,multiple_bugtraps,U,mp_multiple_bugtraps,hard,hard,0,mp:train
train,sample_004298.npz,/home/zzy/TrajectoryPlanning/distill/data/benchmark/mp/train/sample_005249.npz,mp,multiple_bugtraps,U,mp_multiple_bugtraps,hard,hard,0,mp:train
train,sample_004299.npz,/home/zzy/TrajectoryPlanning/distill/data/benchmark/mp/train/sample_005251.npz,mp,multiple_bugtraps,U,mp_multiple_bugtraps,hard,hard,0,mp:train
train,sample_004300.npz,/home/zzy/TrajectoryPlanning/distill/data/benchmark/mp/train/sample_005252.npz,mp,multiple_bugtraps,U,mp_multiple_bugtraps,hard,hard,0,mp:train
train,sample_004301.npz,/home/zzy/TrajectoryPlanning/distill/data/benchmark/mp/train/sample_005253.npz,mp,multiple_bugtraps,U,mp_multiple_bugtraps,hard,hard,0,mp:train
train,sample_004302.npz,/home/zzy/TrajectoryPlanning/distill/data/benchmark/mp/train/sample_005254.npz,mp,multiple_bugtraps,U,mp_multiple_bugtraps,hard,hard,0,mp:train
train,sample_004303.npz,/home/zzy/TrajectoryPlanning/distill/data/benchmark/mp/train/sample_005255.npz,mp,multiple_bugtraps,U,mp_multiple_bugtraps,hard,hard,0,mp:train
train,sample_004304.npz,/home/zzy/TrajectoryPlanning/distill/data/benchmark/mp/train/sample_005256.npz,mp,multiple_bugtraps,U,mp_multiple_bugtraps,hard,hard,0,mp:train
train,sample_004305.npz,/home/zzy/TrajectoryPlanning/distill/data/benchmark/mp/train/sample_005258.npz,mp,multiple_bugtraps,U,mp_multiple_bugtraps,hard,hard,0,mp:train
train,sample_004306.npz,/home/zzy/TrajectoryPlanning/distill/data/benchmark/mp/train/sample_005262.npz,mp,multiple_bugtraps,U,mp_multiple_bugtraps,hard,hard,0,mp:train
train,sample_004307.npz,/home/zzy/TrajectoryPlanning/distill/data/benchmark/mp/train/sample_005263.npz,mp,multiple_bugtraps,U,mp_multiple_bugtraps,hard,hard,0,mp:train
train,sample_004308.npz,/home/zzy/TrajectoryPlanning/distill/data/benchmark/mp/train/sample_005264.npz,mp,multiple_bugtraps,U,mp_multiple_bugtraps,hard,hard,0,mp:train
train,sample_004309.npz,/home/zzy/TrajectoryPlanning/distill/data/benchmark/mp/train/sample_005266.npz,mp,multiple_bugtraps,U,mp_multiple_bugtraps,hard,hard,0,mp:train
train,sample_004310.npz,/home/zzy/TrajectoryPlanning/distill/data/benchmark/mp/train/sample_005267.npz,mp,multiple_bugtraps,U,mp_multiple_bugtraps,hard,hard,0,mp:train
train,sample_004311.npz,/home/zzy/TrajectoryPlanning/distill/data/benchmark/mp/train/sample_005268.npz,mp,multiple_bugtraps,U,mp_multiple_bugtraps,hard,hard,0,mp:train
train,sample_004312.npz,/home/zzy/TrajectoryPlanning/distill/data/benchmark/mp/train/sample_005269.npz,mp,multiple_bugtraps,U,mp_multiple_bugtraps,hard,hard,0,mp:train
train,sample_004313.npz,/home/zzy/TrajectoryPlanning/distill/data/benchmark/mp/train/sample_005270.npz,mp,multiple_bugtraps,U,mp_multiple_bugtraps,hard,hard,0,mp:train
train,sample_004314.npz,/home/zzy/TrajectoryPlanning/distill/data/benchmark/mp/train/sample_005271.npz,mp,multiple_bugtraps,U,mp_multiple_bugtraps,hard,hard,0,mp:train
train,sample_004315.npz,/home/zzy/TrajectoryPlanning/distill/data/benchmark/mp/train/sample_005272.npz,mp,multiple_bugtraps,U,mp_multiple_bugtraps,hard,hard,0,mp:train
train,sample_004316.npz,/home/zzy/TrajectoryPlanning/distill/data/benchmark/mp/train/sample_005273.npz,mp,multiple_bugtraps,U,mp_multiple_bugtraps,hard,hard,0,mp:train
train,sample_004317.npz,/home/zzy/TrajectoryPlanning/distill/data/benchmark/mp/train/sample_005275.npz,mp,multiple_bugtraps,U,mp_multiple_bugtraps,hard,hard,0,mp:train
train,sample_004318.npz,/home/zzy/TrajectoryPlanning/distill/data/benchmark/mp/train/sample_005276.npz,mp,multiple_bugtraps,U,mp_multiple_bugtraps,hard,hard,0,mp:train
train,sample_004319.npz,/home/zzy/TrajectoryPlanning/distill/data/benchmark/mp/train/sample_005277.npz,mp,multiple_bugtraps,U,mp_multiple_bugtraps,hard,hard,0,mp:train
train,sample_004320.npz,/home/zzy/TrajectoryPlanning/distill/data/benchmark/mp/train/sample_005278.npz,mp,multiple_bugtraps,U,mp_multiple_bugtraps,hard,hard,0,mp:train
train,sample_004321.npz,/home/zzy/TrajectoryPlanning/distill/data/benchmark/mp/train/sample_005279.npz,mp,multiple_bugtraps,U,mp_multiple_bugtraps,hard,hard,0,mp:train
train,sample_004322.npz,/home/zzy/TrajectoryPlanning/distill/data/benchmark/mp/train/sample_005280.npz,mp,multiple_bugtraps,U,mp_multiple_bugtraps,hard,hard,0,mp:train
train,sample_004323.npz,/home/zzy/TrajectoryPlanning/distill/data/benchmark/mp/train/sample_005281.npz,mp,multiple_bugtraps,U,mp_multiple_bugtraps,hard,hard,0,mp:train
train,sample_004324.npz,/home/zzy/TrajectoryPlanning/distill/data/benchmark/mp/train/sample_005282.npz,mp,multiple_bugtraps,U,mp_multiple_bugtraps,hard,hard,0,mp:train
train,sample_004325.npz,/home/zzy/TrajectoryPlanning/distill/data/benchmark/mp/train/sample_005284.npz,mp,multiple_bugtraps,U,mp_multiple_bugtraps,hard,hard,0,mp:train
train,sample_004326.npz,/home/zzy/TrajectoryPlanning/distill/data/benchmark/mp/train/sample_005285.npz,mp,multiple_bugtraps,U,mp_multiple_bugtraps,hard,hard,0,mp:train
train,sample_004327.npz,/home/zzy/TrajectoryPlanning/distill/data/benchmark/mp/train/sample_005286.npz,mp,multiple_bugtraps,U,mp_multiple_bugtraps,hard,hard,0,mp:train
train,sample_004328.npz,/home/zzy/TrajectoryPlanning/distill/data/benchmark/mp/train/sample_005287.npz,mp,multiple_bugtraps,U,mp_multiple_bugtraps,hard,hard,0,mp:train
train,sample_004329.npz,/home/zzy/TrajectoryPlanning/distill/data/benchmark/mp/train/sample_005288.npz,mp,multiple_bugtraps,U,mp_multiple_bugtraps,hard,hard,0,mp:train
train,sample_004330.npz,/home/zzy/TrajectoryPlanning/distill/data/benchmark/mp/train/sample_005289.npz,mp,multiple_bugtraps,U,mp_multiple_bugtraps,hard,hard,0,mp:train
train,sample_004331.npz,/home/zzy/TrajectoryPlanning/distill/data/benchmark/mp/train/sample_005290.npz,mp,multiple_bugtraps,U,mp_multiple_bugtraps,hard,hard,0,mp:train
train,sample_004332.npz,/home/zzy/TrajectoryPlanning/distill/data/benchmark/mp/train/sample_005291.npz,mp,multiple_bugtraps,U,mp_multiple_bugtraps,hard,hard,0,mp:train
train,sample_004333.npz,/home/zzy/TrajectoryPlanning/distill/data/benchmark/mp/train/sample_005292.npz,mp,multiple_bugtraps,U,mp_multiple_bugtraps,hard,hard,0,mp:train
train,sample_004334.npz,/home/zzy/TrajectoryPlanning/distill/data/benchmark/mp/train/sample_005293.npz,mp,multiple_bugtraps,U,mp_multiple_bugtraps,hard,hard,0,mp:train
train,sample_004335.npz,/home/zzy/TrajectoryPlanning/distill/data/benchmark/mp/train/sample_005294.npz,mp,multiple_bugtraps,U,mp_multiple_bugtraps,hard,hard,0,mp:train
train,sample_004336.npz,/home/zzy/TrajectoryPlanning/distill/data/benchmark/mp/train/sample_005296.npz,mp,multiple_bugtraps,U,mp_multiple_bugtraps,hard,hard,0,mp:train
train,sample_004337.npz,/home/zzy/TrajectoryPlanning/distill/data/benchmark/mp/train/sample_005297.npz,mp,multiple_bugtraps,U,mp_multiple_bugtraps,hard,hard,0,mp:train
train,sample_004338.npz,/home/zzy/TrajectoryPlanning/distill/data/benchmark/mp/train/sample_005299.npz,mp,multiple_bugtraps,U,mp_multiple_bugtraps,hard,hard,0,mp:train
train,sample_004339.npz,/home/zzy/TrajectoryPlanning/distill/data/benchmark/mp/train/sample_005301.npz,mp,multiple_bugtraps,U,mp_multiple_bugtraps,hard,hard,0,mp:train
train,sample_004340.npz,/home/zzy/TrajectoryPlanning/distill/data/benchmark/mp/train/sample_005302.npz,mp,multiple_bugtraps,U,mp_multiple_bugtraps,hard,hard,0,mp:train
train,sample_004341.npz,/home/zzy/TrajectoryPlanning/distill/data/benchmark/mp/train/sample_005304.npz,mp,multiple_bugtraps,U,mp_multiple_bugtraps,hard,hard,0,mp:train
train,sample_004342.npz,/home/zzy/TrajectoryPlanning/distill/data/benchmark/mp/train/sample_005305.npz,mp,multiple_bugtraps,U,mp_multiple_bugtraps,hard,hard,0,mp:train
train,sample_004343.npz,/home/zzy/TrajectoryPlanning/distill/data/benchmark/mp/train/sample_005307.npz,mp,multiple_bugtraps,U,mp_multiple_bugtraps,hard,hard,0,mp:train
train,sample_004344.npz,/home/zzy/TrajectoryPlanning/distill/data/benchmark/mp/train/sample_005309.npz,mp,multiple_bugtraps,U,mp_multiple_bugtraps,hard,hard,0,mp:train
train,sample_004345.npz,/home/zzy/TrajectoryPlanning/distill/data/benchmark/mp/train/sample_005311.npz,mp,multiple_bugtraps,U,mp_multiple_bugtraps,hard,hard,0,mp:train
train,sample_004346.npz,/home/zzy/TrajectoryPlanning/distill/data/benchmark/mp/train/sample_005312.npz,mp,multiple_bugtraps,U,mp_multiple_bugtraps,hard,hard,0,mp:train
train,sample_004347.npz,/home/zzy/TrajectoryPlanning/distill/data/benchmark/mp/train/sample_005314.npz,mp,multiple_bugtraps,U,mp_multiple_bugtraps,hard,hard,0,mp:train
train,sample_004348.npz,/home/zzy/TrajectoryPlanning/distill/data/benchmark/mp/train/sample_005315.npz,mp,multiple_bugtraps,U,mp_multiple_bugtraps,hard,hard,0,mp:train
train,sample_004349.npz,/home/zzy/TrajectoryPlanning/distill/data/benchmark/mp/train/sample_005316.npz,mp,multiple_bugtraps,U,mp_multiple_bugtraps,hard,hard,0,mp:train
train,sample_004350.npz,/home/zzy/TrajectoryPlanning/distill/data/benchmark/mp/train/sample_005317.npz,mp,multiple_bugtraps,U,mp_multiple_bugtraps,hard,hard,0,mp:train
train,sample_004351.npz,/home/zzy/TrajectoryPlanning/distill/data/benchmark/mp/train/sample_005318.npz,mp,multiple_bugtraps,U,mp_multiple_bugtraps,hard,hard,0,mp:train
train,sample_004352.npz,/home/zzy/TrajectoryPlanning/distill/data/benchmark/mp/train/sample_005319.npz,mp,multiple_bugtraps,U,mp_multiple_bugtraps,hard,hard,0,mp:train
train,sample_004353.npz,/home/zzy/TrajectoryPlanning/distill/data/benchmark/mp/train/sample_005321.npz,mp,multiple_bugtraps,U,mp_multiple_bugtraps,hard,hard,0,mp:train
train,sample_004354.npz,/home/zzy/TrajectoryPlanning/distill/data/benchmark/mp/train/sample_005322.npz,mp,multiple_bugtraps,U,mp_multiple_bugtraps,hard,hard,0,mp:train
train,sample_004355.npz,/home/zzy/TrajectoryPlanning/distill/data/benchmark/mp/train/sample_005323.npz,mp,multiple_bugtraps,U,mp_multiple_bugtraps,hard,hard,0,mp:train
train,sample_004356.npz,/home/zzy/TrajectoryPlanning/distill/data/benchmark/mp/train/sample_005324.npz,mp,multiple_bugtraps,U,mp_multiple_bugtraps,hard,hard,0,mp:train
train,sample_004357.npz,/home/zzy/TrajectoryPlanning/distill/data/benchmark/mp/train/sample_005325.npz,mp,multiple_bugtraps,U,mp_multiple_bugtraps,hard,hard,0,mp:train
train,sample_004358.npz,/home/zzy/TrajectoryPlanning/distill/data/benchmark/mp/train/sample_005326.npz,mp,multiple_bugtraps,U,mp_multiple_bugtraps,hard,hard,0,mp:train
train,sample_004359.npz,/home/zzy/TrajectoryPlanning/distill/data/benchmark/mp/train/sample_005327.npz,mp,multiple_bugtraps,U,mp_multiple_bugtraps,hard,hard,0,mp:train
train,sample_004360.npz,/home/zzy/TrajectoryPlanning/distill/data/benchmark/mp/train/sample_005328.npz,mp,multiple_bugtraps,U,mp_multiple_bugtraps,hard,hard,0,mp:train
train,sample_004361.npz,/home/zzy/TrajectoryPlanning/distill/data/benchmark/mp/train/sample_005329.npz,mp,multiple_bugtraps,U,mp_multiple_bugtraps,hard,hard,0,mp:train
train,sample_004362.npz,/home/zzy/TrajectoryPlanning/distill/data/benchmark/mp/train/sample_005330.npz,mp,multiple_bugtraps,U,mp_multiple_bugtraps,hard,hard,0,mp:train
train,sample_004363.npz,/home/zzy/TrajectoryPlanning/distill/data/benchmark/mp/train/sample_005332.npz,mp,multiple_bugtraps,U,mp_multiple_bugtraps,hard,hard,0,mp:train
train,sample_004364.npz,/home/zzy/TrajectoryPlanning/distill/data/benchmark/mp/train/sample_005333.npz,mp,multiple_bugtraps,U,mp_multiple_bugtraps,hard,hard,0,mp:train
train,sample_004365.npz,/home/zzy/TrajectoryPlanning/distill/data/benchmark/mp/train/sample_005334.npz,mp,multiple_bugtraps,U,mp_multiple_bugtraps,hard,hard,0,mp:train
train,sample_004366.npz,/home/zzy/TrajectoryPlanning/distill/data/benchmark/mp/train/sample_005335.npz,mp,multiple_bugtraps,U,mp_multiple_bugtraps,hard,hard,0,mp:train
train,sample_004367.npz,/home/zzy/TrajectoryPlanning/distill/data/benchmark/mp/train/sample_005338.npz,mp,multiple_bugtraps,U,mp_multiple_bugtraps,hard,hard,0,mp:train
train,sample_004368.npz,/home/zzy/TrajectoryPlanning/distill/data/benchmark/mp/train/sample_005340.npz,mp,multiple_bugtraps,U,mp_multiple_bugtraps,hard,hard,0,mp:train
train,sample_004369.npz,/home/zzy/TrajectoryPlanning/distill/data/benchmark/mp/train/sample_005341.npz,mp,multiple_bugtraps,U,mp_multiple_bugtraps,hard,hard,0,mp:train
train,sample_004370.npz,/home/zzy/TrajectoryPlanning/distill/data/benchmark/mp/train/sample_005342.npz,mp,multiple_bugtraps,U,mp_multiple_bugtraps,hard,hard,0,mp:train
train,sample_004371.npz,/home/zzy/TrajectoryPlanning/distill/data/benchmark/mp/train/sample_005343.npz,mp,multiple_bugtraps,U,mp_multiple_bugtraps,hard,hard,0,mp:train
train,sample_004372.npz,/home/zzy/TrajectoryPlanning/distill/data/benchmark/mp/train/sample_005344.npz,mp,multiple_bugtraps,U,mp_multiple_bugtraps,hard,hard,0,mp:train
train,sample_004373.npz,/home/zzy/TrajectoryPlanning/distill/data/benchmark/mp/train/sample_005345.npz,mp,multiple_bugtraps,U,mp_multiple_bugtraps,hard,hard,0,mp:train
train,sample_004374.npz,/home/zzy/TrajectoryPlanning/distill/data/benchmark/mp/train/sample_005346.npz,mp,multiple_bugtraps,U,mp_multiple_bugtraps,hard,hard,0,mp:train
train,sample_004375.npz,/home/zzy/TrajectoryPlanning/distill/data/benchmark/mp/train/sample_005347.npz,mp,multiple_bugtraps,U,mp_multiple_bugtraps,hard,hard,0,mp:train
train,sample_004376.npz,/home/zzy/TrajectoryPlanning/distill/data/benchmark/mp/train/sample_005348.npz,mp,multiple_bugtraps,U,mp_multiple_bugtraps,hard,hard,0,mp:train
train,sample_004377.npz,/home/zzy/TrajectoryPlanning/distill/data/benchmark/mp/train/sample_005349.npz,mp,multiple_bugtraps,U,mp_multiple_bugtraps,hard,hard,0,mp:train
train,sample_004378.npz,/home/zzy/TrajectoryPlanning/distill/data/benchmark/mp/train/sample_005350.npz,mp,multiple_bugtraps,U,mp_multiple_bugtraps,hard,hard,0,mp:train
train,sample_004379.npz,/home/zzy/TrajectoryPlanning/distill/data/benchmark/mp/train/sample_005351.npz,mp,multiple_bugtraps,U,mp_multiple_bugtraps,hard,hard,0,mp:train
train,sample_004380.npz,/home/zzy/TrajectoryPlanning/distill/data/benchmark/mp/train/sample_005352.npz,mp,multiple_bugtraps,U,mp_multiple_bugtraps,hard,hard,0,mp:train
train,sample_004381.npz,/home/zzy/TrajectoryPlanning/distill/data/benchmark/mp/train/sample_005353.npz,mp,multiple_bugtraps,U,mp_multiple_bugtraps,hard,hard,0,mp:train
train,sample_004382.npz,/home/zzy/TrajectoryPlanning/distill/data/benchmark/mp/train/sample_005354.npz,mp,multiple_bugtraps,U,mp_multiple_bugtraps,hard,hard,0,mp:train
train,sample_004383.npz,/home/zzy/TrajectoryPlanning/distill/data/benchmark/mp/train/sample_005355.npz,mp,multiple_bugtraps,U,mp_multiple_bugtraps,hard,hard,0,mp:train
train,sample_004384.npz,/home/zzy/TrajectoryPlanning/distill/data/benchmark/mp/train/sample_005356.npz,mp,multiple_bugtraps,U,mp_multiple_bugtraps,hard,hard,0,mp:train
train,sample_004385.npz,/home/zzy/TrajectoryPlanning/distill/data/benchmark/mp/train/sample_005357.npz,mp,multiple_bugtraps,U,mp_multiple_bugtraps,hard,hard,0,mp:train
train,sample_004386.npz,/home/zzy/TrajectoryPlanning/distill/data/benchmark/mp/train/sample_005358.npz,mp,multiple_bugtraps,U,mp_multiple_bugtraps,hard,hard,0,mp:train
train,sample_004387.npz,/home/zzy/TrajectoryPlanning/distill/data/benchmark/mp/train/sample_005359.npz,mp,multiple_bugtraps,U,mp_multiple_bugtraps,hard,hard,0,mp:train
train,sample_004388.npz,/home/zzy/TrajectoryPlanning/distill/data/benchmark/mp/train/sample_005360.npz,mp,multiple_bugtraps,U,mp_multiple_bugtraps,hard,hard,0,mp:train
train,sample_004389.npz,/home/zzy/TrajectoryPlanning/distill/data/benchmark/mp/train/sample_005361.npz,mp,multiple_bugtraps,U,mp_multiple_bugtraps,hard,hard,0,mp:train
train,sample_004390.npz,/home/zzy/TrajectoryPlanning/distill/data/benchmark/mp/train/sample_005363.npz,mp,multiple_bugtraps,U,mp_multiple_bugtraps,hard,hard,0,mp:train
train,sample_004391.npz,/home/zzy/TrajectoryPlanning/distill/data/benchmark/mp/train/sample_005364.npz,mp,multiple_bugtraps,U,mp_multiple_bugtraps,hard,hard,0,mp:train
train,sample_004392.npz,/home/zzy/TrajectoryPlanning/distill/data/benchmark/mp/train/sample_005365.npz,mp,multiple_bugtraps,U,mp_multiple_bugtraps,hard,hard,0,mp:train
train,sample_004393.npz,/home/zzy/TrajectoryPlanning/distill/data/benchmark/mp/train/sample_005366.npz,mp,multiple_bugtraps,U,mp_multiple_bugtraps,hard,hard,0,mp:train
train,sample_004394.npz,/home/zzy/TrajectoryPlanning/distill/data/benchmark/mp/train/sample_005368.npz,mp,multiple_bugtraps,U,mp_multiple_bugtraps,hard,hard,0,mp:train
train,sample_004395.npz,/home/zzy/TrajectoryPlanning/distill/data/benchmark/mp/train/sample_005369.npz,mp,multiple_bugtraps,U,mp_multiple_bugtraps,hard,hard,0,mp:train
train,sample_004396.npz,/home/zzy/TrajectoryPlanning/distill/data/benchmark/mp/train/sample_005372.npz,mp,multiple_bugtraps,U,mp_multiple_bugtraps,hard,hard,0,mp:train
train,sample_004397.npz,/home/zzy/TrajectoryPlanning/distill/data/benchmark/mp/train/sample_005373.npz,mp,multiple_bugtraps,U,mp_multiple_bugtraps,hard,hard,0,mp:train
train,sample_004398.npz,/home/zzy/TrajectoryPlanning/distill/data/benchmark/mp/train/sample_005374.npz,mp,multiple_bugtraps,U,mp_multiple_bugtraps,hard,hard,0,mp:train
train,sample_004399.npz,/home/zzy/TrajectoryPlanning/distill/data/benchmark/mp/train/sample_005375.npz,mp,multiple_bugtraps,U,mp_multiple_bugtraps,hard,hard,0,mp:train
train,sample_004400.npz,/home/zzy/TrajectoryPlanning/distill/data/benchmark/mp/train/sample_005377.npz,mp,multiple_bugtraps,U,mp_multiple_bugtraps,hard,hard,0,mp:train
train,sample_004401.npz,/home/zzy/TrajectoryPlanning/distill/data/benchmark/mp/train/sample_005378.npz,mp,multiple_bugtraps,U,mp_multiple_bugtraps,hard,hard,0,mp:train
train,sample_004402.npz,/home/zzy/TrajectoryPlanning/distill/data/benchmark/mp/train/sample_005379.npz,mp,multiple_bugtraps,U,mp_multiple_bugtraps,hard,hard,0,mp:train
train,sample_004403.npz,/home/zzy/TrajectoryPlanning/distill/data/benchmark/mp/train/sample_005380.npz,mp,multiple_bugtraps,U,mp_multiple_bugtraps,hard,hard,0,mp:train
train,sample_004404.npz,/home/zzy/TrajectoryPlanning/distill/data/benchmark/mp/train/sample_005381.npz,mp,multiple_bugtraps,U,mp_multiple_bugtraps,hard,hard,0,mp:train
train,sample_004405.npz,/home/zzy/TrajectoryPlanning/distill/data/benchmark/mp/train/sample_005383.npz,mp,multiple_bugtraps,U,mp_multiple_bugtraps,hard,hard,0,mp:train
train,sample_004406.npz,/home/zzy/TrajectoryPlanning/distill/data/benchmark/mp/train/sample_005384.npz,mp,multiple_bugtraps,U,mp_multiple_bugtraps,hard,hard,0,mp:train
train,sample_004407.npz,/home/zzy/TrajectoryPlanning/distill/data/benchmark/mp/train/sample_005385.npz,mp,multiple_bugtraps,U,mp_multiple_bugtraps,hard,hard,0,mp:train
train,sample_004408.npz,/home/zzy/TrajectoryPlanning/distill/data/benchmark/mp/train/sample_005386.npz,mp,multiple_bugtraps,U,mp_multiple_bugtraps,hard,hard,0,mp:train
train,sample_004409.npz,/home/zzy/TrajectoryPlanning/distill/data/benchmark/mp/train/sample_005389.npz,mp,multiple_bugtraps,U,mp_multiple_bugtraps,hard,hard,0,mp:train
train,sample_004410.npz,/home/zzy/TrajectoryPlanning/distill/data/benchmark/mp/train/sample_005390.npz,mp,multiple_bugtraps,U,mp_multiple_bugtraps,hard,hard,0,mp:train
train,sample_004411.npz,/home/zzy/TrajectoryPlanning/distill/data/benchmark/mp/train/sample_005391.npz,mp,multiple_bugtraps,U,mp_multiple_bugtraps,hard,hard,0,mp:train
train,sample_004412.npz,/home/zzy/TrajectoryPlanning/distill/data/benchmark/mp/train/sample_005392.npz,mp,multiple_bugtraps,U,mp_multiple_bugtraps,hard,hard,0,mp:train
train,sample_004413.npz,/home/zzy/TrajectoryPlanning/distill/data/benchmark/mp/train/sample_005393.npz,mp,multiple_bugtraps,U,mp_multiple_bugtraps,hard,hard,0,mp:train
train,sample_004414.npz,/home/zzy/TrajectoryPlanning/distill/data/benchmark/mp/train/sample_005394.npz,mp,multiple_bugtraps,U,mp_multiple_bugtraps,hard,hard,0,mp:train
train,sample_004415.npz,/home/zzy/TrajectoryPlanning/distill/data/benchmark/mp/train/sample_005395.npz,mp,multiple_bugtraps,U,mp_multiple_bugtraps,hard,hard,0,mp:train
train,sample_004416.npz,/home/zzy/TrajectoryPlanning/distill/data/benchmark/mp/train/sample_005396.npz,mp,multiple_bugtraps,U,mp_multiple_bugtraps,hard,hard,0,mp:train
train,sample_004417.npz,/home/zzy/TrajectoryPlanning/distill/data/benchmark/mp/train/sample_005397.npz,mp,multiple_bugtraps,U,mp_multiple_bugtraps,hard,hard,0,mp:train
train,sample_004418.npz,/home/zzy/TrajectoryPlanning/distill/data/benchmark/mp/train/sample_005398.npz,mp,multiple_bugtraps,U,mp_multiple_bugtraps,hard,hard,0,mp:train
train,sample_004419.npz,/home/zzy/TrajectoryPlanning/distill/data/benchmark/mp/train/sample_005399.npz,mp,multiple_bugtraps,U,mp_multiple_bugtraps,hard,hard,0,mp:train
train,sample_004420.npz,/home/zzy/TrajectoryPlanning/distill/data/benchmark/mp/train/sample_005400.npz,mp,multiple_bugtraps,U,mp_multiple_bugtraps,hard,hard,0,mp:train
train,sample_004421.npz,/home/zzy/TrajectoryPlanning/distill/data/benchmark/mp/train/sample_005401.npz,mp,multiple_bugtraps,U,mp_multiple_bugtraps,hard,hard,0,mp:train
train,sample_004422.npz,/home/zzy/TrajectoryPlanning/distill/data/benchmark/mp/train/sample_005402.npz,mp,multiple_bugtraps,U,mp_multiple_bugtraps,hard,hard,0,mp:train
train,sample_004423.npz,/home/zzy/TrajectoryPlanning/distill/data/benchmark/mp/train/sample_005403.npz,mp,multiple_bugtraps,U,mp_multiple_bugtraps,hard,hard,0,mp:train
train,sample_004424.npz,/home/zzy/TrajectoryPlanning/distill/data/benchmark/mp/train/sample_005404.npz,mp,multiple_bugtraps,U,mp_multiple_bugtraps,hard,hard,0,mp:train
train,sample_004425.npz,/home/zzy/TrajectoryPlanning/distill/data/benchmark/mp/train/sample_005405.npz,mp,multiple_bugtraps,U,mp_multiple_bugtraps,hard,hard,0,mp:train
train,sample_004426.npz,/home/zzy/TrajectoryPlanning/distill/data/benchmark/mp/train/sample_005406.npz,mp,multiple_bugtraps,U,mp_multiple_bugtraps,hard,hard,0,mp:train
train,sample_004427.npz,/home/zzy/TrajectoryPlanning/distill/data/benchmark/mp/train/sample_005407.npz,mp,multiple_bugtraps,U,mp_multiple_bugtraps,hard,hard,0,mp:train
train,sample_004428.npz,/home/zzy/TrajectoryPlanning/distill/data/benchmark/mp/train/sample_005408.npz,mp,multiple_bugtraps,U,mp_multiple_bugtraps,hard,hard,0,mp:train
train,sample_004429.npz,/home/zzy/TrajectoryPlanning/distill/data/benchmark/mp/train/sample_005409.npz,mp,multiple_bugtraps,U,mp_multiple_bugtraps,hard,hard,0,mp:train
train,sample_004430.npz,/home/zzy/TrajectoryPlanning/distill/data/benchmark/mp/train/sample_005410.npz,mp,multiple_bugtraps,U,mp_multiple_bugtraps,hard,hard,0,mp:train
train,sample_004431.npz,/home/zzy/TrajectoryPlanning/distill/data/benchmark/mp/train/sample_005411.npz,mp,multiple_bugtraps,U,mp_multiple_bugtraps,hard,hard,0,mp:train
train,sample_004432.npz,/home/zzy/TrajectoryPlanning/distill/data/benchmark/mp/train/sample_005412.npz,mp,multiple_bugtraps,U,mp_multiple_bugtraps,hard,hard,0,mp:train
train,sample_004433.npz,/home/zzy/TrajectoryPlanning/distill/data/benchmark/mp/train/sample_005414.npz,mp,multiple_bugtraps,U,mp_multiple_bugtraps,hard,hard,0,mp:train
train,sample_004434.npz,/home/zzy/TrajectoryPlanning/distill/data/benchmark/mp/train/sample_005418.npz,mp,multiple_bugtraps,U,mp_multiple_bugtraps,hard,hard,0,mp:train
train,sample_004435.npz,/home/zzy/TrajectoryPlanning/distill/data/benchmark/mp/train/sample_005419.npz,mp,multiple_bugtraps,U,mp_multiple_bugtraps,hard,hard,0,mp:train
train,sample_004436.npz,/home/zzy/TrajectoryPlanning/distill/data/benchmark/mp/train/sample_005420.npz,mp,multiple_bugtraps,U,mp_multiple_bugtraps,hard,hard,0,mp:train
train,sample_004437.npz,/home/zzy/TrajectoryPlanning/distill/data/benchmark/mp/train/sample_005421.npz,mp,multiple_bugtraps,U,mp_multiple_bugtraps,hard,hard,0,mp:train
train,sample_004438.npz,/home/zzy/TrajectoryPlanning/distill/data/benchmark/mp/train/sample_005424.npz,mp,multiple_bugtraps,U,mp_multiple_bugtraps,hard,hard,0,mp:train
train,sample_004439.npz,/home/zzy/TrajectoryPlanning/distill/data/benchmark/mp/train/sample_005425.npz,mp,multiple_bugtraps,U,mp_multiple_bugtraps,hard,hard,0,mp:train
train,sample_004440.npz,/home/zzy/TrajectoryPlanning/distill/data/benchmark/mp/train/sample_005426.npz,mp,multiple_bugtraps,U,mp_multiple_bugtraps,hard,hard,0,mp:train
train,sample_004441.npz,/home/zzy/TrajectoryPlanning/distill/data/benchmark/mp/train/sample_005427.npz,mp,multiple_bugtraps,U,mp_multiple_bugtraps,hard,hard,0,mp:train
train,sample_004442.npz,/home/zzy/TrajectoryPlanning/distill/data/benchmark/mp/train/sample_005428.npz,mp,multiple_bugtraps,U,mp_multiple_bugtraps,hard,hard,0,mp:train
train,sample_004443.npz,/home/zzy/TrajectoryPlanning/distill/data/benchmark/mp/train/sample_005429.npz,mp,multiple_bugtraps,U,mp_multiple_bugtraps,hard,hard,0,mp:train
train,sample_004444.npz,/home/zzy/TrajectoryPlanning/distill/data/benchmark/mp/train/sample_005430.npz,mp,multiple_bugtraps,U,mp_multiple_bugtraps,hard,hard,0,mp:train
train,sample_004445.npz,/home/zzy/TrajectoryPlanning/distill/data/benchmark/mp/train/sample_005432.npz,mp,multiple_bugtraps,U,mp_multiple_bugtraps,hard,hard,0,mp:train
train,sample_004446.npz,/home/zzy/TrajectoryPlanning/distill/data/benchmark/mp/train/sample_005434.npz,mp,multiple_bugtraps,U,mp_multiple_bugtraps,hard,hard,0,mp:train
train,sample_004447.npz,/home/zzy/TrajectoryPlanning/distill/data/benchmark/mp/train/sample_005435.npz,mp,multiple_bugtraps,U,mp_multiple_bugtraps,hard,hard,0,mp:train
train,sample_004448.npz,/home/zzy/TrajectoryPlanning/distill/data/benchmark/mp/train/sample_005437.npz,mp,multiple_bugtraps,U,mp_multiple_bugtraps,hard,hard,0,mp:train
train,sample_004449.npz,/home/zzy/TrajectoryPlanning/distill/data/benchmark/mp/train/sample_005438.npz,mp,multiple_bugtraps,U,mp_multiple_bugtraps,hard,hard,0,mp:train
train,sample_004450.npz,/home/zzy/TrajectoryPlanning/distill/data/benchmark/mp/train/sample_005439.npz,mp,multiple_bugtraps,U,mp_multiple_bugtraps,hard,hard,0,mp:train
train,sample_004451.npz,/home/zzy/TrajectoryPlanning/distill/data/benchmark/mp/train/sample_005440.npz,mp,multiple_bugtraps,U,mp_multiple_bugtraps,hard,hard,0,mp:train
train,sample_004452.npz,/home/zzy/TrajectoryPlanning/distill/data/benchmark/mp/train/sample_005442.npz,mp,multiple_bugtraps,U,mp_multiple_bugtraps,hard,hard,0,mp:train
train,sample_004453.npz,/home/zzy/TrajectoryPlanning/distill/data/benchmark/mp/train/sample_005443.npz,mp,multiple_bugtraps,U,mp_multiple_bugtraps,hard,hard,0,mp:train
train,sample_004454.npz,/home/zzy/TrajectoryPlanning/distill/data/benchmark/mp/train/sample_005445.npz,mp,multiple_bugtraps,U,mp_multiple_bugtraps,hard,hard,0,mp:train
train,sample_004455.npz,/home/zzy/TrajectoryPlanning/distill/data/benchmark/mp/train/sample_005446.npz,mp,multiple_bugtraps,U,mp_multiple_bugtraps,hard,hard,0,mp:train
train,sample_004456.npz,/home/zzy/TrajectoryPlanning/distill/data/benchmark/mp/train/sample_005449.npz,mp,multiple_bugtraps,U,mp_multiple_bugtraps,hard,hard,0,mp:train
train,sample_004457.npz,/home/zzy/TrajectoryPlanning/distill/data/benchmark/mp/train/sample_005450.npz,mp,multiple_bugtraps,U,mp_multiple_bugtraps,hard,hard,0,mp:train
train,sample_004458.npz,/home/zzy/TrajectoryPlanning/distill/data/benchmark/mp/train/sample_005452.npz,mp,multiple_bugtraps,U,mp_multiple_bugtraps,hard,hard,0,mp:train
train,sample_004459.npz,/home/zzy/TrajectoryPlanning/distill/data/benchmark/mp/train/sample_005454.npz,mp,multiple_bugtraps,U,mp_multiple_bugtraps,hard,hard,0,mp:train
train,sample_004460.npz,/home/zzy/TrajectoryPlanning/distill/data/benchmark/mp/train/sample_005455.npz,mp,multiple_bugtraps,U,mp_multiple_bugtraps,hard,hard,0,mp:train
train,sample_004461.npz,/home/zzy/TrajectoryPlanning/distill/data/benchmark/mp/train/sample_005456.npz,mp,multiple_bugtraps,U,mp_multiple_bugtraps,hard,hard,0,mp:train
train,sample_004462.npz,/home/zzy/TrajectoryPlanning/distill/data/benchmark/mp/train/sample_005458.npz,mp,multiple_bugtraps,U,mp_multiple_bugtraps,hard,hard,0,mp:train
train,sample_004463.npz,/home/zzy/TrajectoryPlanning/distill/data/benchmark/mp/train/sample_005459.npz,mp,multiple_bugtraps,U,mp_multiple_bugtraps,hard,hard,0,mp:train
train,sample_004464.npz,/home/zzy/TrajectoryPlanning/distill/data/benchmark/mp/train/sample_005460.npz,mp,multiple_bugtraps,U,mp_multiple_bugtraps,hard,hard,0,mp:train
train,sample_004465.npz,/home/zzy/TrajectoryPlanning/distill/data/benchmark/mp/train/sample_005461.npz,mp,multiple_bugtraps,U,mp_multiple_bugtraps,hard,hard,0,mp:train
train,sample_004466.npz,/home/zzy/TrajectoryPlanning/distill/data/benchmark/mp/train/sample_005463.npz,mp,multiple_bugtraps,U,mp_multiple_bugtraps,hard,hard,0,mp:train
train,sample_004467.npz,/home/zzy/TrajectoryPlanning/distill/data/benchmark/mp/train/sample_005464.npz,mp,multiple_bugtraps,U,mp_multiple_bugtraps,hard,hard,0,mp:train
train,sample_004468.npz,/home/zzy/TrajectoryPlanning/distill/data/benchmark/mp/train/sample_005465.npz,mp,multiple_bugtraps,U,mp_multiple_bugtraps,hard,hard,0,mp:train
train,sample_004469.npz,/home/zzy/TrajectoryPlanning/distill/data/benchmark/mp/train/sample_005467.npz,mp,multiple_bugtraps,U,mp_multiple_bugtraps,hard,hard,0,mp:train
train,sample_004470.npz,/home/zzy/TrajectoryPlanning/distill/data/benchmark/mp/train/sample_005468.npz,mp,multiple_bugtraps,U,mp_multiple_bugtraps,hard,hard,0,mp:train
train,sample_004471.npz,/home/zzy/TrajectoryPlanning/distill/data/benchmark/mp/train/sample_005469.npz,mp,multiple_bugtraps,U,mp_multiple_bugtraps,hard,hard,0,mp:train
train,sample_004472.npz,/home/zzy/TrajectoryPlanning/distill/data/benchmark/mp/train/sample_005470.npz,mp,multiple_bugtraps,U,mp_multiple_bugtraps,hard,hard,0,mp:train
train,sample_004473.npz,/home/zzy/TrajectoryPlanning/distill/data/benchmark/mp/train/sample_005471.npz,mp,multiple_bugtraps,U,mp_multiple_bugtraps,hard,hard,0,mp:train
train,sample_004474.npz,/home/zzy/TrajectoryPlanning/distill/data/benchmark/mp/train/sample_005473.npz,mp,multiple_bugtraps,U,mp_multiple_bugtraps,hard,hard,0,mp:train
train,sample_004475.npz,/home/zzy/TrajectoryPlanning/distill/data/benchmark/mp/train/sample_005474.npz,mp,multiple_bugtraps,U,mp_multiple_bugtraps,hard,hard,0,mp:train
train,sample_004476.npz,/home/zzy/TrajectoryPlanning/distill/data/benchmark/mp/train/sample_005476.npz,mp,multiple_bugtraps,U,mp_multiple_bugtraps,hard,hard,0,mp:train
train,sample_004477.npz,/home/zzy/TrajectoryPlanning/distill/data/benchmark/mp/train/sample_005477.npz,mp,multiple_bugtraps,U,mp_multiple_bugtraps,hard,hard,0,mp:train
train,sample_004478.npz,/home/zzy/TrajectoryPlanning/distill/data/benchmark/mp/train/sample_005480.npz,mp,multiple_bugtraps,U,mp_multiple_bugtraps,hard,hard,0,mp:train
train,sample_004479.npz,/home/zzy/TrajectoryPlanning/distill/data/benchmark/mp/train/sample_005481.npz,mp,multiple_bugtraps,U,mp_multiple_bugtraps,hard,hard,0,mp:train
train,sample_004480.npz,/home/zzy/TrajectoryPlanning/distill/data/benchmark/mp/train/sample_005483.npz,mp,multiple_bugtraps,U,mp_multiple_bugtraps,hard,hard,0,mp:train
train,sample_004481.npz,/home/zzy/TrajectoryPlanning/distill/data/benchmark/mp/train/sample_005485.npz,mp,multiple_bugtraps,U,mp_multiple_bugtraps,hard,hard,0,mp:train
train,sample_004482.npz,/home/zzy/TrajectoryPlanning/distill/data/benchmark/mp/train/sample_005486.npz,mp,multiple_bugtraps,U,mp_multiple_bugtraps,hard,hard,0,mp:train
train,sample_004483.npz,/home/zzy/TrajectoryPlanning/distill/data/benchmark/mp/train/sample_005487.npz,mp,multiple_bugtraps,U,mp_multiple_bugtraps,hard,hard,0,mp:train
train,sample_004484.npz,/home/zzy/TrajectoryPlanning/distill/data/benchmark/mp/train/sample_005488.npz,mp,multiple_bugtraps,U,mp_multiple_bugtraps,hard,hard,0,mp:train
train,sample_004485.npz,/home/zzy/TrajectoryPlanning/distill/data/benchmark/mp/train/sample_005489.npz,mp,multiple_bugtraps,U,mp_multiple_bugtraps,hard,hard,0,mp:train
train,sample_004486.npz,/home/zzy/TrajectoryPlanning/distill/data/benchmark/mp/train/sample_005490.npz,mp,multiple_bugtraps,U,mp_multiple_bugtraps,hard,hard,0,mp:train
train,sample_004487.npz,/home/zzy/TrajectoryPlanning/distill/data/benchmark/mp/train/sample_005492.npz,mp,multiple_bugtraps,U,mp_multiple_bugtraps,hard,hard,0,mp:train
train,sample_004488.npz,/home/zzy/TrajectoryPlanning/distill/data/benchmark/mp/train/sample_005493.npz,mp,multiple_bugtraps,U,mp_multiple_bugtraps,hard,hard,0,mp:train
train,sample_004489.npz,/home/zzy/TrajectoryPlanning/distill/data/benchmark/mp/train/sample_005494.npz,mp,multiple_bugtraps,U,mp_multiple_bugtraps,hard,hard,0,mp:train
train,sample_004490.npz,/home/zzy/TrajectoryPlanning/distill/data/benchmark/mp/train/sample_005495.npz,mp,multiple_bugtraps,U,mp_multiple_bugtraps,hard,hard,0,mp:train
train,sample_004491.npz,/home/zzy/TrajectoryPlanning/distill/data/benchmark/mp/train/sample_005496.npz,mp,multiple_bugtraps,U,mp_multiple_bugtraps,hard,hard,0,mp:train
train,sample_004492.npz,/home/zzy/TrajectoryPlanning/distill/data/benchmark/mp/train/sample_005497.npz,mp,multiple_bugtraps,U,mp_multiple_bugtraps,hard,hard,0,mp:train
train,sample_004493.npz,/home/zzy/TrajectoryPlanning/distill/data/benchmark/mp/train/sample_005500.npz,mp,multiple_bugtraps,U,mp_multiple_bugtraps,hard,hard,0,mp:train
train,sample_004494.npz,/home/zzy/TrajectoryPlanning/distill/data/benchmark/mp/train/sample_005501.npz,mp,multiple_bugtraps,U,mp_multiple_bugtraps,hard,hard,0,mp:train
train,sample_004495.npz,/home/zzy/TrajectoryPlanning/distill/data/benchmark/mp/train/sample_005503.npz,mp,multiple_bugtraps,U,mp_multiple_bugtraps,hard,hard,0,mp:train
train,sample_004496.npz,/home/zzy/TrajectoryPlanning/distill/data/benchmark/mp/train/sample_005504.npz,mp,multiple_bugtraps,U,mp_multiple_bugtraps,hard,hard,0,mp:train
train,sample_004497.npz,/home/zzy/TrajectoryPlanning/distill/data/benchmark/mp/train/sample_005506.npz,mp,multiple_bugtraps,U,mp_multiple_bugtraps,hard,hard,0,mp:train
train,sample_004498.npz,/home/zzy/TrajectoryPlanning/distill/data/benchmark/mp/train/sample_005507.npz,mp,multiple_bugtraps,U,mp_multiple_bugtraps,hard,hard,0,mp:train
train,sample_004499.npz,/home/zzy/TrajectoryPlanning/distill/data/benchmark/mp/train/sample_005508.npz,mp,multiple_bugtraps,U,mp_multiple_bugtraps,hard,hard,0,mp:train
train,sample_004500.npz,/home/zzy/TrajectoryPlanning/distill/data/benchmark/mp/train/sample_005509.npz,mp,multiple_bugtraps,U,mp_multiple_bugtraps,hard,hard,0,mp:train
train,sample_004501.npz,/home/zzy/TrajectoryPlanning/distill/data/benchmark/mp/train/sample_005510.npz,mp,multiple_bugtraps,U,mp_multiple_bugtraps,hard,hard,0,mp:train
train,sample_004502.npz,/home/zzy/TrajectoryPlanning/distill/data/benchmark/mp/train/sample_005511.npz,mp,multiple_bugtraps,U,mp_multiple_bugtraps,hard,hard,0,mp:train
train,sample_004503.npz,/home/zzy/TrajectoryPlanning/distill/data/benchmark/mp/train/sample_005513.npz,mp,multiple_bugtraps,U,mp_multiple_bugtraps,hard,hard,0,mp:train
train,sample_004504.npz,/home/zzy/TrajectoryPlanning/distill/data/benchmark/mp/train/sample_005514.npz,mp,multiple_bugtraps,U,mp_multiple_bugtraps,hard,hard,0,mp:train
train,sample_004505.npz,/home/zzy/TrajectoryPlanning/distill/data/benchmark/mp/train/sample_005515.npz,mp,multiple_bugtraps,U,mp_multiple_bugtraps,hard,hard,0,mp:train
train,sample_004506.npz,/home/zzy/TrajectoryPlanning/distill/data/benchmark/mp/train/sample_005516.npz,mp,multiple_bugtraps,U,mp_multiple_bugtraps,hard,hard,0,mp:train
train,sample_004507.npz,/home/zzy/TrajectoryPlanning/distill/data/benchmark/mp/train/sample_005517.npz,mp,multiple_bugtraps,U,mp_multiple_bugtraps,hard,hard,0,mp:train
train,sample_004508.npz,/home/zzy/TrajectoryPlanning/distill/data/benchmark/mp/train/sample_005519.npz,mp,multiple_bugtraps,U,mp_multiple_bugtraps,hard,hard,0,mp:train
train,sample_004509.npz,/home/zzy/TrajectoryPlanning/distill/data/benchmark/mp/train/sample_005521.npz,mp,multiple_bugtraps,U,mp_multiple_bugtraps,hard,hard,0,mp:train
train,sample_004510.npz,/home/zzy/TrajectoryPlanning/distill/data/benchmark/mp/train/sample_005522.npz,mp,multiple_bugtraps,U,mp_multiple_bugtraps,hard,hard,0,mp:train
train,sample_004511.npz,/home/zzy/TrajectoryPlanning/distill/data/benchmark/mp/train/sample_005524.npz,mp,multiple_bugtraps,U,mp_multiple_bugtraps,hard,hard,0,mp:train
train,sample_004512.npz,/home/zzy/TrajectoryPlanning/distill/data/benchmark/mp/train/sample_005525.npz,mp,multiple_bugtraps,U,mp_multiple_bugtraps,hard,hard,0,mp:train
train,sample_004513.npz,/home/zzy/TrajectoryPlanning/distill/data/benchmark/mp/train/sample_005527.npz,mp,multiple_bugtraps,U,mp_multiple_bugtraps,hard,hard,0,mp:train
train,sample_004514.npz,/home/zzy/TrajectoryPlanning/distill/data/benchmark/mp/train/sample_005528.npz,mp,multiple_bugtraps,U,mp_multiple_bugtraps,hard,hard,0,mp:train
train,sample_004515.npz,/home/zzy/TrajectoryPlanning/distill/data/benchmark/mp/train/sample_005529.npz,mp,multiple_bugtraps,U,mp_multiple_bugtraps,hard,hard,0,mp:train
train,sample_004516.npz,/home/zzy/TrajectoryPlanning/distill/data/benchmark/mp/train/sample_005530.npz,mp,multiple_bugtraps,U,mp_multiple_bugtraps,hard,hard,0,mp:train
train,sample_004517.npz,/home/zzy/TrajectoryPlanning/distill/data/benchmark/mp/train/sample_005532.npz,mp,multiple_bugtraps,U,mp_multiple_bugtraps,hard,hard,0,mp:train
train,sample_004518.npz,/home/zzy/TrajectoryPlanning/distill/data/benchmark/mp/train/sample_005534.npz,mp,multiple_bugtraps,U,mp_multiple_bugtraps,hard,hard,0,mp:train
train,sample_004519.npz,/home/zzy/TrajectoryPlanning/distill/data/benchmark/mp/train/sample_005536.npz,mp,multiple_bugtraps,U,mp_multiple_bugtraps,hard,hard,0,mp:train
train,sample_004520.npz,/home/zzy/TrajectoryPlanning/distill/data/benchmark/mp/train/sample_005537.npz,mp,multiple_bugtraps,U,mp_multiple_bugtraps,hard,hard,0,mp:train
train,sample_004521.npz,/home/zzy/TrajectoryPlanning/distill/data/benchmark/mp/train/sample_005538.npz,mp,multiple_bugtraps,U,mp_multiple_bugtraps,hard,hard,0,mp:train
train,sample_004522.npz,/home/zzy/TrajectoryPlanning/distill/data/benchmark/mp/train/sample_005539.npz,mp,multiple_bugtraps,U,mp_multiple_bugtraps,hard,hard,0,mp:train
train,sample_004523.npz,/home/zzy/TrajectoryPlanning/distill/data/benchmark/mp/train/sample_005540.npz,mp,multiple_bugtraps,U,mp_multiple_bugtraps,hard,hard,0,mp:train
train,sample_004524.npz,/home/zzy/TrajectoryPlanning/distill/data/benchmark/mp/train/sample_005541.npz,mp,multiple_bugtraps,U,mp_multiple_bugtraps,hard,hard,0,mp:train
train,sample_004525.npz,/home/zzy/TrajectoryPlanning/distill/data/benchmark/mp/train/sample_005542.npz,mp,multiple_bugtraps,U,mp_multiple_bugtraps,hard,hard,0,mp:train
train,sample_004526.npz,/home/zzy/TrajectoryPlanning/distill/data/benchmark/mp/train/sample_005543.npz,mp,multiple_bugtraps,U,mp_multiple_bugtraps,hard,hard,0,mp:train
train,sample_004527.npz,/home/zzy/TrajectoryPlanning/distill/data/benchmark/mp/train/sample_005544.npz,mp,multiple_bugtraps,U,mp_multiple_bugtraps,hard,hard,0,mp:train
train,sample_004528.npz,/home/zzy/TrajectoryPlanning/distill/data/benchmark/mp/train/sample_005545.npz,mp,multiple_bugtraps,U,mp_multiple_bugtraps,hard,hard,0,mp:train
train,sample_004529.npz,/home/zzy/TrajectoryPlanning/distill/data/benchmark/mp/train/sample_005546.npz,mp,multiple_bugtraps,U,mp_multiple_bugtraps,hard,hard,0,mp:train
train,sample_004530.npz,/home/zzy/TrajectoryPlanning/distill/data/benchmark/mp/train/sample_005548.npz,mp,multiple_bugtraps,U,mp_multiple_bugtraps,hard,hard,0,mp:train
train,sample_004531.npz,/home/zzy/TrajectoryPlanning/distill/data/benchmark/mp/train/sample_005550.npz,mp,multiple_bugtraps,U,mp_multiple_bugtraps,hard,hard,0,mp:train
train,sample_004532.npz,/home/zzy/TrajectoryPlanning/distill/data/benchmark/mp/train/sample_005551.npz,mp,multiple_bugtraps,U,mp_multiple_bugtraps,hard,hard,0,mp:train
train,sample_004533.npz,/home/zzy/TrajectoryPlanning/distill/data/benchmark/mp/train/sample_005552.npz,mp,multiple_bugtraps,U,mp_multiple_bugtraps,hard,hard,0,mp:train
train,sample_004534.npz,/home/zzy/TrajectoryPlanning/distill/data/benchmark/mp/train/sample_005553.npz,mp,multiple_bugtraps,U,mp_multiple_bugtraps,hard,hard,0,mp:train
train,sample_004535.npz,/home/zzy/TrajectoryPlanning/distill/data/benchmark/mp/train/sample_005554.npz,mp,multiple_bugtraps,U,mp_multiple_bugtraps,hard,hard,0,mp:train
train,sample_004536.npz,/home/zzy/TrajectoryPlanning/distill/data/benchmark/mp/train/sample_005555.npz,mp,multiple_bugtraps,U,mp_multiple_bugtraps,hard,hard,0,mp:train
train,sample_004537.npz,/home/zzy/TrajectoryPlanning/distill/data/benchmark/mp/train/sample_005556.npz,mp,multiple_bugtraps,U,mp_multiple_bugtraps,hard,hard,0,mp:train
train,sample_004538.npz,/home/zzy/TrajectoryPlanning/distill/data/benchmark/mp/train/sample_005557.npz,mp,multiple_bugtraps,U,mp_multiple_bugtraps,hard,hard,0,mp:train
train,sample_004539.npz,/home/zzy/TrajectoryPlanning/distill/data/benchmark/mp/train/sample_005562.npz,mp,multiple_bugtraps,U,mp_multiple_bugtraps,hard,hard,0,mp:train
train,sample_004540.npz,/home/zzy/TrajectoryPlanning/distill/data/benchmark/mp/train/sample_005563.npz,mp,multiple_bugtraps,U,mp_multiple_bugtraps,hard,hard,0,mp:train
train,sample_004541.npz,/home/zzy/TrajectoryPlanning/distill/data/benchmark/mp/train/sample_005564.npz,mp,multiple_bugtraps,U,mp_multiple_bugtraps,hard,hard,0,mp:train
train,sample_004542.npz,/home/zzy/TrajectoryPlanning/distill/data/benchmark/mp/train/sample_005566.npz,mp,multiple_bugtraps,U,mp_multiple_bugtraps,hard,hard,0,mp:train
train,sample_004543.npz,/home/zzy/TrajectoryPlanning/distill/data/benchmark/mp/train/sample_005567.npz,mp,multiple_bugtraps,U,mp_multiple_bugtraps,hard,hard,0,mp:train
train,sample_004544.npz,/home/zzy/TrajectoryPlanning/distill/data/benchmark/mp/train/sample_005569.npz,mp,multiple_bugtraps,U,mp_multiple_bugtraps,hard,hard,0,mp:train
train,sample_004545.npz,/home/zzy/TrajectoryPlanning/distill/data/benchmark/mp/train/sample_005570.npz,mp,multiple_bugtraps,U,mp_multiple_bugtraps,hard,hard,0,mp:train
train,sample_004546.npz,/home/zzy/TrajectoryPlanning/distill/data/benchmark/mp/train/sample_005571.npz,mp,multiple_bugtraps,U,mp_multiple_bugtraps,hard,hard,0,mp:train
train,sample_004547.npz,/home/zzy/TrajectoryPlanning/distill/data/benchmark/mp/train/sample_005572.npz,mp,multiple_bugtraps,U,mp_multiple_bugtraps,hard,hard,0,mp:train
train,sample_004548.npz,/home/zzy/TrajectoryPlanning/distill/data/benchmark/mp/train/sample_005574.npz,mp,multiple_bugtraps,U,mp_multiple_bugtraps,hard,hard,0,mp:train
train,sample_004549.npz,/home/zzy/TrajectoryPlanning/distill/data/benchmark/mp/train/sample_005575.npz,mp,multiple_bugtraps,U,mp_multiple_bugtraps,hard,hard,0,mp:train
train,sample_004550.npz,/home/zzy/TrajectoryPlanning/distill/data/benchmark/mp/train/sample_005576.npz,mp,multiple_bugtraps,U,mp_multiple_bugtraps,hard,hard,0,mp:train
train,sample_004551.npz,/home/zzy/TrajectoryPlanning/distill/data/benchmark/mp/train/sample_005577.npz,mp,multiple_bugtraps,U,mp_multiple_bugtraps,hard,hard,0,mp:train
train,sample_004552.npz,/home/zzy/TrajectoryPlanning/distill/data/benchmark/mp/train/sample_005578.npz,mp,multiple_bugtraps,U,mp_multiple_bugtraps,hard,hard,0,mp:train
train,sample_004553.npz,/home/zzy/TrajectoryPlanning/distill/data/benchmark/mp/train/sample_005579.npz,mp,multiple_bugtraps,U,mp_multiple_bugtraps,hard,hard,0,mp:train
train,sample_004554.npz,/home/zzy/TrajectoryPlanning/distill/data/benchmark/mp/train/sample_005581.npz,mp,multiple_bugtraps,U,mp_multiple_bugtraps,hard,hard,0,mp:train
train,sample_004555.npz,/home/zzy/TrajectoryPlanning/distill/data/benchmark/mp/train/sample_005583.npz,mp,multiple_bugtraps,U,mp_multiple_bugtraps,hard,hard,0,mp:train
train,sample_004556.npz,/home/zzy/TrajectoryPlanning/distill/data/benchmark/mp/train/sample_005584.npz,mp,multiple_bugtraps,U,mp_multiple_bugtraps,hard,hard,0,mp:train
train,sample_004557.npz,/home/zzy/TrajectoryPlanning/distill/data/benchmark/mp/train/sample_005585.npz,mp,multiple_bugtraps,U,mp_multiple_bugtraps,hard,hard,0,mp:train
train,sample_004558.npz,/home/zzy/TrajectoryPlanning/distill/data/benchmark/mp/train/sample_005586.npz,mp,multiple_bugtraps,U,mp_multiple_bugtraps,hard,hard,0,mp:train
train,sample_004559.npz,/home/zzy/TrajectoryPlanning/distill/data/benchmark/mp/train/sample_005587.npz,mp,multiple_bugtraps,U,mp_multiple_bugtraps,hard,hard,0,mp:train
train,sample_004560.npz,/home/zzy/TrajectoryPlanning/distill/data/benchmark/mp/train/sample_005588.npz,mp,multiple_bugtraps,U,mp_multiple_bugtraps,hard,hard,0,mp:train
train,sample_004561.npz,/home/zzy/TrajectoryPlanning/distill/data/benchmark/mp/train/sample_005589.npz,mp,multiple_bugtraps,U,mp_multiple_bugtraps,hard,hard,0,mp:train
train,sample_004562.npz,/home/zzy/TrajectoryPlanning/distill/data/benchmark/mp/train/sample_005590.npz,mp,multiple_bugtraps,U,mp_multiple_bugtraps,hard,hard,0,mp:train
train,sample_004563.npz,/home/zzy/TrajectoryPlanning/distill/data/benchmark/mp/train/sample_005591.npz,mp,multiple_bugtraps,U,mp_multiple_bugtraps,hard,hard,0,mp:train
train,sample_004564.npz,/home/zzy/TrajectoryPlanning/distill/data/benchmark/mp/train/sample_005592.npz,mp,multiple_bugtraps,U,mp_multiple_bugtraps,hard,hard,0,mp:train
train,sample_004565.npz,/home/zzy/TrajectoryPlanning/distill/data/benchmark/mp/train/sample_005593.npz,mp,multiple_bugtraps,U,mp_multiple_bugtraps,hard,hard,0,mp:train
train,sample_004566.npz,/home/zzy/TrajectoryPlanning/distill/data/benchmark/mp/train/sample_005594.npz,mp,multiple_bugtraps,U,mp_multiple_bugtraps,hard,hard,0,mp:train
train,sample_004567.npz,/home/zzy/TrajectoryPlanning/distill/data/benchmark/mp/train/sample_005596.npz,mp,multiple_bugtraps,U,mp_multiple_bugtraps,hard,hard,0,mp:train
train,sample_004568.npz,/home/zzy/TrajectoryPlanning/distill/data/benchmark/mp/train/sample_005598.npz,mp,multiple_bugtraps,U,mp_multiple_bugtraps,hard,hard,0,mp:train
train,sample_004569.npz,/home/zzy/TrajectoryPlanning/distill/data/benchmark/mp/train/sample_005599.npz,mp,multiple_bugtraps,U,mp_multiple_bugtraps,hard,hard,0,mp:train
train,sample_004570.npz,/home/zzy/TrajectoryPlanning/distill/data/benchmark/mp/test/sample_000301.npz,mp,shifting_gaps,U,mp_shifting_gaps,medium,medium,0,mp:test
train,sample_004571.npz,/home/zzy/TrajectoryPlanning/distill/data/benchmark/mp/test/sample_000302.npz,mp,shifting_gaps,U,mp_shifting_gaps,medium,medium,0,mp:test
train,sample_004572.npz,/home/zzy/TrajectoryPlanning/distill/data/benchmark/mp/test/sample_000304.npz,mp,shifting_gaps,U,mp_shifting_gaps,medium,medium,0,mp:test
train,sample_004573.npz,/home/zzy/TrajectoryPlanning/distill/data/benchmark/mp/test/sample_000305.npz,mp,shifting_gaps,U,mp_shifting_gaps,medium,medium,0,mp:test
train,sample_004574.npz,/home/zzy/TrajectoryPlanning/distill/data/benchmark/mp/test/sample_000307.npz,mp,shifting_gaps,U,mp_shifting_gaps,medium,medium,0,mp:test
train,sample_004575.npz,/home/zzy/TrajectoryPlanning/distill/data/benchmark/mp/test/sample_000308.npz,mp,shifting_gaps,U,mp_shifting_gaps,medium,medium,0,mp:test
train,sample_004576.npz,/home/zzy/TrajectoryPlanning/distill/data/benchmark/mp/test/sample_000309.npz,mp,shifting_gaps,U,mp_shifting_gaps,medium,medium,0,mp:test
train,sample_004577.npz,/home/zzy/TrajectoryPlanning/distill/data/benchmark/mp/test/sample_000310.npz,mp,shifting_gaps,U,mp_shifting_gaps,medium,medium,0,mp:test
train,sample_004578.npz,/home/zzy/TrajectoryPlanning/distill/data/benchmark/mp/test/sample_000311.npz,mp,shifting_gaps,U,mp_shifting_gaps,medium,medium,0,mp:test
train,sample_004579.npz,/home/zzy/TrajectoryPlanning/distill/data/benchmark/mp/test/sample_000313.npz,mp,shifting_gaps,U,mp_shifting_gaps,medium,medium,0,mp:test
train,sample_004580.npz,/home/zzy/TrajectoryPlanning/distill/data/benchmark/mp/test/sample_000314.npz,mp,shifting_gaps,U,mp_shifting_gaps,medium,medium,0,mp:test
train,sample_004581.npz,/home/zzy/TrajectoryPlanning/distill/data/benchmark/mp/test/sample_000315.npz,mp,shifting_gaps,U,mp_shifting_gaps,medium,medium,0,mp:test
train,sample_004582.npz,/home/zzy/TrajectoryPlanning/distill/data/benchmark/mp/test/sample_000317.npz,mp,shifting_gaps,U,mp_shifting_gaps,medium,medium,0,mp:test
train,sample_004583.npz,/home/zzy/TrajectoryPlanning/distill/data/benchmark/mp/test/sample_000318.npz,mp,shifting_gaps,U,mp_shifting_gaps,medium,medium,0,mp:test
train,sample_004584.npz,/home/zzy/TrajectoryPlanning/distill/data/benchmark/mp/test/sample_000320.npz,mp,shifting_gaps,U,mp_shifting_gaps,medium,medium,0,mp:test
train,sample_004585.npz,/home/zzy/TrajectoryPlanning/distill/data/benchmark/mp/test/sample_000322.npz,mp,shifting_gaps,U,mp_shifting_gaps,medium,medium,0,mp:test
train,sample_004586.npz,/home/zzy/TrajectoryPlanning/distill/data/benchmark/mp/test/sample_000323.npz,mp,shifting_gaps,U,mp_shifting_gaps,medium,medium,0,mp:test
train,sample_004587.npz,/home/zzy/TrajectoryPlanning/distill/data/benchmark/mp/test/sample_000324.npz,mp,shifting_gaps,U,mp_shifting_gaps,medium,medium,0,mp:test
train,sample_004588.npz,/home/zzy/TrajectoryPlanning/distill/data/benchmark/mp/test/sample_000325.npz,mp,shifting_gaps,U,mp_shifting_gaps,medium,medium,0,mp:test
train,sample_004589.npz,/home/zzy/TrajectoryPlanning/distill/data/benchmark/mp/test/sample_000326.npz,mp,shifting_gaps,U,mp_shifting_gaps,medium,medium,0,mp:test
train,sample_004590.npz,/home/zzy/TrajectoryPlanning/distill/data/benchmark/mp/test/sample_000327.npz,mp,shifting_gaps,U,mp_shifting_gaps,medium,medium,0,mp:test
train,sample_004591.npz,/home/zzy/TrajectoryPlanning/distill/data/benchmark/mp/test/sample_000329.npz,mp,shifting_gaps,U,mp_shifting_gaps,medium,medium,0,mp:test
train,sample_004592.npz,/home/zzy/TrajectoryPlanning/distill/data/benchmark/mp/test/sample_000330.npz,mp,shifting_gaps,U,mp_shifting_gaps,medium,medium,0,mp:test
train,sample_004593.npz,/home/zzy/TrajectoryPlanning/distill/data/benchmark/mp/test/sample_000331.npz,mp,shifting_gaps,U,mp_shifting_gaps,medium,medium,0,mp:test
train,sample_004594.npz,/home/zzy/TrajectoryPlanning/distill/data/benchmark/mp/test/sample_000332.npz,mp,shifting_gaps,U,mp_shifting_gaps,medium,medium,0,mp:test
train,sample_004595.npz,/home/zzy/TrajectoryPlanning/distill/data/benchmark/mp/test/sample_000333.npz,mp,shifting_gaps,U,mp_shifting_gaps,medium,medium,0,mp:test
train,sample_004596.npz,/home/zzy/TrajectoryPlanning/distill/data/benchmark/mp/test/sample_000334.npz,mp,shifting_gaps,U,mp_shifting_gaps,medium,medium,0,mp:test
train,sample_004597.npz,/home/zzy/TrajectoryPlanning/distill/data/benchmark/mp/test/sample_000335.npz,mp,shifting_gaps,U,mp_shifting_gaps,medium,medium,0,mp:test
train,sample_004598.npz,/home/zzy/TrajectoryPlanning/distill/data/benchmark/mp/test/sample_000336.npz,mp,shifting_gaps,U,mp_shifting_gaps,medium,medium,0,mp:test
train,sample_004599.npz,/home/zzy/TrajectoryPlanning/distill/data/benchmark/mp/test/sample_000337.npz,mp,shifting_gaps,U,mp_shifting_gaps,medium,medium,0,mp:test
train,sample_004600.npz,/home/zzy/TrajectoryPlanning/distill/data/benchmark/mp/test/sample_000338.npz,mp,shifting_gaps,U,mp_shifting_gaps,medium,medium,0,mp:test
train,sample_004601.npz,/home/zzy/TrajectoryPlanning/distill/data/benchmark/mp/test/sample_000339.npz,mp,shifting_gaps,U,mp_shifting_gaps,medium,medium,0,mp:test
train,sample_004602.npz,/home/zzy/TrajectoryPlanning/distill/data/benchmark/mp/test/sample_000340.npz,mp,shifting_gaps,U,mp_shifting_gaps,medium,medium,0,mp:test
train,sample_004603.npz,/home/zzy/TrajectoryPlanning/distill/data/benchmark/mp/test/sample_000343.npz,mp,shifting_gaps,U,mp_shifting_gaps,medium,medium,0,mp:test
train,sample_004604.npz,/home/zzy/TrajectoryPlanning/distill/data/benchmark/mp/test/sample_000344.npz,mp,shifting_gaps,U,mp_shifting_gaps,medium,medium,0,mp:test
train,sample_004605.npz,/home/zzy/TrajectoryPlanning/distill/data/benchmark/mp/test/sample_000346.npz,mp,shifting_gaps,U,mp_shifting_gaps,medium,medium,0,mp:test
train,sample_004606.npz,/home/zzy/TrajectoryPlanning/distill/data/benchmark/mp/test/sample_000347.npz,mp,shifting_gaps,U,mp_shifting_gaps,medium,medium,0,mp:test
train,sample_004607.npz,/home/zzy/TrajectoryPlanning/distill/data/benchmark/mp/test/sample_000348.npz,mp,shifting_gaps,U,mp_shifting_gaps,medium,medium,0,mp:test
train,sample_004608.npz,/home/zzy/TrajectoryPlanning/distill/data/benchmark/mp/test/sample_000349.npz,mp,shifting_gaps,U,mp_shifting_gaps,medium,medium,0,mp:test
train,sample_004609.npz,/home/zzy/TrajectoryPlanning/distill/data/benchmark/mp/test/sample_000350.npz,mp,shifting_gaps,U,mp_shifting_gaps,medium,medium,0,mp:test
train,sample_004610.npz,/home/zzy/TrajectoryPlanning/distill/data/benchmark/mp/test/sample_000352.npz,mp,shifting_gaps,U,mp_shifting_gaps,medium,medium,0,mp:test
train,sample_004611.npz,/home/zzy/TrajectoryPlanning/distill/data/benchmark/mp/test/sample_000354.npz,mp,shifting_gaps,U,mp_shifting_gaps,medium,medium,0,mp:test
train,sample_004612.npz,/home/zzy/TrajectoryPlanning/distill/data/benchmark/mp/test/sample_000357.npz,mp,shifting_gaps,U,mp_shifting_gaps,medium,medium,0,mp:test
train,sample_004613.npz,/home/zzy/TrajectoryPlanning/distill/data/benchmark/mp/test/sample_000358.npz,mp,shifting_gaps,U,mp_shifting_gaps,medium,medium,0,mp:test
train,sample_004614.npz,/home/zzy/TrajectoryPlanning/distill/data/benchmark/mp/test/sample_000359.npz,mp,shifting_gaps,U,mp_shifting_gaps,medium,medium,0,mp:test
train,sample_004615.npz,/home/zzy/TrajectoryPlanning/distill/data/benchmark/mp/test/sample_000360.npz,mp,shifting_gaps,U,mp_shifting_gaps,medium,medium,0,mp:test
train,sample_004616.npz,/home/zzy/TrajectoryPlanning/distill/data/benchmark/mp/test/sample_000361.npz,mp,shifting_gaps,U,mp_shifting_gaps,medium,medium,0,mp:test
train,sample_004617.npz,/home/zzy/TrajectoryPlanning/distill/data/benchmark/mp/test/sample_000362.npz,mp,shifting_gaps,U,mp_shifting_gaps,medium,medium,0,mp:test
train,sample_004618.npz,/home/zzy/TrajectoryPlanning/distill/data/benchmark/mp/test/sample_000363.npz,mp,shifting_gaps,U,mp_shifting_gaps,medium,medium,0,mp:test
train,sample_004619.npz,/home/zzy/TrajectoryPlanning/distill/data/benchmark/mp/test/sample_000364.npz,mp,shifting_gaps,U,mp_shifting_gaps,medium,medium,0,mp:test
train,sample_004620.npz,/home/zzy/TrajectoryPlanning/distill/data/benchmark/mp/test/sample_000365.npz,mp,shifting_gaps,U,mp_shifting_gaps,medium,medium,0,mp:test
train,sample_004621.npz,/home/zzy/TrajectoryPlanning/distill/data/benchmark/mp/test/sample_000367.npz,mp,shifting_gaps,U,mp_shifting_gaps,medium,medium,0,mp:test
train,sample_004622.npz,/home/zzy/TrajectoryPlanning/distill/data/benchmark/mp/test/sample_000368.npz,mp,shifting_gaps,U,mp_shifting_gaps,medium,medium,0,mp:test
train,sample_004623.npz,/home/zzy/TrajectoryPlanning/distill/data/benchmark/mp/test/sample_000369.npz,mp,shifting_gaps,U,mp_shifting_gaps,medium,medium,0,mp:test
train,sample_004624.npz,/home/zzy/TrajectoryPlanning/distill/data/benchmark/mp/test/sample_000370.npz,mp,shifting_gaps,U,mp_shifting_gaps,medium,medium,0,mp:test
train,sample_004625.npz,/home/zzy/TrajectoryPlanning/distill/data/benchmark/mp/test/sample_000371.npz,mp,shifting_gaps,U,mp_shifting_gaps,medium,medium,0,mp:test
train,sample_004626.npz,/home/zzy/TrajectoryPlanning/distill/data/benchmark/mp/test/sample_000372.npz,mp,shifting_gaps,U,mp_shifting_gaps,medium,medium,0,mp:test
train,sample_004627.npz,/home/zzy/TrajectoryPlanning/distill/data/benchmark/mp/test/sample_000373.npz,mp,shifting_gaps,U,mp_shifting_gaps,medium,medium,0,mp:test
train,sample_004628.npz,/home/zzy/TrajectoryPlanning/distill/data/benchmark/mp/test/sample_000374.npz,mp,shifting_gaps,U,mp_shifting_gaps,medium,medium,0,mp:test
train,sample_004629.npz,/home/zzy/TrajectoryPlanning/distill/data/benchmark/mp/test/sample_000375.npz,mp,shifting_gaps,U,mp_shifting_gaps,medium,medium,0,mp:test
train,sample_004630.npz,/home/zzy/TrajectoryPlanning/distill/data/benchmark/mp/test/sample_000376.npz,mp,shifting_gaps,U,mp_shifting_gaps,medium,medium,0,mp:test
train,sample_004631.npz,/home/zzy/TrajectoryPlanning/distill/data/benchmark/mp/test/sample_000379.npz,mp,shifting_gaps,U,mp_shifting_gaps,medium,medium,0,mp:test
train,sample_004632.npz,/home/zzy/TrajectoryPlanning/distill/data/benchmark/mp/test/sample_000381.npz,mp,shifting_gaps,U,mp_shifting_gaps,medium,medium,0,mp:test
train,sample_004633.npz,/home/zzy/TrajectoryPlanning/distill/data/benchmark/mp/test/sample_000382.npz,mp,shifting_gaps,U,mp_shifting_gaps,medium,medium,0,mp:test
train,sample_004634.npz,/home/zzy/TrajectoryPlanning/distill/data/benchmark/mp/test/sample_000383.npz,mp,shifting_gaps,U,mp_shifting_gaps,medium,medium,0,mp:test
train,sample_004635.npz,/home/zzy/TrajectoryPlanning/distill/data/benchmark/mp/test/sample_000384.npz,mp,shifting_gaps,U,mp_shifting_gaps,medium,medium,0,mp:test
train,sample_004636.npz,/home/zzy/TrajectoryPlanning/distill/data/benchmark/mp/test/sample_000385.npz,mp,shifting_gaps,U,mp_shifting_gaps,medium,medium,0,mp:test
train,sample_004637.npz,/home/zzy/TrajectoryPlanning/distill/data/benchmark/mp/test/sample_000386.npz,mp,shifting_gaps,U,mp_shifting_gaps,medium,medium,0,mp:test
train,sample_004638.npz,/home/zzy/TrajectoryPlanning/distill/data/benchmark/mp/test/sample_000387.npz,mp,shifting_gaps,U,mp_shifting_gaps,medium,medium,0,mp:test
train,sample_004639.npz,/home/zzy/TrajectoryPlanning/distill/data/benchmark/mp/test/sample_000388.npz,mp,shifting_gaps,U,mp_shifting_gaps,medium,medium,0,mp:test
train,sample_004640.npz,/home/zzy/TrajectoryPlanning/distill/data/benchmark/mp/test/sample_000389.npz,mp,shifting_gaps,U,mp_shifting_gaps,medium,medium,0,mp:test
train,sample_004641.npz,/home/zzy/TrajectoryPlanning/distill/data/benchmark/mp/test/sample_000390.npz,mp,shifting_gaps,U,mp_shifting_gaps,medium,medium,0,mp:test
train,sample_004642.npz,/home/zzy/TrajectoryPlanning/distill/data/benchmark/mp/test/sample_000391.npz,mp,shifting_gaps,U,mp_shifting_gaps,medium,medium,0,mp:test
train,sample_004643.npz,/home/zzy/TrajectoryPlanning/distill/data/benchmark/mp/test/sample_000393.npz,mp,shifting_gaps,U,mp_shifting_gaps,medium,medium,0,mp:test
train,sample_004644.npz,/home/zzy/TrajectoryPlanning/distill/data/benchmark/mp/test/sample_000395.npz,mp,shifting_gaps,U,mp_shifting_gaps,medium,medium,0,mp:test
train,sample_004645.npz,/home/zzy/TrajectoryPlanning/distill/data/benchmark/mp/test/sample_000396.npz,mp,shifting_gaps,U,mp_shifting_gaps,medium,medium,0,mp:test
train,sample_004646.npz,/home/zzy/TrajectoryPlanning/distill/data/benchmark/mp/test/sample_000397.npz,mp,shifting_gaps,U,mp_shifting_gaps,medium,medium,0,mp:test
train,sample_004647.npz,/home/zzy/TrajectoryPlanning/distill/data/benchmark/mp/test/sample_000399.npz,mp,shifting_gaps,U,mp_shifting_gaps,medium,medium,0,mp:test
train,sample_004648.npz,/home/zzy/TrajectoryPlanning/distill/data/benchmark/mp/train/sample_002400.npz,mp,shifting_gaps,U,mp_shifting_gaps,medium,medium,0,mp:train
train,sample_004649.npz,/home/zzy/TrajectoryPlanning/distill/data/benchmark/mp/train/sample_002402.npz,mp,shifting_gaps,U,mp_shifting_gaps,medium,medium,0,mp:train
train,sample_004650.npz,/home/zzy/TrajectoryPlanning/distill/data/benchmark/mp/train/sample_002403.npz,mp,shifting_gaps,U,mp_shifting_gaps,medium,medium,0,mp:train
train,sample_004651.npz,/home/zzy/TrajectoryPlanning/distill/data/benchmark/mp/train/sample_002404.npz,mp,shifting_gaps,U,mp_shifting_gaps,medium,medium,0,mp:train
train,sample_004652.npz,/home/zzy/TrajectoryPlanning/distill/data/benchmark/mp/train/sample_002406.npz,mp,shifting_gaps,U,mp_shifting_gaps,medium,medium,0,mp:train
train,sample_004653.npz,/home/zzy/TrajectoryPlanning/distill/data/benchmark/mp/train/sample_002407.npz,mp,shifting_gaps,U,mp_shifting_gaps,medium,medium,0,mp:train
train,sample_004654.npz,/home/zzy/TrajectoryPlanning/distill/data/benchmark/mp/train/sample_002408.npz,mp,shifting_gaps,U,mp_shifting_gaps,medium,medium,0,mp:train
train,sample_004655.npz,/home/zzy/TrajectoryPlanning/distill/data/benchmark/mp/train/sample_002409.npz,mp,shifting_gaps,U,mp_shifting_gaps,medium,medium,0,mp:train
train,sample_004656.npz,/home/zzy/TrajectoryPlanning/distill/data/benchmark/mp/train/sample_002412.npz,mp,shifting_gaps,U,mp_shifting_gaps,medium,medium,0,mp:train
train,sample_004657.npz,/home/zzy/TrajectoryPlanning/distill/data/benchmark/mp/train/sample_002414.npz,mp,shifting_gaps,U,mp_shifting_gaps,medium,medium,0,mp:train
train,sample_004658.npz,/home/zzy/TrajectoryPlanning/distill/data/benchmark/mp/train/sample_002415.npz,mp,shifting_gaps,U,mp_shifting_gaps,medium,medium,0,mp:train
train,sample_004659.npz,/home/zzy/TrajectoryPlanning/distill/data/benchmark/mp/train/sample_002417.npz,mp,shifting_gaps,U,mp_shifting_gaps,medium,medium,0,mp:train
train,sample_004660.npz,/home/zzy/TrajectoryPlanning/distill/data/benchmark/mp/train/sample_002419.npz,mp,shifting_gaps,U,mp_shifting_gaps,medium,medium,0,mp:train
train,sample_004661.npz,/home/zzy/TrajectoryPlanning/distill/data/benchmark/mp/train/sample_002420.npz,mp,shifting_gaps,U,mp_shifting_gaps,medium,medium,0,mp:train
train,sample_004662.npz,/home/zzy/TrajectoryPlanning/distill/data/benchmark/mp/train/sample_002421.npz,mp,shifting_gaps,U,mp_shifting_gaps,medium,medium,0,mp:train
train,sample_004663.npz,/home/zzy/TrajectoryPlanning/distill/data/benchmark/mp/train/sample_002422.npz,mp,shifting_gaps,U,mp_shifting_gaps,medium,medium,0,mp:train
train,sample_004664.npz,/home/zzy/TrajectoryPlanning/distill/data/benchmark/mp/train/sample_002423.npz,mp,shifting_gaps,U,mp_shifting_gaps,medium,medium,0,mp:train
train,sample_004665.npz,/home/zzy/TrajectoryPlanning/distill/data/benchmark/mp/train/sample_002424.npz,mp,shifting_gaps,U,mp_shifting_gaps,medium,medium,0,mp:train
train,sample_004666.npz,/home/zzy/TrajectoryPlanning/distill/data/benchmark/mp/train/sample_002425.npz,mp,shifting_gaps,U,mp_shifting_gaps,medium,medium,0,mp:train
train,sample_004667.npz,/home/zzy/TrajectoryPlanning/distill/data/benchmark/mp/train/sample_002427.npz,mp,shifting_gaps,U,mp_shifting_gaps,medium,medium,0,mp:train
train,sample_004668.npz,/home/zzy/TrajectoryPlanning/distill/data/benchmark/mp/train/sample_002428.npz,mp,shifting_gaps,U,mp_shifting_gaps,medium,medium,0,mp:train
train,sample_004669.npz,/home/zzy/TrajectoryPlanning/distill/data/benchmark/mp/train/sample_002429.npz,mp,shifting_gaps,U,mp_shifting_gaps,medium,medium,0,mp:train
train,sample_004670.npz,/home/zzy/TrajectoryPlanning/distill/data/benchmark/mp/train/sample_002432.npz,mp,shifting_gaps,U,mp_shifting_gaps,medium,medium,0,mp:train
train,sample_004671.npz,/home/zzy/TrajectoryPlanning/distill/data/benchmark/mp/train/sample_002433.npz,mp,shifting_gaps,U,mp_shifting_gaps,medium,medium,0,mp:train
train,sample_004672.npz,/home/zzy/TrajectoryPlanning/distill/data/benchmark/mp/train/sample_002434.npz,mp,shifting_gaps,U,mp_shifting_gaps,medium,medium,0,mp:train
train,sample_004673.npz,/home/zzy/TrajectoryPlanning/distill/data/benchmark/mp/train/sample_002436.npz,mp,shifting_gaps,U,mp_shifting_gaps,medium,medium,0,mp:train
train,sample_004674.npz,/home/zzy/TrajectoryPlanning/distill/data/benchmark/mp/train/sample_002437.npz,mp,shifting_gaps,U,mp_shifting_gaps,medium,medium,0,mp:train
train,sample_004675.npz,/home/zzy/TrajectoryPlanning/distill/data/benchmark/mp/train/sample_002438.npz,mp,shifting_gaps,U,mp_shifting_gaps,medium,medium,0,mp:train
train,sample_004676.npz,/home/zzy/TrajectoryPlanning/distill/data/benchmark/mp/train/sample_002439.npz,mp,shifting_gaps,U,mp_shifting_gaps,medium,medium,0,mp:train
train,sample_004677.npz,/home/zzy/TrajectoryPlanning/distill/data/benchmark/mp/train/sample_002440.npz,mp,shifting_gaps,U,mp_shifting_gaps,medium,medium,0,mp:train
train,sample_004678.npz,/home/zzy/TrajectoryPlanning/distill/data/benchmark/mp/train/sample_002441.npz,mp,shifting_gaps,U,mp_shifting_gaps,medium,medium,0,mp:train
train,sample_004679.npz,/home/zzy/TrajectoryPlanning/distill/data/benchmark/mp/train/sample_002442.npz,mp,shifting_gaps,U,mp_shifting_gaps,medium,medium,0,mp:train
train,sample_004680.npz,/home/zzy/TrajectoryPlanning/distill/data/benchmark/mp/train/sample_002443.npz,mp,shifting_gaps,U,mp_shifting_gaps,medium,medium,0,mp:train
train,sample_004681.npz,/home/zzy/TrajectoryPlanning/distill/data/benchmark/mp/train/sample_002444.npz,mp,shifting_gaps,U,mp_shifting_gaps,medium,medium,0,mp:train
train,sample_004682.npz,/home/zzy/TrajectoryPlanning/distill/data/benchmark/mp/train/sample_002445.npz,mp,shifting_gaps,U,mp_shifting_gaps,medium,medium,0,mp:train
train,sample_004683.npz,/home/zzy/TrajectoryPlanning/distill/data/benchmark/mp/train/sample_002446.npz,mp,shifting_gaps,U,mp_shifting_gaps,medium,medium,0,mp:train
train,sample_004684.npz,/home/zzy/TrajectoryPlanning/distill/data/benchmark/mp/train/sample_002449.npz,mp,shifting_gaps,U,mp_shifting_gaps,medium,medium,0,mp:train
train,sample_004685.npz,/home/zzy/TrajectoryPlanning/distill/data/benchmark/mp/train/sample_002450.npz,mp,shifting_gaps,U,mp_shifting_gaps,medium,medium,0,mp:train
train,sample_004686.npz,/home/zzy/TrajectoryPlanning/distill/data/benchmark/mp/train/sample_002451.npz,mp,shifting_gaps,U,mp_shifting_gaps,medium,medium,0,mp:train
train,sample_004687.npz,/home/zzy/TrajectoryPlanning/distill/data/benchmark/mp/train/sample_002452.npz,mp,shifting_gaps,U,mp_shifting_gaps,medium,medium,0,mp:train
train,sample_004688.npz,/home/zzy/TrajectoryPlanning/distill/data/benchmark/mp/train/sample_002453.npz,mp,shifting_gaps,U,mp_shifting_gaps,medium,medium,0,mp:train
train,sample_004689.npz,/home/zzy/TrajectoryPlanning/distill/data/benchmark/mp/train/sample_002454.npz,mp,shifting_gaps,U,mp_shifting_gaps,medium,medium,0,mp:train
train,sample_004690.npz,/home/zzy/TrajectoryPlanning/distill/data/benchmark/mp/train/sample_002455.npz,mp,shifting_gaps,U,mp_shifting_gaps,medium,medium,0,mp:train
train,sample_004691.npz,/home/zzy/TrajectoryPlanning/distill/data/benchmark/mp/train/sample_002456.npz,mp,shifting_gaps,U,mp_shifting_gaps,medium,medium,0,mp:train
train,sample_004692.npz,/home/zzy/TrajectoryPlanning/distill/data/benchmark/mp/train/sample_002457.npz,mp,shifting_gaps,U,mp_shifting_gaps,medium,medium,0,mp:train
train,sample_004693.npz,/home/zzy/TrajectoryPlanning/distill/data/benchmark/mp/train/sample_002458.npz,mp,shifting_gaps,U,mp_shifting_gaps,medium,medium,0,mp:train
train,sample_004694.npz,/home/zzy/TrajectoryPlanning/distill/data/benchmark/mp/train/sample_002461.npz,mp,shifting_gaps,U,mp_shifting_gaps,medium,medium,0,mp:train
train,sample_004695.npz,/home/zzy/TrajectoryPlanning/distill/data/benchmark/mp/train/sample_002462.npz,mp,shifting_gaps,U,mp_shifting_gaps,medium,medium,0,mp:train
train,sample_004696.npz,/home/zzy/TrajectoryPlanning/distill/data/benchmark/mp/train/sample_002463.npz,mp,shifting_gaps,U,mp_shifting_gaps,medium,medium,0,mp:train
train,sample_004697.npz,/home/zzy/TrajectoryPlanning/distill/data/benchmark/mp/train/sample_002464.npz,mp,shifting_gaps,U,mp_shifting_gaps,medium,medium,0,mp:train
train,sample_004698.npz,/home/zzy/TrajectoryPlanning/distill/data/benchmark/mp/train/sample_002467.npz,mp,shifting_gaps,U,mp_shifting_gaps,medium,medium,0,mp:train
train,sample_004699.npz,/home/zzy/TrajectoryPlanning/distill/data/benchmark/mp/train/sample_002468.npz,mp,shifting_gaps,U,mp_shifting_gaps,medium,medium,0,mp:train
train,sample_004700.npz,/home/zzy/TrajectoryPlanning/distill/data/benchmark/mp/train/sample_002469.npz,mp,shifting_gaps,U,mp_shifting_gaps,medium,medium,0,mp:train
train,sample_004701.npz,/home/zzy/TrajectoryPlanning/distill/data/benchmark/mp/train/sample_002470.npz,mp,shifting_gaps,U,mp_shifting_gaps,medium,medium,0,mp:train
train,sample_004702.npz,/home/zzy/TrajectoryPlanning/distill/data/benchmark/mp/train/sample_002472.npz,mp,shifting_gaps,U,mp_shifting_gaps,medium,medium,0,mp:train
train,sample_004703.npz,/home/zzy/TrajectoryPlanning/distill/data/benchmark/mp/train/sample_002473.npz,mp,shifting_gaps,U,mp_shifting_gaps,medium,medium,0,mp:train
train,sample_004704.npz,/home/zzy/TrajectoryPlanning/distill/data/benchmark/mp/train/sample_002474.npz,mp,shifting_gaps,U,mp_shifting_gaps,medium,medium,0,mp:train
train,sample_004705.npz,/home/zzy/TrajectoryPlanning/distill/data/benchmark/mp/train/sample_002475.npz,mp,shifting_gaps,U,mp_shifting_gaps,medium,medium,0,mp:train
train,sample_004706.npz,/home/zzy/TrajectoryPlanning/distill/data/benchmark/mp/train/sample_002477.npz,mp,shifting_gaps,U,mp_shifting_gaps,medium,medium,0,mp:train
train,sample_004707.npz,/home/zzy/TrajectoryPlanning/distill/data/benchmark/mp/train/sample_002478.npz,mp,shifting_gaps,U,mp_shifting_gaps,medium,medium,0,mp:train
train,sample_004708.npz,/home/zzy/TrajectoryPlanning/distill/data/benchmark/mp/train/sample_002479.npz,mp,shifting_gaps,U,mp_shifting_gaps,medium,medium,0,mp:train
train,sample_004709.npz,/home/zzy/TrajectoryPlanning/distill/data/benchmark/mp/train/sample_002480.npz,mp,shifting_gaps,U,mp_shifting_gaps,medium,medium,0,mp:train
train,sample_004710.npz,/home/zzy/TrajectoryPlanning/distill/data/benchmark/mp/train/sample_002482.npz,mp,shifting_gaps,U,mp_shifting_gaps,medium,medium,0,mp:train
train,sample_004711.npz,/home/zzy/TrajectoryPlanning/distill/data/benchmark/mp/train/sample_002483.npz,mp,shifting_gaps,U,mp_shifting_gaps,medium,medium,0,mp:train
train,sample_004712.npz,/home/zzy/TrajectoryPlanning/distill/data/benchmark/mp/train/sample_002484.npz,mp,shifting_gaps,U,mp_shifting_gaps,medium,medium,0,mp:train
train,sample_004713.npz,/home/zzy/TrajectoryPlanning/distill/data/benchmark/mp/train/sample_002485.npz,mp,shifting_gaps,U,mp_shifting_gaps,medium,medium,0,mp:train
train,sample_004714.npz,/home/zzy/TrajectoryPlanning/distill/data/benchmark/mp/train/sample_002486.npz,mp,shifting_gaps,U,mp_shifting_gaps,medium,medium,0,mp:train
train,sample_004715.npz,/home/zzy/TrajectoryPlanning/distill/data/benchmark/mp/train/sample_002487.npz,mp,shifting_gaps,U,mp_shifting_gaps,medium,medium,0,mp:train
train,sample_004716.npz,/home/zzy/TrajectoryPlanning/distill/data/benchmark/mp/train/sample_002488.npz,mp,shifting_gaps,U,mp_shifting_gaps,medium,medium,0,mp:train
train,sample_004717.npz,/home/zzy/TrajectoryPlanning/distill/data/benchmark/mp/train/sample_002489.npz,mp,shifting_gaps,U,mp_shifting_gaps,medium,medium,0,mp:train
train,sample_004718.npz,/home/zzy/TrajectoryPlanning/distill/data/benchmark/mp/train/sample_002490.npz,mp,shifting_gaps,U,mp_shifting_gaps,medium,medium,0,mp:train
train,sample_004719.npz,/home/zzy/TrajectoryPlanning/distill/data/benchmark/mp/train/sample_002491.npz,mp,shifting_gaps,U,mp_shifting_gaps,medium,medium,0,mp:train
train,sample_004720.npz,/home/zzy/TrajectoryPlanning/distill/data/benchmark/mp/train/sample_002492.npz,mp,shifting_gaps,U,mp_shifting_gaps,medium,medium,0,mp:train
train,sample_004721.npz,/home/zzy/TrajectoryPlanning/distill/data/benchmark/mp/train/sample_002493.npz,mp,shifting_gaps,U,mp_shifting_gaps,medium,medium,0,mp:train
train,sample_004722.npz,/home/zzy/TrajectoryPlanning/distill/data/benchmark/mp/train/sample_002494.npz,mp,shifting_gaps,U,mp_shifting_gaps,medium,medium,0,mp:train
train,sample_004723.npz,/home/zzy/TrajectoryPlanning/distill/data/benchmark/mp/train/sample_002495.npz,mp,shifting_gaps,U,mp_shifting_gaps,medium,medium,0,mp:train
train,sample_004724.npz,/home/zzy/TrajectoryPlanning/distill/data/benchmark/mp/train/sample_002496.npz,mp,shifting_gaps,U,mp_shifting_gaps,medium,medium,0,mp:train
train,sample_004725.npz,/home/zzy/TrajectoryPlanning/distill/data/benchmark/mp/train/sample_002497.npz,mp,shifting_gaps,U,mp_shifting_gaps,medium,medium,0,mp:train
train,sample_004726.npz,/home/zzy/TrajectoryPlanning/distill/data/benchmark/mp/train/sample_002498.npz,mp,shifting_gaps,U,mp_shifting_gaps,medium,medium,0,mp:train
train,sample_004727.npz,/home/zzy/TrajectoryPlanning/distill/data/benchmark/mp/train/sample_002499.npz,mp,shifting_gaps,U,mp_shifting_gaps,medium,medium,0,mp:train
train,sample_004728.npz,/home/zzy/TrajectoryPlanning/distill/data/benchmark/mp/train/sample_002500.npz,mp,shifting_gaps,U,mp_shifting_gaps,medium,medium,0,mp:train
train,sample_004729.npz,/home/zzy/TrajectoryPlanning/distill/data/benchmark/mp/train/sample_002501.npz,mp,shifting_gaps,U,mp_shifting_gaps,medium,medium,0,mp:train
train,sample_004730.npz,/home/zzy/TrajectoryPlanning/distill/data/benchmark/mp/train/sample_002502.npz,mp,shifting_gaps,U,mp_shifting_gaps,medium,medium,0,mp:train
train,sample_004731.npz,/home/zzy/TrajectoryPlanning/distill/data/benchmark/mp/train/sample_002503.npz,mp,shifting_gaps,U,mp_shifting_gaps,medium,medium,0,mp:train
train,sample_004732.npz,/home/zzy/TrajectoryPlanning/distill/data/benchmark/mp/train/sample_002504.npz,mp,shifting_gaps,U,mp_shifting_gaps,medium,medium,0,mp:train
train,sample_004733.npz,/home/zzy/TrajectoryPlanning/distill/data/benchmark/mp/train/sample_002505.npz,mp,shifting_gaps,U,mp_shifting_gaps,medium,medium,0,mp:train
train,sample_004734.npz,/home/zzy/TrajectoryPlanning/distill/data/benchmark/mp/train/sample_002506.npz,mp,shifting_gaps,U,mp_shifting_gaps,medium,medium,0,mp:train
train,sample_004735.npz,/home/zzy/TrajectoryPlanning/distill/data/benchmark/mp/train/sample_002508.npz,mp,shifting_gaps,U,mp_shifting_gaps,medium,medium,0,mp:train
train,sample_004736.npz,/home/zzy/TrajectoryPlanning/distill/data/benchmark/mp/train/sample_002509.npz,mp,shifting_gaps,U,mp_shifting_gaps,medium,medium,0,mp:train
train,sample_004737.npz,/home/zzy/TrajectoryPlanning/distill/data/benchmark/mp/train/sample_002511.npz,mp,shifting_gaps,U,mp_shifting_gaps,medium,medium,0,mp:train
train,sample_004738.npz,/home/zzy/TrajectoryPlanning/distill/data/benchmark/mp/train/sample_002512.npz,mp,shifting_gaps,U,mp_shifting_gaps,medium,medium,0,mp:train
train,sample_004739.npz,/home/zzy/TrajectoryPlanning/distill/data/benchmark/mp/train/sample_002513.npz,mp,shifting_gaps,U,mp_shifting_gaps,medium,medium,0,mp:train
train,sample_004740.npz,/home/zzy/TrajectoryPlanning/distill/data/benchmark/mp/train/sample_002514.npz,mp,shifting_gaps,U,mp_shifting_gaps,medium,medium,0,mp:train
train,sample_004741.npz,/home/zzy/TrajectoryPlanning/distill/data/benchmark/mp/train/sample_002516.npz,mp,shifting_gaps,U,mp_shifting_gaps,medium,medium,0,mp:train
train,sample_004742.npz,/home/zzy/TrajectoryPlanning/distill/data/benchmark/mp/train/sample_002517.npz,mp,shifting_gaps,U,mp_shifting_gaps,medium,medium,0,mp:train
train,sample_004743.npz,/home/zzy/TrajectoryPlanning/distill/data/benchmark/mp/train/sample_002519.npz,mp,shifting_gaps,U,mp_shifting_gaps,medium,medium,0,mp:train
train,sample_004744.npz,/home/zzy/TrajectoryPlanning/distill/data/benchmark/mp/train/sample_002520.npz,mp,shifting_gaps,U,mp_shifting_gaps,medium,medium,0,mp:train
train,sample_004745.npz,/home/zzy/TrajectoryPlanning/distill/data/benchmark/mp/train/sample_002522.npz,mp,shifting_gaps,U,mp_shifting_gaps,medium,medium,0,mp:train
train,sample_004746.npz,/home/zzy/TrajectoryPlanning/distill/data/benchmark/mp/train/sample_002523.npz,mp,shifting_gaps,U,mp_shifting_gaps,medium,medium,0,mp:train
train,sample_004747.npz,/home/zzy/TrajectoryPlanning/distill/data/benchmark/mp/train/sample_002524.npz,mp,shifting_gaps,U,mp_shifting_gaps,medium,medium,0,mp:train
train,sample_004748.npz,/home/zzy/TrajectoryPlanning/distill/data/benchmark/mp/train/sample_002525.npz,mp,shifting_gaps,U,mp_shifting_gaps,medium,medium,0,mp:train
train,sample_004749.npz,/home/zzy/TrajectoryPlanning/distill/data/benchmark/mp/train/sample_002526.npz,mp,shifting_gaps,U,mp_shifting_gaps,medium,medium,0,mp:train
train,sample_004750.npz,/home/zzy/TrajectoryPlanning/distill/data/benchmark/mp/train/sample_002527.npz,mp,shifting_gaps,U,mp_shifting_gaps,medium,medium,0,mp:train
train,sample_004751.npz,/home/zzy/TrajectoryPlanning/distill/data/benchmark/mp/train/sample_002528.npz,mp,shifting_gaps,U,mp_shifting_gaps,medium,medium,0,mp:train
train,sample_004752.npz,/home/zzy/TrajectoryPlanning/distill/data/benchmark/mp/train/sample_002529.npz,mp,shifting_gaps,U,mp_shifting_gaps,medium,medium,0,mp:train
train,sample_004753.npz,/home/zzy/TrajectoryPlanning/distill/data/benchmark/mp/train/sample_002530.npz,mp,shifting_gaps,U,mp_shifting_gaps,medium,medium,0,mp:train
train,sample_004754.npz,/home/zzy/TrajectoryPlanning/distill/data/benchmark/mp/train/sample_002531.npz,mp,shifting_gaps,U,mp_shifting_gaps,medium,medium,0,mp:train
train,sample_004755.npz,/home/zzy/TrajectoryPlanning/distill/data/benchmark/mp/train/sample_002532.npz,mp,shifting_gaps,U,mp_shifting_gaps,medium,medium,0,mp:train
train,sample_004756.npz,/home/zzy/TrajectoryPlanning/distill/data/benchmark/mp/train/sample_002534.npz,mp,shifting_gaps,U,mp_shifting_gaps,medium,medium,0,mp:train
train,sample_004757.npz,/home/zzy/TrajectoryPlanning/distill/data/benchmark/mp/train/sample_002535.npz,mp,shifting_gaps,U,mp_shifting_gaps,medium,medium,0,mp:train
train,sample_004758.npz,/home/zzy/TrajectoryPlanning/distill/data/benchmark/mp/train/sample_002536.npz,mp,shifting_gaps,U,mp_shifting_gaps,medium,medium,0,mp:train
train,sample_004759.npz,/home/zzy/TrajectoryPlanning/distill/data/benchmark/mp/train/sample_002537.npz,mp,shifting_gaps,U,mp_shifting_gaps,medium,medium,0,mp:train
train,sample_004760.npz,/home/zzy/TrajectoryPlanning/distill/data/benchmark/mp/train/sample_002538.npz,mp,shifting_gaps,U,mp_shifting_gaps,medium,medium,0,mp:train
train,sample_004761.npz,/home/zzy/TrajectoryPlanning/distill/data/benchmark/mp/train/sample_002539.npz,mp,shifting_gaps,U,mp_shifting_gaps,medium,medium,0,mp:train
train,sample_004762.npz,/home/zzy/TrajectoryPlanning/distill/data/benchmark/mp/train/sample_002540.npz,mp,shifting_gaps,U,mp_shifting_gaps,medium,medium,0,mp:train
train,sample_004763.npz,/home/zzy/TrajectoryPlanning/distill/data/benchmark/mp/train/sample_002541.npz,mp,shifting_gaps,U,mp_shifting_gaps,medium,medium,0,mp:train
train,sample_004764.npz,/home/zzy/TrajectoryPlanning/distill/data/benchmark/mp/train/sample_002542.npz,mp,shifting_gaps,U,mp_shifting_gaps,medium,medium,0,mp:train
train,sample_004765.npz,/home/zzy/TrajectoryPlanning/distill/data/benchmark/mp/train/sample_002543.npz,mp,shifting_gaps,U,mp_shifting_gaps,medium,medium,0,mp:train
train,sample_004766.npz,/home/zzy/TrajectoryPlanning/distill/data/benchmark/mp/train/sample_002544.npz,mp,shifting_gaps,U,mp_shifting_gaps,medium,medium,0,mp:train
train,sample_004767.npz,/home/zzy/TrajectoryPlanning/distill/data/benchmark/mp/train/sample_002545.npz,mp,shifting_gaps,U,mp_shifting_gaps,medium,medium,0,mp:train
train,sample_004768.npz,/home/zzy/TrajectoryPlanning/distill/data/benchmark/mp/train/sample_002546.npz,mp,shifting_gaps,U,mp_shifting_gaps,medium,medium,0,mp:train
train,sample_004769.npz,/home/zzy/TrajectoryPlanning/distill/data/benchmark/mp/train/sample_002547.npz,mp,shifting_gaps,U,mp_shifting_gaps,medium,medium,0,mp:train
train,sample_004770.npz,/home/zzy/TrajectoryPlanning/distill/data/benchmark/mp/train/sample_002548.npz,mp,shifting_gaps,U,mp_shifting_gaps,medium,medium,0,mp:train
train,sample_004771.npz,/home/zzy/TrajectoryPlanning/distill/data/benchmark/mp/train/sample_002549.npz,mp,shifting_gaps,U,mp_shifting_gaps,medium,medium,0,mp:train
train,sample_004772.npz,/home/zzy/TrajectoryPlanning/distill/data/benchmark/mp/train/sample_002551.npz,mp,shifting_gaps,U,mp_shifting_gaps,medium,medium,0,mp:train
train,sample_004773.npz,/home/zzy/TrajectoryPlanning/distill/data/benchmark/mp/train/sample_002552.npz,mp,shifting_gaps,U,mp_shifting_gaps,medium,medium,0,mp:train
train,sample_004774.npz,/home/zzy/TrajectoryPlanning/distill/data/benchmark/mp/train/sample_002553.npz,mp,shifting_gaps,U,mp_shifting_gaps,medium,medium,0,mp:train
train,sample_004775.npz,/home/zzy/TrajectoryPlanning/distill/data/benchmark/mp/train/sample_002554.npz,mp,shifting_gaps,U,mp_shifting_gaps,medium,medium,0,mp:train
train,sample_004776.npz,/home/zzy/TrajectoryPlanning/distill/data/benchmark/mp/train/sample_002555.npz,mp,shifting_gaps,U,mp_shifting_gaps,medium,medium,0,mp:train
train,sample_004777.npz,/home/zzy/TrajectoryPlanning/distill/data/benchmark/mp/train/sample_002556.npz,mp,shifting_gaps,U,mp_shifting_gaps,medium,medium,0,mp:train
train,sample_004778.npz,/home/zzy/TrajectoryPlanning/distill/data/benchmark/mp/train/sample_002557.npz,mp,shifting_gaps,U,mp_shifting_gaps,medium,medium,0,mp:train
train,sample_004779.npz,/home/zzy/TrajectoryPlanning/distill/data/benchmark/mp/train/sample_002558.npz,mp,shifting_gaps,U,mp_shifting_gaps,medium,medium,0,mp:train
train,sample_004780.npz,/home/zzy/TrajectoryPlanning/distill/data/benchmark/mp/train/sample_002559.npz,mp,shifting_gaps,U,mp_shifting_gaps,medium,medium,0,mp:train
train,sample_004781.npz,/home/zzy/TrajectoryPlanning/distill/data/benchmark/mp/train/sample_002560.npz,mp,shifting_gaps,U,mp_shifting_gaps,medium,medium,0,mp:train
train,sample_004782.npz,/home/zzy/TrajectoryPlanning/distill/data/benchmark/mp/train/sample_002561.npz,mp,shifting_gaps,U,mp_shifting_gaps,medium,medium,0,mp:train
train,sample_004783.npz,/home/zzy/TrajectoryPlanning/distill/data/benchmark/mp/train/sample_002562.npz,mp,shifting_gaps,U,mp_shifting_gaps,medium,medium,0,mp:train
train,sample_004784.npz,/home/zzy/TrajectoryPlanning/distill/data/benchmark/mp/train/sample_002563.npz,mp,shifting_gaps,U,mp_shifting_gaps,medium,medium,0,mp:train
train,sample_004785.npz,/home/zzy/TrajectoryPlanning/distill/data/benchmark/mp/train/sample_002564.npz,mp,shifting_gaps,U,mp_shifting_gaps,medium,medium,0,mp:train
train,sample_004786.npz,/home/zzy/TrajectoryPlanning/distill/data/benchmark/mp/train/sample_002565.npz,mp,shifting_gaps,U,mp_shifting_gaps,medium,medium,0,mp:train
train,sample_004787.npz,/home/zzy/TrajectoryPlanning/distill/data/benchmark/mp/train/sample_002566.npz,mp,shifting_gaps,U,mp_shifting_gaps,medium,medium,0,mp:train
train,sample_004788.npz,/home/zzy/TrajectoryPlanning/distill/data/benchmark/mp/train/sample_002567.npz,mp,shifting_gaps,U,mp_shifting_gaps,medium,medium,0,mp:train
train,sample_004789.npz,/home/zzy/TrajectoryPlanning/distill/data/benchmark/mp/train/sample_002568.npz,mp,shifting_gaps,U,mp_shifting_gaps,medium,medium,0,mp:train
train,sample_004790.npz,/home/zzy/TrajectoryPlanning/distill/data/benchmark/mp/train/sample_002570.npz,mp,shifting_gaps,U,mp_shifting_gaps,medium,medium,0,mp:train
train,sample_004791.npz,/home/zzy/TrajectoryPlanning/distill/data/benchmark/mp/train/sample_002571.npz,mp,shifting_gaps,U,mp_shifting_gaps,medium,medium,0,mp:train
train,sample_004792.npz,/home/zzy/TrajectoryPlanning/distill/data/benchmark/mp/train/sample_002572.npz,mp,shifting_gaps,U,mp_shifting_gaps,medium,medium,0,mp:train
train,sample_004793.npz,/home/zzy/TrajectoryPlanning/distill/data/benchmark/mp/train/sample_002573.npz,mp,shifting_gaps,U,mp_shifting_gaps,medium,medium,0,mp:train
train,sample_004794.npz,/home/zzy/TrajectoryPlanning/distill/data/benchmark/mp/train/sample_002575.npz,mp,shifting_gaps,U,mp_shifting_gaps,medium,medium,0,mp:train
train,sample_004795.npz,/home/zzy/TrajectoryPlanning/distill/data/benchmark/mp/train/sample_002576.npz,mp,shifting_gaps,U,mp_shifting_gaps,medium,medium,0,mp:train
train,sample_004796.npz,/home/zzy/TrajectoryPlanning/distill/data/benchmark/mp/train/sample_002577.npz,mp,shifting_gaps,U,mp_shifting_gaps,medium,medium,0,mp:train
train,sample_004797.npz,/home/zzy/TrajectoryPlanning/distill/data/benchmark/mp/train/sample_002578.npz,mp,shifting_gaps,U,mp_shifting_gaps,medium,medium,0,mp:train
train,sample_004798.npz,/home/zzy/TrajectoryPlanning/distill/data/benchmark/mp/train/sample_002580.npz,mp,shifting_gaps,U,mp_shifting_gaps,medium,medium,0,mp:train
train,sample_004799.npz,/home/zzy/TrajectoryPlanning/distill/data/benchmark/mp/train/sample_002583.npz,mp,shifting_gaps,U,mp_shifting_gaps,medium,medium,0,mp:train
train,sample_004800.npz,/home/zzy/TrajectoryPlanning/distill/data/benchmark/mp/train/sample_002584.npz,mp,shifting_gaps,U,mp_shifting_gaps,medium,medium,0,mp:train
train,sample_004801.npz,/home/zzy/TrajectoryPlanning/distill/data/benchmark/mp/train/sample_002585.npz,mp,shifting_gaps,U,mp_shifting_gaps,medium,medium,0,mp:train
train,sample_004802.npz,/home/zzy/TrajectoryPlanning/distill/data/benchmark/mp/train/sample_002586.npz,mp,shifting_gaps,U,mp_shifting_gaps,medium,medium,0,mp:train
train,sample_004803.npz,/home/zzy/TrajectoryPlanning/distill/data/benchmark/mp/train/sample_002587.npz,mp,shifting_gaps,U,mp_shifting_gaps,medium,medium,0,mp:train
train,sample_004804.npz,/home/zzy/TrajectoryPlanning/distill/data/benchmark/mp/train/sample_002588.npz,mp,shifting_gaps,U,mp_shifting_gaps,medium,medium,0,mp:train
train,sample_004805.npz,/home/zzy/TrajectoryPlanning/distill/data/benchmark/mp/train/sample_002589.npz,mp,shifting_gaps,U,mp_shifting_gaps,medium,medium,0,mp:train
train,sample_004806.npz,/home/zzy/TrajectoryPlanning/distill/data/benchmark/mp/train/sample_002591.npz,mp,shifting_gaps,U,mp_shifting_gaps,medium,medium,0,mp:train
train,sample_004807.npz,/home/zzy/TrajectoryPlanning/distill/data/benchmark/mp/train/sample_002592.npz,mp,shifting_gaps,U,mp_shifting_gaps,medium,medium,0,mp:train
train,sample_004808.npz,/home/zzy/TrajectoryPlanning/distill/data/benchmark/mp/train/sample_002595.npz,mp,shifting_gaps,U,mp_shifting_gaps,medium,medium,0,mp:train
train,sample_004809.npz,/home/zzy/TrajectoryPlanning/distill/data/benchmark/mp/train/sample_002596.npz,mp,shifting_gaps,U,mp_shifting_gaps,medium,medium,0,mp:train
train,sample_004810.npz,/home/zzy/TrajectoryPlanning/distill/data/benchmark/mp/train/sample_002597.npz,mp,shifting_gaps,U,mp_shifting_gaps,medium,medium,0,mp:train
train,sample_004811.npz,/home/zzy/TrajectoryPlanning/distill/data/benchmark/mp/train/sample_002598.npz,mp,shifting_gaps,U,mp_shifting_gaps,medium,medium,0,mp:train
train,sample_004812.npz,/home/zzy/TrajectoryPlanning/distill/data/benchmark/mp/train/sample_002599.npz,mp,shifting_gaps,U,mp_shifting_gaps,medium,medium,0,mp:train
train,sample_004813.npz,/home/zzy/TrajectoryPlanning/distill/data/benchmark/mp/train/sample_002601.npz,mp,shifting_gaps,U,mp_shifting_gaps,medium,medium,0,mp:train
train,sample_004814.npz,/home/zzy/TrajectoryPlanning/distill/data/benchmark/mp/train/sample_002602.npz,mp,shifting_gaps,U,mp_shifting_gaps,medium,medium,0,mp:train
train,sample_004815.npz,/home/zzy/TrajectoryPlanning/distill/data/benchmark/mp/train/sample_002603.npz,mp,shifting_gaps,U,mp_shifting_gaps,medium,medium,0,mp:train
train,sample_004816.npz,/home/zzy/TrajectoryPlanning/distill/data/benchmark/mp/train/sample_002604.npz,mp,shifting_gaps,U,mp_shifting_gaps,medium,medium,0,mp:train
train,sample_004817.npz,/home/zzy/TrajectoryPlanning/distill/data/benchmark/mp/train/sample_002605.npz,mp,shifting_gaps,U,mp_shifting_gaps,medium,medium,0,mp:train
train,sample_004818.npz,/home/zzy/TrajectoryPlanning/distill/data/benchmark/mp/train/sample_002606.npz,mp,shifting_gaps,U,mp_shifting_gaps,medium,medium,0,mp:train
train,sample_004819.npz,/home/zzy/TrajectoryPlanning/distill/data/benchmark/mp/train/sample_002607.npz,mp,shifting_gaps,U,mp_shifting_gaps,medium,medium,0,mp:train
train,sample_004820.npz,/home/zzy/TrajectoryPlanning/distill/data/benchmark/mp/train/sample_002608.npz,mp,shifting_gaps,U,mp_shifting_gaps,medium,medium,0,mp:train
train,sample_004821.npz,/home/zzy/TrajectoryPlanning/distill/data/benchmark/mp/train/sample_002609.npz,mp,shifting_gaps,U,mp_shifting_gaps,medium,medium,0,mp:train
train,sample_004822.npz,/home/zzy/TrajectoryPlanning/distill/data/benchmark/mp/train/sample_002610.npz,mp,shifting_gaps,U,mp_shifting_gaps,medium,medium,0,mp:train
train,sample_004823.npz,/home/zzy/TrajectoryPlanning/distill/data/benchmark/mp/train/sample_002613.npz,mp,shifting_gaps,U,mp_shifting_gaps,medium,medium,0,mp:train
train,sample_004824.npz,/home/zzy/TrajectoryPlanning/distill/data/benchmark/mp/train/sample_002614.npz,mp,shifting_gaps,U,mp_shifting_gaps,medium,medium,0,mp:train
train,sample_004825.npz,/home/zzy/TrajectoryPlanning/distill/data/benchmark/mp/train/sample_002615.npz,mp,shifting_gaps,U,mp_shifting_gaps,medium,medium,0,mp:train
train,sample_004826.npz,/home/zzy/TrajectoryPlanning/distill/data/benchmark/mp/train/sample_002616.npz,mp,shifting_gaps,U,mp_shifting_gaps,medium,medium,0,mp:train
train,sample_004827.npz,/home/zzy/TrajectoryPlanning/distill/data/benchmark/mp/train/sample_002619.npz,mp,shifting_gaps,U,mp_shifting_gaps,medium,medium,0,mp:train
train,sample_004828.npz,/home/zzy/TrajectoryPlanning/distill/data/benchmark/mp/train/sample_002620.npz,mp,shifting_gaps,U,mp_shifting_gaps,medium,medium,0,mp:train
train,sample_004829.npz,/home/zzy/TrajectoryPlanning/distill/data/benchmark/mp/train/sample_002621.npz,mp,shifting_gaps,U,mp_shifting_gaps,medium,medium,0,mp:train
train,sample_004830.npz,/home/zzy/TrajectoryPlanning/distill/data/benchmark/mp/train/sample_002622.npz,mp,shifting_gaps,U,mp_shifting_gaps,medium,medium,0,mp:train
train,sample_004831.npz,/home/zzy/TrajectoryPlanning/distill/data/benchmark/mp/train/sample_002623.npz,mp,shifting_gaps,U,mp_shifting_gaps,medium,medium,0,mp:train
train,sample_004832.npz,/home/zzy/TrajectoryPlanning/distill/data/benchmark/mp/train/sample_002624.npz,mp,shifting_gaps,U,mp_shifting_gaps,medium,medium,0,mp:train
train,sample_004833.npz,/home/zzy/TrajectoryPlanning/distill/data/benchmark/mp/train/sample_002626.npz,mp,shifting_gaps,U,mp_shifting_gaps,medium,medium,0,mp:train
train,sample_004834.npz,/home/zzy/TrajectoryPlanning/distill/data/benchmark/mp/train/sample_002627.npz,mp,shifting_gaps,U,mp_shifting_gaps,medium,medium,0,mp:train
train,sample_004835.npz,/home/zzy/TrajectoryPlanning/distill/data/benchmark/mp/train/sample_002628.npz,mp,shifting_gaps,U,mp_shifting_gaps,medium,medium,0,mp:train
train,sample_004836.npz,/home/zzy/TrajectoryPlanning/distill/data/benchmark/mp/train/sample_002629.npz,mp,shifting_gaps,U,mp_shifting_gaps,medium,medium,0,mp:train
train,sample_004837.npz,/home/zzy/TrajectoryPlanning/distill/data/benchmark/mp/train/sample_002630.npz,mp,shifting_gaps,U,mp_shifting_gaps,medium,medium,0,mp:train
train,sample_004838.npz,/home/zzy/TrajectoryPlanning/distill/data/benchmark/mp/train/sample_002631.npz,mp,shifting_gaps,U,mp_shifting_gaps,medium,medium,0,mp:train
train,sample_004839.npz,/home/zzy/TrajectoryPlanning/distill/data/benchmark/mp/train/sample_002633.npz,mp,shifting_gaps,U,mp_shifting_gaps,medium,medium,0,mp:train
train,sample_004840.npz,/home/zzy/TrajectoryPlanning/distill/data/benchmark/mp/train/sample_002636.npz,mp,shifting_gaps,U,mp_shifting_gaps,medium,medium,0,mp:train
train,sample_004841.npz,/home/zzy/TrajectoryPlanning/distill/data/benchmark/mp/train/sample_002637.npz,mp,shifting_gaps,U,mp_shifting_gaps,medium,medium,0,mp:train
train,sample_004842.npz,/home/zzy/TrajectoryPlanning/distill/data/benchmark/mp/train/sample_002638.npz,mp,shifting_gaps,U,mp_shifting_gaps,medium,medium,0,mp:train
train,sample_004843.npz,/home/zzy/TrajectoryPlanning/distill/data/benchmark/mp/train/sample_002640.npz,mp,shifting_gaps,U,mp_shifting_gaps,medium,medium,0,mp:train
train,sample_004844.npz,/home/zzy/TrajectoryPlanning/distill/data/benchmark/mp/train/sample_002641.npz,mp,shifting_gaps,U,mp_shifting_gaps,medium,medium,0,mp:train
train,sample_004845.npz,/home/zzy/TrajectoryPlanning/distill/data/benchmark/mp/train/sample_002642.npz,mp,shifting_gaps,U,mp_shifting_gaps,medium,medium,0,mp:train
train,sample_004846.npz,/home/zzy/TrajectoryPlanning/distill/data/benchmark/mp/train/sample_002643.npz,mp,shifting_gaps,U,mp_shifting_gaps,medium,medium,0,mp:train
train,sample_004847.npz,/home/zzy/TrajectoryPlanning/distill/data/benchmark/mp/train/sample_002645.npz,mp,shifting_gaps,U,mp_shifting_gaps,medium,medium,0,mp:train
train,sample_004848.npz,/home/zzy/TrajectoryPlanning/distill/data/benchmark/mp/train/sample_002646.npz,mp,shifting_gaps,U,mp_shifting_gaps,medium,medium,0,mp:train
train,sample_004849.npz,/home/zzy/TrajectoryPlanning/distill/data/benchmark/mp/train/sample_002647.npz,mp,shifting_gaps,U,mp_shifting_gaps,medium,medium,0,mp:train
train,sample_004850.npz,/home/zzy/TrajectoryPlanning/distill/data/benchmark/mp/train/sample_002649.npz,mp,shifting_gaps,U,mp_shifting_gaps,medium,medium,0,mp:train
train,sample_004851.npz,/home/zzy/TrajectoryPlanning/distill/data/benchmark/mp/train/sample_002650.npz,mp,shifting_gaps,U,mp_shifting_gaps,medium,medium,0,mp:train
train,sample_004852.npz,/home/zzy/TrajectoryPlanning/distill/data/benchmark/mp/train/sample_002651.npz,mp,shifting_gaps,U,mp_shifting_gaps,medium,medium,0,mp:train
train,sample_004853.npz,/home/zzy/TrajectoryPlanning/distill/data/benchmark/mp/train/sample_002652.npz,mp,shifting_gaps,U,mp_shifting_gaps,medium,medium,0,mp:train
train,sample_004854.npz,/home/zzy/TrajectoryPlanning/distill/data/benchmark/mp/train/sample_002653.npz,mp,shifting_gaps,U,mp_shifting_gaps,medium,medium,0,mp:train
train,sample_004855.npz,/home/zzy/TrajectoryPlanning/distill/data/benchmark/mp/train/sample_002656.npz,mp,shifting_gaps,U,mp_shifting_gaps,medium,medium,0,mp:train
train,sample_004856.npz,/home/zzy/TrajectoryPlanning/distill/data/benchmark/mp/train/sample_002657.npz,mp,shifting_gaps,U,mp_shifting_gaps,medium,medium,0,mp:train
train,sample_004857.npz,/home/zzy/TrajectoryPlanning/distill/data/benchmark/mp/train/sample_002658.npz,mp,shifting_gaps,U,mp_shifting_gaps,medium,medium,0,mp:train
train,sample_004858.npz,/home/zzy/TrajectoryPlanning/distill/data/benchmark/mp/train/sample_002659.npz,mp,shifting_gaps,U,mp_shifting_gaps,medium,medium,0,mp:train
train,sample_004859.npz,/home/zzy/TrajectoryPlanning/distill/data/benchmark/mp/train/sample_002661.npz,mp,shifting_gaps,U,mp_shifting_gaps,medium,medium,0,mp:train
train,sample_004860.npz,/home/zzy/TrajectoryPlanning/distill/data/benchmark/mp/train/sample_002662.npz,mp,shifting_gaps,U,mp_shifting_gaps,medium,medium,0,mp:train
train,sample_004861.npz,/home/zzy/TrajectoryPlanning/distill/data/benchmark/mp/train/sample_002663.npz,mp,shifting_gaps,U,mp_shifting_gaps,medium,medium,0,mp:train
train,sample_004862.npz,/home/zzy/TrajectoryPlanning/distill/data/benchmark/mp/train/sample_002664.npz,mp,shifting_gaps,U,mp_shifting_gaps,medium,medium,0,mp:train
train,sample_004863.npz,/home/zzy/TrajectoryPlanning/distill/data/benchmark/mp/train/sample_002665.npz,mp,shifting_gaps,U,mp_shifting_gaps,medium,medium,0,mp:train
train,sample_004864.npz,/home/zzy/TrajectoryPlanning/distill/data/benchmark/mp/train/sample_002667.npz,mp,shifting_gaps,U,mp_shifting_gaps,medium,medium,0,mp:train
train,sample_004865.npz,/home/zzy/TrajectoryPlanning/distill/data/benchmark/mp/train/sample_002668.npz,mp,shifting_gaps,U,mp_shifting_gaps,medium,medium,0,mp:train
train,sample_004866.npz,/home/zzy/TrajectoryPlanning/distill/data/benchmark/mp/train/sample_002669.npz,mp,shifting_gaps,U,mp_shifting_gaps,medium,medium,0,mp:train
train,sample_004867.npz,/home/zzy/TrajectoryPlanning/distill/data/benchmark/mp/train/sample_002670.npz,mp,shifting_gaps,U,mp_shifting_gaps,medium,medium,0,mp:train
train,sample_004868.npz,/home/zzy/TrajectoryPlanning/distill/data/benchmark/mp/train/sample_002674.npz,mp,shifting_gaps,U,mp_shifting_gaps,medium,medium,0,mp:train
train,sample_004869.npz,/home/zzy/TrajectoryPlanning/distill/data/benchmark/mp/train/sample_002677.npz,mp,shifting_gaps,U,mp_shifting_gaps,medium,medium,0,mp:train
train,sample_004870.npz,/home/zzy/TrajectoryPlanning/distill/data/benchmark/mp/train/sample_002678.npz,mp,shifting_gaps,U,mp_shifting_gaps,medium,medium,0,mp:train
train,sample_004871.npz,/home/zzy/TrajectoryPlanning/distill/data/benchmark/mp/train/sample_002679.npz,mp,shifting_gaps,U,mp_shifting_gaps,medium,medium,0,mp:train
train,sample_004872.npz,/home/zzy/TrajectoryPlanning/distill/data/benchmark/mp/train/sample_002680.npz,mp,shifting_gaps,U,mp_shifting_gaps,medium,medium,0,mp:train
train,sample_004873.npz,/home/zzy/TrajectoryPlanning/distill/data/benchmark/mp/train/sample_002681.npz,mp,shifting_gaps,U,mp_shifting_gaps,medium,medium,0,mp:train
train,sample_004874.npz,/home/zzy/TrajectoryPlanning/distill/data/benchmark/mp/train/sample_002682.npz,mp,shifting_gaps,U,mp_shifting_gaps,medium,medium,0,mp:train
train,sample_004875.npz,/home/zzy/TrajectoryPlanning/distill/data/benchmark/mp/train/sample_002683.npz,mp,shifting_gaps,U,mp_shifting_gaps,medium,medium,0,mp:train
train,sample_004876.npz,/home/zzy/TrajectoryPlanning/distill/data/benchmark/mp/train/sample_002684.npz,mp,shifting_gaps,U,mp_shifting_gaps,medium,medium,0,mp:train
train,sample_004877.npz,/home/zzy/TrajectoryPlanning/distill/data/benchmark/mp/train/sample_002685.npz,mp,shifting_gaps,U,mp_shifting_gaps,medium,medium,0,mp:train
train,sample_004878.npz,/home/zzy/TrajectoryPlanning/distill/data/benchmark/mp/train/sample_002686.npz,mp,shifting_gaps,U,mp_shifting_gaps,medium,medium,0,mp:train
train,sample_004879.npz,/home/zzy/TrajectoryPlanning/distill/data/benchmark/mp/train/sample_002687.npz,mp,shifting_gaps,U,mp_shifting_gaps,medium,medium,0,mp:train
train,sample_004880.npz,/home/zzy/TrajectoryPlanning/distill/data/benchmark/mp/train/sample_002688.npz,mp,shifting_gaps,U,mp_shifting_gaps,medium,medium,0,mp:train
train,sample_004881.npz,/home/zzy/TrajectoryPlanning/distill/data/benchmark/mp/train/sample_002689.npz,mp,shifting_gaps,U,mp_shifting_gaps,medium,medium,0,mp:train
train,sample_004882.npz,/home/zzy/TrajectoryPlanning/distill/data/benchmark/mp/train/sample_002690.npz,mp,shifting_gaps,U,mp_shifting_gaps,medium,medium,0,mp:train
train,sample_004883.npz,/home/zzy/TrajectoryPlanning/distill/data/benchmark/mp/train/sample_002691.npz,mp,shifting_gaps,U,mp_shifting_gaps,medium,medium,0,mp:train
train,sample_004884.npz,/home/zzy/TrajectoryPlanning/distill/data/benchmark/mp/train/sample_002694.npz,mp,shifting_gaps,U,mp_shifting_gaps,medium,medium,0,mp:train
train,sample_004885.npz,/home/zzy/TrajectoryPlanning/distill/data/benchmark/mp/train/sample_002696.npz,mp,shifting_gaps,U,mp_shifting_gaps,medium,medium,0,mp:train
train,sample_004886.npz,/home/zzy/TrajectoryPlanning/distill/data/benchmark/mp/train/sample_002697.npz,mp,shifting_gaps,U,mp_shifting_gaps,medium,medium,0,mp:train
train,sample_004887.npz,/home/zzy/TrajectoryPlanning/distill/data/benchmark/mp/train/sample_002698.npz,mp,shifting_gaps,U,mp_shifting_gaps,medium,medium,0,mp:train
train,sample_004888.npz,/home/zzy/TrajectoryPlanning/distill/data/benchmark/mp/train/sample_002699.npz,mp,shifting_gaps,U,mp_shifting_gaps,medium,medium,0,mp:train
train,sample_004889.npz,/home/zzy/TrajectoryPlanning/distill/data/benchmark/mp/train/sample_002700.npz,mp,shifting_gaps,U,mp_shifting_gaps,medium,medium,0,mp:train
train,sample_004890.npz,/home/zzy/TrajectoryPlanning/distill/data/benchmark/mp/train/sample_002701.npz,mp,shifting_gaps,U,mp_shifting_gaps,medium,medium,0,mp:train
train,sample_004891.npz,/home/zzy/TrajectoryPlanning/distill/data/benchmark/mp/train/sample_002703.npz,mp,shifting_gaps,U,mp_shifting_gaps,medium,medium,0,mp:train
train,sample_004892.npz,/home/zzy/TrajectoryPlanning/distill/data/benchmark/mp/train/sample_002704.npz,mp,shifting_gaps,U,mp_shifting_gaps,medium,medium,0,mp:train
train,sample_004893.npz,/home/zzy/TrajectoryPlanning/distill/data/benchmark/mp/train/sample_002705.npz,mp,shifting_gaps,U,mp_shifting_gaps,medium,medium,0,mp:train
train,sample_004894.npz,/home/zzy/TrajectoryPlanning/distill/data/benchmark/mp/train/sample_002706.npz,mp,shifting_gaps,U,mp_shifting_gaps,medium,medium,0,mp:train
train,sample_004895.npz,/home/zzy/TrajectoryPlanning/distill/data/benchmark/mp/train/sample_002707.npz,mp,shifting_gaps,U,mp_shifting_gaps,medium,medium,0,mp:train
train,sample_004896.npz,/home/zzy/TrajectoryPlanning/distill/data/benchmark/mp/train/sample_002708.npz,mp,shifting_gaps,U,mp_shifting_gaps,medium,medium,0,mp:train
train,sample_004897.npz,/home/zzy/TrajectoryPlanning/distill/data/benchmark/mp/train/sample_002709.npz,mp,shifting_gaps,U,mp_shifting_gaps,medium,medium,0,mp:train
train,sample_004898.npz,/home/zzy/TrajectoryPlanning/distill/data/benchmark/mp/train/sample_002710.npz,mp,shifting_gaps,U,mp_shifting_gaps,medium,medium,0,mp:train
train,sample_004899.npz,/home/zzy/TrajectoryPlanning/distill/data/benchmark/mp/train/sample_002711.npz,mp,shifting_gaps,U,mp_shifting_gaps,medium,medium,0,mp:train
train,sample_004900.npz,/home/zzy/TrajectoryPlanning/distill/data/benchmark/mp/train/sample_002712.npz,mp,shifting_gaps,U,mp_shifting_gaps,medium,medium,0,mp:train
train,sample_004901.npz,/home/zzy/TrajectoryPlanning/distill/data/benchmark/mp/train/sample_002713.npz,mp,shifting_gaps,U,mp_shifting_gaps,medium,medium,0,mp:train
train,sample_004902.npz,/home/zzy/TrajectoryPlanning/distill/data/benchmark/mp/train/sample_002714.npz,mp,shifting_gaps,U,mp_shifting_gaps,medium,medium,0,mp:train
train,sample_004903.npz,/home/zzy/TrajectoryPlanning/distill/data/benchmark/mp/train/sample_002715.npz,mp,shifting_gaps,U,mp_shifting_gaps,medium,medium,0,mp:train
train,sample_004904.npz,/home/zzy/TrajectoryPlanning/distill/data/benchmark/mp/train/sample_002716.npz,mp,shifting_gaps,U,mp_shifting_gaps,medium,medium,0,mp:train
train,sample_004905.npz,/home/zzy/TrajectoryPlanning/distill/data/benchmark/mp/train/sample_002718.npz,mp,shifting_gaps,U,mp_shifting_gaps,medium,medium,0,mp:train
train,sample_004906.npz,/home/zzy/TrajectoryPlanning/distill/data/benchmark/mp/train/sample_002719.npz,mp,shifting_gaps,U,mp_shifting_gaps,medium,medium,0,mp:train
train,sample_004907.npz,/home/zzy/TrajectoryPlanning/distill/data/benchmark/mp/train/sample_002720.npz,mp,shifting_gaps,U,mp_shifting_gaps,medium,medium,0,mp:train
train,sample_004908.npz,/home/zzy/TrajectoryPlanning/distill/data/benchmark/mp/train/sample_002721.npz,mp,shifting_gaps,U,mp_shifting_gaps,medium,medium,0,mp:train
train,sample_004909.npz,/home/zzy/TrajectoryPlanning/distill/data/benchmark/mp/train/sample_002722.npz,mp,shifting_gaps,U,mp_shifting_gaps,medium,medium,0,mp:train
train,sample_004910.npz,/home/zzy/TrajectoryPlanning/distill/data/benchmark/mp/train/sample_002723.npz,mp,shifting_gaps,U,mp_shifting_gaps,medium,medium,0,mp:train
train,sample_004911.npz,/home/zzy/TrajectoryPlanning/distill/data/benchmark/mp/train/sample_002724.npz,mp,shifting_gaps,U,mp_shifting_gaps,medium,medium,0,mp:train
train,sample_004912.npz,/home/zzy/TrajectoryPlanning/distill/data/benchmark/mp/train/sample_002726.npz,mp,shifting_gaps,U,mp_shifting_gaps,medium,medium,0,mp:train
train,sample_004913.npz,/home/zzy/TrajectoryPlanning/distill/data/benchmark/mp/train/sample_002729.npz,mp,shifting_gaps,U,mp_shifting_gaps,medium,medium,0,mp:train
train,sample_004914.npz,/home/zzy/TrajectoryPlanning/distill/data/benchmark/mp/train/sample_002730.npz,mp,shifting_gaps,U,mp_shifting_gaps,medium,medium,0,mp:train
train,sample_004915.npz,/home/zzy/TrajectoryPlanning/distill/data/benchmark/mp/train/sample_002731.npz,mp,shifting_gaps,U,mp_shifting_gaps,medium,medium,0,mp:train
train,sample_004916.npz,/home/zzy/TrajectoryPlanning/distill/data/benchmark/mp/train/sample_002732.npz,mp,shifting_gaps,U,mp_shifting_gaps,medium,medium,0,mp:train
train,sample_004917.npz,/home/zzy/TrajectoryPlanning/distill/data/benchmark/mp/train/sample_002733.npz,mp,shifting_gaps,U,mp_shifting_gaps,medium,medium,0,mp:train
train,sample_004918.npz,/home/zzy/TrajectoryPlanning/distill/data/benchmark/mp/train/sample_002734.npz,mp,shifting_gaps,U,mp_shifting_gaps,medium,medium,0,mp:train
train,sample_004919.npz,/home/zzy/TrajectoryPlanning/distill/data/benchmark/mp/train/sample_002735.npz,mp,shifting_gaps,U,mp_shifting_gaps,medium,medium,0,mp:train
train,sample_004920.npz,/home/zzy/TrajectoryPlanning/distill/data/benchmark/mp/train/sample_002736.npz,mp,shifting_gaps,U,mp_shifting_gaps,medium,medium,0,mp:train
train,sample_004921.npz,/home/zzy/TrajectoryPlanning/distill/data/benchmark/mp/train/sample_002737.npz,mp,shifting_gaps,U,mp_shifting_gaps,medium,medium,0,mp:train
train,sample_004922.npz,/home/zzy/TrajectoryPlanning/distill/data/benchmark/mp/train/sample_002738.npz,mp,shifting_gaps,U,mp_shifting_gaps,medium,medium,0,mp:train
train,sample_004923.npz,/home/zzy/TrajectoryPlanning/distill/data/benchmark/mp/train/sample_002739.npz,mp,shifting_gaps,U,mp_shifting_gaps,medium,medium,0,mp:train
train,sample_004924.npz,/home/zzy/TrajectoryPlanning/distill/data/benchmark/mp/train/sample_002740.npz,mp,shifting_gaps,U,mp_shifting_gaps,medium,medium,0,mp:train
train,sample_004925.npz,/home/zzy/TrajectoryPlanning/distill/data/benchmark/mp/train/sample_002742.npz,mp,shifting_gaps,U,mp_shifting_gaps,medium,medium,0,mp:train
train,sample_004926.npz,/home/zzy/TrajectoryPlanning/distill/data/benchmark/mp/train/sample_002743.npz,mp,shifting_gaps,U,mp_shifting_gaps,medium,medium,0,mp:train
train,sample_004927.npz,/home/zzy/TrajectoryPlanning/distill/data/benchmark/mp/train/sample_002746.npz,mp,shifting_gaps,U,mp_shifting_gaps,medium,medium,0,mp:train
train,sample_004928.npz,/home/zzy/TrajectoryPlanning/distill/data/benchmark/mp/train/sample_002747.npz,mp,shifting_gaps,U,mp_shifting_gaps,medium,medium,0,mp:train
train,sample_004929.npz,/home/zzy/TrajectoryPlanning/distill/data/benchmark/mp/train/sample_002749.npz,mp,shifting_gaps,U,mp_shifting_gaps,medium,medium,0,mp:train
train,sample_004930.npz,/home/zzy/TrajectoryPlanning/distill/data/benchmark/mp/train/sample_002750.npz,mp,shifting_gaps,U,mp_shifting_gaps,medium,medium,0,mp:train
train,sample_004931.npz,/home/zzy/TrajectoryPlanning/distill/data/benchmark/mp/train/sample_002751.npz,mp,shifting_gaps,U,mp_shifting_gaps,medium,medium,0,mp:train
train,sample_004932.npz,/home/zzy/TrajectoryPlanning/distill/data/benchmark/mp/train/sample_002753.npz,mp,shifting_gaps,U,mp_shifting_gaps,medium,medium,0,mp:train
train,sample_004933.npz,/home/zzy/TrajectoryPlanning/distill/data/benchmark/mp/train/sample_002754.npz,mp,shifting_gaps,U,mp_shifting_gaps,medium,medium,0,mp:train
train,sample_004934.npz,/home/zzy/TrajectoryPlanning/distill/data/benchmark/mp/train/sample_002755.npz,mp,shifting_gaps,U,mp_shifting_gaps,medium,medium,0,mp:train
train,sample_004935.npz,/home/zzy/TrajectoryPlanning/distill/data/benchmark/mp/train/sample_002756.npz,mp,shifting_gaps,U,mp_shifting_gaps,medium,medium,0,mp:train
train,sample_004936.npz,/home/zzy/TrajectoryPlanning/distill/data/benchmark/mp/train/sample_002758.npz,mp,shifting_gaps,U,mp_shifting_gaps,medium,medium,0,mp:train
train,sample_004937.npz,/home/zzy/TrajectoryPlanning/distill/data/benchmark/mp/train/sample_002759.npz,mp,shifting_gaps,U,mp_shifting_gaps,medium,medium,0,mp:train
train,sample_004938.npz,/home/zzy/TrajectoryPlanning/distill/data/benchmark/mp/train/sample_002761.npz,mp,shifting_gaps,U,mp_shifting_gaps,medium,medium,0,mp:train
train,sample_004939.npz,/home/zzy/TrajectoryPlanning/distill/data/benchmark/mp/train/sample_002763.npz,mp,shifting_gaps,U,mp_shifting_gaps,medium,medium,0,mp:train
train,sample_004940.npz,/home/zzy/TrajectoryPlanning/distill/data/benchmark/mp/train/sample_002764.npz,mp,shifting_gaps,U,mp_shifting_gaps,medium,medium,0,mp:train
train,sample_004941.npz,/home/zzy/TrajectoryPlanning/distill/data/benchmark/mp/train/sample_002765.npz,mp,shifting_gaps,U,mp_shifting_gaps,medium,medium,0,mp:train
train,sample_004942.npz,/home/zzy/TrajectoryPlanning/distill/data/benchmark/mp/train/sample_002766.npz,mp,shifting_gaps,U,mp_shifting_gaps,medium,medium,0,mp:train
train,sample_004943.npz,/home/zzy/TrajectoryPlanning/distill/data/benchmark/mp/train/sample_002767.npz,mp,shifting_gaps,U,mp_shifting_gaps,medium,medium,0,mp:train
train,sample_004944.npz,/home/zzy/TrajectoryPlanning/distill/data/benchmark/mp/train/sample_002768.npz,mp,shifting_gaps,U,mp_shifting_gaps,medium,medium,0,mp:train
train,sample_004945.npz,/home/zzy/TrajectoryPlanning/distill/data/benchmark/mp/train/sample_002769.npz,mp,shifting_gaps,U,mp_shifting_gaps,medium,medium,0,mp:train
train,sample_004946.npz,/home/zzy/TrajectoryPlanning/distill/data/benchmark/mp/train/sample_002770.npz,mp,shifting_gaps,U,mp_shifting_gaps,medium,medium,0,mp:train
train,sample_004947.npz,/home/zzy/TrajectoryPlanning/distill/data/benchmark/mp/train/sample_002771.npz,mp,shifting_gaps,U,mp_shifting_gaps,medium,medium,0,mp:train
train,sample_004948.npz,/home/zzy/TrajectoryPlanning/distill/data/benchmark/mp/train/sample_002773.npz,mp,shifting_gaps,U,mp_shifting_gaps,medium,medium,0,mp:train
train,sample_004949.npz,/home/zzy/TrajectoryPlanning/distill/data/benchmark/mp/train/sample_002776.npz,mp,shifting_gaps,U,mp_shifting_gaps,medium,medium,0,mp:train
train,sample_004950.npz,/home/zzy/TrajectoryPlanning/distill/data/benchmark/mp/train/sample_002777.npz,mp,shifting_gaps,U,mp_shifting_gaps,medium,medium,0,mp:train
train,sample_004951.npz,/home/zzy/TrajectoryPlanning/distill/data/benchmark/mp/train/sample_002778.npz,mp,shifting_gaps,U,mp_shifting_gaps,medium,medium,0,mp:train
train,sample_004952.npz,/home/zzy/TrajectoryPlanning/distill/data/benchmark/mp/train/sample_002779.npz,mp,shifting_gaps,U,mp_shifting_gaps,medium,medium,0,mp:train
train,sample_004953.npz,/home/zzy/TrajectoryPlanning/distill/data/benchmark/mp/train/sample_002781.npz,mp,shifting_gaps,U,mp_shifting_gaps,medium,medium,0,mp:train
train,sample_004954.npz,/home/zzy/TrajectoryPlanning/distill/data/benchmark/mp/train/sample_002782.npz,mp,shifting_gaps,U,mp_shifting_gaps,medium,medium,0,mp:train
train,sample_004955.npz,/home/zzy/TrajectoryPlanning/distill/data/benchmark/mp/train/sample_002784.npz,mp,shifting_gaps,U,mp_shifting_gaps,medium,medium,0,mp:train
train,sample_004956.npz,/home/zzy/TrajectoryPlanning/distill/data/benchmark/mp/train/sample_002785.npz,mp,shifting_gaps,U,mp_shifting_gaps,medium,medium,0,mp:train
train,sample_004957.npz,/home/zzy/TrajectoryPlanning/distill/data/benchmark/mp/train/sample_002786.npz,mp,shifting_gaps,U,mp_shifting_gaps,medium,medium,0,mp:train
train,sample_004958.npz,/home/zzy/TrajectoryPlanning/distill/data/benchmark/mp/train/sample_002787.npz,mp,shifting_gaps,U,mp_shifting_gaps,medium,medium,0,mp:train
train,sample_004959.npz,/home/zzy/TrajectoryPlanning/distill/data/benchmark/mp/train/sample_002788.npz,mp,shifting_gaps,U,mp_shifting_gaps,medium,medium,0,mp:train
train,sample_004960.npz,/home/zzy/TrajectoryPlanning/distill/data/benchmark/mp/train/sample_002789.npz,mp,shifting_gaps,U,mp_shifting_gaps,medium,medium,0,mp:train
train,sample_004961.npz,/home/zzy/TrajectoryPlanning/distill/data/benchmark/mp/train/sample_002790.npz,mp,shifting_gaps,U,mp_shifting_gaps,medium,medium,0,mp:train
train,sample_004962.npz,/home/zzy/TrajectoryPlanning/distill/data/benchmark/mp/train/sample_002791.npz,mp,shifting_gaps,U,mp_shifting_gaps,medium,medium,0,mp:train
train,sample_004963.npz,/home/zzy/TrajectoryPlanning/distill/data/benchmark/mp/train/sample_002793.npz,mp,shifting_gaps,U,mp_shifting_gaps,medium,medium,0,mp:train
train,sample_004964.npz,/home/zzy/TrajectoryPlanning/distill/data/benchmark/mp/train/sample_002794.npz,mp,shifting_gaps,U,mp_shifting_gaps,medium,medium,0,mp:train
train,sample_004965.npz,/home/zzy/TrajectoryPlanning/distill/data/benchmark/mp/train/sample_002795.npz,mp,shifting_gaps,U,mp_shifting_gaps,medium,medium,0,mp:train
train,sample_004966.npz,/home/zzy/TrajectoryPlanning/distill/data/benchmark/mp/train/sample_002796.npz,mp,shifting_gaps,U,mp_shifting_gaps,medium,medium,0,mp:train
train,sample_004967.npz,/home/zzy/TrajectoryPlanning/distill/data/benchmark/mp/train/sample_002799.npz,mp,shifting_gaps,U,mp_shifting_gaps,medium,medium,0,mp:train
train,sample_004968.npz,/home/zzy/TrajectoryPlanning/distill/data/benchmark/mp/train/sample_002800.npz,mp,shifting_gaps,U,mp_shifting_gaps,medium,medium,0,mp:train
train,sample_004969.npz,/home/zzy/TrajectoryPlanning/distill/data/benchmark/mp/train/sample_002802.npz,mp,shifting_gaps,U,mp_shifting_gaps,medium,medium,0,mp:train
train,sample_004970.npz,/home/zzy/TrajectoryPlanning/distill/data/benchmark/mp/train/sample_002803.npz,mp,shifting_gaps,U,mp_shifting_gaps,medium,medium,0,mp:train
train,sample_004971.npz,/home/zzy/TrajectoryPlanning/distill/data/benchmark/mp/train/sample_002806.npz,mp,shifting_gaps,U,mp_shifting_gaps,medium,medium,0,mp:train
train,sample_004972.npz,/home/zzy/TrajectoryPlanning/distill/data/benchmark/mp/train/sample_002807.npz,mp,shifting_gaps,U,mp_shifting_gaps,medium,medium,0,mp:train
train,sample_004973.npz,/home/zzy/TrajectoryPlanning/distill/data/benchmark/mp/train/sample_002809.npz,mp,shifting_gaps,U,mp_shifting_gaps,medium,medium,0,mp:train
train,sample_004974.npz,/home/zzy/TrajectoryPlanning/distill/data/benchmark/mp/train/sample_002810.npz,mp,shifting_gaps,U,mp_shifting_gaps,medium,medium,0,mp:train
train,sample_004975.npz,/home/zzy/TrajectoryPlanning/distill/data/benchmark/mp/train/sample_002812.npz,mp,shifting_gaps,U,mp_shifting_gaps,medium,medium,0,mp:train
train,sample_004976.npz,/home/zzy/TrajectoryPlanning/distill/data/benchmark/mp/train/sample_002813.npz,mp,shifting_gaps,U,mp_shifting_gaps,medium,medium,0,mp:train
train,sample_004977.npz,/home/zzy/TrajectoryPlanning/distill/data/benchmark/mp/train/sample_002815.npz,mp,shifting_gaps,U,mp_shifting_gaps,medium,medium,0,mp:train
train,sample_004978.npz,/home/zzy/TrajectoryPlanning/distill/data/benchmark/mp/train/sample_002816.npz,mp,shifting_gaps,U,mp_shifting_gaps,medium,medium,0,mp:train
train,sample_004979.npz,/home/zzy/TrajectoryPlanning/distill/data/benchmark/mp/train/sample_002817.npz,mp,shifting_gaps,U,mp_shifting_gaps,medium,medium,0,mp:train
train,sample_004980.npz,/home/zzy/TrajectoryPlanning/distill/data/benchmark/mp/train/sample_002818.npz,mp,shifting_gaps,U,mp_shifting_gaps,medium,medium,0,mp:train
train,sample_004981.npz,/home/zzy/TrajectoryPlanning/distill/data/benchmark/mp/train/sample_002819.npz,mp,shifting_gaps,U,mp_shifting_gaps,medium,medium,0,mp:train
train,sample_004982.npz,/home/zzy/TrajectoryPlanning/distill/data/benchmark/mp/train/sample_002820.npz,mp,shifting_gaps,U,mp_shifting_gaps,medium,medium,0,mp:train
train,sample_004983.npz,/home/zzy/TrajectoryPlanning/distill/data/benchmark/mp/train/sample_002822.npz,mp,shifting_gaps,U,mp_shifting_gaps,medium,medium,0,mp:train
train,sample_004984.npz,/home/zzy/TrajectoryPlanning/distill/data/benchmark/mp/train/sample_002823.npz,mp,shifting_gaps,U,mp_shifting_gaps,medium,medium,0,mp:train
train,sample_004985.npz,/home/zzy/TrajectoryPlanning/distill/data/benchmark/mp/train/sample_002825.npz,mp,shifting_gaps,U,mp_shifting_gaps,medium,medium,0,mp:train
train,sample_004986.npz,/home/zzy/TrajectoryPlanning/distill/data/benchmark/mp/train/sample_002826.npz,mp,shifting_gaps,U,mp_shifting_gaps,medium,medium,0,mp:train
train,sample_004987.npz,/home/zzy/TrajectoryPlanning/distill/data/benchmark/mp/train/sample_002827.npz,mp,shifting_gaps,U,mp_shifting_gaps,medium,medium,0,mp:train
train,sample_004988.npz,/home/zzy/TrajectoryPlanning/distill/data/benchmark/mp/train/sample_002828.npz,mp,shifting_gaps,U,mp_shifting_gaps,medium,medium,0,mp:train
train,sample_004989.npz,/home/zzy/TrajectoryPlanning/distill/data/benchmark/mp/train/sample_002829.npz,mp,shifting_gaps,U,mp_shifting_gaps,medium,medium,0,mp:train
train,sample_004990.npz,/home/zzy/TrajectoryPlanning/distill/data/benchmark/mp/train/sample_002830.npz,mp,shifting_gaps,U,mp_shifting_gaps,medium,medium,0,mp:train
train,sample_004991.npz,/home/zzy/TrajectoryPlanning/distill/data/benchmark/mp/train/sample_002831.npz,mp,shifting_gaps,U,mp_shifting_gaps,medium,medium,0,mp:train
train,sample_004992.npz,/home/zzy/TrajectoryPlanning/distill/data/benchmark/mp/train/sample_002832.npz,mp,shifting_gaps,U,mp_shifting_gaps,medium,medium,0,mp:train
train,sample_004993.npz,/home/zzy/TrajectoryPlanning/distill/data/benchmark/mp/train/sample_002833.npz,mp,shifting_gaps,U,mp_shifting_gaps,medium,medium,0,mp:train
train,sample_004994.npz,/home/zzy/TrajectoryPlanning/distill/data/benchmark/mp/train/sample_002836.npz,mp,shifting_gaps,U,mp_shifting_gaps,medium,medium,0,mp:train
train,sample_004995.npz,/home/zzy/TrajectoryPlanning/distill/data/benchmark/mp/train/sample_002837.npz,mp,shifting_gaps,U,mp_shifting_gaps,medium,medium,0,mp:train
train,sample_004996.npz,/home/zzy/TrajectoryPlanning/distill/data/benchmark/mp/train/sample_002838.npz,mp,shifting_gaps,U,mp_shifting_gaps,medium,medium,0,mp:train
train,sample_004997.npz,/home/zzy/TrajectoryPlanning/distill/data/benchmark/mp/train/sample_002839.npz,mp,shifting_gaps,U,mp_shifting_gaps,medium,medium,0,mp:train
train,sample_004998.npz,/home/zzy/TrajectoryPlanning/distill/data/benchmark/mp/train/sample_002840.npz,mp,shifting_gaps,U,mp_shifting_gaps,medium,medium,0,mp:train
train,sample_004999.npz,/home/zzy/TrajectoryPlanning/distill/data/benchmark/mp/train/sample_002841.npz,mp,shifting_gaps,U,mp_shifting_gaps,medium,medium,0,mp:train
train,sample_005000.npz,/home/zzy/TrajectoryPlanning/distill/data/benchmark/mp/train/sample_002842.npz,mp,shifting_gaps,U,mp_shifting_gaps,medium,medium,0,mp:train
train,sample_005001.npz,/home/zzy/TrajectoryPlanning/distill/data/benchmark/mp/train/sample_002843.npz,mp,shifting_gaps,U,mp_shifting_gaps,medium,medium,0,mp:train
train,sample_005002.npz,/home/zzy/TrajectoryPlanning/distill/data/benchmark/mp/train/sample_002844.npz,mp,shifting_gaps,U,mp_shifting_gaps,medium,medium,0,mp:train
train,sample_005003.npz,/home/zzy/TrajectoryPlanning/distill/data/benchmark/mp/train/sample_002845.npz,mp,shifting_gaps,U,mp_shifting_gaps,medium,medium,0,mp:train
train,sample_005004.npz,/home/zzy/TrajectoryPlanning/distill/data/benchmark/mp/train/sample_002846.npz,mp,shifting_gaps,U,mp_shifting_gaps,medium,medium,0,mp:train
train,sample_005005.npz,/home/zzy/TrajectoryPlanning/distill/data/benchmark/mp/train/sample_002847.npz,mp,shifting_gaps,U,mp_shifting_gaps,medium,medium,0,mp:train
train,sample_005006.npz,/home/zzy/TrajectoryPlanning/distill/data/benchmark/mp/train/sample_002848.npz,mp,shifting_gaps,U,mp_shifting_gaps,medium,medium,0,mp:train
train,sample_005007.npz,/home/zzy/TrajectoryPlanning/distill/data/benchmark/mp/train/sample_002849.npz,mp,shifting_gaps,U,mp_shifting_gaps,medium,medium,0,mp:train
train,sample_005008.npz,/home/zzy/TrajectoryPlanning/distill/data/benchmark/mp/train/sample_002850.npz,mp,shifting_gaps,U,mp_shifting_gaps,medium,medium,0,mp:train
train,sample_005009.npz,/home/zzy/TrajectoryPlanning/distill/data/benchmark/mp/train/sample_002851.npz,mp,shifting_gaps,U,mp_shifting_gaps,medium,medium,0,mp:train
train,sample_005010.npz,/home/zzy/TrajectoryPlanning/distill/data/benchmark/mp/train/sample_002852.npz,mp,shifting_gaps,U,mp_shifting_gaps,medium,medium,0,mp:train
train,sample_005011.npz,/home/zzy/TrajectoryPlanning/distill/data/benchmark/mp/train/sample_002853.npz,mp,shifting_gaps,U,mp_shifting_gaps,medium,medium,0,mp:train
train,sample_005012.npz,/home/zzy/TrajectoryPlanning/distill/data/benchmark/mp/train/sample_002854.npz,mp,shifting_gaps,U,mp_shifting_gaps,medium,medium,0,mp:train
train,sample_005013.npz,/home/zzy/TrajectoryPlanning/distill/data/benchmark/mp/train/sample_002856.npz,mp,shifting_gaps,U,mp_shifting_gaps,medium,medium,0,mp:train
train,sample_005014.npz,/home/zzy/TrajectoryPlanning/distill/data/benchmark/mp/train/sample_002858.npz,mp,shifting_gaps,U,mp_shifting_gaps,medium,medium,0,mp:train
train,sample_005015.npz,/home/zzy/TrajectoryPlanning/distill/data/benchmark/mp/train/sample_002860.npz,mp,shifting_gaps,U,mp_shifting_gaps,medium,medium,0,mp:train
train,sample_005016.npz,/home/zzy/TrajectoryPlanning/distill/data/benchmark/mp/train/sample_002861.npz,mp,shifting_gaps,U,mp_shifting_gaps,medium,medium,0,mp:train
train,sample_005017.npz,/home/zzy/TrajectoryPlanning/distill/data/benchmark/mp/train/sample_002862.npz,mp,shifting_gaps,U,mp_shifting_gaps,medium,medium,0,mp:train
train,sample_005018.npz,/home/zzy/TrajectoryPlanning/distill/data/benchmark/mp/train/sample_002863.npz,mp,shifting_gaps,U,mp_shifting_gaps,medium,medium,0,mp:train
train,sample_005019.npz,/home/zzy/TrajectoryPlanning/distill/data/benchmark/mp/train/sample_002864.npz,mp,shifting_gaps,U,mp_shifting_gaps,medium,medium,0,mp:train
train,sample_005020.npz,/home/zzy/TrajectoryPlanning/distill/data/benchmark/mp/train/sample_002865.npz,mp,shifting_gaps,U,mp_shifting_gaps,medium,medium,0,mp:train
train,sample_005021.npz,/home/zzy/TrajectoryPlanning/distill/data/benchmark/mp/train/sample_002866.npz,mp,shifting_gaps,U,mp_shifting_gaps,medium,medium,0,mp:train
train,sample_005022.npz,/home/zzy/TrajectoryPlanning/distill/data/benchmark/mp/train/sample_002867.npz,mp,shifting_gaps,U,mp_shifting_gaps,medium,medium,0,mp:train
train,sample_005023.npz,/home/zzy/TrajectoryPlanning/distill/data/benchmark/mp/train/sample_002868.npz,mp,shifting_gaps,U,mp_shifting_gaps,medium,medium,0,mp:train
train,sample_005024.npz,/home/zzy/TrajectoryPlanning/distill/data/benchmark/mp/train/sample_002869.npz,mp,shifting_gaps,U,mp_shifting_gaps,medium,medium,0,mp:train
train,sample_005025.npz,/home/zzy/TrajectoryPlanning/distill/data/benchmark/mp/train/sample_002870.npz,mp,shifting_gaps,U,mp_shifting_gaps,medium,medium,0,mp:train
train,sample_005026.npz,/home/zzy/TrajectoryPlanning/distill/data/benchmark/mp/train/sample_002872.npz,mp,shifting_gaps,U,mp_shifting_gaps,medium,medium,0,mp:train
train,sample_005027.npz,/home/zzy/TrajectoryPlanning/distill/data/benchmark/mp/train/sample_002873.npz,mp,shifting_gaps,U,mp_shifting_gaps,medium,medium,0,mp:train
train,sample_005028.npz,/home/zzy/TrajectoryPlanning/distill/data/benchmark/mp/train/sample_002875.npz,mp,shifting_gaps,U,mp_shifting_gaps,medium,medium,0,mp:train
train,sample_005029.npz,/home/zzy/TrajectoryPlanning/distill/data/benchmark/mp/train/sample_002876.npz,mp,shifting_gaps,U,mp_shifting_gaps,medium,medium,0,mp:train
train,sample_005030.npz,/home/zzy/TrajectoryPlanning/distill/data/benchmark/mp/train/sample_002877.npz,mp,shifting_gaps,U,mp_shifting_gaps,medium,medium,0,mp:train
train,sample_005031.npz,/home/zzy/TrajectoryPlanning/distill/data/benchmark/mp/train/sample_002878.npz,mp,shifting_gaps,U,mp_shifting_gaps,medium,medium,0,mp:train
train,sample_005032.npz,/home/zzy/TrajectoryPlanning/distill/data/benchmark/mp/train/sample_002879.npz,mp,shifting_gaps,U,mp_shifting_gaps,medium,medium,0,mp:train
train,sample_005033.npz,/home/zzy/TrajectoryPlanning/distill/data/benchmark/mp/train/sample_002883.npz,mp,shifting_gaps,U,mp_shifting_gaps,medium,medium,0,mp:train
train,sample_005034.npz,/home/zzy/TrajectoryPlanning/distill/data/benchmark/mp/train/sample_002884.npz,mp,shifting_gaps,U,mp_shifting_gaps,medium,medium,0,mp:train
train,sample_005035.npz,/home/zzy/TrajectoryPlanning/distill/data/benchmark/mp/train/sample_002885.npz,mp,shifting_gaps,U,mp_shifting_gaps,medium,medium,0,mp:train
train,sample_005036.npz,/home/zzy/TrajectoryPlanning/distill/data/benchmark/mp/train/sample_002886.npz,mp,shifting_gaps,U,mp_shifting_gaps,medium,medium,0,mp:train
train,sample_005037.npz,/home/zzy/TrajectoryPlanning/distill/data/benchmark/mp/train/sample_002888.npz,mp,shifting_gaps,U,mp_shifting_gaps,medium,medium,0,mp:train
train,sample_005038.npz,/home/zzy/TrajectoryPlanning/distill/data/benchmark/mp/train/sample_002889.npz,mp,shifting_gaps,U,mp_shifting_gaps,medium,medium,0,mp:train
train,sample_005039.npz,/home/zzy/TrajectoryPlanning/distill/data/benchmark/mp/train/sample_002893.npz,mp,shifting_gaps,U,mp_shifting_gaps,medium,medium,0,mp:train
train,sample_005040.npz,/home/zzy/TrajectoryPlanning/distill/data/benchmark/mp/train/sample_002894.npz,mp,shifting_gaps,U,mp_shifting_gaps,medium,medium,0,mp:train
train,sample_005041.npz,/home/zzy/TrajectoryPlanning/distill/data/benchmark/mp/train/sample_002895.npz,mp,shifting_gaps,U,mp_shifting_gaps,medium,medium,0,mp:train
train,sample_005042.npz,/home/zzy/TrajectoryPlanning/distill/data/benchmark/mp/train/sample_002896.npz,mp,shifting_gaps,U,mp_shifting_gaps,medium,medium,0,mp:train
train,sample_005043.npz,/home/zzy/TrajectoryPlanning/distill/data/benchmark/mp/train/sample_002897.npz,mp,shifting_gaps,U,mp_shifting_gaps,medium,medium,0,mp:train
train,sample_005044.npz,/home/zzy/TrajectoryPlanning/distill/data/benchmark/mp/train/sample_002898.npz,mp,shifting_gaps,U,mp_shifting_gaps,medium,medium,0,mp:train
train,sample_005045.npz,/home/zzy/TrajectoryPlanning/distill/data/benchmark/mp/train/sample_002899.npz,mp,shifting_gaps,U,mp_shifting_gaps,medium,medium,0,mp:train
train,sample_005046.npz,/home/zzy/TrajectoryPlanning/distill/data/benchmark/mp/train/sample_002900.npz,mp,shifting_gaps,U,mp_shifting_gaps,medium,medium,0,mp:train
train,sample_005047.npz,/home/zzy/TrajectoryPlanning/distill/data/benchmark/mp/train/sample_002901.npz,mp,shifting_gaps,U,mp_shifting_gaps,medium,medium,0,mp:train
train,sample_005048.npz,/home/zzy/TrajectoryPlanning/distill/data/benchmark/mp/train/sample_002902.npz,mp,shifting_gaps,U,mp_shifting_gaps,medium,medium,0,mp:train
train,sample_005049.npz,/home/zzy/TrajectoryPlanning/distill/data/benchmark/mp/train/sample_002903.npz,mp,shifting_gaps,U,mp_shifting_gaps,medium,medium,0,mp:train
train,sample_005050.npz,/home/zzy/TrajectoryPlanning/distill/data/benchmark/mp/train/sample_002904.npz,mp,shifting_gaps,U,mp_shifting_gaps,medium,medium,0,mp:train
train,sample_005051.npz,/home/zzy/TrajectoryPlanning/distill/data/benchmark/mp/train/sample_002905.npz,mp,shifting_gaps,U,mp_shifting_gaps,medium,medium,0,mp:train
train,sample_005052.npz,/home/zzy/TrajectoryPlanning/distill/data/benchmark/mp/train/sample_002906.npz,mp,shifting_gaps,U,mp_shifting_gaps,medium,medium,0,mp:train
train,sample_005053.npz,/home/zzy/TrajectoryPlanning/distill/data/benchmark/mp/train/sample_002907.npz,mp,shifting_gaps,U,mp_shifting_gaps,medium,medium,0,mp:train
train,sample_005054.npz,/home/zzy/TrajectoryPlanning/distill/data/benchmark/mp/train/sample_002908.npz,mp,shifting_gaps,U,mp_shifting_gaps,medium,medium,0,mp:train
train,sample_005055.npz,/home/zzy/TrajectoryPlanning/distill/data/benchmark/mp/train/sample_002909.npz,mp,shifting_gaps,U,mp_shifting_gaps,medium,medium,0,mp:train
train,sample_005056.npz,/home/zzy/TrajectoryPlanning/distill/data/benchmark/mp/train/sample_002910.npz,mp,shifting_gaps,U,mp_shifting_gaps,medium,medium,0,mp:train
train,sample_005057.npz,/home/zzy/TrajectoryPlanning/distill/data/benchmark/mp/train/sample_002911.npz,mp,shifting_gaps,U,mp_shifting_gaps,medium,medium,0,mp:train
train,sample_005058.npz,/home/zzy/TrajectoryPlanning/distill/data/benchmark/mp/train/sample_002912.npz,mp,shifting_gaps,U,mp_shifting_gaps,medium,medium,0,mp:train
train,sample_005059.npz,/home/zzy/TrajectoryPlanning/distill/data/benchmark/mp/train/sample_002913.npz,mp,shifting_gaps,U,mp_shifting_gaps,medium,medium,0,mp:train
train,sample_005060.npz,/home/zzy/TrajectoryPlanning/distill/data/benchmark/mp/train/sample_002914.npz,mp,shifting_gaps,U,mp_shifting_gaps,medium,medium,0,mp:train
train,sample_005061.npz,/home/zzy/TrajectoryPlanning/distill/data/benchmark/mp/train/sample_002915.npz,mp,shifting_gaps,U,mp_shifting_gaps,medium,medium,0,mp:train
train,sample_005062.npz,/home/zzy/TrajectoryPlanning/distill/data/benchmark/mp/train/sample_002916.npz,mp,shifting_gaps,U,mp_shifting_gaps,medium,medium,0,mp:train
train,sample_005063.npz,/home/zzy/TrajectoryPlanning/distill/data/benchmark/mp/train/sample_002917.npz,mp,shifting_gaps,U,mp_shifting_gaps,medium,medium,0,mp:train
train,sample_005064.npz,/home/zzy/TrajectoryPlanning/distill/data/benchmark/mp/train/sample_002918.npz,mp,shifting_gaps,U,mp_shifting_gaps,medium,medium,0,mp:train
train,sample_005065.npz,/home/zzy/TrajectoryPlanning/distill/data/benchmark/mp/train/sample_002919.npz,mp,shifting_gaps,U,mp_shifting_gaps,medium,medium,0,mp:train
train,sample_005066.npz,/home/zzy/TrajectoryPlanning/distill/data/benchmark/mp/train/sample_002921.npz,mp,shifting_gaps,U,mp_shifting_gaps,medium,medium,0,mp:train
train,sample_005067.npz,/home/zzy/TrajectoryPlanning/distill/data/benchmark/mp/train/sample_002922.npz,mp,shifting_gaps,U,mp_shifting_gaps,medium,medium,0,mp:train
train,sample_005068.npz,/home/zzy/TrajectoryPlanning/distill/data/benchmark/mp/train/sample_002923.npz,mp,shifting_gaps,U,mp_shifting_gaps,medium,medium,0,mp:train
train,sample_005069.npz,/home/zzy/TrajectoryPlanning/distill/data/benchmark/mp/train/sample_002924.npz,mp,shifting_gaps,U,mp_shifting_gaps,medium,medium,0,mp:train
train,sample_005070.npz,/home/zzy/TrajectoryPlanning/distill/data/benchmark/mp/train/sample_002925.npz,mp,shifting_gaps,U,mp_shifting_gaps,medium,medium,0,mp:train
train,sample_005071.npz,/home/zzy/TrajectoryPlanning/distill/data/benchmark/mp/train/sample_002926.npz,mp,shifting_gaps,U,mp_shifting_gaps,medium,medium,0,mp:train
train,sample_005072.npz,/home/zzy/TrajectoryPlanning/distill/data/benchmark/mp/train/sample_002928.npz,mp,shifting_gaps,U,mp_shifting_gaps,medium,medium,0,mp:train
train,sample_005073.npz,/home/zzy/TrajectoryPlanning/distill/data/benchmark/mp/train/sample_002929.npz,mp,shifting_gaps,U,mp_shifting_gaps,medium,medium,0,mp:train
train,sample_005074.npz,/home/zzy/TrajectoryPlanning/distill/data/benchmark/mp/train/sample_002930.npz,mp,shifting_gaps,U,mp_shifting_gaps,medium,medium,0,mp:train
train,sample_005075.npz,/home/zzy/TrajectoryPlanning/distill/data/benchmark/mp/train/sample_002931.npz,mp,shifting_gaps,U,mp_shifting_gaps,medium,medium,0,mp:train
train,sample_005076.npz,/home/zzy/TrajectoryPlanning/distill/data/benchmark/mp/train/sample_002932.npz,mp,shifting_gaps,U,mp_shifting_gaps,medium,medium,0,mp:train
train,sample_005077.npz,/home/zzy/TrajectoryPlanning/distill/data/benchmark/mp/train/sample_002933.npz,mp,shifting_gaps,U,mp_shifting_gaps,medium,medium,0,mp:train
train,sample_005078.npz,/home/zzy/TrajectoryPlanning/distill/data/benchmark/mp/train/sample_002935.npz,mp,shifting_gaps,U,mp_shifting_gaps,medium,medium,0,mp:train
train,sample_005079.npz,/home/zzy/TrajectoryPlanning/distill/data/benchmark/mp/train/sample_002936.npz,mp,shifting_gaps,U,mp_shifting_gaps,medium,medium,0,mp:train
train,sample_005080.npz,/home/zzy/TrajectoryPlanning/distill/data/benchmark/mp/train/sample_002937.npz,mp,shifting_gaps,U,mp_shifting_gaps,medium,medium,0,mp:train
train,sample_005081.npz,/home/zzy/TrajectoryPlanning/distill/data/benchmark/mp/train/sample_002939.npz,mp,shifting_gaps,U,mp_shifting_gaps,medium,medium,0,mp:train
train,sample_005082.npz,/home/zzy/TrajectoryPlanning/distill/data/benchmark/mp/train/sample_002941.npz,mp,shifting_gaps,U,mp_shifting_gaps,medium,medium,0,mp:train
train,sample_005083.npz,/home/zzy/TrajectoryPlanning/distill/data/benchmark/mp/train/sample_002942.npz,mp,shifting_gaps,U,mp_shifting_gaps,medium,medium,0,mp:train
train,sample_005084.npz,/home/zzy/TrajectoryPlanning/distill/data/benchmark/mp/train/sample_002943.npz,mp,shifting_gaps,U,mp_shifting_gaps,medium,medium,0,mp:train
train,sample_005085.npz,/home/zzy/TrajectoryPlanning/distill/data/benchmark/mp/train/sample_002944.npz,mp,shifting_gaps,U,mp_shifting_gaps,medium,medium,0,mp:train
train,sample_005086.npz,/home/zzy/TrajectoryPlanning/distill/data/benchmark/mp/train/sample_002945.npz,mp,shifting_gaps,U,mp_shifting_gaps,medium,medium,0,mp:train
train,sample_005087.npz,/home/zzy/TrajectoryPlanning/distill/data/benchmark/mp/train/sample_002946.npz,mp,shifting_gaps,U,mp_shifting_gaps,medium,medium,0,mp:train
train,sample_005088.npz,/home/zzy/TrajectoryPlanning/distill/data/benchmark/mp/train/sample_002947.npz,mp,shifting_gaps,U,mp_shifting_gaps,medium,medium,0,mp:train
train,sample_005089.npz,/home/zzy/TrajectoryPlanning/distill/data/benchmark/mp/train/sample_002949.npz,mp,shifting_gaps,U,mp_shifting_gaps,medium,medium,0,mp:train
train,sample_005090.npz,/home/zzy/TrajectoryPlanning/distill/data/benchmark/mp/train/sample_002951.npz,mp,shifting_gaps,U,mp_shifting_gaps,medium,medium,0,mp:train
train,sample_005091.npz,/home/zzy/TrajectoryPlanning/distill/data/benchmark/mp/train/sample_002952.npz,mp,shifting_gaps,U,mp_shifting_gaps,medium,medium,0,mp:train
train,sample_005092.npz,/home/zzy/TrajectoryPlanning/distill/data/benchmark/mp/train/sample_002953.npz,mp,shifting_gaps,U,mp_shifting_gaps,medium,medium,0,mp:train
train,sample_005093.npz,/home/zzy/TrajectoryPlanning/distill/data/benchmark/mp/train/sample_002954.npz,mp,shifting_gaps,U,mp_shifting_gaps,medium,medium,0,mp:train
train,sample_005094.npz,/home/zzy/TrajectoryPlanning/distill/data/benchmark/mp/train/sample_002955.npz,mp,shifting_gaps,U,mp_shifting_gaps,medium,medium,0,mp:train
train,sample_005095.npz,/home/zzy/TrajectoryPlanning/distill/data/benchmark/mp/train/sample_002956.npz,mp,shifting_gaps,U,mp_shifting_gaps,medium,medium,0,mp:train
train,sample_005096.npz,/home/zzy/TrajectoryPlanning/distill/data/benchmark/mp/train/sample_002957.npz,mp,shifting_gaps,U,mp_shifting_gaps,medium,medium,0,mp:train
train,sample_005097.npz,/home/zzy/TrajectoryPlanning/distill/data/benchmark/mp/train/sample_002958.npz,mp,shifting_gaps,U,mp_shifting_gaps,medium,medium,0,mp:train
train,sample_005098.npz,/home/zzy/TrajectoryPlanning/distill/data/benchmark/mp/train/sample_002959.npz,mp,shifting_gaps,U,mp_shifting_gaps,medium,medium,0,mp:train
train,sample_005099.npz,/home/zzy/TrajectoryPlanning/distill/data/benchmark/mp/train/sample_002961.npz,mp,shifting_gaps,U,mp_shifting_gaps,medium,medium,0,mp:train
train,sample_005100.npz,/home/zzy/TrajectoryPlanning/distill/data/benchmark/mp/train/sample_002962.npz,mp,shifting_gaps,U,mp_shifting_gaps,medium,medium,0,mp:train
train,sample_005101.npz,/home/zzy/TrajectoryPlanning/distill/data/benchmark/mp/train/sample_002963.npz,mp,shifting_gaps,U,mp_shifting_gaps,medium,medium,0,mp:train
train,sample_005102.npz,/home/zzy/TrajectoryPlanning/distill/data/benchmark/mp/train/sample_002964.npz,mp,shifting_gaps,U,mp_shifting_gaps,medium,medium,0,mp:train
train,sample_005103.npz,/home/zzy/TrajectoryPlanning/distill/data/benchmark/mp/train/sample_002965.npz,mp,shifting_gaps,U,mp_shifting_gaps,medium,medium,0,mp:train
train,sample_005104.npz,/home/zzy/TrajectoryPlanning/distill/data/benchmark/mp/train/sample_002966.npz,mp,shifting_gaps,U,mp_shifting_gaps,medium,medium,0,mp:train
train,sample_005105.npz,/home/zzy/TrajectoryPlanning/distill/data/benchmark/mp/train/sample_002967.npz,mp,shifting_gaps,U,mp_shifting_gaps,medium,medium,0,mp:train
train,sample_005106.npz,/home/zzy/TrajectoryPlanning/distill/data/benchmark/mp/train/sample_002968.npz,mp,shifting_gaps,U,mp_shifting_gaps,medium,medium,0,mp:train
train,sample_005107.npz,/home/zzy/TrajectoryPlanning/distill/data/benchmark/mp/train/sample_002969.npz,mp,shifting_gaps,U,mp_shifting_gaps,medium,medium,0,mp:train
train,sample_005108.npz,/home/zzy/TrajectoryPlanning/distill/data/benchmark/mp/train/sample_002970.npz,mp,shifting_gaps,U,mp_shifting_gaps,medium,medium,0,mp:train
train,sample_005109.npz,/home/zzy/TrajectoryPlanning/distill/data/benchmark/mp/train/sample_002971.npz,mp,shifting_gaps,U,mp_shifting_gaps,medium,medium,0,mp:train
train,sample_005110.npz,/home/zzy/TrajectoryPlanning/distill/data/benchmark/mp/train/sample_002972.npz,mp,shifting_gaps,U,mp_shifting_gaps,medium,medium,0,mp:train
train,sample_005111.npz,/home/zzy/TrajectoryPlanning/distill/data/benchmark/mp/train/sample_002973.npz,mp,shifting_gaps,U,mp_shifting_gaps,medium,medium,0,mp:train
train,sample_005112.npz,/home/zzy/TrajectoryPlanning/distill/data/benchmark/mp/train/sample_002974.npz,mp,shifting_gaps,U,mp_shifting_gaps,medium,medium,0,mp:train
train,sample_005113.npz,/home/zzy/TrajectoryPlanning/distill/data/benchmark/mp/train/sample_002975.npz,mp,shifting_gaps,U,mp_shifting_gaps,medium,medium,0,mp:train
train,sample_005114.npz,/home/zzy/TrajectoryPlanning/distill/data/benchmark/mp/train/sample_002977.npz,mp,shifting_gaps,U,mp_shifting_gaps,medium,medium,0,mp:train
train,sample_005115.npz,/home/zzy/TrajectoryPlanning/distill/data/benchmark/mp/train/sample_002979.npz,mp,shifting_gaps,U,mp_shifting_gaps,medium,medium,0,mp:train
train,sample_005116.npz,/home/zzy/TrajectoryPlanning/distill/data/benchmark/mp/train/sample_002980.npz,mp,shifting_gaps,U,mp_shifting_gaps,medium,medium,0,mp:train
train,sample_005117.npz,/home/zzy/TrajectoryPlanning/distill/data/benchmark/mp/train/sample_002981.npz,mp,shifting_gaps,U,mp_shifting_gaps,medium,medium,0,mp:train
train,sample_005118.npz,/home/zzy/TrajectoryPlanning/distill/data/benchmark/mp/train/sample_002984.npz,mp,shifting_gaps,U,mp_shifting_gaps,medium,medium,0,mp:train
train,sample_005119.npz,/home/zzy/TrajectoryPlanning/distill/data/benchmark/mp/train/sample_002986.npz,mp,shifting_gaps,U,mp_shifting_gaps,medium,medium,0,mp:train
train,sample_005120.npz,/home/zzy/TrajectoryPlanning/distill/data/benchmark/mp/train/sample_002987.npz,mp,shifting_gaps,U,mp_shifting_gaps,medium,medium,0,mp:train
train,sample_005121.npz,/home/zzy/TrajectoryPlanning/distill/data/benchmark/mp/train/sample_002988.npz,mp,shifting_gaps,U,mp_shifting_gaps,medium,medium,0,mp:train
train,sample_005122.npz,/home/zzy/TrajectoryPlanning/distill/data/benchmark/mp/train/sample_002989.npz,mp,shifting_gaps,U,mp_shifting_gaps,medium,medium,0,mp:train
train,sample_005123.npz,/home/zzy/TrajectoryPlanning/distill/data/benchmark/mp/train/sample_002991.npz,mp,shifting_gaps,U,mp_shifting_gaps,medium,medium,0,mp:train
train,sample_005124.npz,/home/zzy/TrajectoryPlanning/distill/data/benchmark/mp/train/sample_002993.npz,mp,shifting_gaps,U,mp_shifting_gaps,medium,medium,0,mp:train
train,sample_005125.npz,/home/zzy/TrajectoryPlanning/distill/data/benchmark/mp/train/sample_002994.npz,mp,shifting_gaps,U,mp_shifting_gaps,medium,medium,0,mp:train
train,sample_005126.npz,/home/zzy/TrajectoryPlanning/distill/data/benchmark/mp/train/sample_002995.npz,mp,shifting_gaps,U,mp_shifting_gaps,medium,medium,0,mp:train
train,sample_005127.npz,/home/zzy/TrajectoryPlanning/distill/data/benchmark/mp/train/sample_002996.npz,mp,shifting_gaps,U,mp_shifting_gaps,medium,medium,0,mp:train
train,sample_005128.npz,/home/zzy/TrajectoryPlanning/distill/data/benchmark/mp/train/sample_002998.npz,mp,shifting_gaps,U,mp_shifting_gaps,medium,medium,0,mp:train
train,sample_005129.npz,/home/zzy/TrajectoryPlanning/distill/data/benchmark/mp/train/sample_002999.npz,mp,shifting_gaps,U,mp_shifting_gaps,medium,medium,0,mp:train
train,sample_005130.npz,/home/zzy/TrajectoryPlanning/distill/data/benchmark/mp/train/sample_003000.npz,mp,shifting_gaps,U,mp_shifting_gaps,medium,medium,0,mp:train
train,sample_005131.npz,/home/zzy/TrajectoryPlanning/distill/data/benchmark/mp/train/sample_003003.npz,mp,shifting_gaps,U,mp_shifting_gaps,medium,medium,0,mp:train
train,sample_005132.npz,/home/zzy/TrajectoryPlanning/distill/data/benchmark/mp/train/sample_003004.npz,mp,shifting_gaps,U,mp_shifting_gaps,medium,medium,0,mp:train
train,sample_005133.npz,/home/zzy/TrajectoryPlanning/distill/data/benchmark/mp/train/sample_003005.npz,mp,shifting_gaps,U,mp_shifting_gaps,medium,medium,0,mp:train
train,sample_005134.npz,/home/zzy/TrajectoryPlanning/distill/data/benchmark/mp/train/sample_003006.npz,mp,shifting_gaps,U,mp_shifting_gaps,medium,medium,0,mp:train
train,sample_005135.npz,/home/zzy/TrajectoryPlanning/distill/data/benchmark/mp/train/sample_003007.npz,mp,shifting_gaps,U,mp_shifting_gaps,medium,medium,0,mp:train
train,sample_005136.npz,/home/zzy/TrajectoryPlanning/distill/data/benchmark/mp/train/sample_003008.npz,mp,shifting_gaps,U,mp_shifting_gaps,medium,medium,0,mp:train
train,sample_005137.npz,/home/zzy/TrajectoryPlanning/distill/data/benchmark/mp/train/sample_003009.npz,mp,shifting_gaps,U,mp_shifting_gaps,medium,medium,0,mp:train
train,sample_005138.npz,/home/zzy/TrajectoryPlanning/distill/data/benchmark/mp/train/sample_003010.npz,mp,shifting_gaps,U,mp_shifting_gaps,medium,medium,0,mp:train
train,sample_005139.npz,/home/zzy/TrajectoryPlanning/distill/data/benchmark/mp/train/sample_003012.npz,mp,shifting_gaps,U,mp_shifting_gaps,medium,medium,0,mp:train
train,sample_005140.npz,/home/zzy/TrajectoryPlanning/distill/data/benchmark/mp/train/sample_003013.npz,mp,shifting_gaps,U,mp_shifting_gaps,medium,medium,0,mp:train
train,sample_005141.npz,/home/zzy/TrajectoryPlanning/distill/data/benchmark/mp/train/sample_003015.npz,mp,shifting_gaps,U,mp_shifting_gaps,medium,medium,0,mp:train
train,sample_005142.npz,/home/zzy/TrajectoryPlanning/distill/data/benchmark/mp/train/sample_003016.npz,mp,shifting_gaps,U,mp_shifting_gaps,medium,medium,0,mp:train
train,sample_005143.npz,/home/zzy/TrajectoryPlanning/distill/data/benchmark/mp/train/sample_003017.npz,mp,shifting_gaps,U,mp_shifting_gaps,medium,medium,0,mp:train
train,sample_005144.npz,/home/zzy/TrajectoryPlanning/distill/data/benchmark/mp/train/sample_003018.npz,mp,shifting_gaps,U,mp_shifting_gaps,medium,medium,0,mp:train
train,sample_005145.npz,/home/zzy/TrajectoryPlanning/distill/data/benchmark/mp/train/sample_003019.npz,mp,shifting_gaps,U,mp_shifting_gaps,medium,medium,0,mp:train
train,sample_005146.npz,/home/zzy/TrajectoryPlanning/distill/data/benchmark/mp/train/sample_003021.npz,mp,shifting_gaps,U,mp_shifting_gaps,medium,medium,0,mp:train
train,sample_005147.npz,/home/zzy/TrajectoryPlanning/distill/data/benchmark/mp/train/sample_003023.npz,mp,shifting_gaps,U,mp_shifting_gaps,medium,medium,0,mp:train
train,sample_005148.npz,/home/zzy/TrajectoryPlanning/distill/data/benchmark/mp/train/sample_003025.npz,mp,shifting_gaps,U,mp_shifting_gaps,medium,medium,0,mp:train
train,sample_005149.npz,/home/zzy/TrajectoryPlanning/distill/data/benchmark/mp/train/sample_003026.npz,mp,shifting_gaps,U,mp_shifting_gaps,medium,medium,0,mp:train
train,sample_005150.npz,/home/zzy/TrajectoryPlanning/distill/data/benchmark/mp/train/sample_003028.npz,mp,shifting_gaps,U,mp_shifting_gaps,medium,medium,0,mp:train
train,sample_005151.npz,/home/zzy/TrajectoryPlanning/distill/data/benchmark/mp/train/sample_003029.npz,mp,shifting_gaps,U,mp_shifting_gaps,medium,medium,0,mp:train
train,sample_005152.npz,/home/zzy/TrajectoryPlanning/distill/data/benchmark/mp/train/sample_003031.npz,mp,shifting_gaps,U,mp_shifting_gaps,medium,medium,0,mp:train
train,sample_005153.npz,/home/zzy/TrajectoryPlanning/distill/data/benchmark/mp/train/sample_003032.npz,mp,shifting_gaps,U,mp_shifting_gaps,medium,medium,0,mp:train
train,sample_005154.npz,/home/zzy/TrajectoryPlanning/distill/data/benchmark/mp/train/sample_003036.npz,mp,shifting_gaps,U,mp_shifting_gaps,medium,medium,0,mp:train
train,sample_005155.npz,/home/zzy/TrajectoryPlanning/distill/data/benchmark/mp/train/sample_003038.npz,mp,shifting_gaps,U,mp_shifting_gaps,medium,medium,0,mp:train
train,sample_005156.npz,/home/zzy/TrajectoryPlanning/distill/data/benchmark/mp/train/sample_003039.npz,mp,shifting_gaps,U,mp_shifting_gaps,medium,medium,0,mp:train
train,sample_005157.npz,/home/zzy/TrajectoryPlanning/distill/data/benchmark/mp/train/sample_003040.npz,mp,shifting_gaps,U,mp_shifting_gaps,medium,medium,0,mp:train
train,sample_005158.npz,/home/zzy/TrajectoryPlanning/distill/data/benchmark/mp/train/sample_003041.npz,mp,shifting_gaps,U,mp_shifting_gaps,medium,medium,0,mp:train
train,sample_005159.npz,/home/zzy/TrajectoryPlanning/distill/data/benchmark/mp/train/sample_003042.npz,mp,shifting_gaps,U,mp_shifting_gaps,medium,medium,0,mp:train
train,sample_005160.npz,/home/zzy/TrajectoryPlanning/distill/data/benchmark/mp/train/sample_003043.npz,mp,shifting_gaps,U,mp_shifting_gaps,medium,medium,0,mp:train
train,sample_005161.npz,/home/zzy/TrajectoryPlanning/distill/data/benchmark/mp/train/sample_003044.npz,mp,shifting_gaps,U,mp_shifting_gaps,medium,medium,0,mp:train
train,sample_005162.npz,/home/zzy/TrajectoryPlanning/distill/data/benchmark/mp/train/sample_003045.npz,mp,shifting_gaps,U,mp_shifting_gaps,medium,medium,0,mp:train
train,sample_005163.npz,/home/zzy/TrajectoryPlanning/distill/data/benchmark/mp/train/sample_003046.npz,mp,shifting_gaps,U,mp_shifting_gaps,medium,medium,0,mp:train
train,sample_005164.npz,/home/zzy/TrajectoryPlanning/distill/data/benchmark/mp/train/sample_003047.npz,mp,shifting_gaps,U,mp_shifting_gaps,medium,medium,0,mp:train
train,sample_005165.npz,/home/zzy/TrajectoryPlanning/distill/data/benchmark/mp/train/sample_003048.npz,mp,shifting_gaps,U,mp_shifting_gaps,medium,medium,0,mp:train
train,sample_005166.npz,/home/zzy/TrajectoryPlanning/distill/data/benchmark/mp/train/sample_003049.npz,mp,shifting_gaps,U,mp_shifting_gaps,medium,medium,0,mp:train
train,sample_005167.npz,/home/zzy/TrajectoryPlanning/distill/data/benchmark/mp/train/sample_003050.npz,mp,shifting_gaps,U,mp_shifting_gaps,medium,medium,0,mp:train
train,sample_005168.npz,/home/zzy/TrajectoryPlanning/distill/data/benchmark/mp/train/sample_003051.npz,mp,shifting_gaps,U,mp_shifting_gaps,medium,medium,0,mp:train
train,sample_005169.npz,/home/zzy/TrajectoryPlanning/distill/data/benchmark/mp/train/sample_003052.npz,mp,shifting_gaps,U,mp_shifting_gaps,medium,medium,0,mp:train
train,sample_005170.npz,/home/zzy/TrajectoryPlanning/distill/data/benchmark/mp/train/sample_003053.npz,mp,shifting_gaps,U,mp_shifting_gaps,medium,medium,0,mp:train
train,sample_005171.npz,/home/zzy/TrajectoryPlanning/distill/data/benchmark/mp/train/sample_003056.npz,mp,shifting_gaps,U,mp_shifting_gaps,medium,medium,0,mp:train
train,sample_005172.npz,/home/zzy/TrajectoryPlanning/distill/data/benchmark/mp/train/sample_003057.npz,mp,shifting_gaps,U,mp_shifting_gaps,medium,medium,0,mp:train
train,sample_005173.npz,/home/zzy/TrajectoryPlanning/distill/data/benchmark/mp/train/sample_003059.npz,mp,shifting_gaps,U,mp_shifting_gaps,medium,medium,0,mp:train
train,sample_005174.npz,/home/zzy/TrajectoryPlanning/distill/data/benchmark/mp/train/sample_003060.npz,mp,shifting_gaps,U,mp_shifting_gaps,medium,medium,0,mp:train
train,sample_005175.npz,/home/zzy/TrajectoryPlanning/distill/data/benchmark/mp/train/sample_003062.npz,mp,shifting_gaps,U,mp_shifting_gaps,medium,medium,0,mp:train
train,sample_005176.npz,/home/zzy/TrajectoryPlanning/distill/data/benchmark/mp/train/sample_003063.npz,mp,shifting_gaps,U,mp_shifting_gaps,medium,medium,0,mp:train
train,sample_005177.npz,/home/zzy/TrajectoryPlanning/distill/data/benchmark/mp/train/sample_003064.npz,mp,shifting_gaps,U,mp_shifting_gaps,medium,medium,0,mp:train
train,sample_005178.npz,/home/zzy/TrajectoryPlanning/distill/data/benchmark/mp/train/sample_003065.npz,mp,shifting_gaps,U,mp_shifting_gaps,medium,medium,0,mp:train
train,sample_005179.npz,/home/zzy/TrajectoryPlanning/distill/data/benchmark/mp/train/sample_003066.npz,mp,shifting_gaps,U,mp_shifting_gaps,medium,medium,0,mp:train
train,sample_005180.npz,/home/zzy/TrajectoryPlanning/distill/data/benchmark/mp/train/sample_003067.npz,mp,shifting_gaps,U,mp_shifting_gaps,medium,medium,0,mp:train
train,sample_005181.npz,/home/zzy/TrajectoryPlanning/distill/data/benchmark/mp/train/sample_003068.npz,mp,shifting_gaps,U,mp_shifting_gaps,medium,medium,0,mp:train
train,sample_005182.npz,/home/zzy/TrajectoryPlanning/distill/data/benchmark/mp/train/sample_003069.npz,mp,shifting_gaps,U,mp_shifting_gaps,medium,medium,0,mp:train
train,sample_005183.npz,/home/zzy/TrajectoryPlanning/distill/data/benchmark/mp/train/sample_003070.npz,mp,shifting_gaps,U,mp_shifting_gaps,medium,medium,0,mp:train
train,sample_005184.npz,/home/zzy/TrajectoryPlanning/distill/data/benchmark/mp/train/sample_003071.npz,mp,shifting_gaps,U,mp_shifting_gaps,medium,medium,0,mp:train
train,sample_005185.npz,/home/zzy/TrajectoryPlanning/distill/data/benchmark/mp/train/sample_003072.npz,mp,shifting_gaps,U,mp_shifting_gaps,medium,medium,0,mp:train
train,sample_005186.npz,/home/zzy/TrajectoryPlanning/distill/data/benchmark/mp/train/sample_003075.npz,mp,shifting_gaps,U,mp_shifting_gaps,medium,medium,0,mp:train
train,sample_005187.npz,/home/zzy/TrajectoryPlanning/distill/data/benchmark/mp/train/sample_003076.npz,mp,shifting_gaps,U,mp_shifting_gaps,medium,medium,0,mp:train
train,sample_005188.npz,/home/zzy/TrajectoryPlanning/distill/data/benchmark/mp/train/sample_003077.npz,mp,shifting_gaps,U,mp_shifting_gaps,medium,medium,0,mp:train
train,sample_005189.npz,/home/zzy/TrajectoryPlanning/distill/data/benchmark/mp/train/sample_003078.npz,mp,shifting_gaps,U,mp_shifting_gaps,medium,medium,0,mp:train
train,sample_005190.npz,/home/zzy/TrajectoryPlanning/distill/data/benchmark/mp/train/sample_003079.npz,mp,shifting_gaps,U,mp_shifting_gaps,medium,medium,0,mp:train
train,sample_005191.npz,/home/zzy/TrajectoryPlanning/distill/data/benchmark/mp/train/sample_003080.npz,mp,shifting_gaps,U,mp_shifting_gaps,medium,medium,0,mp:train
train,sample_005192.npz,/home/zzy/TrajectoryPlanning/distill/data/benchmark/mp/train/sample_003081.npz,mp,shifting_gaps,U,mp_shifting_gaps,medium,medium,0,mp:train
train,sample_005193.npz,/home/zzy/TrajectoryPlanning/distill/data/benchmark/mp/train/sample_003082.npz,mp,shifting_gaps,U,mp_shifting_gaps,medium,medium,0,mp:train
train,sample_005194.npz,/home/zzy/TrajectoryPlanning/distill/data/benchmark/mp/train/sample_003083.npz,mp,shifting_gaps,U,mp_shifting_gaps,medium,medium,0,mp:train
train,sample_005195.npz,/home/zzy/TrajectoryPlanning/distill/data/benchmark/mp/train/sample_003084.npz,mp,shifting_gaps,U,mp_shifting_gaps,medium,medium,0,mp:train
train,sample_005196.npz,/home/zzy/TrajectoryPlanning/distill/data/benchmark/mp/train/sample_003085.npz,mp,shifting_gaps,U,mp_shifting_gaps,medium,medium,0,mp:train
train,sample_005197.npz,/home/zzy/TrajectoryPlanning/distill/data/benchmark/mp/train/sample_003086.npz,mp,shifting_gaps,U,mp_shifting_gaps,medium,medium,0,mp:train
train,sample_005198.npz,/home/zzy/TrajectoryPlanning/distill/data/benchmark/mp/train/sample_003087.npz,mp,shifting_gaps,U,mp_shifting_gaps,medium,medium,0,mp:train
train,sample_005199.npz,/home/zzy/TrajectoryPlanning/distill/data/benchmark/mp/train/sample_003088.npz,mp,shifting_gaps,U,mp_shifting_gaps,medium,medium,0,mp:train
train,sample_005200.npz,/home/zzy/TrajectoryPlanning/distill/data/benchmark/mp/train/sample_003089.npz,mp,shifting_gaps,U,mp_shifting_gaps,medium,medium,0,mp:train
train,sample_005201.npz,/home/zzy/TrajectoryPlanning/distill/data/benchmark/mp/train/sample_003090.npz,mp,shifting_gaps,U,mp_shifting_gaps,medium,medium,0,mp:train
train,sample_005202.npz,/home/zzy/TrajectoryPlanning/distill/data/benchmark/mp/train/sample_003091.npz,mp,shifting_gaps,U,mp_shifting_gaps,medium,medium,0,mp:train
train,sample_005203.npz,/home/zzy/TrajectoryPlanning/distill/data/benchmark/mp/train/sample_003094.npz,mp,shifting_gaps,U,mp_shifting_gaps,medium,medium,0,mp:train
train,sample_005204.npz,/home/zzy/TrajectoryPlanning/distill/data/benchmark/mp/train/sample_003095.npz,mp,shifting_gaps,U,mp_shifting_gaps,medium,medium,0,mp:train
train,sample_005205.npz,/home/zzy/TrajectoryPlanning/distill/data/benchmark/mp/train/sample_003097.npz,mp,shifting_gaps,U,mp_shifting_gaps,medium,medium,0,mp:train
train,sample_005206.npz,/home/zzy/TrajectoryPlanning/distill/data/benchmark/mp/train/sample_003098.npz,mp,shifting_gaps,U,mp_shifting_gaps,medium,medium,0,mp:train
train,sample_005207.npz,/home/zzy/TrajectoryPlanning/distill/data/benchmark/mp/train/sample_003099.npz,mp,shifting_gaps,U,mp_shifting_gaps,medium,medium,0,mp:train
train,sample_005208.npz,/home/zzy/TrajectoryPlanning/distill/data/benchmark/mp/train/sample_003100.npz,mp,shifting_gaps,U,mp_shifting_gaps,medium,medium,0,mp:train
train,sample_005209.npz,/home/zzy/TrajectoryPlanning/distill/data/benchmark/mp/train/sample_003101.npz,mp,shifting_gaps,U,mp_shifting_gaps,medium,medium,0,mp:train
train,sample_005210.npz,/home/zzy/TrajectoryPlanning/distill/data/benchmark/mp/train/sample_003102.npz,mp,shifting_gaps,U,mp_shifting_gaps,medium,medium,0,mp:train
train,sample_005211.npz,/home/zzy/TrajectoryPlanning/distill/data/benchmark/mp/train/sample_003103.npz,mp,shifting_gaps,U,mp_shifting_gaps,medium,medium,0,mp:train
train,sample_005212.npz,/home/zzy/TrajectoryPlanning/distill/data/benchmark/mp/train/sample_003104.npz,mp,shifting_gaps,U,mp_shifting_gaps,medium,medium,0,mp:train
train,sample_005213.npz,/home/zzy/TrajectoryPlanning/distill/data/benchmark/mp/train/sample_003105.npz,mp,shifting_gaps,U,mp_shifting_gaps,medium,medium,0,mp:train
train,sample_005214.npz,/home/zzy/TrajectoryPlanning/distill/data/benchmark/mp/train/sample_003106.npz,mp,shifting_gaps,U,mp_shifting_gaps,medium,medium,0,mp:train
train,sample_005215.npz,/home/zzy/TrajectoryPlanning/distill/data/benchmark/mp/train/sample_003107.npz,mp,shifting_gaps,U,mp_shifting_gaps,medium,medium,0,mp:train
train,sample_005216.npz,/home/zzy/TrajectoryPlanning/distill/data/benchmark/mp/train/sample_003108.npz,mp,shifting_gaps,U,mp_shifting_gaps,medium,medium,0,mp:train
train,sample_005217.npz,/home/zzy/TrajectoryPlanning/distill/data/benchmark/mp/train/sample_003109.npz,mp,shifting_gaps,U,mp_shifting_gaps,medium,medium,0,mp:train
train,sample_005218.npz,/home/zzy/TrajectoryPlanning/distill/data/benchmark/mp/train/sample_003110.npz,mp,shifting_gaps,U,mp_shifting_gaps,medium,medium,0,mp:train
train,sample_005219.npz,/home/zzy/TrajectoryPlanning/distill/data/benchmark/mp/train/sample_003113.npz,mp,shifting_gaps,U,mp_shifting_gaps,medium,medium,0,mp:train
train,sample_005220.npz,/home/zzy/TrajectoryPlanning/distill/data/benchmark/mp/train/sample_003114.npz,mp,shifting_gaps,U,mp_shifting_gaps,medium,medium,0,mp:train
train,sample_005221.npz,/home/zzy/TrajectoryPlanning/distill/data/benchmark/mp/train/sample_003116.npz,mp,shifting_gaps,U,mp_shifting_gaps,medium,medium,0,mp:train
train,sample_005222.npz,/home/zzy/TrajectoryPlanning/distill/data/benchmark/mp/train/sample_003117.npz,mp,shifting_gaps,U,mp_shifting_gaps,medium,medium,0,mp:train
train,sample_005223.npz,/home/zzy/TrajectoryPlanning/distill/data/benchmark/mp/train/sample_003118.npz,mp,shifting_gaps,U,mp_shifting_gaps,medium,medium,0,mp:train
train,sample_005224.npz,/home/zzy/TrajectoryPlanning/distill/data/benchmark/mp/train/sample_003119.npz,mp,shifting_gaps,U,mp_shifting_gaps,medium,medium,0,mp:train
train,sample_005225.npz,/home/zzy/TrajectoryPlanning/distill/data/benchmark/mp/train/sample_003120.npz,mp,shifting_gaps,U,mp_shifting_gaps,medium,medium,0,mp:train
train,sample_005226.npz,/home/zzy/TrajectoryPlanning/distill/data/benchmark/mp/train/sample_003121.npz,mp,shifting_gaps,U,mp_shifting_gaps,medium,medium,0,mp:train
train,sample_005227.npz,/home/zzy/TrajectoryPlanning/distill/data/benchmark/mp/train/sample_003122.npz,mp,shifting_gaps,U,mp_shifting_gaps,medium,medium,0,mp:train
train,sample_005228.npz,/home/zzy/TrajectoryPlanning/distill/data/benchmark/mp/train/sample_003123.npz,mp,shifting_gaps,U,mp_shifting_gaps,medium,medium,0,mp:train
train,sample_005229.npz,/home/zzy/TrajectoryPlanning/distill/data/benchmark/mp/train/sample_003125.npz,mp,shifting_gaps,U,mp_shifting_gaps,medium,medium,0,mp:train
train,sample_005230.npz,/home/zzy/TrajectoryPlanning/distill/data/benchmark/mp/train/sample_003126.npz,mp,shifting_gaps,U,mp_shifting_gaps,medium,medium,0,mp:train
train,sample_005231.npz,/home/zzy/TrajectoryPlanning/distill/data/benchmark/mp/train/sample_003127.npz,mp,shifting_gaps,U,mp_shifting_gaps,medium,medium,0,mp:train
train,sample_005232.npz,/home/zzy/TrajectoryPlanning/distill/data/benchmark/mp/train/sample_003128.npz,mp,shifting_gaps,U,mp_shifting_gaps,medium,medium,0,mp:train
train,sample_005233.npz,/home/zzy/TrajectoryPlanning/distill/data/benchmark/mp/train/sample_003129.npz,mp,shifting_gaps,U,mp_shifting_gaps,medium,medium,0,mp:train
train,sample_005234.npz,/home/zzy/TrajectoryPlanning/distill/data/benchmark/mp/train/sample_003131.npz,mp,shifting_gaps,U,mp_shifting_gaps,medium,medium,0,mp:train
train,sample_005235.npz,/home/zzy/TrajectoryPlanning/distill/data/benchmark/mp/train/sample_003132.npz,mp,shifting_gaps,U,mp_shifting_gaps,medium,medium,0,mp:train
train,sample_005236.npz,/home/zzy/TrajectoryPlanning/distill/data/benchmark/mp/train/sample_003134.npz,mp,shifting_gaps,U,mp_shifting_gaps,medium,medium,0,mp:train
train,sample_005237.npz,/home/zzy/TrajectoryPlanning/distill/data/benchmark/mp/train/sample_003135.npz,mp,shifting_gaps,U,mp_shifting_gaps,medium,medium,0,mp:train
train,sample_005238.npz,/home/zzy/TrajectoryPlanning/distill/data/benchmark/mp/train/sample_003136.npz,mp,shifting_gaps,U,mp_shifting_gaps,medium,medium,0,mp:train
train,sample_005239.npz,/home/zzy/TrajectoryPlanning/distill/data/benchmark/mp/train/sample_003137.npz,mp,shifting_gaps,U,mp_shifting_gaps,medium,medium,0,mp:train
train,sample_005240.npz,/home/zzy/TrajectoryPlanning/distill/data/benchmark/mp/train/sample_003139.npz,mp,shifting_gaps,U,mp_shifting_gaps,medium,medium,0,mp:train
train,sample_005241.npz,/home/zzy/TrajectoryPlanning/distill/data/benchmark/mp/train/sample_003141.npz,mp,shifting_gaps,U,mp_shifting_gaps,medium,medium,0,mp:train
train,sample_005242.npz,/home/zzy/TrajectoryPlanning/distill/data/benchmark/mp/train/sample_003143.npz,mp,shifting_gaps,U,mp_shifting_gaps,medium,medium,0,mp:train
train,sample_005243.npz,/home/zzy/TrajectoryPlanning/distill/data/benchmark/mp/train/sample_003144.npz,mp,shifting_gaps,U,mp_shifting_gaps,medium,medium,0,mp:train
train,sample_005244.npz,/home/zzy/TrajectoryPlanning/distill/data/benchmark/mp/train/sample_003146.npz,mp,shifting_gaps,U,mp_shifting_gaps,medium,medium,0,mp:train
train,sample_005245.npz,/home/zzy/TrajectoryPlanning/distill/data/benchmark/mp/train/sample_003147.npz,mp,shifting_gaps,U,mp_shifting_gaps,medium,medium,0,mp:train
train,sample_005246.npz,/home/zzy/TrajectoryPlanning/distill/data/benchmark/mp/train/sample_003148.npz,mp,shifting_gaps,U,mp_shifting_gaps,medium,medium,0,mp:train
train,sample_005247.npz,/home/zzy/TrajectoryPlanning/distill/data/benchmark/mp/train/sample_003149.npz,mp,shifting_gaps,U,mp_shifting_gaps,medium,medium,0,mp:train
train,sample_005248.npz,/home/zzy/TrajectoryPlanning/distill/data/benchmark/mp/train/sample_003151.npz,mp,shifting_gaps,U,mp_shifting_gaps,medium,medium,0,mp:train
train,sample_005249.npz,/home/zzy/TrajectoryPlanning/distill/data/benchmark/mp/train/sample_003152.npz,mp,shifting_gaps,U,mp_shifting_gaps,medium,medium,0,mp:train
train,sample_005250.npz,/home/zzy/TrajectoryPlanning/distill/data/benchmark/mp/train/sample_003153.npz,mp,shifting_gaps,U,mp_shifting_gaps,medium,medium,0,mp:train
train,sample_005251.npz,/home/zzy/TrajectoryPlanning/distill/data/benchmark/mp/train/sample_003154.npz,mp,shifting_gaps,U,mp_shifting_gaps,medium,medium,0,mp:train
train,sample_005252.npz,/home/zzy/TrajectoryPlanning/distill/data/benchmark/mp/train/sample_003155.npz,mp,shifting_gaps,U,mp_shifting_gaps,medium,medium,0,mp:train
train,sample_005253.npz,/home/zzy/TrajectoryPlanning/distill/data/benchmark/mp/train/sample_003156.npz,mp,shifting_gaps,U,mp_shifting_gaps,medium,medium,0,mp:train
train,sample_005254.npz,/home/zzy/TrajectoryPlanning/distill/data/benchmark/mp/train/sample_003158.npz,mp,shifting_gaps,U,mp_shifting_gaps,medium,medium,0,mp:train
train,sample_005255.npz,/home/zzy/TrajectoryPlanning/distill/data/benchmark/mp/train/sample_003159.npz,mp,shifting_gaps,U,mp_shifting_gaps,medium,medium,0,mp:train
train,sample_005256.npz,/home/zzy/TrajectoryPlanning/distill/data/benchmark/mp/train/sample_003160.npz,mp,shifting_gaps,U,mp_shifting_gaps,medium,medium,0,mp:train
train,sample_005257.npz,/home/zzy/TrajectoryPlanning/distill/data/benchmark/mp/train/sample_003161.npz,mp,shifting_gaps,U,mp_shifting_gaps,medium,medium,0,mp:train
train,sample_005258.npz,/home/zzy/TrajectoryPlanning/distill/data/benchmark/mp/train/sample_003162.npz,mp,shifting_gaps,U,mp_shifting_gaps,medium,medium,0,mp:train
train,sample_005259.npz,/home/zzy/TrajectoryPlanning/distill/data/benchmark/mp/train/sample_003163.npz,mp,shifting_gaps,U,mp_shifting_gaps,medium,medium,0,mp:train
train,sample_005260.npz,/home/zzy/TrajectoryPlanning/distill/data/benchmark/mp/train/sample_003166.npz,mp,shifting_gaps,U,mp_shifting_gaps,medium,medium,0,mp:train
train,sample_005261.npz,/home/zzy/TrajectoryPlanning/distill/data/benchmark/mp/train/sample_003168.npz,mp,shifting_gaps,U,mp_shifting_gaps,medium,medium,0,mp:train
train,sample_005262.npz,/home/zzy/TrajectoryPlanning/distill/data/benchmark/mp/train/sample_003171.npz,mp,shifting_gaps,U,mp_shifting_gaps,medium,medium,0,mp:train
train,sample_005263.npz,/home/zzy/TrajectoryPlanning/distill/data/benchmark/mp/train/sample_003172.npz,mp,shifting_gaps,U,mp_shifting_gaps,medium,medium,0,mp:train
train,sample_005264.npz,/home/zzy/TrajectoryPlanning/distill/data/benchmark/mp/train/sample_003173.npz,mp,shifting_gaps,U,mp_shifting_gaps,medium,medium,0,mp:train
train,sample_005265.npz,/home/zzy/TrajectoryPlanning/distill/data/benchmark/mp/train/sample_003174.npz,mp,shifting_gaps,U,mp_shifting_gaps,medium,medium,0,mp:train
train,sample_005266.npz,/home/zzy/TrajectoryPlanning/distill/data/benchmark/mp/train/sample_003175.npz,mp,shifting_gaps,U,mp_shifting_gaps,medium,medium,0,mp:train
train,sample_005267.npz,/home/zzy/TrajectoryPlanning/distill/data/benchmark/mp/train/sample_003177.npz,mp,shifting_gaps,U,mp_shifting_gaps,medium,medium,0,mp:train
train,sample_005268.npz,/home/zzy/TrajectoryPlanning/distill/data/benchmark/mp/train/sample_003178.npz,mp,shifting_gaps,U,mp_shifting_gaps,medium,medium,0,mp:train
train,sample_005269.npz,/home/zzy/TrajectoryPlanning/distill/data/benchmark/mp/train/sample_003179.npz,mp,shifting_gaps,U,mp_shifting_gaps,medium,medium,0,mp:train
train,sample_005270.npz,/home/zzy/TrajectoryPlanning/distill/data/benchmark/mp/train/sample_003180.npz,mp,shifting_gaps,U,mp_shifting_gaps,medium,medium,0,mp:train
train,sample_005271.npz,/home/zzy/TrajectoryPlanning/distill/data/benchmark/mp/train/sample_003181.npz,mp,shifting_gaps,U,mp_shifting_gaps,medium,medium,0,mp:train
train,sample_005272.npz,/home/zzy/TrajectoryPlanning/distill/data/benchmark/mp/train/sample_003182.npz,mp,shifting_gaps,U,mp_shifting_gaps,medium,medium,0,mp:train
train,sample_005273.npz,/home/zzy/TrajectoryPlanning/distill/data/benchmark/mp/train/sample_003183.npz,mp,shifting_gaps,U,mp_shifting_gaps,medium,medium,0,mp:train
train,sample_005274.npz,/home/zzy/TrajectoryPlanning/distill/data/benchmark/mp/train/sample_003184.npz,mp,shifting_gaps,U,mp_shifting_gaps,medium,medium,0,mp:train
train,sample_005275.npz,/home/zzy/TrajectoryPlanning/distill/data/benchmark/mp/train/sample_003185.npz,mp,shifting_gaps,U,mp_shifting_gaps,medium,medium,0,mp:train
train,sample_005276.npz,/home/zzy/TrajectoryPlanning/distill/data/benchmark/mp/train/sample_003186.npz,mp,shifting_gaps,U,mp_shifting_gaps,medium,medium,0,mp:train
train,sample_005277.npz,/home/zzy/TrajectoryPlanning/distill/data/benchmark/mp/train/sample_003188.npz,mp,shifting_gaps,U,mp_shifting_gaps,medium,medium,0,mp:train
train,sample_005278.npz,/home/zzy/TrajectoryPlanning/distill/data/benchmark/mp/train/sample_003189.npz,mp,shifting_gaps,U,mp_shifting_gaps,medium,medium,0,mp:train
train,sample_005279.npz,/home/zzy/TrajectoryPlanning/distill/data/benchmark/mp/train/sample_003190.npz,mp,shifting_gaps,U,mp_shifting_gaps,medium,medium,0,mp:train
train,sample_005280.npz,/home/zzy/TrajectoryPlanning/distill/data/benchmark/mp/train/sample_003191.npz,mp,shifting_gaps,U,mp_shifting_gaps,medium,medium,0,mp:train
train,sample_005281.npz,/home/zzy/TrajectoryPlanning/distill/data/benchmark/mp/train/sample_003192.npz,mp,shifting_gaps,U,mp_shifting_gaps,medium,medium,0,mp:train
train,sample_005282.npz,/home/zzy/TrajectoryPlanning/distill/data/benchmark/mp/train/sample_003194.npz,mp,shifting_gaps,U,mp_shifting_gaps,medium,medium,0,mp:train
train,sample_005283.npz,/home/zzy/TrajectoryPlanning/distill/data/benchmark/mp/train/sample_003195.npz,mp,shifting_gaps,U,mp_shifting_gaps,medium,medium,0,mp:train
train,sample_005284.npz,/home/zzy/TrajectoryPlanning/distill/data/benchmark/mp/train/sample_003196.npz,mp,shifting_gaps,U,mp_shifting_gaps,medium,medium,0,mp:train
train,sample_005285.npz,/home/zzy/TrajectoryPlanning/distill/data/benchmark/mp/train/sample_003198.npz,mp,shifting_gaps,U,mp_shifting_gaps,medium,medium,0,mp:train
train,sample_005286.npz,/home/zzy/TrajectoryPlanning/distill/data/benchmark/mp/train/sample_003199.npz,mp,shifting_gaps,U,mp_shifting_gaps,medium,medium,0,mp:train
train,sample_005287.npz,/home/zzy/TrajectoryPlanning/distill/data/benchmark/mp/test/sample_000500.npz,mp,single_bugtrap,U,mp_single_bugtrap,medium,medium,0,mp:test
train,sample_005288.npz,/home/zzy/TrajectoryPlanning/distill/data/benchmark/mp/test/sample_000501.npz,mp,single_bugtrap,U,mp_single_bugtrap,medium,medium,0,mp:test
train,sample_005289.npz,/home/zzy/TrajectoryPlanning/distill/data/benchmark/mp/test/sample_000503.npz,mp,single_bugtrap,U,mp_single_bugtrap,medium,medium,0,mp:test
train,sample_005290.npz,/home/zzy/TrajectoryPlanning/distill/data/benchmark/mp/test/sample_000504.npz,mp,single_bugtrap,U,mp_single_bugtrap,medium,medium,0,mp:test
train,sample_005291.npz,/home/zzy/TrajectoryPlanning/distill/data/benchmark/mp/test/sample_000505.npz,mp,single_bugtrap,U,mp_single_bugtrap,medium,medium,0,mp:test
train,sample_005292.npz,/home/zzy/TrajectoryPlanning/distill/data/benchmark/mp/test/sample_000506.npz,mp,single_bugtrap,U,mp_single_bugtrap,medium,medium,0,mp:test
train,sample_005293.npz,/home/zzy/TrajectoryPlanning/distill/data/benchmark/mp/test/sample_000507.npz,mp,single_bugtrap,U,mp_single_bugtrap,medium,medium,0,mp:test
train,sample_005294.npz,/home/zzy/TrajectoryPlanning/distill/data/benchmark/mp/test/sample_000508.npz,mp,single_bugtrap,U,mp_single_bugtrap,medium,medium,0,mp:test
train,sample_005295.npz,/home/zzy/TrajectoryPlanning/distill/data/benchmark/mp/test/sample_000509.npz,mp,single_bugtrap,U,mp_single_bugtrap,medium,medium,0,mp:test
train,sample_005296.npz,/home/zzy/TrajectoryPlanning/distill/data/benchmark/mp/test/sample_000510.npz,mp,single_bugtrap,U,mp_single_bugtrap,medium,medium,0,mp:test
train,sample_005297.npz,/home/zzy/TrajectoryPlanning/distill/data/benchmark/mp/test/sample_000511.npz,mp,single_bugtrap,U,mp_single_bugtrap,medium,medium,0,mp:test
train,sample_005298.npz,/home/zzy/TrajectoryPlanning/distill/data/benchmark/mp/test/sample_000512.npz,mp,single_bugtrap,U,mp_single_bugtrap,medium,medium,0,mp:test
train,sample_005299.npz,/home/zzy/TrajectoryPlanning/distill/data/benchmark/mp/test/sample_000513.npz,mp,single_bugtrap,U,mp_single_bugtrap,medium,medium,0,mp:test
train,sample_005300.npz,/home/zzy/TrajectoryPlanning/distill/data/benchmark/mp/test/sample_000515.npz,mp,single_bugtrap,U,mp_single_bugtrap,medium,medium,0,mp:test
train,sample_005301.npz,/home/zzy/TrajectoryPlanning/distill/data/benchmark/mp/test/sample_000516.npz,mp,single_bugtrap,U,mp_single_bugtrap,medium,medium,0,mp:test
train,sample_005302.npz,/home/zzy/TrajectoryPlanning/distill/data/benchmark/mp/test/sample_000518.npz,mp,single_bugtrap,U,mp_single_bugtrap,medium,medium,0,mp:test
train,sample_005303.npz,/home/zzy/TrajectoryPlanning/distill/data/benchmark/mp/test/sample_000519.npz,mp,single_bugtrap,U,mp_single_bugtrap,medium,medium,0,mp:test
train,sample_005304.npz,/home/zzy/TrajectoryPlanning/distill/data/benchmark/mp/test/sample_000520.npz,mp,single_bugtrap,U,mp_single_bugtrap,medium,medium,0,mp:test
train,sample_005305.npz,/home/zzy/TrajectoryPlanning/distill/data/benchmark/mp/test/sample_000521.npz,mp,single_bugtrap,U,mp_single_bugtrap,medium,medium,0,mp:test
train,sample_005306.npz,/home/zzy/TrajectoryPlanning/distill/data/benchmark/mp/test/sample_000522.npz,mp,single_bugtrap,U,mp_single_bugtrap,medium,medium,0,mp:test
train,sample_005307.npz,/home/zzy/TrajectoryPlanning/distill/data/benchmark/mp/test/sample_000523.npz,mp,single_bugtrap,U,mp_single_bugtrap,medium,medium,0,mp:test
train,sample_005308.npz,/home/zzy/TrajectoryPlanning/distill/data/benchmark/mp/test/sample_000524.npz,mp,single_bugtrap,U,mp_single_bugtrap,medium,medium,0,mp:test
train,sample_005309.npz,/home/zzy/TrajectoryPlanning/distill/data/benchmark/mp/test/sample_000525.npz,mp,single_bugtrap,U,mp_single_bugtrap,medium,medium,0,mp:test
train,sample_005310.npz,/home/zzy/TrajectoryPlanning/distill/data/benchmark/mp/test/sample_000528.npz,mp,single_bugtrap,U,mp_single_bugtrap,medium,medium,0,mp:test
train,sample_005311.npz,/home/zzy/TrajectoryPlanning/distill/data/benchmark/mp/test/sample_000529.npz,mp,single_bugtrap,U,mp_single_bugtrap,medium,medium,0,mp:test
train,sample_005312.npz,/home/zzy/TrajectoryPlanning/distill/data/benchmark/mp/test/sample_000530.npz,mp,single_bugtrap,U,mp_single_bugtrap,medium,medium,0,mp:test
train,sample_005313.npz,/home/zzy/TrajectoryPlanning/distill/data/benchmark/mp/test/sample_000532.npz,mp,single_bugtrap,U,mp_single_bugtrap,medium,medium,0,mp:test
train,sample_005314.npz,/home/zzy/TrajectoryPlanning/distill/data/benchmark/mp/test/sample_000534.npz,mp,single_bugtrap,U,mp_single_bugtrap,medium,medium,0,mp:test
train,sample_005315.npz,/home/zzy/TrajectoryPlanning/distill/data/benchmark/mp/test/sample_000536.npz,mp,single_bugtrap,U,mp_single_bugtrap,medium,medium,0,mp:test
train,sample_005316.npz,/home/zzy/TrajectoryPlanning/distill/data/benchmark/mp/test/sample_000538.npz,mp,single_bugtrap,U,mp_single_bugtrap,medium,medium,0,mp:test
train,sample_005317.npz,/home/zzy/TrajectoryPlanning/distill/data/benchmark/mp/test/sample_000539.npz,mp,single_bugtrap,U,mp_single_bugtrap,medium,medium,0,mp:test
train,sample_005318.npz,/home/zzy/TrajectoryPlanning/distill/data/benchmark/mp/test/sample_000540.npz,mp,single_bugtrap,U,mp_single_bugtrap,medium,medium,0,mp:test
train,sample_005319.npz,/home/zzy/TrajectoryPlanning/distill/data/benchmark/mp/test/sample_000541.npz,mp,single_bugtrap,U,mp_single_bugtrap,medium,medium,0,mp:test
train,sample_005320.npz,/home/zzy/TrajectoryPlanning/distill/data/benchmark/mp/test/sample_000542.npz,mp,single_bugtrap,U,mp_single_bugtrap,medium,medium,0,mp:test
train,sample_005321.npz,/home/zzy/TrajectoryPlanning/distill/data/benchmark/mp/test/sample_000543.npz,mp,single_bugtrap,U,mp_single_bugtrap,medium,medium,0,mp:test
train,sample_005322.npz,/home/zzy/TrajectoryPlanning/distill/data/benchmark/mp/test/sample_000544.npz,mp,single_bugtrap,U,mp_single_bugtrap,medium,medium,0,mp:test
train,sample_005323.npz,/home/zzy/TrajectoryPlanning/distill/data/benchmark/mp/test/sample_000546.npz,mp,single_bugtrap,U,mp_single_bugtrap,medium,medium,0,mp:test
train,sample_005324.npz,/home/zzy/TrajectoryPlanning/distill/data/benchmark/mp/test/sample_000547.npz,mp,single_bugtrap,U,mp_single_bugtrap,medium,medium,0,mp:test
train,sample_005325.npz,/home/zzy/TrajectoryPlanning/distill/data/benchmark/mp/test/sample_000548.npz,mp,single_bugtrap,U,mp_single_bugtrap,medium,medium,0,mp:test
train,sample_005326.npz,/home/zzy/TrajectoryPlanning/distill/data/benchmark/mp/test/sample_000550.npz,mp,single_bugtrap,U,mp_single_bugtrap,medium,medium,0,mp:test
train,sample_005327.npz,/home/zzy/TrajectoryPlanning/distill/data/benchmark/mp/test/sample_000551.npz,mp,single_bugtrap,U,mp_single_bugtrap,medium,medium,0,mp:test
train,sample_005328.npz,/home/zzy/TrajectoryPlanning/distill/data/benchmark/mp/test/sample_000552.npz,mp,single_bugtrap,U,mp_single_bugtrap,medium,medium,0,mp:test
train,sample_005329.npz,/home/zzy/TrajectoryPlanning/distill/data/benchmark/mp/test/sample_000553.npz,mp,single_bugtrap,U,mp_single_bugtrap,medium,medium,0,mp:test
train,sample_005330.npz,/home/zzy/TrajectoryPlanning/distill/data/benchmark/mp/test/sample_000554.npz,mp,single_bugtrap,U,mp_single_bugtrap,medium,medium,0,mp:test
train,sample_005331.npz,/home/zzy/TrajectoryPlanning/distill/data/benchmark/mp/test/sample_000555.npz,mp,single_bugtrap,U,mp_single_bugtrap,medium,medium,0,mp:test
train,sample_005332.npz,/home/zzy/TrajectoryPlanning/distill/data/benchmark/mp/test/sample_000556.npz,mp,single_bugtrap,U,mp_single_bugtrap,medium,medium,0,mp:test
train,sample_005333.npz,/home/zzy/TrajectoryPlanning/distill/data/benchmark/mp/test/sample_000557.npz,mp,single_bugtrap,U,mp_single_bugtrap,medium,medium,0,mp:test
train,sample_005334.npz,/home/zzy/TrajectoryPlanning/distill/data/benchmark/mp/test/sample_000559.npz,mp,single_bugtrap,U,mp_single_bugtrap,medium,medium,0,mp:test
train,sample_005335.npz,/home/zzy/TrajectoryPlanning/distill/data/benchmark/mp/test/sample_000560.npz,mp,single_bugtrap,U,mp_single_bugtrap,medium,medium,0,mp:test
train,sample_005336.npz,/home/zzy/TrajectoryPlanning/distill/data/benchmark/mp/test/sample_000561.npz,mp,single_bugtrap,U,mp_single_bugtrap,medium,medium,0,mp:test
train,sample_005337.npz,/home/zzy/TrajectoryPlanning/distill/data/benchmark/mp/test/sample_000562.npz,mp,single_bugtrap,U,mp_single_bugtrap,medium,medium,0,mp:test
train,sample_005338.npz,/home/zzy/TrajectoryPlanning/distill/data/benchmark/mp/test/sample_000563.npz,mp,single_bugtrap,U,mp_single_bugtrap,medium,medium,0,mp:test
train,sample_005339.npz,/home/zzy/TrajectoryPlanning/distill/data/benchmark/mp/test/sample_000564.npz,mp,single_bugtrap,U,mp_single_bugtrap,medium,medium,0,mp:test
train,sample_005340.npz,/home/zzy/TrajectoryPlanning/distill/data/benchmark/mp/test/sample_000565.npz,mp,single_bugtrap,U,mp_single_bugtrap,medium,medium,0,mp:test
train,sample_005341.npz,/home/zzy/TrajectoryPlanning/distill/data/benchmark/mp/test/sample_000566.npz,mp,single_bugtrap,U,mp_single_bugtrap,medium,medium,0,mp:test
train,sample_005342.npz,/home/zzy/TrajectoryPlanning/distill/data/benchmark/mp/test/sample_000567.npz,mp,single_bugtrap,U,mp_single_bugtrap,medium,medium,0,mp:test
train,sample_005343.npz,/home/zzy/TrajectoryPlanning/distill/data/benchmark/mp/test/sample_000568.npz,mp,single_bugtrap,U,mp_single_bugtrap,medium,medium,0,mp:test
train,sample_005344.npz,/home/zzy/TrajectoryPlanning/distill/data/benchmark/mp/test/sample_000569.npz,mp,single_bugtrap,U,mp_single_bugtrap,medium,medium,0,mp:test
train,sample_005345.npz,/home/zzy/TrajectoryPlanning/distill/data/benchmark/mp/test/sample_000571.npz,mp,single_bugtrap,U,mp_single_bugtrap,medium,medium,0,mp:test
train,sample_005346.npz,/home/zzy/TrajectoryPlanning/distill/data/benchmark/mp/test/sample_000573.npz,mp,single_bugtrap,U,mp_single_bugtrap,medium,medium,0,mp:test
train,sample_005347.npz,/home/zzy/TrajectoryPlanning/distill/data/benchmark/mp/test/sample_000574.npz,mp,single_bugtrap,U,mp_single_bugtrap,medium,medium,0,mp:test
train,sample_005348.npz,/home/zzy/TrajectoryPlanning/distill/data/benchmark/mp/test/sample_000575.npz,mp,single_bugtrap,U,mp_single_bugtrap,medium,medium,0,mp:test
train,sample_005349.npz,/home/zzy/TrajectoryPlanning/distill/data/benchmark/mp/test/sample_000577.npz,mp,single_bugtrap,U,mp_single_bugtrap,medium,medium,0,mp:test
train,sample_005350.npz,/home/zzy/TrajectoryPlanning/distill/data/benchmark/mp/test/sample_000578.npz,mp,single_bugtrap,U,mp_single_bugtrap,medium,medium,0,mp:test
train,sample_005351.npz,/home/zzy/TrajectoryPlanning/distill/data/benchmark/mp/test/sample_000580.npz,mp,single_bugtrap,U,mp_single_bugtrap,medium,medium,0,mp:test
train,sample_005352.npz,/home/zzy/TrajectoryPlanning/distill/data/benchmark/mp/test/sample_000581.npz,mp,single_bugtrap,U,mp_single_bugtrap,medium,medium,0,mp:test
train,sample_005353.npz,/home/zzy/TrajectoryPlanning/distill/data/benchmark/mp/test/sample_000583.npz,mp,single_bugtrap,U,mp_single_bugtrap,medium,medium,0,mp:test
train,sample_005354.npz,/home/zzy/TrajectoryPlanning/distill/data/benchmark/mp/test/sample_000584.npz,mp,single_bugtrap,U,mp_single_bugtrap,medium,medium,0,mp:test
train,sample_005355.npz,/home/zzy/TrajectoryPlanning/distill/data/benchmark/mp/test/sample_000585.npz,mp,single_bugtrap,U,mp_single_bugtrap,medium,medium,0,mp:test
train,sample_005356.npz,/home/zzy/TrajectoryPlanning/distill/data/benchmark/mp/test/sample_000587.npz,mp,single_bugtrap,U,mp_single_bugtrap,medium,medium,0,mp:test
train,sample_005357.npz,/home/zzy/TrajectoryPlanning/distill/data/benchmark/mp/test/sample_000588.npz,mp,single_bugtrap,U,mp_single_bugtrap,medium,medium,0,mp:test
train,sample_005358.npz,/home/zzy/TrajectoryPlanning/distill/data/benchmark/mp/test/sample_000589.npz,mp,single_bugtrap,U,mp_single_bugtrap,medium,medium,0,mp:test
train,sample_005359.npz,/home/zzy/TrajectoryPlanning/distill/data/benchmark/mp/test/sample_000590.npz,mp,single_bugtrap,U,mp_single_bugtrap,medium,medium,0,mp:test
train,sample_005360.npz,/home/zzy/TrajectoryPlanning/distill/data/benchmark/mp/test/sample_000591.npz,mp,single_bugtrap,U,mp_single_bugtrap,medium,medium,0,mp:test
train,sample_005361.npz,/home/zzy/TrajectoryPlanning/distill/data/benchmark/mp/test/sample_000592.npz,mp,single_bugtrap,U,mp_single_bugtrap,medium,medium,0,mp:test
train,sample_005362.npz,/home/zzy/TrajectoryPlanning/distill/data/benchmark/mp/test/sample_000593.npz,mp,single_bugtrap,U,mp_single_bugtrap,medium,medium,0,mp:test
train,sample_005363.npz,/home/zzy/TrajectoryPlanning/distill/data/benchmark/mp/test/sample_000594.npz,mp,single_bugtrap,U,mp_single_bugtrap,medium,medium,0,mp:test
train,sample_005364.npz,/home/zzy/TrajectoryPlanning/distill/data/benchmark/mp/test/sample_000595.npz,mp,single_bugtrap,U,mp_single_bugtrap,medium,medium,0,mp:test
train,sample_005365.npz,/home/zzy/TrajectoryPlanning/distill/data/benchmark/mp/test/sample_000596.npz,mp,single_bugtrap,U,mp_single_bugtrap,medium,medium,0,mp:test
train,sample_005366.npz,/home/zzy/TrajectoryPlanning/distill/data/benchmark/mp/test/sample_000597.npz,mp,single_bugtrap,U,mp_single_bugtrap,medium,medium,0,mp:test
train,sample_005367.npz,/home/zzy/TrajectoryPlanning/distill/data/benchmark/mp/test/sample_000598.npz,mp,single_bugtrap,U,mp_single_bugtrap,medium,medium,0,mp:test
train,sample_005368.npz,/home/zzy/TrajectoryPlanning/distill/data/benchmark/mp/train/sample_004000.npz,mp,single_bugtrap,U,mp_single_bugtrap,medium,medium,0,mp:train
train,sample_005369.npz,/home/zzy/TrajectoryPlanning/distill/data/benchmark/mp/train/sample_004001.npz,mp,single_bugtrap,U,mp_single_bugtrap,medium,medium,0,mp:train
train,sample_005370.npz,/home/zzy/TrajectoryPlanning/distill/data/benchmark/mp/train/sample_004002.npz,mp,single_bugtrap,U,mp_single_bugtrap,medium,medium,0,mp:train
train,sample_005371.npz,/home/zzy/TrajectoryPlanning/distill/data/benchmark/mp/train/sample_004003.npz,mp,single_bugtrap,U,mp_single_bugtrap,medium,medium,0,mp:train
train,sample_005372.npz,/home/zzy/TrajectoryPlanning/distill/data/benchmark/mp/train/sample_004004.npz,mp,single_bugtrap,U,mp_single_bugtrap,medium,medium,0,mp:train
train,sample_005373.npz,/home/zzy/TrajectoryPlanning/distill/data/benchmark/mp/train/sample_004005.npz,mp,single_bugtrap,U,mp_single_bugtrap,medium,medium,0,mp:train
train,sample_005374.npz,/home/zzy/TrajectoryPlanning/distill/data/benchmark/mp/train/sample_004006.npz,mp,single_bugtrap,U,mp_single_bugtrap,medium,medium,0,mp:train
train,sample_005375.npz,/home/zzy/TrajectoryPlanning/distill/data/benchmark/mp/train/sample_004009.npz,mp,single_bugtrap,U,mp_single_bugtrap,medium,medium,0,mp:train
train,sample_005376.npz,/home/zzy/TrajectoryPlanning/distill/data/benchmark/mp/train/sample_004010.npz,mp,single_bugtrap,U,mp_single_bugtrap,medium,medium,0,mp:train
train,sample_005377.npz,/home/zzy/TrajectoryPlanning/distill/data/benchmark/mp/train/sample_004011.npz,mp,single_bugtrap,U,mp_single_bugtrap,medium,medium,0,mp:train
train,sample_005378.npz,/home/zzy/TrajectoryPlanning/distill/data/benchmark/mp/train/sample_004012.npz,mp,single_bugtrap,U,mp_single_bugtrap,medium,medium,0,mp:train
train,sample_005379.npz,/home/zzy/TrajectoryPlanning/distill/data/benchmark/mp/train/sample_004014.npz,mp,single_bugtrap,U,mp_single_bugtrap,medium,medium,0,mp:train
train,sample_005380.npz,/home/zzy/TrajectoryPlanning/distill/data/benchmark/mp/train/sample_004015.npz,mp,single_bugtrap,U,mp_single_bugtrap,medium,medium,0,mp:train
train,sample_005381.npz,/home/zzy/TrajectoryPlanning/distill/data/benchmark/mp/train/sample_004016.npz,mp,single_bugtrap,U,mp_single_bugtrap,medium,medium,0,mp:train
train,sample_005382.npz,/home/zzy/TrajectoryPlanning/distill/data/benchmark/mp/train/sample_004018.npz,mp,single_bugtrap,U,mp_single_bugtrap,medium,medium,0,mp:train
train,sample_005383.npz,/home/zzy/TrajectoryPlanning/distill/data/benchmark/mp/train/sample_004019.npz,mp,single_bugtrap,U,mp_single_bugtrap,medium,medium,0,mp:train
train,sample_005384.npz,/home/zzy/TrajectoryPlanning/distill/data/benchmark/mp/train/sample_004020.npz,mp,single_bugtrap,U,mp_single_bugtrap,medium,medium,0,mp:train
train,sample_005385.npz,/home/zzy/TrajectoryPlanning/distill/data/benchmark/mp/train/sample_004021.npz,mp,single_bugtrap,U,mp_single_bugtrap,medium,medium,0,mp:train
train,sample_005386.npz,/home/zzy/TrajectoryPlanning/distill/data/benchmark/mp/train/sample_004022.npz,mp,single_bugtrap,U,mp_single_bugtrap,medium,medium,0,mp:train
train,sample_005387.npz,/home/zzy/TrajectoryPlanning/distill/data/benchmark/mp/train/sample_004024.npz,mp,single_bugtrap,U,mp_single_bugtrap,medium,medium,0,mp:train
train,sample_005388.npz,/home/zzy/TrajectoryPlanning/distill/data/benchmark/mp/train/sample_004025.npz,mp,single_bugtrap,U,mp_single_bugtrap,medium,medium,0,mp:train
train,sample_005389.npz,/home/zzy/TrajectoryPlanning/distill/data/benchmark/mp/train/sample_004027.npz,mp,single_bugtrap,U,mp_single_bugtrap,medium,medium,0,mp:train
train,sample_005390.npz,/home/zzy/TrajectoryPlanning/distill/data/benchmark/mp/train/sample_004028.npz,mp,single_bugtrap,U,mp_single_bugtrap,medium,medium,0,mp:train
train,sample_005391.npz,/home/zzy/TrajectoryPlanning/distill/data/benchmark/mp/train/sample_004029.npz,mp,single_bugtrap,U,mp_single_bugtrap,medium,medium,0,mp:train
train,sample_005392.npz,/home/zzy/TrajectoryPlanning/distill/data/benchmark/mp/train/sample_004030.npz,mp,single_bugtrap,U,mp_single_bugtrap,medium,medium,0,mp:train
train,sample_005393.npz,/home/zzy/TrajectoryPlanning/distill/data/benchmark/mp/train/sample_004031.npz,mp,single_bugtrap,U,mp_single_bugtrap,medium,medium,0,mp:train
train,sample_005394.npz,/home/zzy/TrajectoryPlanning/distill/data/benchmark/mp/train/sample_004032.npz,mp,single_bugtrap,U,mp_single_bugtrap,medium,medium,0,mp:train
train,sample_005395.npz,/home/zzy/TrajectoryPlanning/distill/data/benchmark/mp/train/sample_004033.npz,mp,single_bugtrap,U,mp_single_bugtrap,medium,medium,0,mp:train
train,sample_005396.npz,/home/zzy/TrajectoryPlanning/distill/data/benchmark/mp/train/sample_004034.npz,mp,single_bugtrap,U,mp_single_bugtrap,medium,medium,0,mp:train
train,sample_005397.npz,/home/zzy/TrajectoryPlanning/distill/data/benchmark/mp/train/sample_004035.npz,mp,single_bugtrap,U,mp_single_bugtrap,medium,medium,0,mp:train
train,sample_005398.npz,/home/zzy/TrajectoryPlanning/distill/data/benchmark/mp/train/sample_004036.npz,mp,single_bugtrap,U,mp_single_bugtrap,medium,medium,0,mp:train
train,sample_005399.npz,/home/zzy/TrajectoryPlanning/distill/data/benchmark/mp/train/sample_004037.npz,mp,single_bugtrap,U,mp_single_bugtrap,medium,medium,0,mp:train
train,sample_005400.npz,/home/zzy/TrajectoryPlanning/distill/data/benchmark/mp/train/sample_004039.npz,mp,single_bugtrap,U,mp_single_bugtrap,medium,medium,0,mp:train
train,sample_005401.npz,/home/zzy/TrajectoryPlanning/distill/data/benchmark/mp/train/sample_004040.npz,mp,single_bugtrap,U,mp_single_bugtrap,medium,medium,0,mp:train
train,sample_005402.npz,/home/zzy/TrajectoryPlanning/distill/data/benchmark/mp/train/sample_004041.npz,mp,single_bugtrap,U,mp_single_bugtrap,medium,medium,0,mp:train
train,sample_005403.npz,/home/zzy/TrajectoryPlanning/distill/data/benchmark/mp/train/sample_004043.npz,mp,single_bugtrap,U,mp_single_bugtrap,medium,medium,0,mp:train
train,sample_005404.npz,/home/zzy/TrajectoryPlanning/distill/data/benchmark/mp/train/sample_004045.npz,mp,single_bugtrap,U,mp_single_bugtrap,medium,medium,0,mp:train
train,sample_005405.npz,/home/zzy/TrajectoryPlanning/distill/data/benchmark/mp/train/sample_004046.npz,mp,single_bugtrap,U,mp_single_bugtrap,medium,medium,0,mp:train
train,sample_005406.npz,/home/zzy/TrajectoryPlanning/distill/data/benchmark/mp/train/sample_004048.npz,mp,single_bugtrap,U,mp_single_bugtrap,medium,medium,0,mp:train
train,sample_005407.npz,/home/zzy/TrajectoryPlanning/distill/data/benchmark/mp/train/sample_004049.npz,mp,single_bugtrap,U,mp_single_bugtrap,medium,medium,0,mp:train
train,sample_005408.npz,/home/zzy/TrajectoryPlanning/distill/data/benchmark/mp/train/sample_004050.npz,mp,single_bugtrap,U,mp_single_bugtrap,medium,medium,0,mp:train
train,sample_005409.npz,/home/zzy/TrajectoryPlanning/distill/data/benchmark/mp/train/sample_004051.npz,mp,single_bugtrap,U,mp_single_bugtrap,medium,medium,0,mp:train
train,sample_005410.npz,/home/zzy/TrajectoryPlanning/distill/data/benchmark/mp/train/sample_004052.npz,mp,single_bugtrap,U,mp_single_bugtrap,medium,medium,0,mp:train
train,sample_005411.npz,/home/zzy/TrajectoryPlanning/distill/data/benchmark/mp/train/sample_004053.npz,mp,single_bugtrap,U,mp_single_bugtrap,medium,medium,0,mp:train
train,sample_005412.npz,/home/zzy/TrajectoryPlanning/distill/data/benchmark/mp/train/sample_004054.npz,mp,single_bugtrap,U,mp_single_bugtrap,medium,medium,0,mp:train
train,sample_005413.npz,/home/zzy/TrajectoryPlanning/distill/data/benchmark/mp/train/sample_004055.npz,mp,single_bugtrap,U,mp_single_bugtrap,medium,medium,0,mp:train
train,sample_005414.npz,/home/zzy/TrajectoryPlanning/distill/data/benchmark/mp/train/sample_004057.npz,mp,single_bugtrap,U,mp_single_bugtrap,medium,medium,0,mp:train
train,sample_005415.npz,/home/zzy/TrajectoryPlanning/distill/data/benchmark/mp/train/sample_004058.npz,mp,single_bugtrap,U,mp_single_bugtrap,medium,medium,0,mp:train
train,sample_005416.npz,/home/zzy/TrajectoryPlanning/distill/data/benchmark/mp/train/sample_004059.npz,mp,single_bugtrap,U,mp_single_bugtrap,medium,medium,0,mp:train
train,sample_005417.npz,/home/zzy/TrajectoryPlanning/distill/data/benchmark/mp/train/sample_004061.npz,mp,single_bugtrap,U,mp_single_bugtrap,medium,medium,0,mp:train
train,sample_005418.npz,/home/zzy/TrajectoryPlanning/distill/data/benchmark/mp/train/sample_004062.npz,mp,single_bugtrap,U,mp_single_bugtrap,medium,medium,0,mp:train
train,sample_005419.npz,/home/zzy/TrajectoryPlanning/distill/data/benchmark/mp/train/sample_004063.npz,mp,single_bugtrap,U,mp_single_bugtrap,medium,medium,0,mp:train
train,sample_005420.npz,/home/zzy/TrajectoryPlanning/distill/data/benchmark/mp/train/sample_004064.npz,mp,single_bugtrap,U,mp_single_bugtrap,medium,medium,0,mp:train
train,sample_005421.npz,/home/zzy/TrajectoryPlanning/distill/data/benchmark/mp/train/sample_004065.npz,mp,single_bugtrap,U,mp_single_bugtrap,medium,medium,0,mp:train
train,sample_005422.npz,/home/zzy/TrajectoryPlanning/distill/data/benchmark/mp/train/sample_004067.npz,mp,single_bugtrap,U,mp_single_bugtrap,medium,medium,0,mp:train
train,sample_005423.npz,/home/zzy/TrajectoryPlanning/distill/data/benchmark/mp/train/sample_004068.npz,mp,single_bugtrap,U,mp_single_bugtrap,medium,medium,0,mp:train
train,sample_005424.npz,/home/zzy/TrajectoryPlanning/distill/data/benchmark/mp/train/sample_004070.npz,mp,single_bugtrap,U,mp_single_bugtrap,medium,medium,0,mp:train
train,sample_005425.npz,/home/zzy/TrajectoryPlanning/distill/data/benchmark/mp/train/sample_004071.npz,mp,single_bugtrap,U,mp_single_bugtrap,medium,medium,0,mp:train
train,sample_005426.npz,/home/zzy/TrajectoryPlanning/distill/data/benchmark/mp/train/sample_004072.npz,mp,single_bugtrap,U,mp_single_bugtrap,medium,medium,0,mp:train
train,sample_005427.npz,/home/zzy/TrajectoryPlanning/distill/data/benchmark/mp/train/sample_004074.npz,mp,single_bugtrap,U,mp_single_bugtrap,medium,medium,0,mp:train
train,sample_005428.npz,/home/zzy/TrajectoryPlanning/distill/data/benchmark/mp/train/sample_004075.npz,mp,single_bugtrap,U,mp_single_bugtrap,medium,medium,0,mp:train
train,sample_005429.npz,/home/zzy/TrajectoryPlanning/distill/data/benchmark/mp/train/sample_004077.npz,mp,single_bugtrap,U,mp_single_bugtrap,medium,medium,0,mp:train
train,sample_005430.npz,/home/zzy/TrajectoryPlanning/distill/data/benchmark/mp/train/sample_004078.npz,mp,single_bugtrap,U,mp_single_bugtrap,medium,medium,0,mp:train
train,sample_005431.npz,/home/zzy/TrajectoryPlanning/distill/data/benchmark/mp/train/sample_004080.npz,mp,single_bugtrap,U,mp_single_bugtrap,medium,medium,0,mp:train
train,sample_005432.npz,/home/zzy/TrajectoryPlanning/distill/data/benchmark/mp/train/sample_004081.npz,mp,single_bugtrap,U,mp_single_bugtrap,medium,medium,0,mp:train
train,sample_005433.npz,/home/zzy/TrajectoryPlanning/distill/data/benchmark/mp/train/sample_004082.npz,mp,single_bugtrap,U,mp_single_bugtrap,medium,medium,0,mp:train
train,sample_005434.npz,/home/zzy/TrajectoryPlanning/distill/data/benchmark/mp/train/sample_004083.npz,mp,single_bugtrap,U,mp_single_bugtrap,medium,medium,0,mp:train
train,sample_005435.npz,/home/zzy/TrajectoryPlanning/distill/data/benchmark/mp/train/sample_004084.npz,mp,single_bugtrap,U,mp_single_bugtrap,medium,medium,0,mp:train
train,sample_005436.npz,/home/zzy/TrajectoryPlanning/distill/data/benchmark/mp/train/sample_004086.npz,mp,single_bugtrap,U,mp_single_bugtrap,medium,medium,0,mp:train
train,sample_005437.npz,/home/zzy/TrajectoryPlanning/distill/data/benchmark/mp/train/sample_004087.npz,mp,single_bugtrap,U,mp_single_bugtrap,medium,medium,0,mp:train
train,sample_005438.npz,/home/zzy/TrajectoryPlanning/distill/data/benchmark/mp/train/sample_004088.npz,mp,single_bugtrap,U,mp_single_bugtrap,medium,medium,0,mp:train
train,sample_005439.npz,/home/zzy/TrajectoryPlanning/distill/data/benchmark/mp/train/sample_004089.npz,mp,single_bugtrap,U,mp_single_bugtrap,medium,medium,0,mp:train
train,sample_005440.npz,/home/zzy/TrajectoryPlanning/distill/data/benchmark/mp/train/sample_004090.npz,mp,single_bugtrap,U,mp_single_bugtrap,medium,medium,0,mp:train
train,sample_005441.npz,/home/zzy/TrajectoryPlanning/distill/data/benchmark/mp/train/sample_004091.npz,mp,single_bugtrap,U,mp_single_bugtrap,medium,medium,0,mp:train
train,sample_005442.npz,/home/zzy/TrajectoryPlanning/distill/data/benchmark/mp/train/sample_004093.npz,mp,single_bugtrap,U,mp_single_bugtrap,medium,medium,0,mp:train
train,sample_005443.npz,/home/zzy/TrajectoryPlanning/distill/data/benchmark/mp/train/sample_004095.npz,mp,single_bugtrap,U,mp_single_bugtrap,medium,medium,0,mp:train
train,sample_005444.npz,/home/zzy/TrajectoryPlanning/distill/data/benchmark/mp/train/sample_004097.npz,mp,single_bugtrap,U,mp_single_bugtrap,medium,medium,0,mp:train
train,sample_005445.npz,/home/zzy/TrajectoryPlanning/distill/data/benchmark/mp/train/sample_004098.npz,mp,single_bugtrap,U,mp_single_bugtrap,medium,medium,0,mp:train
train,sample_005446.npz,/home/zzy/TrajectoryPlanning/distill/data/benchmark/mp/train/sample_004101.npz,mp,single_bugtrap,U,mp_single_bugtrap,medium,medium,0,mp:train
train,sample_005447.npz,/home/zzy/TrajectoryPlanning/distill/data/benchmark/mp/train/sample_004102.npz,mp,single_bugtrap,U,mp_single_bugtrap,medium,medium,0,mp:train
train,sample_005448.npz,/home/zzy/TrajectoryPlanning/distill/data/benchmark/mp/train/sample_004104.npz,mp,single_bugtrap,U,mp_single_bugtrap,medium,medium,0,mp:train
train,sample_005449.npz,/home/zzy/TrajectoryPlanning/distill/data/benchmark/mp/train/sample_004105.npz,mp,single_bugtrap,U,mp_single_bugtrap,medium,medium,0,mp:train
train,sample_005450.npz,/home/zzy/TrajectoryPlanning/distill/data/benchmark/mp/train/sample_004106.npz,mp,single_bugtrap,U,mp_single_bugtrap,medium,medium,0,mp:train
train,sample_005451.npz,/home/zzy/TrajectoryPlanning/distill/data/benchmark/mp/train/sample_004108.npz,mp,single_bugtrap,U,mp_single_bugtrap,medium,medium,0,mp:train
train,sample_005452.npz,/home/zzy/TrajectoryPlanning/distill/data/benchmark/mp/train/sample_004109.npz,mp,single_bugtrap,U,mp_single_bugtrap,medium,medium,0,mp:train
train,sample_005453.npz,/home/zzy/TrajectoryPlanning/distill/data/benchmark/mp/train/sample_004110.npz,mp,single_bugtrap,U,mp_single_bugtrap,medium,medium,0,mp:train
train,sample_005454.npz,/home/zzy/TrajectoryPlanning/distill/data/benchmark/mp/train/sample_004113.npz,mp,single_bugtrap,U,mp_single_bugtrap,medium,medium,0,mp:train
train,sample_005455.npz,/home/zzy/TrajectoryPlanning/distill/data/benchmark/mp/train/sample_004114.npz,mp,single_bugtrap,U,mp_single_bugtrap,medium,medium,0,mp:train
train,sample_005456.npz,/home/zzy/TrajectoryPlanning/distill/data/benchmark/mp/train/sample_004115.npz,mp,single_bugtrap,U,mp_single_bugtrap,medium,medium,0,mp:train
train,sample_005457.npz,/home/zzy/TrajectoryPlanning/distill/data/benchmark/mp/train/sample_004116.npz,mp,single_bugtrap,U,mp_single_bugtrap,medium,medium,0,mp:train
train,sample_005458.npz,/home/zzy/TrajectoryPlanning/distill/data/benchmark/mp/train/sample_004117.npz,mp,single_bugtrap,U,mp_single_bugtrap,medium,medium,0,mp:train
train,sample_005459.npz,/home/zzy/TrajectoryPlanning/distill/data/benchmark/mp/train/sample_004118.npz,mp,single_bugtrap,U,mp_single_bugtrap,medium,medium,0,mp:train
train,sample_005460.npz,/home/zzy/TrajectoryPlanning/distill/data/benchmark/mp/train/sample_004119.npz,mp,single_bugtrap,U,mp_single_bugtrap,medium,medium,0,mp:train
train,sample_005461.npz,/home/zzy/TrajectoryPlanning/distill/data/benchmark/mp/train/sample_004120.npz,mp,single_bugtrap,U,mp_single_bugtrap,medium,medium,0,mp:train
train,sample_005462.npz,/home/zzy/TrajectoryPlanning/distill/data/benchmark/mp/train/sample_004121.npz,mp,single_bugtrap,U,mp_single_bugtrap,medium,medium,0,mp:train
train,sample_005463.npz,/home/zzy/TrajectoryPlanning/distill/data/benchmark/mp/train/sample_004122.npz,mp,single_bugtrap,U,mp_single_bugtrap,medium,medium,0,mp:train
train,sample_005464.npz,/home/zzy/TrajectoryPlanning/distill/data/benchmark/mp/train/sample_004123.npz,mp,single_bugtrap,U,mp_single_bugtrap,medium,medium,0,mp:train
train,sample_005465.npz,/home/zzy/TrajectoryPlanning/distill/data/benchmark/mp/train/sample_004124.npz,mp,single_bugtrap,U,mp_single_bugtrap,medium,medium,0,mp:train
train,sample_005466.npz,/home/zzy/TrajectoryPlanning/distill/data/benchmark/mp/train/sample_004126.npz,mp,single_bugtrap,U,mp_single_bugtrap,medium,medium,0,mp:train
train,sample_005467.npz,/home/zzy/TrajectoryPlanning/distill/data/benchmark/mp/train/sample_004127.npz,mp,single_bugtrap,U,mp_single_bugtrap,medium,medium,0,mp:train
train,sample_005468.npz,/home/zzy/TrajectoryPlanning/distill/data/benchmark/mp/train/sample_004128.npz,mp,single_bugtrap,U,mp_single_bugtrap,medium,medium,0,mp:train
train,sample_005469.npz,/home/zzy/TrajectoryPlanning/distill/data/benchmark/mp/train/sample_004129.npz,mp,single_bugtrap,U,mp_single_bugtrap,medium,medium,0,mp:train
train,sample_005470.npz,/home/zzy/TrajectoryPlanning/distill/data/benchmark/mp/train/sample_004130.npz,mp,single_bugtrap,U,mp_single_bugtrap,medium,medium,0,mp:train
train,sample_005471.npz,/home/zzy/TrajectoryPlanning/distill/data/benchmark/mp/train/sample_004131.npz,mp,single_bugtrap,U,mp_single_bugtrap,medium,medium,0,mp:train
train,sample_005472.npz,/home/zzy/TrajectoryPlanning/distill/data/benchmark/mp/train/sample_004134.npz,mp,single_bugtrap,U,mp_single_bugtrap,medium,medium,0,mp:train
train,sample_005473.npz,/home/zzy/TrajectoryPlanning/distill/data/benchmark/mp/train/sample_004135.npz,mp,single_bugtrap,U,mp_single_bugtrap,medium,medium,0,mp:train
train,sample_005474.npz,/home/zzy/TrajectoryPlanning/distill/data/benchmark/mp/train/sample_004136.npz,mp,single_bugtrap,U,mp_single_bugtrap,medium,medium,0,mp:train
train,sample_005475.npz,/home/zzy/TrajectoryPlanning/distill/data/benchmark/mp/train/sample_004138.npz,mp,single_bugtrap,U,mp_single_bugtrap,medium,medium,0,mp:train
train,sample_005476.npz,/home/zzy/TrajectoryPlanning/distill/data/benchmark/mp/train/sample_004140.npz,mp,single_bugtrap,U,mp_single_bugtrap,medium,medium,0,mp:train
train,sample_005477.npz,/home/zzy/TrajectoryPlanning/distill/data/benchmark/mp/train/sample_004141.npz,mp,single_bugtrap,U,mp_single_bugtrap,medium,medium,0,mp:train
train,sample_005478.npz,/home/zzy/TrajectoryPlanning/distill/data/benchmark/mp/train/sample_004142.npz,mp,single_bugtrap,U,mp_single_bugtrap,medium,medium,0,mp:train
train,sample_005479.npz,/home/zzy/TrajectoryPlanning/distill/data/benchmark/mp/train/sample_004143.npz,mp,single_bugtrap,U,mp_single_bugtrap,medium,medium,0,mp:train
train,sample_005480.npz,/home/zzy/TrajectoryPlanning/distill/data/benchmark/mp/train/sample_004144.npz,mp,single_bugtrap,U,mp_single_bugtrap,medium,medium,0,mp:train
train,sample_005481.npz,/home/zzy/TrajectoryPlanning/distill/data/benchmark/mp/train/sample_004145.npz,mp,single_bugtrap,U,mp_single_bugtrap,medium,medium,0,mp:train
train,sample_005482.npz,/home/zzy/TrajectoryPlanning/distill/data/benchmark/mp/train/sample_004146.npz,mp,single_bugtrap,U,mp_single_bugtrap,medium,medium,0,mp:train
train,sample_005483.npz,/home/zzy/TrajectoryPlanning/distill/data/benchmark/mp/train/sample_004148.npz,mp,single_bugtrap,U,mp_single_bugtrap,medium,medium,0,mp:train
train,sample_005484.npz,/home/zzy/TrajectoryPlanning/distill/data/benchmark/mp/train/sample_004149.npz,mp,single_bugtrap,U,mp_single_bugtrap,medium,medium,0,mp:train
train,sample_005485.npz,/home/zzy/TrajectoryPlanning/distill/data/benchmark/mp/train/sample_004151.npz,mp,single_bugtrap,U,mp_single_bugtrap,medium,medium,0,mp:train
train,sample_005486.npz,/home/zzy/TrajectoryPlanning/distill/data/benchmark/mp/train/sample_004152.npz,mp,single_bugtrap,U,mp_single_bugtrap,medium,medium,0,mp:train
train,sample_005487.npz,/home/zzy/TrajectoryPlanning/distill/data/benchmark/mp/train/sample_004154.npz,mp,single_bugtrap,U,mp_single_bugtrap,medium,medium,0,mp:train
train,sample_005488.npz,/home/zzy/TrajectoryPlanning/distill/data/benchmark/mp/train/sample_004155.npz,mp,single_bugtrap,U,mp_single_bugtrap,medium,medium,0,mp:train
train,sample_005489.npz,/home/zzy/TrajectoryPlanning/distill/data/benchmark/mp/train/sample_004156.npz,mp,single_bugtrap,U,mp_single_bugtrap,medium,medium,0,mp:train
train,sample_005490.npz,/home/zzy/TrajectoryPlanning/distill/data/benchmark/mp/train/sample_004157.npz,mp,single_bugtrap,U,mp_single_bugtrap,medium,medium,0,mp:train
train,sample_005491.npz,/home/zzy/TrajectoryPlanning/distill/data/benchmark/mp/train/sample_004160.npz,mp,single_bugtrap,U,mp_single_bugtrap,medium,medium,0,mp:train
train,sample_005492.npz,/home/zzy/TrajectoryPlanning/distill/data/benchmark/mp/train/sample_004161.npz,mp,single_bugtrap,U,mp_single_bugtrap,medium,medium,0,mp:train
train,sample_005493.npz,/home/zzy/TrajectoryPlanning/distill/data/benchmark/mp/train/sample_004163.npz,mp,single_bugtrap,U,mp_single_bugtrap,medium,medium,0,mp:train
train,sample_005494.npz,/home/zzy/TrajectoryPlanning/distill/data/benchmark/mp/train/sample_004164.npz,mp,single_bugtrap,U,mp_single_bugtrap,medium,medium,0,mp:train
train,sample_005495.npz,/home/zzy/TrajectoryPlanning/distill/data/benchmark/mp/train/sample_004165.npz,mp,single_bugtrap,U,mp_single_bugtrap,medium,medium,0,mp:train
train,sample_005496.npz,/home/zzy/TrajectoryPlanning/distill/data/benchmark/mp/train/sample_004166.npz,mp,single_bugtrap,U,mp_single_bugtrap,medium,medium,0,mp:train
train,sample_005497.npz,/home/zzy/TrajectoryPlanning/distill/data/benchmark/mp/train/sample_004168.npz,mp,single_bugtrap,U,mp_single_bugtrap,medium,medium,0,mp:train
train,sample_005498.npz,/home/zzy/TrajectoryPlanning/distill/data/benchmark/mp/train/sample_004170.npz,mp,single_bugtrap,U,mp_single_bugtrap,medium,medium,0,mp:train
train,sample_005499.npz,/home/zzy/TrajectoryPlanning/distill/data/benchmark/mp/train/sample_004171.npz,mp,single_bugtrap,U,mp_single_bugtrap,medium,medium,0,mp:train
train,sample_005500.npz,/home/zzy/TrajectoryPlanning/distill/data/benchmark/mp/train/sample_004172.npz,mp,single_bugtrap,U,mp_single_bugtrap,medium,medium,0,mp:train
train,sample_005501.npz,/home/zzy/TrajectoryPlanning/distill/data/benchmark/mp/train/sample_004173.npz,mp,single_bugtrap,U,mp_single_bugtrap,medium,medium,0,mp:train
train,sample_005502.npz,/home/zzy/TrajectoryPlanning/distill/data/benchmark/mp/train/sample_004174.npz,mp,single_bugtrap,U,mp_single_bugtrap,medium,medium,0,mp:train
train,sample_005503.npz,/home/zzy/TrajectoryPlanning/distill/data/benchmark/mp/train/sample_004175.npz,mp,single_bugtrap,U,mp_single_bugtrap,medium,medium,0,mp:train
train,sample_005504.npz,/home/zzy/TrajectoryPlanning/distill/data/benchmark/mp/train/sample_004176.npz,mp,single_bugtrap,U,mp_single_bugtrap,medium,medium,0,mp:train
train,sample_005505.npz,/home/zzy/TrajectoryPlanning/distill/data/benchmark/mp/train/sample_004178.npz,mp,single_bugtrap,U,mp_single_bugtrap,medium,medium,0,mp:train
train,sample_005506.npz,/home/zzy/TrajectoryPlanning/distill/data/benchmark/mp/train/sample_004180.npz,mp,single_bugtrap,U,mp_single_bugtrap,medium,medium,0,mp:train
train,sample_005507.npz,/home/zzy/TrajectoryPlanning/distill/data/benchmark/mp/train/sample_004181.npz,mp,single_bugtrap,U,mp_single_bugtrap,medium,medium,0,mp:train
train,sample_005508.npz,/home/zzy/TrajectoryPlanning/distill/data/benchmark/mp/train/sample_004182.npz,mp,single_bugtrap,U,mp_single_bugtrap,medium,medium,0,mp:train
train,sample_005509.npz,/home/zzy/TrajectoryPlanning/distill/data/benchmark/mp/train/sample_004183.npz,mp,single_bugtrap,U,mp_single_bugtrap,medium,medium,0,mp:train
train,sample_005510.npz,/home/zzy/TrajectoryPlanning/distill/data/benchmark/mp/train/sample_004184.npz,mp,single_bugtrap,U,mp_single_bugtrap,medium,medium,0,mp:train
train,sample_005511.npz,/home/zzy/TrajectoryPlanning/distill/data/benchmark/mp/train/sample_004186.npz,mp,single_bugtrap,U,mp_single_bugtrap,medium,medium,0,mp:train
train,sample_005512.npz,/home/zzy/TrajectoryPlanning/distill/data/benchmark/mp/train/sample_004187.npz,mp,single_bugtrap,U,mp_single_bugtrap,medium,medium,0,mp:train
train,sample_005513.npz,/home/zzy/TrajectoryPlanning/distill/data/benchmark/mp/train/sample_004188.npz,mp,single_bugtrap,U,mp_single_bugtrap,medium,medium,0,mp:train
train,sample_005514.npz,/home/zzy/TrajectoryPlanning/distill/data/benchmark/mp/train/sample_004190.npz,mp,single_bugtrap,U,mp_single_bugtrap,medium,medium,0,mp:train
train,sample_005515.npz,/home/zzy/TrajectoryPlanning/distill/data/benchmark/mp/train/sample_004192.npz,mp,single_bugtrap,U,mp_single_bugtrap,medium,medium,0,mp:train
train,sample_005516.npz,/home/zzy/TrajectoryPlanning/distill/data/benchmark/mp/train/sample_004193.npz,mp,single_bugtrap,U,mp_single_bugtrap,medium,medium,0,mp:train
train,sample_005517.npz,/home/zzy/TrajectoryPlanning/distill/data/benchmark/mp/train/sample_004194.npz,mp,single_bugtrap,U,mp_single_bugtrap,medium,medium,0,mp:train
train,sample_005518.npz,/home/zzy/TrajectoryPlanning/distill/data/benchmark/mp/train/sample_004195.npz,mp,single_bugtrap,U,mp_single_bugtrap,medium,medium,0,mp:train
train,sample_005519.npz,/home/zzy/TrajectoryPlanning/distill/data/benchmark/mp/train/sample_004196.npz,mp,single_bugtrap,U,mp_single_bugtrap,medium,medium,0,mp:train
train,sample_005520.npz,/home/zzy/TrajectoryPlanning/distill/data/benchmark/mp/train/sample_004197.npz,mp,single_bugtrap,U,mp_single_bugtrap,medium,medium,0,mp:train
train,sample_005521.npz,/home/zzy/TrajectoryPlanning/distill/data/benchmark/mp/train/sample_004198.npz,mp,single_bugtrap,U,mp_single_bugtrap,medium,medium,0,mp:train
train,sample_005522.npz,/home/zzy/TrajectoryPlanning/distill/data/benchmark/mp/train/sample_004200.npz,mp,single_bugtrap,U,mp_single_bugtrap,medium,medium,0,mp:train
train,sample_005523.npz,/home/zzy/TrajectoryPlanning/distill/data/benchmark/mp/train/sample_004201.npz,mp,single_bugtrap,U,mp_single_bugtrap,medium,medium,0,mp:train
train,sample_005524.npz,/home/zzy/TrajectoryPlanning/distill/data/benchmark/mp/train/sample_004202.npz,mp,single_bugtrap,U,mp_single_bugtrap,medium,medium,0,mp:train
train,sample_005525.npz,/home/zzy/TrajectoryPlanning/distill/data/benchmark/mp/train/sample_004203.npz,mp,single_bugtrap,U,mp_single_bugtrap,medium,medium,0,mp:train
train,sample_005526.npz,/home/zzy/TrajectoryPlanning/distill/data/benchmark/mp/train/sample_004204.npz,mp,single_bugtrap,U,mp_single_bugtrap,medium,medium,0,mp:train
train,sample_005527.npz,/home/zzy/TrajectoryPlanning/distill/data/benchmark/mp/train/sample_004205.npz,mp,single_bugtrap,U,mp_single_bugtrap,medium,medium,0,mp:train
train,sample_005528.npz,/home/zzy/TrajectoryPlanning/distill/data/benchmark/mp/train/sample_004207.npz,mp,single_bugtrap,U,mp_single_bugtrap,medium,medium,0,mp:train
train,sample_005529.npz,/home/zzy/TrajectoryPlanning/distill/data/benchmark/mp/train/sample_004208.npz,mp,single_bugtrap,U,mp_single_bugtrap,medium,medium,0,mp:train
train,sample_005530.npz,/home/zzy/TrajectoryPlanning/distill/data/benchmark/mp/train/sample_004210.npz,mp,single_bugtrap,U,mp_single_bugtrap,medium,medium,0,mp:train
train,sample_005531.npz,/home/zzy/TrajectoryPlanning/distill/data/benchmark/mp/train/sample_004211.npz,mp,single_bugtrap,U,mp_single_bugtrap,medium,medium,0,mp:train
train,sample_005532.npz,/home/zzy/TrajectoryPlanning/distill/data/benchmark/mp/train/sample_004212.npz,mp,single_bugtrap,U,mp_single_bugtrap,medium,medium,0,mp:train
train,sample_005533.npz,/home/zzy/TrajectoryPlanning/distill/data/benchmark/mp/train/sample_004213.npz,mp,single_bugtrap,U,mp_single_bugtrap,medium,medium,0,mp:train
train,sample_005534.npz,/home/zzy/TrajectoryPlanning/distill/data/benchmark/mp/train/sample_004214.npz,mp,single_bugtrap,U,mp_single_bugtrap,medium,medium,0,mp:train
train,sample_005535.npz,/home/zzy/TrajectoryPlanning/distill/data/benchmark/mp/train/sample_004217.npz,mp,single_bugtrap,U,mp_single_bugtrap,medium,medium,0,mp:train
train,sample_005536.npz,/home/zzy/TrajectoryPlanning/distill/data/benchmark/mp/train/sample_004218.npz,mp,single_bugtrap,U,mp_single_bugtrap,medium,medium,0,mp:train
train,sample_005537.npz,/home/zzy/TrajectoryPlanning/distill/data/benchmark/mp/train/sample_004219.npz,mp,single_bugtrap,U,mp_single_bugtrap,medium,medium,0,mp:train
train,sample_005538.npz,/home/zzy/TrajectoryPlanning/distill/data/benchmark/mp/train/sample_004220.npz,mp,single_bugtrap,U,mp_single_bugtrap,medium,medium,0,mp:train
train,sample_005539.npz,/home/zzy/TrajectoryPlanning/distill/data/benchmark/mp/train/sample_004227.npz,mp,single_bugtrap,U,mp_single_bugtrap,medium,medium,0,mp:train
train,sample_005540.npz,/home/zzy/TrajectoryPlanning/distill/data/benchmark/mp/train/sample_004228.npz,mp,single_bugtrap,U,mp_single_bugtrap,medium,medium,0,mp:train
train,sample_005541.npz,/home/zzy/TrajectoryPlanning/distill/data/benchmark/mp/train/sample_004229.npz,mp,single_bugtrap,U,mp_single_bugtrap,medium,medium,0,mp:train
train,sample_005542.npz,/home/zzy/TrajectoryPlanning/distill/data/benchmark/mp/train/sample_004230.npz,mp,single_bugtrap,U,mp_single_bugtrap,medium,medium,0,mp:train
train,sample_005543.npz,/home/zzy/TrajectoryPlanning/distill/data/benchmark/mp/train/sample_004231.npz,mp,single_bugtrap,U,mp_single_bugtrap,medium,medium,0,mp:train
train,sample_005544.npz,/home/zzy/TrajectoryPlanning/distill/data/benchmark/mp/train/sample_004233.npz,mp,single_bugtrap,U,mp_single_bugtrap,medium,medium,0,mp:train
train,sample_005545.npz,/home/zzy/TrajectoryPlanning/distill/data/benchmark/mp/train/sample_004234.npz,mp,single_bugtrap,U,mp_single_bugtrap,medium,medium,0,mp:train
train,sample_005546.npz,/home/zzy/TrajectoryPlanning/distill/data/benchmark/mp/train/sample_004235.npz,mp,single_bugtrap,U,mp_single_bugtrap,medium,medium,0,mp:train
train,sample_005547.npz,/home/zzy/TrajectoryPlanning/distill/data/benchmark/mp/train/sample_004236.npz,mp,single_bugtrap,U,mp_single_bugtrap,medium,medium,0,mp:train
train,sample_005548.npz,/home/zzy/TrajectoryPlanning/distill/data/benchmark/mp/train/sample_004238.npz,mp,single_bugtrap,U,mp_single_bugtrap,medium,medium,0,mp:train
train,sample_005549.npz,/home/zzy/TrajectoryPlanning/distill/data/benchmark/mp/train/sample_004239.npz,mp,single_bugtrap,U,mp_single_bugtrap,medium,medium,0,mp:train
train,sample_005550.npz,/home/zzy/TrajectoryPlanning/distill/data/benchmark/mp/train/sample_004240.npz,mp,single_bugtrap,U,mp_single_bugtrap,medium,medium,0,mp:train
train,sample_005551.npz,/home/zzy/TrajectoryPlanning/distill/data/benchmark/mp/train/sample_004241.npz,mp,single_bugtrap,U,mp_single_bugtrap,medium,medium,0,mp:train
train,sample_005552.npz,/home/zzy/TrajectoryPlanning/distill/data/benchmark/mp/train/sample_004242.npz,mp,single_bugtrap,U,mp_single_bugtrap,medium,medium,0,mp:train
train,sample_005553.npz,/home/zzy/TrajectoryPlanning/distill/data/benchmark/mp/train/sample_004243.npz,mp,single_bugtrap,U,mp_single_bugtrap,medium,medium,0,mp:train
train,sample_005554.npz,/home/zzy/TrajectoryPlanning/distill/data/benchmark/mp/train/sample_004244.npz,mp,single_bugtrap,U,mp_single_bugtrap,medium,medium,0,mp:train
train,sample_005555.npz,/home/zzy/TrajectoryPlanning/distill/data/benchmark/mp/train/sample_004245.npz,mp,single_bugtrap,U,mp_single_bugtrap,medium,medium,0,mp:train
train,sample_005556.npz,/home/zzy/TrajectoryPlanning/distill/data/benchmark/mp/train/sample_004246.npz,mp,single_bugtrap,U,mp_single_bugtrap,medium,medium,0,mp:train
train,sample_005557.npz,/home/zzy/TrajectoryPlanning/distill/data/benchmark/mp/train/sample_004247.npz,mp,single_bugtrap,U,mp_single_bugtrap,medium,medium,0,mp:train
train,sample_005558.npz,/home/zzy/TrajectoryPlanning/distill/data/benchmark/mp/train/sample_004248.npz,mp,single_bugtrap,U,mp_single_bugtrap,medium,medium,0,mp:train
train,sample_005559.npz,/home/zzy/TrajectoryPlanning/distill/data/benchmark/mp/train/sample_004250.npz,mp,single_bugtrap,U,mp_single_bugtrap,medium,medium,0,mp:train
train,sample_005560.npz,/home/zzy/TrajectoryPlanning/distill/data/benchmark/mp/train/sample_004251.npz,mp,single_bugtrap,U,mp_single_bugtrap,medium,medium,0,mp:train
train,sample_005561.npz,/home/zzy/TrajectoryPlanning/distill/data/benchmark/mp/train/sample_004252.npz,mp,single_bugtrap,U,mp_single_bugtrap,medium,medium,0,mp:train
train,sample_005562.npz,/home/zzy/TrajectoryPlanning/distill/data/benchmark/mp/train/sample_004253.npz,mp,single_bugtrap,U,mp_single_bugtrap,medium,medium,0,mp:train
train,sample_005563.npz,/home/zzy/TrajectoryPlanning/distill/data/benchmark/mp/train/sample_004254.npz,mp,single_bugtrap,U,mp_single_bugtrap,medium,medium,0,mp:train
train,sample_005564.npz,/home/zzy/TrajectoryPlanning/distill/data/benchmark/mp/train/sample_004255.npz,mp,single_bugtrap,U,mp_single_bugtrap,medium,medium,0,mp:train
train,sample_005565.npz,/home/zzy/TrajectoryPlanning/distill/data/benchmark/mp/train/sample_004256.npz,mp,single_bugtrap,U,mp_single_bugtrap,medium,medium,0,mp:train
train,sample_005566.npz,/home/zzy/TrajectoryPlanning/distill/data/benchmark/mp/train/sample_004257.npz,mp,single_bugtrap,U,mp_single_bugtrap,medium,medium,0,mp:train
train,sample_005567.npz,/home/zzy/TrajectoryPlanning/distill/data/benchmark/mp/train/sample_004258.npz,mp,single_bugtrap,U,mp_single_bugtrap,medium,medium,0,mp:train
train,sample_005568.npz,/home/zzy/TrajectoryPlanning/distill/data/benchmark/mp/train/sample_004259.npz,mp,single_bugtrap,U,mp_single_bugtrap,medium,medium,0,mp:train
train,sample_005569.npz,/home/zzy/TrajectoryPlanning/distill/data/benchmark/mp/train/sample_004260.npz,mp,single_bugtrap,U,mp_single_bugtrap,medium,medium,0,mp:train
train,sample_005570.npz,/home/zzy/TrajectoryPlanning/distill/data/benchmark/mp/train/sample_004262.npz,mp,single_bugtrap,U,mp_single_bugtrap,medium,medium,0,mp:train
train,sample_005571.npz,/home/zzy/TrajectoryPlanning/distill/data/benchmark/mp/train/sample_004266.npz,mp,single_bugtrap,U,mp_single_bugtrap,medium,medium,0,mp:train
train,sample_005572.npz,/home/zzy/TrajectoryPlanning/distill/data/benchmark/mp/train/sample_004267.npz,mp,single_bugtrap,U,mp_single_bugtrap,medium,medium,0,mp:train
train,sample_005573.npz,/home/zzy/TrajectoryPlanning/distill/data/benchmark/mp/train/sample_004268.npz,mp,single_bugtrap,U,mp_single_bugtrap,medium,medium,0,mp:train
train,sample_005574.npz,/home/zzy/TrajectoryPlanning/distill/data/benchmark/mp/train/sample_004270.npz,mp,single_bugtrap,U,mp_single_bugtrap,medium,medium,0,mp:train
train,sample_005575.npz,/home/zzy/TrajectoryPlanning/distill/data/benchmark/mp/train/sample_004272.npz,mp,single_bugtrap,U,mp_single_bugtrap,medium,medium,0,mp:train
train,sample_005576.npz,/home/zzy/TrajectoryPlanning/distill/data/benchmark/mp/train/sample_004273.npz,mp,single_bugtrap,U,mp_single_bugtrap,medium,medium,0,mp:train
train,sample_005577.npz,/home/zzy/TrajectoryPlanning/distill/data/benchmark/mp/train/sample_004274.npz,mp,single_bugtrap,U,mp_single_bugtrap,medium,medium,0,mp:train
train,sample_005578.npz,/home/zzy/TrajectoryPlanning/distill/data/benchmark/mp/train/sample_004276.npz,mp,single_bugtrap,U,mp_single_bugtrap,medium,medium,0,mp:train
train,sample_005579.npz,/home/zzy/TrajectoryPlanning/distill/data/benchmark/mp/train/sample_004277.npz,mp,single_bugtrap,U,mp_single_bugtrap,medium,medium,0,mp:train
train,sample_005580.npz,/home/zzy/TrajectoryPlanning/distill/data/benchmark/mp/train/sample_004278.npz,mp,single_bugtrap,U,mp_single_bugtrap,medium,medium,0,mp:train
train,sample_005581.npz,/home/zzy/TrajectoryPlanning/distill/data/benchmark/mp/train/sample_004279.npz,mp,single_bugtrap,U,mp_single_bugtrap,medium,medium,0,mp:train
train,sample_005582.npz,/home/zzy/TrajectoryPlanning/distill/data/benchmark/mp/train/sample_004281.npz,mp,single_bugtrap,U,mp_single_bugtrap,medium,medium,0,mp:train
train,sample_005583.npz,/home/zzy/TrajectoryPlanning/distill/data/benchmark/mp/train/sample_004282.npz,mp,single_bugtrap,U,mp_single_bugtrap,medium,medium,0,mp:train
train,sample_005584.npz,/home/zzy/TrajectoryPlanning/distill/data/benchmark/mp/train/sample_004283.npz,mp,single_bugtrap,U,mp_single_bugtrap,medium,medium,0,mp:train
train,sample_005585.npz,/home/zzy/TrajectoryPlanning/distill/data/benchmark/mp/train/sample_004285.npz,mp,single_bugtrap,U,mp_single_bugtrap,medium,medium,0,mp:train
train,sample_005586.npz,/home/zzy/TrajectoryPlanning/distill/data/benchmark/mp/train/sample_004286.npz,mp,single_bugtrap,U,mp_single_bugtrap,medium,medium,0,mp:train
train,sample_005587.npz,/home/zzy/TrajectoryPlanning/distill/data/benchmark/mp/train/sample_004287.npz,mp,single_bugtrap,U,mp_single_bugtrap,medium,medium,0,mp:train
train,sample_005588.npz,/home/zzy/TrajectoryPlanning/distill/data/benchmark/mp/train/sample_004288.npz,mp,single_bugtrap,U,mp_single_bugtrap,medium,medium,0,mp:train
train,sample_005589.npz,/home/zzy/TrajectoryPlanning/distill/data/benchmark/mp/train/sample_004289.npz,mp,single_bugtrap,U,mp_single_bugtrap,medium,medium,0,mp:train
train,sample_005590.npz,/home/zzy/TrajectoryPlanning/distill/data/benchmark/mp/train/sample_004290.npz,mp,single_bugtrap,U,mp_single_bugtrap,medium,medium,0,mp:train
train,sample_005591.npz,/home/zzy/TrajectoryPlanning/distill/data/benchmark/mp/train/sample_004291.npz,mp,single_bugtrap,U,mp_single_bugtrap,medium,medium,0,mp:train
train,sample_005592.npz,/home/zzy/TrajectoryPlanning/distill/data/benchmark/mp/train/sample_004292.npz,mp,single_bugtrap,U,mp_single_bugtrap,medium,medium,0,mp:train
train,sample_005593.npz,/home/zzy/TrajectoryPlanning/distill/data/benchmark/mp/train/sample_004293.npz,mp,single_bugtrap,U,mp_single_bugtrap,medium,medium,0,mp:train
train,sample_005594.npz,/home/zzy/TrajectoryPlanning/distill/data/benchmark/mp/train/sample_004294.npz,mp,single_bugtrap,U,mp_single_bugtrap,medium,medium,0,mp:train
train,sample_005595.npz,/home/zzy/TrajectoryPlanning/distill/data/benchmark/mp/train/sample_004296.npz,mp,single_bugtrap,U,mp_single_bugtrap,medium,medium,0,mp:train
train,sample_005596.npz,/home/zzy/TrajectoryPlanning/distill/data/benchmark/mp/train/sample_004297.npz,mp,single_bugtrap,U,mp_single_bugtrap,medium,medium,0,mp:train
train,sample_005597.npz,/home/zzy/TrajectoryPlanning/distill/data/benchmark/mp/train/sample_004298.npz,mp,single_bugtrap,U,mp_single_bugtrap,medium,medium,0,mp:train
train,sample_005598.npz,/home/zzy/TrajectoryPlanning/distill/data/benchmark/mp/train/sample_004302.npz,mp,single_bugtrap,U,mp_single_bugtrap,medium,medium,0,mp:train
train,sample_005599.npz,/home/zzy/TrajectoryPlanning/distill/data/benchmark/mp/train/sample_004303.npz,mp,single_bugtrap,U,mp_single_bugtrap,medium,medium,0,mp:train
train,sample_005600.npz,/home/zzy/TrajectoryPlanning/distill/data/benchmark/mp/train/sample_004304.npz,mp,single_bugtrap,U,mp_single_bugtrap,medium,medium,0,mp:train
train,sample_005601.npz,/home/zzy/TrajectoryPlanning/distill/data/benchmark/mp/train/sample_004305.npz,mp,single_bugtrap,U,mp_single_bugtrap,medium,medium,0,mp:train
train,sample_005602.npz,/home/zzy/TrajectoryPlanning/distill/data/benchmark/mp/train/sample_004306.npz,mp,single_bugtrap,U,mp_single_bugtrap,medium,medium,0,mp:train
train,sample_005603.npz,/home/zzy/TrajectoryPlanning/distill/data/benchmark/mp/train/sample_004307.npz,mp,single_bugtrap,U,mp_single_bugtrap,medium,medium,0,mp:train
train,sample_005604.npz,/home/zzy/TrajectoryPlanning/distill/data/benchmark/mp/train/sample_004308.npz,mp,single_bugtrap,U,mp_single_bugtrap,medium,medium,0,mp:train
train,sample_005605.npz,/home/zzy/TrajectoryPlanning/distill/data/benchmark/mp/train/sample_004309.npz,mp,single_bugtrap,U,mp_single_bugtrap,medium,medium,0,mp:train
train,sample_005606.npz,/home/zzy/TrajectoryPlanning/distill/data/benchmark/mp/train/sample_004310.npz,mp,single_bugtrap,U,mp_single_bugtrap,medium,medium,0,mp:train
train,sample_005607.npz,/home/zzy/TrajectoryPlanning/distill/data/benchmark/mp/train/sample_004311.npz,mp,single_bugtrap,U,mp_single_bugtrap,medium,medium,0,mp:train
train,sample_005608.npz,/home/zzy/TrajectoryPlanning/distill/data/benchmark/mp/train/sample_004312.npz,mp,single_bugtrap,U,mp_single_bugtrap,medium,medium,0,mp:train
train,sample_005609.npz,/home/zzy/TrajectoryPlanning/distill/data/benchmark/mp/train/sample_004313.npz,mp,single_bugtrap,U,mp_single_bugtrap,medium,medium,0,mp:train
train,sample_005610.npz,/home/zzy/TrajectoryPlanning/distill/data/benchmark/mp/train/sample_004314.npz,mp,single_bugtrap,U,mp_single_bugtrap,medium,medium,0,mp:train
train,sample_005611.npz,/home/zzy/TrajectoryPlanning/distill/data/benchmark/mp/train/sample_004315.npz,mp,single_bugtrap,U,mp_single_bugtrap,medium,medium,0,mp:train
train,sample_005612.npz,/home/zzy/TrajectoryPlanning/distill/data/benchmark/mp/train/sample_004316.npz,mp,single_bugtrap,U,mp_single_bugtrap,medium,medium,0,mp:train
train,sample_005613.npz,/home/zzy/TrajectoryPlanning/distill/data/benchmark/mp/train/sample_004317.npz,mp,single_bugtrap,U,mp_single_bugtrap,medium,medium,0,mp:train
train,sample_005614.npz,/home/zzy/TrajectoryPlanning/distill/data/benchmark/mp/train/sample_004318.npz,mp,single_bugtrap,U,mp_single_bugtrap,medium,medium,0,mp:train
train,sample_005615.npz,/home/zzy/TrajectoryPlanning/distill/data/benchmark/mp/train/sample_004322.npz,mp,single_bugtrap,U,mp_single_bugtrap,medium,medium,0,mp:train
train,sample_005616.npz,/home/zzy/TrajectoryPlanning/distill/data/benchmark/mp/train/sample_004323.npz,mp,single_bugtrap,U,mp_single_bugtrap,medium,medium,0,mp:train
train,sample_005617.npz,/home/zzy/TrajectoryPlanning/distill/data/benchmark/mp/train/sample_004324.npz,mp,single_bugtrap,U,mp_single_bugtrap,medium,medium,0,mp:train
train,sample_005618.npz,/home/zzy/TrajectoryPlanning/distill/data/benchmark/mp/train/sample_004325.npz,mp,single_bugtrap,U,mp_single_bugtrap,medium,medium,0,mp:train
train,sample_005619.npz,/home/zzy/TrajectoryPlanning/distill/data/benchmark/mp/train/sample_004327.npz,mp,single_bugtrap,U,mp_single_bugtrap,medium,medium,0,mp:train
train,sample_005620.npz,/home/zzy/TrajectoryPlanning/distill/data/benchmark/mp/train/sample_004330.npz,mp,single_bugtrap,U,mp_single_bugtrap,medium,medium,0,mp:train
train,sample_005621.npz,/home/zzy/TrajectoryPlanning/distill/data/benchmark/mp/train/sample_004331.npz,mp,single_bugtrap,U,mp_single_bugtrap,medium,medium,0,mp:train
train,sample_005622.npz,/home/zzy/TrajectoryPlanning/distill/data/benchmark/mp/train/sample_004332.npz,mp,single_bugtrap,U,mp_single_bugtrap,medium,medium,0,mp:train
train,sample_005623.npz,/home/zzy/TrajectoryPlanning/distill/data/benchmark/mp/train/sample_004333.npz,mp,single_bugtrap,U,mp_single_bugtrap,medium,medium,0,mp:train
train,sample_005624.npz,/home/zzy/TrajectoryPlanning/distill/data/benchmark/mp/train/sample_004335.npz,mp,single_bugtrap,U,mp_single_bugtrap,medium,medium,0,mp:train
train,sample_005625.npz,/home/zzy/TrajectoryPlanning/distill/data/benchmark/mp/train/sample_004337.npz,mp,single_bugtrap,U,mp_single_bugtrap,medium,medium,0,mp:train
train,sample_005626.npz,/home/zzy/TrajectoryPlanning/distill/data/benchmark/mp/train/sample_004338.npz,mp,single_bugtrap,U,mp_single_bugtrap,medium,medium,0,mp:train
train,sample_005627.npz,/home/zzy/TrajectoryPlanning/distill/data/benchmark/mp/train/sample_004339.npz,mp,single_bugtrap,U,mp_single_bugtrap,medium,medium,0,mp:train
train,sample_005628.npz,/home/zzy/TrajectoryPlanning/distill/data/benchmark/mp/train/sample_004340.npz,mp,single_bugtrap,U,mp_single_bugtrap,medium,medium,0,mp:train
train,sample_005629.npz,/home/zzy/TrajectoryPlanning/distill/data/benchmark/mp/train/sample_004341.npz,mp,single_bugtrap,U,mp_single_bugtrap,medium,medium,0,mp:train
train,sample_005630.npz,/home/zzy/TrajectoryPlanning/distill/data/benchmark/mp/train/sample_004342.npz,mp,single_bugtrap,U,mp_single_bugtrap,medium,medium,0,mp:train
train,sample_005631.npz,/home/zzy/TrajectoryPlanning/distill/data/benchmark/mp/train/sample_004343.npz,mp,single_bugtrap,U,mp_single_bugtrap,medium,medium,0,mp:train
train,sample_005632.npz,/home/zzy/TrajectoryPlanning/distill/data/benchmark/mp/train/sample_004344.npz,mp,single_bugtrap,U,mp_single_bugtrap,medium,medium,0,mp:train
train,sample_005633.npz,/home/zzy/TrajectoryPlanning/distill/data/benchmark/mp/train/sample_004345.npz,mp,single_bugtrap,U,mp_single_bugtrap,medium,medium,0,mp:train
train,sample_005634.npz,/home/zzy/TrajectoryPlanning/distill/data/benchmark/mp/train/sample_004346.npz,mp,single_bugtrap,U,mp_single_bugtrap,medium,medium,0,mp:train
train,sample_005635.npz,/home/zzy/TrajectoryPlanning/distill/data/benchmark/mp/train/sample_004347.npz,mp,single_bugtrap,U,mp_single_bugtrap,medium,medium,0,mp:train
train,sample_005636.npz,/home/zzy/TrajectoryPlanning/distill/data/benchmark/mp/train/sample_004349.npz,mp,single_bugtrap,U,mp_single_bugtrap,medium,medium,0,mp:train
train,sample_005637.npz,/home/zzy/TrajectoryPlanning/distill/data/benchmark/mp/train/sample_004351.npz,mp,single_bugtrap,U,mp_single_bugtrap,medium,medium,0,mp:train
train,sample_005638.npz,/home/zzy/TrajectoryPlanning/distill/data/benchmark/mp/train/sample_004352.npz,mp,single_bugtrap,U,mp_single_bugtrap,medium,medium,0,mp:train
train,sample_005639.npz,/home/zzy/TrajectoryPlanning/distill/data/benchmark/mp/train/sample_004353.npz,mp,single_bugtrap,U,mp_single_bugtrap,medium,medium,0,mp:train
train,sample_005640.npz,/home/zzy/TrajectoryPlanning/distill/data/benchmark/mp/train/sample_004354.npz,mp,single_bugtrap,U,mp_single_bugtrap,medium,medium,0,mp:train
train,sample_005641.npz,/home/zzy/TrajectoryPlanning/distill/data/benchmark/mp/train/sample_004355.npz,mp,single_bugtrap,U,mp_single_bugtrap,medium,medium,0,mp:train
train,sample_005642.npz,/home/zzy/TrajectoryPlanning/distill/data/benchmark/mp/train/sample_004356.npz,mp,single_bugtrap,U,mp_single_bugtrap,medium,medium,0,mp:train
train,sample_005643.npz,/home/zzy/TrajectoryPlanning/distill/data/benchmark/mp/train/sample_004357.npz,mp,single_bugtrap,U,mp_single_bugtrap,medium,medium,0,mp:train
train,sample_005644.npz,/home/zzy/TrajectoryPlanning/distill/data/benchmark/mp/train/sample_004358.npz,mp,single_bugtrap,U,mp_single_bugtrap,medium,medium,0,mp:train
train,sample_005645.npz,/home/zzy/TrajectoryPlanning/distill/data/benchmark/mp/train/sample_004359.npz,mp,single_bugtrap,U,mp_single_bugtrap,medium,medium,0,mp:train
train,sample_005646.npz,/home/zzy/TrajectoryPlanning/distill/data/benchmark/mp/train/sample_004360.npz,mp,single_bugtrap,U,mp_single_bugtrap,medium,medium,0,mp:train
train,sample_005647.npz,/home/zzy/TrajectoryPlanning/distill/data/benchmark/mp/train/sample_004361.npz,mp,single_bugtrap,U,mp_single_bugtrap,medium,medium,0,mp:train
train,sample_005648.npz,/home/zzy/TrajectoryPlanning/distill/data/benchmark/mp/train/sample_004362.npz,mp,single_bugtrap,U,mp_single_bugtrap,medium,medium,0,mp:train
train,sample_005649.npz,/home/zzy/TrajectoryPlanning/distill/data/benchmark/mp/train/sample_004364.npz,mp,single_bugtrap,U,mp_single_bugtrap,medium,medium,0,mp:train
train,sample_005650.npz,/home/zzy/TrajectoryPlanning/distill/data/benchmark/mp/train/sample_004365.npz,mp,single_bugtrap,U,mp_single_bugtrap,medium,medium,0,mp:train
train,sample_005651.npz,/home/zzy/TrajectoryPlanning/distill/data/benchmark/mp/train/sample_004366.npz,mp,single_bugtrap,U,mp_single_bugtrap,medium,medium,0,mp:train
train,sample_005652.npz,/home/zzy/TrajectoryPlanning/distill/data/benchmark/mp/train/sample_004368.npz,mp,single_bugtrap,U,mp_single_bugtrap,medium,medium,0,mp:train
train,sample_005653.npz,/home/zzy/TrajectoryPlanning/distill/data/benchmark/mp/train/sample_004370.npz,mp,single_bugtrap,U,mp_single_bugtrap,medium,medium,0,mp:train
train,sample_005654.npz,/home/zzy/TrajectoryPlanning/distill/data/benchmark/mp/train/sample_004373.npz,mp,single_bugtrap,U,mp_single_bugtrap,medium,medium,0,mp:train
train,sample_005655.npz,/home/zzy/TrajectoryPlanning/distill/data/benchmark/mp/train/sample_004376.npz,mp,single_bugtrap,U,mp_single_bugtrap,medium,medium,0,mp:train
train,sample_005656.npz,/home/zzy/TrajectoryPlanning/distill/data/benchmark/mp/train/sample_004377.npz,mp,single_bugtrap,U,mp_single_bugtrap,medium,medium,0,mp:train
train,sample_005657.npz,/home/zzy/TrajectoryPlanning/distill/data/benchmark/mp/train/sample_004378.npz,mp,single_bugtrap,U,mp_single_bugtrap,medium,medium,0,mp:train
train,sample_005658.npz,/home/zzy/TrajectoryPlanning/distill/data/benchmark/mp/train/sample_004380.npz,mp,single_bugtrap,U,mp_single_bugtrap,medium,medium,0,mp:train
train,sample_005659.npz,/home/zzy/TrajectoryPlanning/distill/data/benchmark/mp/train/sample_004381.npz,mp,single_bugtrap,U,mp_single_bugtrap,medium,medium,0,mp:train
train,sample_005660.npz,/home/zzy/TrajectoryPlanning/distill/data/benchmark/mp/train/sample_004385.npz,mp,single_bugtrap,U,mp_single_bugtrap,medium,medium,0,mp:train
train,sample_005661.npz,/home/zzy/TrajectoryPlanning/distill/data/benchmark/mp/train/sample_004386.npz,mp,single_bugtrap,U,mp_single_bugtrap,medium,medium,0,mp:train
train,sample_005662.npz,/home/zzy/TrajectoryPlanning/distill/data/benchmark/mp/train/sample_004387.npz,mp,single_bugtrap,U,mp_single_bugtrap,medium,medium,0,mp:train
train,sample_005663.npz,/home/zzy/TrajectoryPlanning/distill/data/benchmark/mp/train/sample_004388.npz,mp,single_bugtrap,U,mp_single_bugtrap,medium,medium,0,mp:train
train,sample_005664.npz,/home/zzy/TrajectoryPlanning/distill/data/benchmark/mp/train/sample_004389.npz,mp,single_bugtrap,U,mp_single_bugtrap,medium,medium,0,mp:train
train,sample_005665.npz,/home/zzy/TrajectoryPlanning/distill/data/benchmark/mp/train/sample_004390.npz,mp,single_bugtrap,U,mp_single_bugtrap,medium,medium,0,mp:train
train,sample_005666.npz,/home/zzy/TrajectoryPlanning/distill/data/benchmark/mp/train/sample_004391.npz,mp,single_bugtrap,U,mp_single_bugtrap,medium,medium,0,mp:train
train,sample_005667.npz,/home/zzy/TrajectoryPlanning/distill/data/benchmark/mp/train/sample_004392.npz,mp,single_bugtrap,U,mp_single_bugtrap,medium,medium,0,mp:train
train,sample_005668.npz,/home/zzy/TrajectoryPlanning/distill/data/benchmark/mp/train/sample_004393.npz,mp,single_bugtrap,U,mp_single_bugtrap,medium,medium,0,mp:train
train,sample_005669.npz,/home/zzy/TrajectoryPlanning/distill/data/benchmark/mp/train/sample_004394.npz,mp,single_bugtrap,U,mp_single_bugtrap,medium,medium,0,mp:train
train,sample_005670.npz,/home/zzy/TrajectoryPlanning/distill/data/benchmark/mp/train/sample_004395.npz,mp,single_bugtrap,U,mp_single_bugtrap,medium,medium,0,mp:train
train,sample_005671.npz,/home/zzy/TrajectoryPlanning/distill/data/benchmark/mp/train/sample_004396.npz,mp,single_bugtrap,U,mp_single_bugtrap,medium,medium,0,mp:train
train,sample_005672.npz,/home/zzy/TrajectoryPlanning/distill/data/benchmark/mp/train/sample_004397.npz,mp,single_bugtrap,U,mp_single_bugtrap,medium,medium,0,mp:train
train,sample_005673.npz,/home/zzy/TrajectoryPlanning/distill/data/benchmark/mp/train/sample_004398.npz,mp,single_bugtrap,U,mp_single_bugtrap,medium,medium,0,mp:train
train,sample_005674.npz,/home/zzy/TrajectoryPlanning/distill/data/benchmark/mp/train/sample_004399.npz,mp,single_bugtrap,U,mp_single_bugtrap,medium,medium,0,mp:train
train,sample_005675.npz,/home/zzy/TrajectoryPlanning/distill/data/benchmark/mp/train/sample_004400.npz,mp,single_bugtrap,U,mp_single_bugtrap,medium,medium,0,mp:train
train,sample_005676.npz,/home/zzy/TrajectoryPlanning/distill/data/benchmark/mp/train/sample_004401.npz,mp,single_bugtrap,U,mp_single_bugtrap,medium,medium,0,mp:train
train,sample_005677.npz,/home/zzy/TrajectoryPlanning/distill/data/benchmark/mp/train/sample_004403.npz,mp,single_bugtrap,U,mp_single_bugtrap,medium,medium,0,mp:train
train,sample_005678.npz,/home/zzy/TrajectoryPlanning/distill/data/benchmark/mp/train/sample_004404.npz,mp,single_bugtrap,U,mp_single_bugtrap,medium,medium,0,mp:train
train,sample_005679.npz,/home/zzy/TrajectoryPlanning/distill/data/benchmark/mp/train/sample_004405.npz,mp,single_bugtrap,U,mp_single_bugtrap,medium,medium,0,mp:train
train,sample_005680.npz,/home/zzy/TrajectoryPlanning/distill/data/benchmark/mp/train/sample_004406.npz,mp,single_bugtrap,U,mp_single_bugtrap,medium,medium,0,mp:train
train,sample_005681.npz,/home/zzy/TrajectoryPlanning/distill/data/benchmark/mp/train/sample_004407.npz,mp,single_bugtrap,U,mp_single_bugtrap,medium,medium,0,mp:train
train,sample_005682.npz,/home/zzy/TrajectoryPlanning/distill/data/benchmark/mp/train/sample_004408.npz,mp,single_bugtrap,U,mp_single_bugtrap,medium,medium,0,mp:train
train,sample_005683.npz,/home/zzy/TrajectoryPlanning/distill/data/benchmark/mp/train/sample_004409.npz,mp,single_bugtrap,U,mp_single_bugtrap,medium,medium,0,mp:train
train,sample_005684.npz,/home/zzy/TrajectoryPlanning/distill/data/benchmark/mp/train/sample_004411.npz,mp,single_bugtrap,U,mp_single_bugtrap,medium,medium,0,mp:train
train,sample_005685.npz,/home/zzy/TrajectoryPlanning/distill/data/benchmark/mp/train/sample_004412.npz,mp,single_bugtrap,U,mp_single_bugtrap,medium,medium,0,mp:train
train,sample_005686.npz,/home/zzy/TrajectoryPlanning/distill/data/benchmark/mp/train/sample_004413.npz,mp,single_bugtrap,U,mp_single_bugtrap,medium,medium,0,mp:train
train,sample_005687.npz,/home/zzy/TrajectoryPlanning/distill/data/benchmark/mp/train/sample_004414.npz,mp,single_bugtrap,U,mp_single_bugtrap,medium,medium,0,mp:train
train,sample_005688.npz,/home/zzy/TrajectoryPlanning/distill/data/benchmark/mp/train/sample_004415.npz,mp,single_bugtrap,U,mp_single_bugtrap,medium,medium,0,mp:train
train,sample_005689.npz,/home/zzy/TrajectoryPlanning/distill/data/benchmark/mp/train/sample_004416.npz,mp,single_bugtrap,U,mp_single_bugtrap,medium,medium,0,mp:train
train,sample_005690.npz,/home/zzy/TrajectoryPlanning/distill/data/benchmark/mp/train/sample_004417.npz,mp,single_bugtrap,U,mp_single_bugtrap,medium,medium,0,mp:train
train,sample_005691.npz,/home/zzy/TrajectoryPlanning/distill/data/benchmark/mp/train/sample_004420.npz,mp,single_bugtrap,U,mp_single_bugtrap,medium,medium,0,mp:train
train,sample_005692.npz,/home/zzy/TrajectoryPlanning/distill/data/benchmark/mp/train/sample_004421.npz,mp,single_bugtrap,U,mp_single_bugtrap,medium,medium,0,mp:train
train,sample_005693.npz,/home/zzy/TrajectoryPlanning/distill/data/benchmark/mp/train/sample_004422.npz,mp,single_bugtrap,U,mp_single_bugtrap,medium,medium,0,mp:train
train,sample_005694.npz,/home/zzy/TrajectoryPlanning/distill/data/benchmark/mp/train/sample_004424.npz,mp,single_bugtrap,U,mp_single_bugtrap,medium,medium,0,mp:train
train,sample_005695.npz,/home/zzy/TrajectoryPlanning/distill/data/benchmark/mp/train/sample_004425.npz,mp,single_bugtrap,U,mp_single_bugtrap,medium,medium,0,mp:train
train,sample_005696.npz,/home/zzy/TrajectoryPlanning/distill/data/benchmark/mp/train/sample_004426.npz,mp,single_bugtrap,U,mp_single_bugtrap,medium,medium,0,mp:train
train,sample_005697.npz,/home/zzy/TrajectoryPlanning/distill/data/benchmark/mp/train/sample_004428.npz,mp,single_bugtrap,U,mp_single_bugtrap,medium,medium,0,mp:train
train,sample_005698.npz,/home/zzy/TrajectoryPlanning/distill/data/benchmark/mp/train/sample_004429.npz,mp,single_bugtrap,U,mp_single_bugtrap,medium,medium,0,mp:train
train,sample_005699.npz,/home/zzy/TrajectoryPlanning/distill/data/benchmark/mp/train/sample_004430.npz,mp,single_bugtrap,U,mp_single_bugtrap,medium,medium,0,mp:train
train,sample_005700.npz,/home/zzy/TrajectoryPlanning/distill/data/benchmark/mp/train/sample_004431.npz,mp,single_bugtrap,U,mp_single_bugtrap,medium,medium,0,mp:train
train,sample_005701.npz,/home/zzy/TrajectoryPlanning/distill/data/benchmark/mp/train/sample_004432.npz,mp,single_bugtrap,U,mp_single_bugtrap,medium,medium,0,mp:train
train,sample_005702.npz,/home/zzy/TrajectoryPlanning/distill/data/benchmark/mp/train/sample_004433.npz,mp,single_bugtrap,U,mp_single_bugtrap,medium,medium,0,mp:train
train,sample_005703.npz,/home/zzy/TrajectoryPlanning/distill/data/benchmark/mp/train/sample_004434.npz,mp,single_bugtrap,U,mp_single_bugtrap,medium,medium,0,mp:train
train,sample_005704.npz,/home/zzy/TrajectoryPlanning/distill/data/benchmark/mp/train/sample_004435.npz,mp,single_bugtrap,U,mp_single_bugtrap,medium,medium,0,mp:train
train,sample_005705.npz,/home/zzy/TrajectoryPlanning/distill/data/benchmark/mp/train/sample_004436.npz,mp,single_bugtrap,U,mp_single_bugtrap,medium,medium,0,mp:train
train,sample_005706.npz,/home/zzy/TrajectoryPlanning/distill/data/benchmark/mp/train/sample_004437.npz,mp,single_bugtrap,U,mp_single_bugtrap,medium,medium,0,mp:train
train,sample_005707.npz,/home/zzy/TrajectoryPlanning/distill/data/benchmark/mp/train/sample_004438.npz,mp,single_bugtrap,U,mp_single_bugtrap,medium,medium,0,mp:train
train,sample_005708.npz,/home/zzy/TrajectoryPlanning/distill/data/benchmark/mp/train/sample_004439.npz,mp,single_bugtrap,U,mp_single_bugtrap,medium,medium,0,mp:train
train,sample_005709.npz,/home/zzy/TrajectoryPlanning/distill/data/benchmark/mp/train/sample_004440.npz,mp,single_bugtrap,U,mp_single_bugtrap,medium,medium,0,mp:train
train,sample_005710.npz,/home/zzy/TrajectoryPlanning/distill/data/benchmark/mp/train/sample_004441.npz,mp,single_bugtrap,U,mp_single_bugtrap,medium,medium,0,mp:train
train,sample_005711.npz,/home/zzy/TrajectoryPlanning/distill/data/benchmark/mp/train/sample_004443.npz,mp,single_bugtrap,U,mp_single_bugtrap,medium,medium,0,mp:train
train,sample_005712.npz,/home/zzy/TrajectoryPlanning/distill/data/benchmark/mp/train/sample_004444.npz,mp,single_bugtrap,U,mp_single_bugtrap,medium,medium,0,mp:train
train,sample_005713.npz,/home/zzy/TrajectoryPlanning/distill/data/benchmark/mp/train/sample_004445.npz,mp,single_bugtrap,U,mp_single_bugtrap,medium,medium,0,mp:train
train,sample_005714.npz,/home/zzy/TrajectoryPlanning/distill/data/benchmark/mp/train/sample_004446.npz,mp,single_bugtrap,U,mp_single_bugtrap,medium,medium,0,mp:train
train,sample_005715.npz,/home/zzy/TrajectoryPlanning/distill/data/benchmark/mp/train/sample_004447.npz,mp,single_bugtrap,U,mp_single_bugtrap,medium,medium,0,mp:train
train,sample_005716.npz,/home/zzy/TrajectoryPlanning/distill/data/benchmark/mp/train/sample_004448.npz,mp,single_bugtrap,U,mp_single_bugtrap,medium,medium,0,mp:train
train,sample_005717.npz,/home/zzy/TrajectoryPlanning/distill/data/benchmark/mp/train/sample_004449.npz,mp,single_bugtrap,U,mp_single_bugtrap,medium,medium,0,mp:train
train,sample_005718.npz,/home/zzy/TrajectoryPlanning/distill/data/benchmark/mp/train/sample_004450.npz,mp,single_bugtrap,U,mp_single_bugtrap,medium,medium,0,mp:train
train,sample_005719.npz,/home/zzy/TrajectoryPlanning/distill/data/benchmark/mp/train/sample_004451.npz,mp,single_bugtrap,U,mp_single_bugtrap,medium,medium,0,mp:train
train,sample_005720.npz,/home/zzy/TrajectoryPlanning/distill/data/benchmark/mp/train/sample_004452.npz,mp,single_bugtrap,U,mp_single_bugtrap,medium,medium,0,mp:train
train,sample_005721.npz,/home/zzy/TrajectoryPlanning/distill/data/benchmark/mp/train/sample_004453.npz,mp,single_bugtrap,U,mp_single_bugtrap,medium,medium,0,mp:train
train,sample_005722.npz,/home/zzy/TrajectoryPlanning/distill/data/benchmark/mp/train/sample_004455.npz,mp,single_bugtrap,U,mp_single_bugtrap,medium,medium,0,mp:train
train,sample_005723.npz,/home/zzy/TrajectoryPlanning/distill/data/benchmark/mp/train/sample_004456.npz,mp,single_bugtrap,U,mp_single_bugtrap,medium,medium,0,mp:train
train,sample_005724.npz,/home/zzy/TrajectoryPlanning/distill/data/benchmark/mp/train/sample_004458.npz,mp,single_bugtrap,U,mp_single_bugtrap,medium,medium,0,mp:train
train,sample_005725.npz,/home/zzy/TrajectoryPlanning/distill/data/benchmark/mp/train/sample_004460.npz,mp,single_bugtrap,U,mp_single_bugtrap,medium,medium,0,mp:train
train,sample_005726.npz,/home/zzy/TrajectoryPlanning/distill/data/benchmark/mp/train/sample_004461.npz,mp,single_bugtrap,U,mp_single_bugtrap,medium,medium,0,mp:train
train,sample_005727.npz,/home/zzy/TrajectoryPlanning/distill/data/benchmark/mp/train/sample_004462.npz,mp,single_bugtrap,U,mp_single_bugtrap,medium,medium,0,mp:train
train,sample_005728.npz,/home/zzy/TrajectoryPlanning/distill/data/benchmark/mp/train/sample_004464.npz,mp,single_bugtrap,U,mp_single_bugtrap,medium,medium,0,mp:train
train,sample_005729.npz,/home/zzy/TrajectoryPlanning/distill/data/benchmark/mp/train/sample_004465.npz,mp,single_bugtrap,U,mp_single_bugtrap,medium,medium,0,mp:train
train,sample_005730.npz,/home/zzy/TrajectoryPlanning/distill/data/benchmark/mp/train/sample_004466.npz,mp,single_bugtrap,U,mp_single_bugtrap,medium,medium,0,mp:train
train,sample_005731.npz,/home/zzy/TrajectoryPlanning/distill/data/benchmark/mp/train/sample_004467.npz,mp,single_bugtrap,U,mp_single_bugtrap,medium,medium,0,mp:train
train,sample_005732.npz,/home/zzy/TrajectoryPlanning/distill/data/benchmark/mp/train/sample_004468.npz,mp,single_bugtrap,U,mp_single_bugtrap,medium,medium,0,mp:train
train,sample_005733.npz,/home/zzy/TrajectoryPlanning/distill/data/benchmark/mp/train/sample_004469.npz,mp,single_bugtrap,U,mp_single_bugtrap,medium,medium,0,mp:train
train,sample_005734.npz,/home/zzy/TrajectoryPlanning/distill/data/benchmark/mp/train/sample_004470.npz,mp,single_bugtrap,U,mp_single_bugtrap,medium,medium,0,mp:train
train,sample_005735.npz,/home/zzy/TrajectoryPlanning/distill/data/benchmark/mp/train/sample_004471.npz,mp,single_bugtrap,U,mp_single_bugtrap,medium,medium,0,mp:train
train,sample_005736.npz,/home/zzy/TrajectoryPlanning/distill/data/benchmark/mp/train/sample_004472.npz,mp,single_bugtrap,U,mp_single_bugtrap,medium,medium,0,mp:train
train,sample_005737.npz,/home/zzy/TrajectoryPlanning/distill/data/benchmark/mp/train/sample_004473.npz,mp,single_bugtrap,U,mp_single_bugtrap,medium,medium,0,mp:train
train,sample_005738.npz,/home/zzy/TrajectoryPlanning/distill/data/benchmark/mp/train/sample_004474.npz,mp,single_bugtrap,U,mp_single_bugtrap,medium,medium,0,mp:train
train,sample_005739.npz,/home/zzy/TrajectoryPlanning/distill/data/benchmark/mp/train/sample_004475.npz,mp,single_bugtrap,U,mp_single_bugtrap,medium,medium,0,mp:train
train,sample_005740.npz,/home/zzy/TrajectoryPlanning/distill/data/benchmark/mp/train/sample_004476.npz,mp,single_bugtrap,U,mp_single_bugtrap,medium,medium,0,mp:train
train,sample_005741.npz,/home/zzy/TrajectoryPlanning/distill/data/benchmark/mp/train/sample_004477.npz,mp,single_bugtrap,U,mp_single_bugtrap,medium,medium,0,mp:train
train,sample_005742.npz,/home/zzy/TrajectoryPlanning/distill/data/benchmark/mp/train/sample_004478.npz,mp,single_bugtrap,U,mp_single_bugtrap,medium,medium,0,mp:train
train,sample_005743.npz,/home/zzy/TrajectoryPlanning/distill/data/benchmark/mp/train/sample_004479.npz,mp,single_bugtrap,U,mp_single_bugtrap,medium,medium,0,mp:train
train,sample_005744.npz,/home/zzy/TrajectoryPlanning/distill/data/benchmark/mp/train/sample_004480.npz,mp,single_bugtrap,U,mp_single_bugtrap,medium,medium,0,mp:train
train,sample_005745.npz,/home/zzy/TrajectoryPlanning/distill/data/benchmark/mp/train/sample_004481.npz,mp,single_bugtrap,U,mp_single_bugtrap,medium,medium,0,mp:train
train,sample_005746.npz,/home/zzy/TrajectoryPlanning/distill/data/benchmark/mp/train/sample_004483.npz,mp,single_bugtrap,U,mp_single_bugtrap,medium,medium,0,mp:train
train,sample_005747.npz,/home/zzy/TrajectoryPlanning/distill/data/benchmark/mp/train/sample_004484.npz,mp,single_bugtrap,U,mp_single_bugtrap,medium,medium,0,mp:train
train,sample_005748.npz,/home/zzy/TrajectoryPlanning/distill/data/benchmark/mp/train/sample_004485.npz,mp,single_bugtrap,U,mp_single_bugtrap,medium,medium,0,mp:train
train,sample_005749.npz,/home/zzy/TrajectoryPlanning/distill/data/benchmark/mp/train/sample_004486.npz,mp,single_bugtrap,U,mp_single_bugtrap,medium,medium,0,mp:train
train,sample_005750.npz,/home/zzy/TrajectoryPlanning/distill/data/benchmark/mp/train/sample_004487.npz,mp,single_bugtrap,U,mp_single_bugtrap,medium,medium,0,mp:train
train,sample_005751.npz,/home/zzy/TrajectoryPlanning/distill/data/benchmark/mp/train/sample_004488.npz,mp,single_bugtrap,U,mp_single_bugtrap,medium,medium,0,mp:train
train,sample_005752.npz,/home/zzy/TrajectoryPlanning/distill/data/benchmark/mp/train/sample_004489.npz,mp,single_bugtrap,U,mp_single_bugtrap,medium,medium,0,mp:train
train,sample_005753.npz,/home/zzy/TrajectoryPlanning/distill/data/benchmark/mp/train/sample_004490.npz,mp,single_bugtrap,U,mp_single_bugtrap,medium,medium,0,mp:train
train,sample_005754.npz,/home/zzy/TrajectoryPlanning/distill/data/benchmark/mp/train/sample_004491.npz,mp,single_bugtrap,U,mp_single_bugtrap,medium,medium,0,mp:train
train,sample_005755.npz,/home/zzy/TrajectoryPlanning/distill/data/benchmark/mp/train/sample_004493.npz,mp,single_bugtrap,U,mp_single_bugtrap,medium,medium,0,mp:train
train,sample_005756.npz,/home/zzy/TrajectoryPlanning/distill/data/benchmark/mp/train/sample_004494.npz,mp,single_bugtrap,U,mp_single_bugtrap,medium,medium,0,mp:train
train,sample_005757.npz,/home/zzy/TrajectoryPlanning/distill/data/benchmark/mp/train/sample_004495.npz,mp,single_bugtrap,U,mp_single_bugtrap,medium,medium,0,mp:train
train,sample_005758.npz,/home/zzy/TrajectoryPlanning/distill/data/benchmark/mp/train/sample_004496.npz,mp,single_bugtrap,U,mp_single_bugtrap,medium,medium,0,mp:train
train,sample_005759.npz,/home/zzy/TrajectoryPlanning/distill/data/benchmark/mp/train/sample_004497.npz,mp,single_bugtrap,U,mp_single_bugtrap,medium,medium,0,mp:train
train,sample_005760.npz,/home/zzy/TrajectoryPlanning/distill/data/benchmark/mp/train/sample_004498.npz,mp,single_bugtrap,U,mp_single_bugtrap,medium,medium,0,mp:train
train,sample_005761.npz,/home/zzy/TrajectoryPlanning/distill/data/benchmark/mp/train/sample_004499.npz,mp,single_bugtrap,U,mp_single_bugtrap,medium,medium,0,mp:train
train,sample_005762.npz,/home/zzy/TrajectoryPlanning/distill/data/benchmark/mp/train/sample_004500.npz,mp,single_bugtrap,U,mp_single_bugtrap,medium,medium,0,mp:train
train,sample_005763.npz,/home/zzy/TrajectoryPlanning/distill/data/benchmark/mp/train/sample_004501.npz,mp,single_bugtrap,U,mp_single_bugtrap,medium,medium,0,mp:train
train,sample_005764.npz,/home/zzy/TrajectoryPlanning/distill/data/benchmark/mp/train/sample_004502.npz,mp,single_bugtrap,U,mp_single_bugtrap,medium,medium,0,mp:train
train,sample_005765.npz,/home/zzy/TrajectoryPlanning/distill/data/benchmark/mp/train/sample_004503.npz,mp,single_bugtrap,U,mp_single_bugtrap,medium,medium,0,mp:train
train,sample_005766.npz,/home/zzy/TrajectoryPlanning/distill/data/benchmark/mp/train/sample_004504.npz,mp,single_bugtrap,U,mp_single_bugtrap,medium,medium,0,mp:train
train,sample_005767.npz,/home/zzy/TrajectoryPlanning/distill/data/benchmark/mp/train/sample_004506.npz,mp,single_bugtrap,U,mp_single_bugtrap,medium,medium,0,mp:train
train,sample_005768.npz,/home/zzy/TrajectoryPlanning/distill/data/benchmark/mp/train/sample_004507.npz,mp,single_bugtrap,U,mp_single_bugtrap,medium,medium,0,mp:train
train,sample_005769.npz,/home/zzy/TrajectoryPlanning/distill/data/benchmark/mp/train/sample_004510.npz,mp,single_bugtrap,U,mp_single_bugtrap,medium,medium,0,mp:train
train,sample_005770.npz,/home/zzy/TrajectoryPlanning/distill/data/benchmark/mp/train/sample_004512.npz,mp,single_bugtrap,U,mp_single_bugtrap,medium,medium,0,mp:train
train,sample_005771.npz,/home/zzy/TrajectoryPlanning/distill/data/benchmark/mp/train/sample_004513.npz,mp,single_bugtrap,U,mp_single_bugtrap,medium,medium,0,mp:train
train,sample_005772.npz,/home/zzy/TrajectoryPlanning/distill/data/benchmark/mp/train/sample_004514.npz,mp,single_bugtrap,U,mp_single_bugtrap,medium,medium,0,mp:train
train,sample_005773.npz,/home/zzy/TrajectoryPlanning/distill/data/benchmark/mp/train/sample_004516.npz,mp,single_bugtrap,U,mp_single_bugtrap,medium,medium,0,mp:train
train,sample_005774.npz,/home/zzy/TrajectoryPlanning/distill/data/benchmark/mp/train/sample_004518.npz,mp,single_bugtrap,U,mp_single_bugtrap,medium,medium,0,mp:train
train,sample_005775.npz,/home/zzy/TrajectoryPlanning/distill/data/benchmark/mp/train/sample_004519.npz,mp,single_bugtrap,U,mp_single_bugtrap,medium,medium,0,mp:train
train,sample_005776.npz,/home/zzy/TrajectoryPlanning/distill/data/benchmark/mp/train/sample_004520.npz,mp,single_bugtrap,U,mp_single_bugtrap,medium,medium,0,mp:train
train,sample_005777.npz,/home/zzy/TrajectoryPlanning/distill/data/benchmark/mp/train/sample_004522.npz,mp,single_bugtrap,U,mp_single_bugtrap,medium,medium,0,mp:train
train,sample_005778.npz,/home/zzy/TrajectoryPlanning/distill/data/benchmark/mp/train/sample_004523.npz,mp,single_bugtrap,U,mp_single_bugtrap,medium,medium,0,mp:train
train,sample_005779.npz,/home/zzy/TrajectoryPlanning/distill/data/benchmark/mp/train/sample_004524.npz,mp,single_bugtrap,U,mp_single_bugtrap,medium,medium,0,mp:train
train,sample_005780.npz,/home/zzy/TrajectoryPlanning/distill/data/benchmark/mp/train/sample_004526.npz,mp,single_bugtrap,U,mp_single_bugtrap,medium,medium,0,mp:train
train,sample_005781.npz,/home/zzy/TrajectoryPlanning/distill/data/benchmark/mp/train/sample_004527.npz,mp,single_bugtrap,U,mp_single_bugtrap,medium,medium,0,mp:train
train,sample_005782.npz,/home/zzy/TrajectoryPlanning/distill/data/benchmark/mp/train/sample_004528.npz,mp,single_bugtrap,U,mp_single_bugtrap,medium,medium,0,mp:train
train,sample_005783.npz,/home/zzy/TrajectoryPlanning/distill/data/benchmark/mp/train/sample_004529.npz,mp,single_bugtrap,U,mp_single_bugtrap,medium,medium,0,mp:train
train,sample_005784.npz,/home/zzy/TrajectoryPlanning/distill/data/benchmark/mp/train/sample_004530.npz,mp,single_bugtrap,U,mp_single_bugtrap,medium,medium,0,mp:train
train,sample_005785.npz,/home/zzy/TrajectoryPlanning/distill/data/benchmark/mp/train/sample_004531.npz,mp,single_bugtrap,U,mp_single_bugtrap,medium,medium,0,mp:train
train,sample_005786.npz,/home/zzy/TrajectoryPlanning/distill/data/benchmark/mp/train/sample_004532.npz,mp,single_bugtrap,U,mp_single_bugtrap,medium,medium,0,mp:train
train,sample_005787.npz,/home/zzy/TrajectoryPlanning/distill/data/benchmark/mp/train/sample_004533.npz,mp,single_bugtrap,U,mp_single_bugtrap,medium,medium,0,mp:train
train,sample_005788.npz,/home/zzy/TrajectoryPlanning/distill/data/benchmark/mp/train/sample_004534.npz,mp,single_bugtrap,U,mp_single_bugtrap,medium,medium,0,mp:train
train,sample_005789.npz,/home/zzy/TrajectoryPlanning/distill/data/benchmark/mp/train/sample_004535.npz,mp,single_bugtrap,U,mp_single_bugtrap,medium,medium,0,mp:train
train,sample_005790.npz,/home/zzy/TrajectoryPlanning/distill/data/benchmark/mp/train/sample_004536.npz,mp,single_bugtrap,U,mp_single_bugtrap,medium,medium,0,mp:train
train,sample_005791.npz,/home/zzy/TrajectoryPlanning/distill/data/benchmark/mp/train/sample_004537.npz,mp,single_bugtrap,U,mp_single_bugtrap,medium,medium,0,mp:train
train,sample_005792.npz,/home/zzy/TrajectoryPlanning/distill/data/benchmark/mp/train/sample_004538.npz,mp,single_bugtrap,U,mp_single_bugtrap,medium,medium,0,mp:train
train,sample_005793.npz,/home/zzy/TrajectoryPlanning/distill/data/benchmark/mp/train/sample_004539.npz,mp,single_bugtrap,U,mp_single_bugtrap,medium,medium,0,mp:train
train,sample_005794.npz,/home/zzy/TrajectoryPlanning/distill/data/benchmark/mp/train/sample_004540.npz,mp,single_bugtrap,U,mp_single_bugtrap,medium,medium,0,mp:train
train,sample_005795.npz,/home/zzy/TrajectoryPlanning/distill/data/benchmark/mp/train/sample_004541.npz,mp,single_bugtrap,U,mp_single_bugtrap,medium,medium,0,mp:train
train,sample_005796.npz,/home/zzy/TrajectoryPlanning/distill/data/benchmark/mp/train/sample_004542.npz,mp,single_bugtrap,U,mp_single_bugtrap,medium,medium,0,mp:train
train,sample_005797.npz,/home/zzy/TrajectoryPlanning/distill/data/benchmark/mp/train/sample_004543.npz,mp,single_bugtrap,U,mp_single_bugtrap,medium,medium,0,mp:train
train,sample_005798.npz,/home/zzy/TrajectoryPlanning/distill/data/benchmark/mp/train/sample_004544.npz,mp,single_bugtrap,U,mp_single_bugtrap,medium,medium,0,mp:train
train,sample_005799.npz,/home/zzy/TrajectoryPlanning/distill/data/benchmark/mp/train/sample_004545.npz,mp,single_bugtrap,U,mp_single_bugtrap,medium,medium,0,mp:train
train,sample_005800.npz,/home/zzy/TrajectoryPlanning/distill/data/benchmark/mp/train/sample_004546.npz,mp,single_bugtrap,U,mp_single_bugtrap,medium,medium,0,mp:train
train,sample_005801.npz,/home/zzy/TrajectoryPlanning/distill/data/benchmark/mp/train/sample_004548.npz,mp,single_bugtrap,U,mp_single_bugtrap,medium,medium,0,mp:train
train,sample_005802.npz,/home/zzy/TrajectoryPlanning/distill/data/benchmark/mp/train/sample_004549.npz,mp,single_bugtrap,U,mp_single_bugtrap,medium,medium,0,mp:train
train,sample_005803.npz,/home/zzy/TrajectoryPlanning/distill/data/benchmark/mp/train/sample_004550.npz,mp,single_bugtrap,U,mp_single_bugtrap,medium,medium,0,mp:train
train,sample_005804.npz,/home/zzy/TrajectoryPlanning/distill/data/benchmark/mp/train/sample_004551.npz,mp,single_bugtrap,U,mp_single_bugtrap,medium,medium,0,mp:train
train,sample_005805.npz,/home/zzy/TrajectoryPlanning/distill/data/benchmark/mp/train/sample_004552.npz,mp,single_bugtrap,U,mp_single_bugtrap,medium,medium,0,mp:train
train,sample_005806.npz,/home/zzy/TrajectoryPlanning/distill/data/benchmark/mp/train/sample_004553.npz,mp,single_bugtrap,U,mp_single_bugtrap,medium,medium,0,mp:train
train,sample_005807.npz,/home/zzy/TrajectoryPlanning/distill/data/benchmark/mp/train/sample_004554.npz,mp,single_bugtrap,U,mp_single_bugtrap,medium,medium,0,mp:train
train,sample_005808.npz,/home/zzy/TrajectoryPlanning/distill/data/benchmark/mp/train/sample_004555.npz,mp,single_bugtrap,U,mp_single_bugtrap,medium,medium,0,mp:train
train,sample_005809.npz,/home/zzy/TrajectoryPlanning/distill/data/benchmark/mp/train/sample_004556.npz,mp,single_bugtrap,U,mp_single_bugtrap,medium,medium,0,mp:train
train,sample_005810.npz,/home/zzy/TrajectoryPlanning/distill/data/benchmark/mp/train/sample_004558.npz,mp,single_bugtrap,U,mp_single_bugtrap,medium,medium,0,mp:train
train,sample_005811.npz,/home/zzy/TrajectoryPlanning/distill/data/benchmark/mp/train/sample_004559.npz,mp,single_bugtrap,U,mp_single_bugtrap,medium,medium,0,mp:train
train,sample_005812.npz,/home/zzy/TrajectoryPlanning/distill/data/benchmark/mp/train/sample_004560.npz,mp,single_bugtrap,U,mp_single_bugtrap,medium,medium,0,mp:train
train,sample_005813.npz,/home/zzy/TrajectoryPlanning/distill/data/benchmark/mp/train/sample_004561.npz,mp,single_bugtrap,U,mp_single_bugtrap,medium,medium,0,mp:train
train,sample_005814.npz,/home/zzy/TrajectoryPlanning/distill/data/benchmark/mp/train/sample_004562.npz,mp,single_bugtrap,U,mp_single_bugtrap,medium,medium,0,mp:train
train,sample_005815.npz,/home/zzy/TrajectoryPlanning/distill/data/benchmark/mp/train/sample_004565.npz,mp,single_bugtrap,U,mp_single_bugtrap,medium,medium,0,mp:train
train,sample_005816.npz,/home/zzy/TrajectoryPlanning/distill/data/benchmark/mp/train/sample_004566.npz,mp,single_bugtrap,U,mp_single_bugtrap,medium,medium,0,mp:train
train,sample_005817.npz,/home/zzy/TrajectoryPlanning/distill/data/benchmark/mp/train/sample_004568.npz,mp,single_bugtrap,U,mp_single_bugtrap,medium,medium,0,mp:train
train,sample_005818.npz,/home/zzy/TrajectoryPlanning/distill/data/benchmark/mp/train/sample_004570.npz,mp,single_bugtrap,U,mp_single_bugtrap,medium,medium,0,mp:train
train,sample_005819.npz,/home/zzy/TrajectoryPlanning/distill/data/benchmark/mp/train/sample_004571.npz,mp,single_bugtrap,U,mp_single_bugtrap,medium,medium,0,mp:train
train,sample_005820.npz,/home/zzy/TrajectoryPlanning/distill/data/benchmark/mp/train/sample_004572.npz,mp,single_bugtrap,U,mp_single_bugtrap,medium,medium,0,mp:train
train,sample_005821.npz,/home/zzy/TrajectoryPlanning/distill/data/benchmark/mp/train/sample_004573.npz,mp,single_bugtrap,U,mp_single_bugtrap,medium,medium,0,mp:train
train,sample_005822.npz,/home/zzy/TrajectoryPlanning/distill/data/benchmark/mp/train/sample_004574.npz,mp,single_bugtrap,U,mp_single_bugtrap,medium,medium,0,mp:train
train,sample_005823.npz,/home/zzy/TrajectoryPlanning/distill/data/benchmark/mp/train/sample_004575.npz,mp,single_bugtrap,U,mp_single_bugtrap,medium,medium,0,mp:train
train,sample_005824.npz,/home/zzy/TrajectoryPlanning/distill/data/benchmark/mp/train/sample_004576.npz,mp,single_bugtrap,U,mp_single_bugtrap,medium,medium,0,mp:train
train,sample_005825.npz,/home/zzy/TrajectoryPlanning/distill/data/benchmark/mp/train/sample_004577.npz,mp,single_bugtrap,U,mp_single_bugtrap,medium,medium,0,mp:train
train,sample_005826.npz,/home/zzy/TrajectoryPlanning/distill/data/benchmark/mp/train/sample_004579.npz,mp,single_bugtrap,U,mp_single_bugtrap,medium,medium,0,mp:train
train,sample_005827.npz,/home/zzy/TrajectoryPlanning/distill/data/benchmark/mp/train/sample_004580.npz,mp,single_bugtrap,U,mp_single_bugtrap,medium,medium,0,mp:train
train,sample_005828.npz,/home/zzy/TrajectoryPlanning/distill/data/benchmark/mp/train/sample_004581.npz,mp,single_bugtrap,U,mp_single_bugtrap,medium,medium,0,mp:train
train,sample_005829.npz,/home/zzy/TrajectoryPlanning/distill/data/benchmark/mp/train/sample_004582.npz,mp,single_bugtrap,U,mp_single_bugtrap,medium,medium,0,mp:train
train,sample_005830.npz,/home/zzy/TrajectoryPlanning/distill/data/benchmark/mp/train/sample_004584.npz,mp,single_bugtrap,U,mp_single_bugtrap,medium,medium,0,mp:train
train,sample_005831.npz,/home/zzy/TrajectoryPlanning/distill/data/benchmark/mp/train/sample_004585.npz,mp,single_bugtrap,U,mp_single_bugtrap,medium,medium,0,mp:train
train,sample_005832.npz,/home/zzy/TrajectoryPlanning/distill/data/benchmark/mp/train/sample_004586.npz,mp,single_bugtrap,U,mp_single_bugtrap,medium,medium,0,mp:train
train,sample_005833.npz,/home/zzy/TrajectoryPlanning/distill/data/benchmark/mp/train/sample_004587.npz,mp,single_bugtrap,U,mp_single_bugtrap,medium,medium,0,mp:train
train,sample_005834.npz,/home/zzy/TrajectoryPlanning/distill/data/benchmark/mp/train/sample_004588.npz,mp,single_bugtrap,U,mp_single_bugtrap,medium,medium,0,mp:train
train,sample_005835.npz,/home/zzy/TrajectoryPlanning/distill/data/benchmark/mp/train/sample_004589.npz,mp,single_bugtrap,U,mp_single_bugtrap,medium,medium,0,mp:train
train,sample_005836.npz,/home/zzy/TrajectoryPlanning/distill/data/benchmark/mp/train/sample_004590.npz,mp,single_bugtrap,U,mp_single_bugtrap,medium,medium,0,mp:train
train,sample_005837.npz,/home/zzy/TrajectoryPlanning/distill/data/benchmark/mp/train/sample_004591.npz,mp,single_bugtrap,U,mp_single_bugtrap,medium,medium,0,mp:train
train,sample_005838.npz,/home/zzy/TrajectoryPlanning/distill/data/benchmark/mp/train/sample_004592.npz,mp,single_bugtrap,U,mp_single_bugtrap,medium,medium,0,mp:train
train,sample_005839.npz,/home/zzy/TrajectoryPlanning/distill/data/benchmark/mp/train/sample_004593.npz,mp,single_bugtrap,U,mp_single_bugtrap,medium,medium,0,mp:train
train,sample_005840.npz,/home/zzy/TrajectoryPlanning/distill/data/benchmark/mp/train/sample_004594.npz,mp,single_bugtrap,U,mp_single_bugtrap,medium,medium,0,mp:train
train,sample_005841.npz,/home/zzy/TrajectoryPlanning/distill/data/benchmark/mp/train/sample_004595.npz,mp,single_bugtrap,U,mp_single_bugtrap,medium,medium,0,mp:train
train,sample_005842.npz,/home/zzy/TrajectoryPlanning/distill/data/benchmark/mp/train/sample_004596.npz,mp,single_bugtrap,U,mp_single_bugtrap,medium,medium,0,mp:train
train,sample_005843.npz,/home/zzy/TrajectoryPlanning/distill/data/benchmark/mp/train/sample_004597.npz,mp,single_bugtrap,U,mp_single_bugtrap,medium,medium,0,mp:train
train,sample_005844.npz,/home/zzy/TrajectoryPlanning/distill/data/benchmark/mp/train/sample_004599.npz,mp,single_bugtrap,U,mp_single_bugtrap,medium,medium,0,mp:train
train,sample_005845.npz,/home/zzy/TrajectoryPlanning/distill/data/benchmark/mp/train/sample_004601.npz,mp,single_bugtrap,U,mp_single_bugtrap,medium,medium,0,mp:train
train,sample_005846.npz,/home/zzy/TrajectoryPlanning/distill/data/benchmark/mp/train/sample_004602.npz,mp,single_bugtrap,U,mp_single_bugtrap,medium,medium,0,mp:train
train,sample_005847.npz,/home/zzy/TrajectoryPlanning/distill/data/benchmark/mp/train/sample_004603.npz,mp,single_bugtrap,U,mp_single_bugtrap,medium,medium,0,mp:train
train,sample_005848.npz,/home/zzy/TrajectoryPlanning/distill/data/benchmark/mp/train/sample_004604.npz,mp,single_bugtrap,U,mp_single_bugtrap,medium,medium,0,mp:train
train,sample_005849.npz,/home/zzy/TrajectoryPlanning/distill/data/benchmark/mp/train/sample_004605.npz,mp,single_bugtrap,U,mp_single_bugtrap,medium,medium,0,mp:train
train,sample_005850.npz,/home/zzy/TrajectoryPlanning/distill/data/benchmark/mp/train/sample_004606.npz,mp,single_bugtrap,U,mp_single_bugtrap,medium,medium,0,mp:train
train,sample_005851.npz,/home/zzy/TrajectoryPlanning/distill/data/benchmark/mp/train/sample_004607.npz,mp,single_bugtrap,U,mp_single_bugtrap,medium,medium,0,mp:train
train,sample_005852.npz,/home/zzy/TrajectoryPlanning/distill/data/benchmark/mp/train/sample_004609.npz,mp,single_bugtrap,U,mp_single_bugtrap,medium,medium,0,mp:train
train,sample_005853.npz,/home/zzy/TrajectoryPlanning/distill/data/benchmark/mp/train/sample_004610.npz,mp,single_bugtrap,U,mp_single_bugtrap,medium,medium,0,mp:train
train,sample_005854.npz,/home/zzy/TrajectoryPlanning/distill/data/benchmark/mp/train/sample_004611.npz,mp,single_bugtrap,U,mp_single_bugtrap,medium,medium,0,mp:train
train,sample_005855.npz,/home/zzy/TrajectoryPlanning/distill/data/benchmark/mp/train/sample_004614.npz,mp,single_bugtrap,U,mp_single_bugtrap,medium,medium,0,mp:train
train,sample_005856.npz,/home/zzy/TrajectoryPlanning/distill/data/benchmark/mp/train/sample_004615.npz,mp,single_bugtrap,U,mp_single_bugtrap,medium,medium,0,mp:train
train,sample_005857.npz,/home/zzy/TrajectoryPlanning/distill/data/benchmark/mp/train/sample_004616.npz,mp,single_bugtrap,U,mp_single_bugtrap,medium,medium,0,mp:train
train,sample_005858.npz,/home/zzy/TrajectoryPlanning/distill/data/benchmark/mp/train/sample_004617.npz,mp,single_bugtrap,U,mp_single_bugtrap,medium,medium,0,mp:train
train,sample_005859.npz,/home/zzy/TrajectoryPlanning/distill/data/benchmark/mp/train/sample_004618.npz,mp,single_bugtrap,U,mp_single_bugtrap,medium,medium,0,mp:train
train,sample_005860.npz,/home/zzy/TrajectoryPlanning/distill/data/benchmark/mp/train/sample_004620.npz,mp,single_bugtrap,U,mp_single_bugtrap,medium,medium,0,mp:train
train,sample_005861.npz,/home/zzy/TrajectoryPlanning/distill/data/benchmark/mp/train/sample_004622.npz,mp,single_bugtrap,U,mp_single_bugtrap,medium,medium,0,mp:train
train,sample_005862.npz,/home/zzy/TrajectoryPlanning/distill/data/benchmark/mp/train/sample_004623.npz,mp,single_bugtrap,U,mp_single_bugtrap,medium,medium,0,mp:train
train,sample_005863.npz,/home/zzy/TrajectoryPlanning/distill/data/benchmark/mp/train/sample_004624.npz,mp,single_bugtrap,U,mp_single_bugtrap,medium,medium,0,mp:train
train,sample_005864.npz,/home/zzy/TrajectoryPlanning/distill/data/benchmark/mp/train/sample_004625.npz,mp,single_bugtrap,U,mp_single_bugtrap,medium,medium,0,mp:train
train,sample_005865.npz,/home/zzy/TrajectoryPlanning/distill/data/benchmark/mp/train/sample_004626.npz,mp,single_bugtrap,U,mp_single_bugtrap,medium,medium,0,mp:train
train,sample_005866.npz,/home/zzy/TrajectoryPlanning/distill/data/benchmark/mp/train/sample_004627.npz,mp,single_bugtrap,U,mp_single_bugtrap,medium,medium,0,mp:train
train,sample_005867.npz,/home/zzy/TrajectoryPlanning/distill/data/benchmark/mp/train/sample_004628.npz,mp,single_bugtrap,U,mp_single_bugtrap,medium,medium,0,mp:train
train,sample_005868.npz,/home/zzy/TrajectoryPlanning/distill/data/benchmark/mp/train/sample_004629.npz,mp,single_bugtrap,U,mp_single_bugtrap,medium,medium,0,mp:train
train,sample_005869.npz,/home/zzy/TrajectoryPlanning/distill/data/benchmark/mp/train/sample_004630.npz,mp,single_bugtrap,U,mp_single_bugtrap,medium,medium,0,mp:train
train,sample_005870.npz,/home/zzy/TrajectoryPlanning/distill/data/benchmark/mp/train/sample_004631.npz,mp,single_bugtrap,U,mp_single_bugtrap,medium,medium,0,mp:train
train,sample_005871.npz,/home/zzy/TrajectoryPlanning/distill/data/benchmark/mp/train/sample_004633.npz,mp,single_bugtrap,U,mp_single_bugtrap,medium,medium,0,mp:train
train,sample_005872.npz,/home/zzy/TrajectoryPlanning/distill/data/benchmark/mp/train/sample_004637.npz,mp,single_bugtrap,U,mp_single_bugtrap,medium,medium,0,mp:train
train,sample_005873.npz,/home/zzy/TrajectoryPlanning/distill/data/benchmark/mp/train/sample_004638.npz,mp,single_bugtrap,U,mp_single_bugtrap,medium,medium,0,mp:train
train,sample_005874.npz,/home/zzy/TrajectoryPlanning/distill/data/benchmark/mp/train/sample_004639.npz,mp,single_bugtrap,U,mp_single_bugtrap,medium,medium,0,mp:train
train,sample_005875.npz,/home/zzy/TrajectoryPlanning/distill/data/benchmark/mp/train/sample_004640.npz,mp,single_bugtrap,U,mp_single_bugtrap,medium,medium,0,mp:train
train,sample_005876.npz,/home/zzy/TrajectoryPlanning/distill/data/benchmark/mp/train/sample_004642.npz,mp,single_bugtrap,U,mp_single_bugtrap,medium,medium,0,mp:train
train,sample_005877.npz,/home/zzy/TrajectoryPlanning/distill/data/benchmark/mp/train/sample_004643.npz,mp,single_bugtrap,U,mp_single_bugtrap,medium,medium,0,mp:train
train,sample_005878.npz,/home/zzy/TrajectoryPlanning/distill/data/benchmark/mp/train/sample_004646.npz,mp,single_bugtrap,U,mp_single_bugtrap,medium,medium,0,mp:train
train,sample_005879.npz,/home/zzy/TrajectoryPlanning/distill/data/benchmark/mp/train/sample_004647.npz,mp,single_bugtrap,U,mp_single_bugtrap,medium,medium,0,mp:train
train,sample_005880.npz,/home/zzy/TrajectoryPlanning/distill/data/benchmark/mp/train/sample_004648.npz,mp,single_bugtrap,U,mp_single_bugtrap,medium,medium,0,mp:train
train,sample_005881.npz,/home/zzy/TrajectoryPlanning/distill/data/benchmark/mp/train/sample_004649.npz,mp,single_bugtrap,U,mp_single_bugtrap,medium,medium,0,mp:train
train,sample_005882.npz,/home/zzy/TrajectoryPlanning/distill/data/benchmark/mp/train/sample_004650.npz,mp,single_bugtrap,U,mp_single_bugtrap,medium,medium,0,mp:train
train,sample_005883.npz,/home/zzy/TrajectoryPlanning/distill/data/benchmark/mp/train/sample_004651.npz,mp,single_bugtrap,U,mp_single_bugtrap,medium,medium,0,mp:train
train,sample_005884.npz,/home/zzy/TrajectoryPlanning/distill/data/benchmark/mp/train/sample_004652.npz,mp,single_bugtrap,U,mp_single_bugtrap,medium,medium,0,mp:train
train,sample_005885.npz,/home/zzy/TrajectoryPlanning/distill/data/benchmark/mp/train/sample_004653.npz,mp,single_bugtrap,U,mp_single_bugtrap,medium,medium,0,mp:train
train,sample_005886.npz,/home/zzy/TrajectoryPlanning/distill/data/benchmark/mp/train/sample_004655.npz,mp,single_bugtrap,U,mp_single_bugtrap,medium,medium,0,mp:train
train,sample_005887.npz,/home/zzy/TrajectoryPlanning/distill/data/benchmark/mp/train/sample_004656.npz,mp,single_bugtrap,U,mp_single_bugtrap,medium,medium,0,mp:train
train,sample_005888.npz,/home/zzy/TrajectoryPlanning/distill/data/benchmark/mp/train/sample_004657.npz,mp,single_bugtrap,U,mp_single_bugtrap,medium,medium,0,mp:train
train,sample_005889.npz,/home/zzy/TrajectoryPlanning/distill/data/benchmark/mp/train/sample_004658.npz,mp,single_bugtrap,U,mp_single_bugtrap,medium,medium,0,mp:train
train,sample_005890.npz,/home/zzy/TrajectoryPlanning/distill/data/benchmark/mp/train/sample_004659.npz,mp,single_bugtrap,U,mp_single_bugtrap,medium,medium,0,mp:train
train,sample_005891.npz,/home/zzy/TrajectoryPlanning/distill/data/benchmark/mp/train/sample_004660.npz,mp,single_bugtrap,U,mp_single_bugtrap,medium,medium,0,mp:train
train,sample_005892.npz,/home/zzy/TrajectoryPlanning/distill/data/benchmark/mp/train/sample_004661.npz,mp,single_bugtrap,U,mp_single_bugtrap,medium,medium,0,mp:train
train,sample_005893.npz,/home/zzy/TrajectoryPlanning/distill/data/benchmark/mp/train/sample_004662.npz,mp,single_bugtrap,U,mp_single_bugtrap,medium,medium,0,mp:train
train,sample_005894.npz,/home/zzy/TrajectoryPlanning/distill/data/benchmark/mp/train/sample_004663.npz,mp,single_bugtrap,U,mp_single_bugtrap,medium,medium,0,mp:train
train,sample_005895.npz,/home/zzy/TrajectoryPlanning/distill/data/benchmark/mp/train/sample_004664.npz,mp,single_bugtrap,U,mp_single_bugtrap,medium,medium,0,mp:train
train,sample_005896.npz,/home/zzy/TrajectoryPlanning/distill/data/benchmark/mp/train/sample_004665.npz,mp,single_bugtrap,U,mp_single_bugtrap,medium,medium,0,mp:train
train,sample_005897.npz,/home/zzy/TrajectoryPlanning/distill/data/benchmark/mp/train/sample_004666.npz,mp,single_bugtrap,U,mp_single_bugtrap,medium,medium,0,mp:train
train,sample_005898.npz,/home/zzy/TrajectoryPlanning/distill/data/benchmark/mp/train/sample_004667.npz,mp,single_bugtrap,U,mp_single_bugtrap,medium,medium,0,mp:train
train,sample_005899.npz,/home/zzy/TrajectoryPlanning/distill/data/benchmark/mp/train/sample_004668.npz,mp,single_bugtrap,U,mp_single_bugtrap,medium,medium,0,mp:train
train,sample_005900.npz,/home/zzy/TrajectoryPlanning/distill/data/benchmark/mp/train/sample_004669.npz,mp,single_bugtrap,U,mp_single_bugtrap,medium,medium,0,mp:train
train,sample_005901.npz,/home/zzy/TrajectoryPlanning/distill/data/benchmark/mp/train/sample_004670.npz,mp,single_bugtrap,U,mp_single_bugtrap,medium,medium,0,mp:train
train,sample_005902.npz,/home/zzy/TrajectoryPlanning/distill/data/benchmark/mp/train/sample_004672.npz,mp,single_bugtrap,U,mp_single_bugtrap,medium,medium,0,mp:train
train,sample_005903.npz,/home/zzy/TrajectoryPlanning/distill/data/benchmark/mp/train/sample_004673.npz,mp,single_bugtrap,U,mp_single_bugtrap,medium,medium,0,mp:train
train,sample_005904.npz,/home/zzy/TrajectoryPlanning/distill/data/benchmark/mp/train/sample_004674.npz,mp,single_bugtrap,U,mp_single_bugtrap,medium,medium,0,mp:train
train,sample_005905.npz,/home/zzy/TrajectoryPlanning/distill/data/benchmark/mp/train/sample_004675.npz,mp,single_bugtrap,U,mp_single_bugtrap,medium,medium,0,mp:train
train,sample_005906.npz,/home/zzy/TrajectoryPlanning/distill/data/benchmark/mp/train/sample_004676.npz,mp,single_bugtrap,U,mp_single_bugtrap,medium,medium,0,mp:train
train,sample_005907.npz,/home/zzy/TrajectoryPlanning/distill/data/benchmark/mp/train/sample_004677.npz,mp,single_bugtrap,U,mp_single_bugtrap,medium,medium,0,mp:train
train,sample_005908.npz,/home/zzy/TrajectoryPlanning/distill/data/benchmark/mp/train/sample_004678.npz,mp,single_bugtrap,U,mp_single_bugtrap,medium,medium,0,mp:train
train,sample_005909.npz,/home/zzy/TrajectoryPlanning/distill/data/benchmark/mp/train/sample_004680.npz,mp,single_bugtrap,U,mp_single_bugtrap,medium,medium,0,mp:train
train,sample_005910.npz,/home/zzy/TrajectoryPlanning/distill/data/benchmark/mp/train/sample_004682.npz,mp,single_bugtrap,U,mp_single_bugtrap,medium,medium,0,mp:train
train,sample_005911.npz,/home/zzy/TrajectoryPlanning/distill/data/benchmark/mp/train/sample_004683.npz,mp,single_bugtrap,U,mp_single_bugtrap,medium,medium,0,mp:train
train,sample_005912.npz,/home/zzy/TrajectoryPlanning/distill/data/benchmark/mp/train/sample_004684.npz,mp,single_bugtrap,U,mp_single_bugtrap,medium,medium,0,mp:train
train,sample_005913.npz,/home/zzy/TrajectoryPlanning/distill/data/benchmark/mp/train/sample_004686.npz,mp,single_bugtrap,U,mp_single_bugtrap,medium,medium,0,mp:train
train,sample_005914.npz,/home/zzy/TrajectoryPlanning/distill/data/benchmark/mp/train/sample_004687.npz,mp,single_bugtrap,U,mp_single_bugtrap,medium,medium,0,mp:train
train,sample_005915.npz,/home/zzy/TrajectoryPlanning/distill/data/benchmark/mp/train/sample_004688.npz,mp,single_bugtrap,U,mp_single_bugtrap,medium,medium,0,mp:train
train,sample_005916.npz,/home/zzy/TrajectoryPlanning/distill/data/benchmark/mp/train/sample_004689.npz,mp,single_bugtrap,U,mp_single_bugtrap,medium,medium,0,mp:train
train,sample_005917.npz,/home/zzy/TrajectoryPlanning/distill/data/benchmark/mp/train/sample_004690.npz,mp,single_bugtrap,U,mp_single_bugtrap,medium,medium,0,mp:train
train,sample_005918.npz,/home/zzy/TrajectoryPlanning/distill/data/benchmark/mp/train/sample_004691.npz,mp,single_bugtrap,U,mp_single_bugtrap,medium,medium,0,mp:train
train,sample_005919.npz,/home/zzy/TrajectoryPlanning/distill/data/benchmark/mp/train/sample_004693.npz,mp,single_bugtrap,U,mp_single_bugtrap,medium,medium,0,mp:train
train,sample_005920.npz,/home/zzy/TrajectoryPlanning/distill/data/benchmark/mp/train/sample_004694.npz,mp,single_bugtrap,U,mp_single_bugtrap,medium,medium,0,mp:train
train,sample_005921.npz,/home/zzy/TrajectoryPlanning/distill/data/benchmark/mp/train/sample_004695.npz,mp,single_bugtrap,U,mp_single_bugtrap,medium,medium,0,mp:train
train,sample_005922.npz,/home/zzy/TrajectoryPlanning/distill/data/benchmark/mp/train/sample_004698.npz,mp,single_bugtrap,U,mp_single_bugtrap,medium,medium,0,mp:train
train,sample_005923.npz,/home/zzy/TrajectoryPlanning/distill/data/benchmark/mp/train/sample_004699.npz,mp,single_bugtrap,U,mp_single_bugtrap,medium,medium,0,mp:train
train,sample_005924.npz,/home/zzy/TrajectoryPlanning/distill/data/benchmark/mp/train/sample_004701.npz,mp,single_bugtrap,U,mp_single_bugtrap,medium,medium,0,mp:train
train,sample_005925.npz,/home/zzy/TrajectoryPlanning/distill/data/benchmark/mp/train/sample_004702.npz,mp,single_bugtrap,U,mp_single_bugtrap,medium,medium,0,mp:train
train,sample_005926.npz,/home/zzy/TrajectoryPlanning/distill/data/benchmark/mp/train/sample_004703.npz,mp,single_bugtrap,U,mp_single_bugtrap,medium,medium,0,mp:train
train,sample_005927.npz,/home/zzy/TrajectoryPlanning/distill/data/benchmark/mp/train/sample_004704.npz,mp,single_bugtrap,U,mp_single_bugtrap,medium,medium,0,mp:train
train,sample_005928.npz,/home/zzy/TrajectoryPlanning/distill/data/benchmark/mp/train/sample_004705.npz,mp,single_bugtrap,U,mp_single_bugtrap,medium,medium,0,mp:train
train,sample_005929.npz,/home/zzy/TrajectoryPlanning/distill/data/benchmark/mp/train/sample_004707.npz,mp,single_bugtrap,U,mp_single_bugtrap,medium,medium,0,mp:train
train,sample_005930.npz,/home/zzy/TrajectoryPlanning/distill/data/benchmark/mp/train/sample_004708.npz,mp,single_bugtrap,U,mp_single_bugtrap,medium,medium,0,mp:train
train,sample_005931.npz,/home/zzy/TrajectoryPlanning/distill/data/benchmark/mp/train/sample_004709.npz,mp,single_bugtrap,U,mp_single_bugtrap,medium,medium,0,mp:train
train,sample_005932.npz,/home/zzy/TrajectoryPlanning/distill/data/benchmark/mp/train/sample_004710.npz,mp,single_bugtrap,U,mp_single_bugtrap,medium,medium,0,mp:train
train,sample_005933.npz,/home/zzy/TrajectoryPlanning/distill/data/benchmark/mp/train/sample_004711.npz,mp,single_bugtrap,U,mp_single_bugtrap,medium,medium,0,mp:train
train,sample_005934.npz,/home/zzy/TrajectoryPlanning/distill/data/benchmark/mp/train/sample_004712.npz,mp,single_bugtrap,U,mp_single_bugtrap,medium,medium,0,mp:train
train,sample_005935.npz,/home/zzy/TrajectoryPlanning/distill/data/benchmark/mp/train/sample_004713.npz,mp,single_bugtrap,U,mp_single_bugtrap,medium,medium,0,mp:train
train,sample_005936.npz,/home/zzy/TrajectoryPlanning/distill/data/benchmark/mp/train/sample_004715.npz,mp,single_bugtrap,U,mp_single_bugtrap,medium,medium,0,mp:train
train,sample_005937.npz,/home/zzy/TrajectoryPlanning/distill/data/benchmark/mp/train/sample_004717.npz,mp,single_bugtrap,U,mp_single_bugtrap,medium,medium,0,mp:train
train,sample_005938.npz,/home/zzy/TrajectoryPlanning/distill/data/benchmark/mp/train/sample_004720.npz,mp,single_bugtrap,U,mp_single_bugtrap,medium,medium,0,mp:train
train,sample_005939.npz,/home/zzy/TrajectoryPlanning/distill/data/benchmark/mp/train/sample_004721.npz,mp,single_bugtrap,U,mp_single_bugtrap,medium,medium,0,mp:train
train,sample_005940.npz,/home/zzy/TrajectoryPlanning/distill/data/benchmark/mp/train/sample_004722.npz,mp,single_bugtrap,U,mp_single_bugtrap,medium,medium,0,mp:train
train,sample_005941.npz,/home/zzy/TrajectoryPlanning/distill/data/benchmark/mp/train/sample_004723.npz,mp,single_bugtrap,U,mp_single_bugtrap,medium,medium,0,mp:train
train,sample_005942.npz,/home/zzy/TrajectoryPlanning/distill/data/benchmark/mp/train/sample_004724.npz,mp,single_bugtrap,U,mp_single_bugtrap,medium,medium,0,mp:train
train,sample_005943.npz,/home/zzy/TrajectoryPlanning/distill/data/benchmark/mp/train/sample_004725.npz,mp,single_bugtrap,U,mp_single_bugtrap,medium,medium,0,mp:train
train,sample_005944.npz,/home/zzy/TrajectoryPlanning/distill/data/benchmark/mp/train/sample_004728.npz,mp,single_bugtrap,U,mp_single_bugtrap,medium,medium,0,mp:train
train,sample_005945.npz,/home/zzy/TrajectoryPlanning/distill/data/benchmark/mp/train/sample_004729.npz,mp,single_bugtrap,U,mp_single_bugtrap,medium,medium,0,mp:train
train,sample_005946.npz,/home/zzy/TrajectoryPlanning/distill/data/benchmark/mp/train/sample_004730.npz,mp,single_bugtrap,U,mp_single_bugtrap,medium,medium,0,mp:train
train,sample_005947.npz,/home/zzy/TrajectoryPlanning/distill/data/benchmark/mp/train/sample_004732.npz,mp,single_bugtrap,U,mp_single_bugtrap,medium,medium,0,mp:train
train,sample_005948.npz,/home/zzy/TrajectoryPlanning/distill/data/benchmark/mp/train/sample_004734.npz,mp,single_bugtrap,U,mp_single_bugtrap,medium,medium,0,mp:train
train,sample_005949.npz,/home/zzy/TrajectoryPlanning/distill/data/benchmark/mp/train/sample_004735.npz,mp,single_bugtrap,U,mp_single_bugtrap,medium,medium,0,mp:train
train,sample_005950.npz,/home/zzy/TrajectoryPlanning/distill/data/benchmark/mp/train/sample_004736.npz,mp,single_bugtrap,U,mp_single_bugtrap,medium,medium,0,mp:train
train,sample_005951.npz,/home/zzy/TrajectoryPlanning/distill/data/benchmark/mp/train/sample_004738.npz,mp,single_bugtrap,U,mp_single_bugtrap,medium,medium,0,mp:train
train,sample_005952.npz,/home/zzy/TrajectoryPlanning/distill/data/benchmark/mp/train/sample_004742.npz,mp,single_bugtrap,U,mp_single_bugtrap,medium,medium,0,mp:train
train,sample_005953.npz,/home/zzy/TrajectoryPlanning/distill/data/benchmark/mp/train/sample_004743.npz,mp,single_bugtrap,U,mp_single_bugtrap,medium,medium,0,mp:train
train,sample_005954.npz,/home/zzy/TrajectoryPlanning/distill/data/benchmark/mp/train/sample_004744.npz,mp,single_bugtrap,U,mp_single_bugtrap,medium,medium,0,mp:train
train,sample_005955.npz,/home/zzy/TrajectoryPlanning/distill/data/benchmark/mp/train/sample_004745.npz,mp,single_bugtrap,U,mp_single_bugtrap,medium,medium,0,mp:train
train,sample_005956.npz,/home/zzy/TrajectoryPlanning/distill/data/benchmark/mp/train/sample_004746.npz,mp,single_bugtrap,U,mp_single_bugtrap,medium,medium,0,mp:train
train,sample_005957.npz,/home/zzy/TrajectoryPlanning/distill/data/benchmark/mp/train/sample_004747.npz,mp,single_bugtrap,U,mp_single_bugtrap,medium,medium,0,mp:train
train,sample_005958.npz,/home/zzy/TrajectoryPlanning/distill/data/benchmark/mp/train/sample_004748.npz,mp,single_bugtrap,U,mp_single_bugtrap,medium,medium,0,mp:train
train,sample_005959.npz,/home/zzy/TrajectoryPlanning/distill/data/benchmark/mp/train/sample_004751.npz,mp,single_bugtrap,U,mp_single_bugtrap,medium,medium,0,mp:train
train,sample_005960.npz,/home/zzy/TrajectoryPlanning/distill/data/benchmark/mp/train/sample_004752.npz,mp,single_bugtrap,U,mp_single_bugtrap,medium,medium,0,mp:train
train,sample_005961.npz,/home/zzy/TrajectoryPlanning/distill/data/benchmark/mp/train/sample_004753.npz,mp,single_bugtrap,U,mp_single_bugtrap,medium,medium,0,mp:train
train,sample_005962.npz,/home/zzy/TrajectoryPlanning/distill/data/benchmark/mp/train/sample_004754.npz,mp,single_bugtrap,U,mp_single_bugtrap,medium,medium,0,mp:train
train,sample_005963.npz,/home/zzy/TrajectoryPlanning/distill/data/benchmark/mp/train/sample_004755.npz,mp,single_bugtrap,U,mp_single_bugtrap,medium,medium,0,mp:train
train,sample_005964.npz,/home/zzy/TrajectoryPlanning/distill/data/benchmark/mp/train/sample_004756.npz,mp,single_bugtrap,U,mp_single_bugtrap,medium,medium,0,mp:train
train,sample_005965.npz,/home/zzy/TrajectoryPlanning/distill/data/benchmark/mp/train/sample_004757.npz,mp,single_bugtrap,U,mp_single_bugtrap,medium,medium,0,mp:train
train,sample_005966.npz,/home/zzy/TrajectoryPlanning/distill/data/benchmark/mp/train/sample_004758.npz,mp,single_bugtrap,U,mp_single_bugtrap,medium,medium,0,mp:train
train,sample_005967.npz,/home/zzy/TrajectoryPlanning/distill/data/benchmark/mp/train/sample_004760.npz,mp,single_bugtrap,U,mp_single_bugtrap,medium,medium,0,mp:train
train,sample_005968.npz,/home/zzy/TrajectoryPlanning/distill/data/benchmark/mp/train/sample_004761.npz,mp,single_bugtrap,U,mp_single_bugtrap,medium,medium,0,mp:train
train,sample_005969.npz,/home/zzy/TrajectoryPlanning/distill/data/benchmark/mp/train/sample_004762.npz,mp,single_bugtrap,U,mp_single_bugtrap,medium,medium,0,mp:train
train,sample_005970.npz,/home/zzy/TrajectoryPlanning/distill/data/benchmark/mp/train/sample_004763.npz,mp,single_bugtrap,U,mp_single_bugtrap,medium,medium,0,mp:train
train,sample_005971.npz,/home/zzy/TrajectoryPlanning/distill/data/benchmark/mp/train/sample_004764.npz,mp,single_bugtrap,U,mp_single_bugtrap,medium,medium,0,mp:train
train,sample_005972.npz,/home/zzy/TrajectoryPlanning/distill/data/benchmark/mp/train/sample_004766.npz,mp,single_bugtrap,U,mp_single_bugtrap,medium,medium,0,mp:train
train,sample_005973.npz,/home/zzy/TrajectoryPlanning/distill/data/benchmark/mp/train/sample_004767.npz,mp,single_bugtrap,U,mp_single_bugtrap,medium,medium,0,mp:train
train,sample_005974.npz,/home/zzy/TrajectoryPlanning/distill/data/benchmark/mp/train/sample_004768.npz,mp,single_bugtrap,U,mp_single_bugtrap,medium,medium,0,mp:train
train,sample_005975.npz,/home/zzy/TrajectoryPlanning/distill/data/benchmark/mp/train/sample_004770.npz,mp,single_bugtrap,U,mp_single_bugtrap,medium,medium,0,mp:train
train,sample_005976.npz,/home/zzy/TrajectoryPlanning/distill/data/benchmark/mp/train/sample_004771.npz,mp,single_bugtrap,U,mp_single_bugtrap,medium,medium,0,mp:train
train,sample_005977.npz,/home/zzy/TrajectoryPlanning/distill/data/benchmark/mp/train/sample_004772.npz,mp,single_bugtrap,U,mp_single_bugtrap,medium,medium,0,mp:train
train,sample_005978.npz,/home/zzy/TrajectoryPlanning/distill/data/benchmark/mp/train/sample_004773.npz,mp,single_bugtrap,U,mp_single_bugtrap,medium,medium,0,mp:train
train,sample_005979.npz,/home/zzy/TrajectoryPlanning/distill/data/benchmark/mp/train/sample_004774.npz,mp,single_bugtrap,U,mp_single_bugtrap,medium,medium,0,mp:train
train,sample_005980.npz,/home/zzy/TrajectoryPlanning/distill/data/benchmark/mp/train/sample_004776.npz,mp,single_bugtrap,U,mp_single_bugtrap,medium,medium,0,mp:train
train,sample_005981.npz,/home/zzy/TrajectoryPlanning/distill/data/benchmark/mp/train/sample_004777.npz,mp,single_bugtrap,U,mp_single_bugtrap,medium,medium,0,mp:train
train,sample_005982.npz,/home/zzy/TrajectoryPlanning/distill/data/benchmark/mp/train/sample_004779.npz,mp,single_bugtrap,U,mp_single_bugtrap,medium,medium,0,mp:train
train,sample_005983.npz,/home/zzy/TrajectoryPlanning/distill/data/benchmark/mp/train/sample_004780.npz,mp,single_bugtrap,U,mp_single_bugtrap,medium,medium,0,mp:train
train,sample_005984.npz,/home/zzy/TrajectoryPlanning/distill/data/benchmark/mp/train/sample_004782.npz,mp,single_bugtrap,U,mp_single_bugtrap,medium,medium,0,mp:train
train,sample_005985.npz,/home/zzy/TrajectoryPlanning/distill/data/benchmark/mp/train/sample_004783.npz,mp,single_bugtrap,U,mp_single_bugtrap,medium,medium,0,mp:train
train,sample_005986.npz,/home/zzy/TrajectoryPlanning/distill/data/benchmark/mp/train/sample_004784.npz,mp,single_bugtrap,U,mp_single_bugtrap,medium,medium,0,mp:train
train,sample_005987.npz,/home/zzy/TrajectoryPlanning/distill/data/benchmark/mp/train/sample_004785.npz,mp,single_bugtrap,U,mp_single_bugtrap,medium,medium,0,mp:train
train,sample_005988.npz,/home/zzy/TrajectoryPlanning/distill/data/benchmark/mp/train/sample_004786.npz,mp,single_bugtrap,U,mp_single_bugtrap,medium,medium,0,mp:train
train,sample_005989.npz,/home/zzy/TrajectoryPlanning/distill/data/benchmark/mp/train/sample_004787.npz,mp,single_bugtrap,U,mp_single_bugtrap,medium,medium,0,mp:train
train,sample_005990.npz,/home/zzy/TrajectoryPlanning/distill/data/benchmark/mp/train/sample_004788.npz,mp,single_bugtrap,U,mp_single_bugtrap,medium,medium,0,mp:train
train,sample_005991.npz,/home/zzy/TrajectoryPlanning/distill/data/benchmark/mp/train/sample_004790.npz,mp,single_bugtrap,U,mp_single_bugtrap,medium,medium,0,mp:train
train,sample_005992.npz,/home/zzy/TrajectoryPlanning/distill/data/benchmark/mp/train/sample_004791.npz,mp,single_bugtrap,U,mp_single_bugtrap,medium,medium,0,mp:train
train,sample_005993.npz,/home/zzy/TrajectoryPlanning/distill/data/benchmark/mp/train/sample_004792.npz,mp,single_bugtrap,U,mp_single_bugtrap,medium,medium,0,mp:train
train,sample_005994.npz,/home/zzy/TrajectoryPlanning/distill/data/benchmark/mp/train/sample_004794.npz,mp,single_bugtrap,U,mp_single_bugtrap,medium,medium,0,mp:train
train,sample_005995.npz,/home/zzy/TrajectoryPlanning/distill/data/benchmark/mp/train/sample_004795.npz,mp,single_bugtrap,U,mp_single_bugtrap,medium,medium,0,mp:train
train,sample_005996.npz,/home/zzy/TrajectoryPlanning/distill/data/benchmark/mp/train/sample_004796.npz,mp,single_bugtrap,U,mp_single_bugtrap,medium,medium,0,mp:train
train,sample_005997.npz,/home/zzy/TrajectoryPlanning/distill/data/benchmark/mp/train/sample_004797.npz,mp,single_bugtrap,U,mp_single_bugtrap,medium,medium,0,mp:train
train,sample_005998.npz,/home/zzy/TrajectoryPlanning/distill/data/benchmark/mp/train/sample_004798.npz,mp,single_bugtrap,U,mp_single_bugtrap,medium,medium,0,mp:train
train,sample_005999.npz,/home/zzy/TrajectoryPlanning/distill/data/benchmark/mp/train/sample_004799.npz,mp,single_bugtrap,U,mp_single_bugtrap,medium,medium,0,mp:train
