split,sample_name,source_path,source_dataset,scenario,category,map_id,difficulty_raw,difficulty,ood_family,ood_family_name,split_hint
calib,sample_000000.npz,/home/zzy/TrajectoryPlanning/distill/data/benchmark/csm/train/sample_000000.npz,csm,csm_city_street,U,packed_000,medium,medium,0,,csm:train
calib,sample_000001.npz,/home/zzy/TrajectoryPlanning/distill/data/benchmark/csm/test/sample_000000.npz,csm,csm_city_street,U,packed_000,medium,medium,0,,csm:test
calib,sample_000002.npz,/home/zzy/TrajectoryPlanning/distill/data/benchmark/csm/train/sample_000002.npz,csm,csm_city_street,U,packed_000,medium,medium,0,,csm:train
calib,sample_000003.npz,/home/zzy/TrajectoryPlanning/distill/data/benchmark/csm/test/sample_000004.npz,csm,csm_city_street,U,packed_000,medium,medium,0,,csm:test
calib,sample_000004.npz,/home/zzy/TrajectoryPlanning/distill/data/benchmark/csm/train/sample_000009.npz,csm,csm_city_street,U,packed_000,medium,medium,0,,csm:train
calib,sample_000005.npz,/home/zzy/TrajectoryPlanning/distill/data/benchmark/csm/train/sample_000012.npz,csm,csm_city_street,U,packed_000,medium,medium,0,,csm:train
calib,sample_000006.npz,/home/zzy/TrajectoryPlanning/distill/data/benchmark/csm/train/sample_000013.npz,csm,csm_city_street,U,packed_000,medium,medium,0,,csm:train
calib,sample_000007.npz,/home/zzy/TrajectoryPlanning/distill/data/benchmark/csm/train/sample_000015.npz,csm,csm_city_street,U,packed_000,medium,medium,0,,csm:train
calib,sample_000008.npz,/home/zzy/TrajectoryPlanning/distill/data/benchmark/csm/train/sample_000016.npz,csm,csm_city_street,U,packed_000,medium,medium,0,,csm:train
calib,sample_000009.npz,/home/zzy/TrajectoryPlanning/distill/data/benchmark/csm/train/sample_000019.npz,csm,csm_city_street,U,packed_000,medium,medium,0,,csm:train
calib,sample_000010.npz,/home/zzy/TrajectoryPlanning/distill/data/benchmark/csm/train/sample_000021.npz,csm,csm_city_street,U,packed_000,medium,medium,0,,csm:train
calib,sample_000011.npz,/home/zzy/TrajectoryPlanning/distill/data/benchmark/csm/test/sample_000022.npz,csm,csm_city_street,U,packed_000,medium,medium,0,,csm:test
calib,sample_000012.npz,/home/zzy/TrajectoryPlanning/distill/data/benchmark/csm/train/sample_000023.npz,csm,csm_city_street,U,packed_000,medium,medium,0,,csm:train
calib,sample_000013.npz,/home/zzy/TrajectoryPlanning/distill/data/benchmark/csm/train/sample_000026.npz,csm,csm_city_street,U,packed_000,simple,easy,0,,csm:train
calib,sample_000014.npz,/home/zzy/TrajectoryPlanning/distill/data/benchmark/csm/test/sample_000027.npz,csm,csm_city_street,U,packed_000,hard,hard,0,,csm:test
calib,sample_000015.npz,/home/zzy/TrajectoryPlanning/distill/data/benchmark/csm/train/sample_000031.npz,csm,csm_city_street,U,packed_000,medium,medium,0,,csm:train
calib,sample_000016.npz,/home/zzy/TrajectoryPlanning/distill/data/benchmark/csm/test/sample_000032.npz,csm,csm_city_street,U,packed_000,medium,medium,0,,csm:test
calib,sample_000017.npz,/home/zzy/TrajectoryPlanning/distill/data/benchmark/csm/test/sample_000033.npz,csm,csm_city_street,U,packed_000,medium,medium,0,,csm:test
calib,sample_000018.npz,/home/zzy/TrajectoryPlanning/distill/data/benchmark/csm/test/sample_000035.npz,csm,csm_city_street,U,packed_000,medium,medium,0,,csm:test
calib,sample_000019.npz,/home/zzy/TrajectoryPlanning/distill/data/benchmark/csm/train/sample_000036.npz,csm,csm_city_street,U,packed_000,medium,medium,0,,csm:train
calib,sample_000020.npz,/home/zzy/TrajectoryPlanning/distill/data/benchmark/csm/train/sample_000037.npz,csm,csm_city_street,U,packed_000,hard,hard,0,,csm:train
calib,sample_000021.npz,/home/zzy/TrajectoryPlanning/distill/data/benchmark/csm/test/sample_000038.npz,csm,csm_city_street,U,packed_000,medium,medium,0,,csm:test
calib,sample_000022.npz,/home/zzy/TrajectoryPlanning/distill/data/benchmark/csm/test/sample_000039.npz,csm,csm_city_street,U,packed_000,medium,medium,0,,csm:test
calib,sample_000023.npz,/home/zzy/TrajectoryPlanning/distill/data/benchmark/csm/test/sample_000045.npz,csm,csm_city_street,U,packed_001,hard,hard,0,,csm:test
calib,sample_000024.npz,/home/zzy/TrajectoryPlanning/distill/data/benchmark/csm/test/sample_000047.npz,csm,csm_city_street,U,packed_001,medium,medium,0,,csm:test
calib,sample_000025.npz,/home/zzy/TrajectoryPlanning/distill/data/benchmark/csm/train/sample_000048.npz,csm,csm_city_street,U,packed_001,medium,medium,0,,csm:train
calib,sample_000026.npz,/home/zzy/TrajectoryPlanning/distill/data/benchmark/csm/test/sample_000048.npz,csm,csm_city_street,U,packed_001,medium,medium,0,,csm:test
calib,sample_000027.npz,/home/zzy/TrajectoryPlanning/distill/data/benchmark/csm/test/sample_000049.npz,csm,csm_city_street,U,packed_001,simple,easy,0,,csm:test
calib,sample_000028.npz,/home/zzy/TrajectoryPlanning/distill/data/benchmark/csm/train/sample_000050.npz,csm,csm_city_street,U,packed_001,medium,medium,0,,csm:train
calib,sample_000029.npz,/home/zzy/TrajectoryPlanning/distill/data/benchmark/csm/test/sample_000051.npz,csm,csm_city_street,U,packed_001,medium,medium,0,,csm:test
calib,sample_000030.npz,/home/zzy/TrajectoryPlanning/distill/data/benchmark/csm/train/sample_000051.npz,csm,csm_city_street,U,packed_001,medium,medium,0,,csm:train
calib,sample_000031.npz,/home/zzy/TrajectoryPlanning/distill/data/benchmark/csm/train/sample_000052.npz,csm,csm_city_street,U,packed_001,medium,medium,0,,csm:train
calib,sample_000032.npz,/home/zzy/TrajectoryPlanning/distill/data/benchmark/csm/test/sample_000054.npz,csm,csm_city_street,U,packed_001,medium,medium,0,,csm:test
calib,sample_000033.npz,/home/zzy/TrajectoryPlanning/distill/data/benchmark/csm/train/sample_000059.npz,csm,csm_city_street,U,packed_001,medium,medium,0,,csm:train
calib,sample_000034.npz,/home/zzy/TrajectoryPlanning/distill/data/benchmark/csm/test/sample_000064.npz,csm,csm_city_street,U,packed_001,medium,medium,0,,csm:test
calib,sample_000035.npz,/home/zzy/TrajectoryPlanning/distill/data/benchmark/csm/train/sample_000064.npz,csm,csm_city_street,U,packed_001,medium,medium,0,,csm:train
calib,sample_000036.npz,/home/zzy/TrajectoryPlanning/distill/data/benchmark/csm/train/sample_000066.npz,csm,csm_city_street,U,packed_001,medium,medium,0,,csm:train
calib,sample_000037.npz,/home/zzy/TrajectoryPlanning/distill/data/benchmark/csm/train/sample_000072.npz,csm,csm_city_street,U,packed_001,medium,medium,0,,csm:train
calib,sample_000038.npz,/home/zzy/TrajectoryPlanning/distill/data/benchmark/csm/train/sample_000076.npz,csm,csm_city_street,U,packed_001,medium,medium,0,,csm:train
calib,sample_000039.npz,/home/zzy/TrajectoryPlanning/distill/data/benchmark/csm/train/sample_000078.npz,csm,csm_city_street,U,packed_001,medium,medium,0,,csm:train
calib,sample_000040.npz,/home/zzy/TrajectoryPlanning/distill/data/benchmark/csm/test/sample_000078.npz,csm,csm_city_street,U,packed_001,medium,medium,0,,csm:test
calib,sample_000041.npz,/home/zzy/TrajectoryPlanning/distill/data/benchmark/csm/test/sample_000079.npz,csm,csm_city_street,U,packed_001,simple,easy,0,,csm:test
calib,sample_000042.npz,/home/zzy/TrajectoryPlanning/distill/data/benchmark/csm/train/sample_000085.npz,csm,csm_city_street,U,packed_002,medium,medium,0,,csm:train
calib,sample_000043.npz,/home/zzy/TrajectoryPlanning/distill/data/benchmark/csm/test/sample_000085.npz,csm,csm_city_street,U,packed_002,simple,easy,0,,csm:test
calib,sample_000044.npz,/home/zzy/TrajectoryPlanning/distill/data/benchmark/csm/test/sample_000089.npz,csm,csm_city_street,U,packed_002,medium,medium,0,,csm:test
calib,sample_000045.npz,/home/zzy/TrajectoryPlanning/distill/data/benchmark/csm/test/sample_000093.npz,csm,csm_city_street,U,packed_002,simple,easy,0,,csm:test
calib,sample_000046.npz,/home/zzy/TrajectoryPlanning/distill/data/benchmark/csm/test/sample_000098.npz,csm,csm_city_street,U,packed_002,medium,medium,0,,csm:test
calib,sample_000047.npz,/home/zzy/TrajectoryPlanning/distill/data/benchmark/csm/test/sample_000100.npz,csm,csm_city_street,U,packed_002,medium,medium,0,,csm:test
calib,sample_000048.npz,/home/zzy/TrajectoryPlanning/distill/data/benchmark/csm/train/sample_000100.npz,csm,csm_city_street,U,packed_002,medium,medium,0,,csm:train
calib,sample_000049.npz,/home/zzy/TrajectoryPlanning/distill/data/benchmark/csm/train/sample_000107.npz,csm,csm_city_street,U,packed_002,medium,medium,0,,csm:train
calib,sample_000050.npz,/home/zzy/TrajectoryPlanning/distill/data/benchmark/csm/test/sample_000110.npz,csm,csm_city_street,U,packed_002,medium,medium,0,,csm:test
calib,sample_000051.npz,/home/zzy/TrajectoryPlanning/distill/data/benchmark/csm/test/sample_000112.npz,csm,csm_city_street,U,packed_002,medium,medium,0,,csm:test
calib,sample_000052.npz,/home/zzy/TrajectoryPlanning/distill/data/benchmark/csm/train/sample_000113.npz,csm,csm_city_street,U,packed_002,medium,medium,0,,csm:train
calib,sample_000053.npz,/home/zzy/TrajectoryPlanning/distill/data/benchmark/csm/test/sample_000115.npz,csm,csm_city_street,U,packed_002,medium,medium,0,,csm:test
calib,sample_000054.npz,/home/zzy/TrajectoryPlanning/distill/data/benchmark/csm/test/sample_000116.npz,csm,csm_city_street,U,packed_002,medium,medium,0,,csm:test
calib,sample_000055.npz,/home/zzy/TrajectoryPlanning/distill/data/benchmark/csm/test/sample_000119.npz,csm,csm_city_street,U,packed_002,simple,easy,0,,csm:test
calib,sample_000056.npz,/home/zzy/TrajectoryPlanning/distill/data/benchmark/csm/test/sample_000120.npz,csm,csm_city_street,U,packed_003,medium,medium,0,,csm:test
calib,sample_000057.npz,/home/zzy/TrajectoryPlanning/distill/data/benchmark/csm/test/sample_000122.npz,csm,csm_city_street,U,packed_003,medium,medium,0,,csm:test
calib,sample_000058.npz,/home/zzy/TrajectoryPlanning/distill/data/benchmark/csm/train/sample_000122.npz,csm,csm_city_street,U,packed_003,hard,hard,0,,csm:train
calib,sample_000059.npz,/home/zzy/TrajectoryPlanning/distill/data/benchmark/csm/test/sample_000125.npz,csm,csm_city_street,U,packed_003,medium,medium,0,,csm:test
calib,sample_000060.npz,/home/zzy/TrajectoryPlanning/distill/data/benchmark/csm/train/sample_000126.npz,csm,csm_city_street,U,packed_003,medium,medium,0,,csm:train
calib,sample_000061.npz,/home/zzy/TrajectoryPlanning/distill/data/benchmark/csm/test/sample_000128.npz,csm,csm_city_street,U,packed_003,medium,medium,0,,csm:test
calib,sample_000062.npz,/home/zzy/TrajectoryPlanning/distill/data/benchmark/csm/train/sample_000130.npz,csm,csm_city_street,U,packed_003,hard,hard,0,,csm:train
calib,sample_000063.npz,/home/zzy/TrajectoryPlanning/distill/data/benchmark/csm/train/sample_000132.npz,csm,csm_city_street,U,packed_003,medium,medium,0,,csm:train
calib,sample_000064.npz,/home/zzy/TrajectoryPlanning/distill/data/benchmark/csm/train/sample_000133.npz,csm,csm_city_street,U,packed_003,medium,medium,0,,csm:train
calib,sample_000065.npz,/home/zzy/TrajectoryPlanning/distill/data/benchmark/csm/test/sample_000133.npz,csm,csm_city_street,U,packed_003,medium,medium,0,,csm:test
calib,sample_000066.npz,/home/zzy/TrajectoryPlanning/distill/data/benchmark/csm/test/sample_000134.npz,csm,csm_city_street,U,packed_003,medium,medium,0,,csm:test
calib,sample_000067.npz,/home/zzy/TrajectoryPlanning/distill/data/benchmark/csm/train/sample_000135.npz,csm,csm_city_street,U,packed_003,medium,medium,0,,csm:train
calib,sample_000068.npz,/home/zzy/TrajectoryPlanning/distill/data/benchmark/csm/train/sample_000137.npz,csm,csm_city_street,U,packed_003,medium,medium,0,,csm:train
calib,sample_000069.npz,/home/zzy/TrajectoryPlanning/distill/data/benchmark/csm/test/sample_000141.npz,csm,csm_city_street,U,packed_003,medium,medium,0,,csm:test
calib,sample_000070.npz,/home/zzy/TrajectoryPlanning/distill/data/benchmark/csm/train/sample_000141.npz,csm,csm_city_street,U,packed_003,hard,hard,0,,csm:train
calib,sample_000071.npz,/home/zzy/TrajectoryPlanning/distill/data/benchmark/csm/test/sample_000143.npz,csm,csm_city_street,U,packed_003,medium,medium,0,,csm:test
calib,sample_000072.npz,/home/zzy/TrajectoryPlanning/distill/data/benchmark/csm/test/sample_000144.npz,csm,csm_city_street,U,packed_003,medium,medium,0,,csm:test
calib,sample_000073.npz,/home/zzy/TrajectoryPlanning/distill/data/benchmark/csm/train/sample_000147.npz,csm,csm_city_street,U,packed_003,medium,medium,0,,csm:train
calib,sample_000074.npz,/home/zzy/TrajectoryPlanning/distill/data/benchmark/csm/train/sample_000148.npz,csm,csm_city_street,U,packed_003,medium,medium,0,,csm:train
calib,sample_000075.npz,/home/zzy/TrajectoryPlanning/distill/data/benchmark/csm/train/sample_000149.npz,csm,csm_city_street,U,packed_003,medium,medium,0,,csm:train
calib,sample_000076.npz,/home/zzy/TrajectoryPlanning/distill/data/benchmark/csm/test/sample_000150.npz,csm,csm_city_street,U,packed_003,medium,medium,0,,csm:test
calib,sample_000077.npz,/home/zzy/TrajectoryPlanning/distill/data/benchmark/csm/train/sample_000151.npz,csm,csm_city_street,U,packed_003,medium,medium,0,,csm:train
calib,sample_000078.npz,/home/zzy/TrajectoryPlanning/distill/data/benchmark/csm/test/sample_000156.npz,csm,csm_city_street,U,packed_003,medium,medium,0,,csm:test
calib,sample_000079.npz,/home/zzy/TrajectoryPlanning/distill/data/benchmark/csm/train/sample_000157.npz,csm,csm_city_street,U,packed_003,medium,medium,0,,csm:train
calib,sample_000080.npz,/home/zzy/TrajectoryPlanning/distill/data/benchmark/csm/test/sample_000157.npz,csm,csm_city_street,U,packed_003,medium,medium,0,,csm:test
calib,sample_000081.npz,/home/zzy/TrajectoryPlanning/distill/data/benchmark/csm/test/sample_000160.npz,csm,csm_city_street,U,packed_004,simple,easy,0,,csm:test
calib,sample_000082.npz,/home/zzy/TrajectoryPlanning/distill/data/benchmark/csm/test/sample_000162.npz,csm,csm_city_street,U,packed_004,medium,medium,0,,csm:test
calib,sample_000083.npz,/home/zzy/TrajectoryPlanning/distill/data/benchmark/csm/train/sample_000168.npz,csm,csm_city_street,U,packed_004,medium,medium,0,,csm:train
calib,sample_000084.npz,/home/zzy/TrajectoryPlanning/distill/data/benchmark/csm/test/sample_000168.npz,csm,csm_city_street,U,packed_004,medium,medium,0,,csm:test
calib,sample_000085.npz,/home/zzy/TrajectoryPlanning/distill/data/benchmark/csm/test/sample_000169.npz,csm,csm_city_street,U,packed_004,simple,easy,0,,csm:test
calib,sample_000086.npz,/home/zzy/TrajectoryPlanning/distill/data/benchmark/csm/test/sample_000170.npz,csm,csm_city_street,U,packed_004,simple,easy,0,,csm:test
calib,sample_000087.npz,/home/zzy/TrajectoryPlanning/distill/data/benchmark/csm/train/sample_000172.npz,csm,csm_city_street,U,packed_004,medium,medium,0,,csm:train
calib,sample_000088.npz,/home/zzy/TrajectoryPlanning/distill/data/benchmark/csm/train/sample_000173.npz,csm,csm_city_street,U,packed_004,medium,medium,0,,csm:train
calib,sample_000089.npz,/home/zzy/TrajectoryPlanning/distill/data/benchmark/csm/test/sample_000174.npz,csm,csm_city_street,U,packed_004,medium,medium,0,,csm:test
calib,sample_000090.npz,/home/zzy/TrajectoryPlanning/distill/data/benchmark/csm/test/sample_000176.npz,csm,csm_city_street,U,packed_004,medium,medium,0,,csm:test
calib,sample_000091.npz,/home/zzy/TrajectoryPlanning/distill/data/benchmark/csm/train/sample_000177.npz,csm,csm_city_street,U,packed_004,medium,medium,0,,csm:train
calib,sample_000092.npz,/home/zzy/TrajectoryPlanning/distill/data/benchmark/csm/train/sample_000179.npz,csm,csm_city_street,U,packed_004,hard,hard,0,,csm:train
calib,sample_000093.npz,/home/zzy/TrajectoryPlanning/distill/data/benchmark/csm/train/sample_000182.npz,csm,csm_city_street,U,packed_004,medium,medium,0,,csm:train
calib,sample_000094.npz,/home/zzy/TrajectoryPlanning/distill/data/benchmark/csm/train/sample_000183.npz,csm,csm_city_street,U,packed_004,medium,medium,0,,csm:train
calib,sample_000095.npz,/home/zzy/TrajectoryPlanning/distill/data/benchmark/csm/test/sample_000186.npz,csm,csm_city_street,U,packed_004,simple,easy,0,,csm:test
calib,sample_000096.npz,/home/zzy/TrajectoryPlanning/distill/data/benchmark/csm/train/sample_000187.npz,csm,csm_city_street,U,packed_004,simple,easy,0,,csm:train
calib,sample_000097.npz,/home/zzy/TrajectoryPlanning/distill/data/benchmark/csm/test/sample_000189.npz,csm,csm_city_street,U,packed_004,medium,medium,0,,csm:test
calib,sample_000098.npz,/home/zzy/TrajectoryPlanning/distill/data/benchmark/csm/train/sample_000191.npz,csm,csm_city_street,U,packed_004,medium,medium,0,,csm:train
calib,sample_000099.npz,/home/zzy/TrajectoryPlanning/distill/data/benchmark/csm/test/sample_000194.npz,csm,csm_city_street,U,packed_004,medium,medium,0,,csm:test
calib,sample_000100.npz,/home/zzy/TrajectoryPlanning/distill/data/benchmark/csm/test/sample_000199.npz,csm,csm_city_street,U,packed_004,simple,easy,0,,csm:test
calib,sample_000101.npz,/home/zzy/TrajectoryPlanning/distill/data/benchmark/csm/test/sample_000202.npz,csm,csm_city_street,U,packed_005,medium,medium,0,,csm:test
calib,sample_000102.npz,/home/zzy/TrajectoryPlanning/distill/data/benchmark/csm/train/sample_000202.npz,csm,csm_city_street,U,packed_005,medium,medium,0,,csm:train
calib,sample_000103.npz,/home/zzy/TrajectoryPlanning/distill/data/benchmark/csm/train/sample_000203.npz,csm,csm_city_street,U,packed_005,medium,medium,0,,csm:train
calib,sample_000104.npz,/home/zzy/TrajectoryPlanning/distill/data/benchmark/csm/train/sample_000204.npz,csm,csm_city_street,U,packed_005,medium,medium,0,,csm:train
calib,sample_000105.npz,/home/zzy/TrajectoryPlanning/distill/data/benchmark/csm/test/sample_000205.npz,csm,csm_city_street,U,packed_005,medium,medium,0,,csm:test
calib,sample_000106.npz,/home/zzy/TrajectoryPlanning/distill/data/benchmark/csm/test/sample_000208.npz,csm,csm_city_street,U,packed_005,medium,medium,0,,csm:test
calib,sample_000107.npz,/home/zzy/TrajectoryPlanning/distill/data/benchmark/csm/train/sample_000208.npz,csm,csm_city_street,U,packed_005,hard,hard,0,,csm:train
calib,sample_000108.npz,/home/zzy/TrajectoryPlanning/distill/data/benchmark/csm/train/sample_000209.npz,csm,csm_city_street,U,packed_005,hard,hard,0,,csm:train
calib,sample_000109.npz,/home/zzy/TrajectoryPlanning/distill/data/benchmark/csm/train/sample_000210.npz,csm,csm_city_street,U,packed_005,hard,hard,0,,csm:train
calib,sample_000110.npz,/home/zzy/TrajectoryPlanning/distill/data/benchmark/csm/test/sample_000212.npz,csm,csm_city_street,U,packed_005,medium,medium,0,,csm:test
calib,sample_000111.npz,/home/zzy/TrajectoryPlanning/distill/data/benchmark/csm/train/sample_000222.npz,csm,csm_city_street,U,packed_005,hard,hard,0,,csm:train
calib,sample_000112.npz,/home/zzy/TrajectoryPlanning/distill/data/benchmark/csm/test/sample_000224.npz,csm,csm_city_street,U,packed_005,hard,hard,0,,csm:test
calib,sample_000113.npz,/home/zzy/TrajectoryPlanning/distill/data/benchmark/csm/test/sample_000225.npz,csm,csm_city_street,U,packed_005,hard,hard,0,,csm:test
calib,sample_000114.npz,/home/zzy/TrajectoryPlanning/distill/data/benchmark/csm/train/sample_000227.npz,csm,csm_city_street,U,packed_005,medium,medium,0,,csm:train
calib,sample_000115.npz,/home/zzy/TrajectoryPlanning/distill/data/benchmark/csm/test/sample_000227.npz,csm,csm_city_street,U,packed_005,medium,medium,0,,csm:test
calib,sample_000116.npz,/home/zzy/TrajectoryPlanning/distill/data/benchmark/csm/test/sample_000229.npz,csm,csm_city_street,U,packed_005,medium,medium,0,,csm:test
calib,sample_000117.npz,/home/zzy/TrajectoryPlanning/distill/data/benchmark/csm/train/sample_000231.npz,csm,csm_city_street,U,packed_005,medium,medium,0,,csm:train
calib,sample_000118.npz,/home/zzy/TrajectoryPlanning/distill/data/benchmark/csm/test/sample_000232.npz,csm,csm_city_street,U,packed_005,medium,medium,0,,csm:test
calib,sample_000119.npz,/home/zzy/TrajectoryPlanning/distill/data/benchmark/csm/train/sample_000233.npz,csm,csm_city_street,U,packed_005,simple,easy,0,,csm:train
calib,sample_000120.npz,/home/zzy/TrajectoryPlanning/distill/data/benchmark/csm/test/sample_000233.npz,csm,csm_city_street,U,packed_005,medium,medium,0,,csm:test
calib,sample_000121.npz,/home/zzy/TrajectoryPlanning/distill/data/benchmark/csm/train/sample_000236.npz,csm,csm_city_street,U,packed_005,medium,medium,0,,csm:train
calib,sample_000122.npz,/home/zzy/TrajectoryPlanning/distill/data/benchmark/csm/test/sample_000239.npz,csm,csm_city_street,U,packed_005,medium,medium,0,,csm:test
calib,sample_000123.npz,/home/zzy/TrajectoryPlanning/distill/data/benchmark/csm/train/sample_000241.npz,csm,csm_city_street,U,packed_006,medium,medium,0,,csm:train
calib,sample_000124.npz,/home/zzy/TrajectoryPlanning/distill/data/benchmark/csm/test/sample_000242.npz,csm,csm_city_street,U,packed_006,medium,medium,0,,csm:test
calib,sample_000125.npz,/home/zzy/TrajectoryPlanning/distill/data/benchmark/csm/test/sample_000243.npz,csm,csm_city_street,U,packed_006,medium,medium,0,,csm:test
calib,sample_000126.npz,/home/zzy/TrajectoryPlanning/distill/data/benchmark/csm/train/sample_000247.npz,csm,csm_city_street,U,packed_006,medium,medium,0,,csm:train
calib,sample_000127.npz,/home/zzy/TrajectoryPlanning/distill/data/benchmark/csm/test/sample_000247.npz,csm,csm_city_street,U,packed_006,medium,medium,0,,csm:test
calib,sample_000128.npz,/home/zzy/TrajectoryPlanning/distill/data/benchmark/csm/train/sample_000248.npz,csm,csm_city_street,U,packed_006,medium,medium,0,,csm:train
calib,sample_000129.npz,/home/zzy/TrajectoryPlanning/distill/data/benchmark/csm/test/sample_000248.npz,csm,csm_city_street,U,packed_006,medium,medium,0,,csm:test
calib,sample_000130.npz,/home/zzy/TrajectoryPlanning/distill/data/benchmark/csm/test/sample_000251.npz,csm,csm_city_street,U,packed_006,hard,hard,0,,csm:test
calib,sample_000131.npz,/home/zzy/TrajectoryPlanning/distill/data/benchmark/csm/train/sample_000252.npz,csm,csm_city_street,U,packed_006,medium,medium,0,,csm:train
calib,sample_000132.npz,/home/zzy/TrajectoryPlanning/distill/data/benchmark/csm/train/sample_000253.npz,csm,csm_city_street,U,packed_006,medium,medium,0,,csm:train
calib,sample_000133.npz,/home/zzy/TrajectoryPlanning/distill/data/benchmark/csm/test/sample_000253.npz,csm,csm_city_street,U,packed_006,medium,medium,0,,csm:test
calib,sample_000134.npz,/home/zzy/TrajectoryPlanning/distill/data/benchmark/csm/train/sample_000254.npz,csm,csm_city_street,U,packed_006,medium,medium,0,,csm:train
calib,sample_000135.npz,/home/zzy/TrajectoryPlanning/distill/data/benchmark/csm/train/sample_000255.npz,csm,csm_city_street,U,packed_006,medium,medium,0,,csm:train
calib,sample_000136.npz,/home/zzy/TrajectoryPlanning/distill/data/benchmark/csm/train/sample_000256.npz,csm,csm_city_street,U,packed_006,medium,medium,0,,csm:train
calib,sample_000137.npz,/home/zzy/TrajectoryPlanning/distill/data/benchmark/csm/train/sample_000259.npz,csm,csm_city_street,U,packed_006,medium,medium,0,,csm:train
calib,sample_000138.npz,/home/zzy/TrajectoryPlanning/distill/data/benchmark/csm/train/sample_000261.npz,csm,csm_city_street,U,packed_006,medium,medium,0,,csm:train
calib,sample_000139.npz,/home/zzy/TrajectoryPlanning/distill/data/benchmark/csm/train/sample_000264.npz,csm,csm_city_street,U,packed_006,medium,medium,0,,csm:train
calib,sample_000140.npz,/home/zzy/TrajectoryPlanning/distill/data/benchmark/csm/test/sample_000264.npz,csm,csm_city_street,U,packed_006,hard,hard,0,,csm:test
calib,sample_000141.npz,/home/zzy/TrajectoryPlanning/distill/data/benchmark/csm/train/sample_000269.npz,csm,csm_city_street,U,packed_006,medium,medium,0,,csm:train
calib,sample_000142.npz,/home/zzy/TrajectoryPlanning/distill/data/benchmark/csm/train/sample_000273.npz,csm,csm_city_street,U,packed_006,medium,medium,0,,csm:train
calib,sample_000143.npz,/home/zzy/TrajectoryPlanning/distill/data/benchmark/csm/train/sample_000275.npz,csm,csm_city_street,U,packed_006,medium,medium,0,,csm:train
calib,sample_000144.npz,/home/zzy/TrajectoryPlanning/distill/data/benchmark/csm/test/sample_000277.npz,csm,csm_city_street,U,packed_006,medium,medium,0,,csm:test
calib,sample_000145.npz,/home/zzy/TrajectoryPlanning/distill/data/benchmark/csm/train/sample_000277.npz,csm,csm_city_street,U,packed_006,medium,medium,0,,csm:train
calib,sample_000146.npz,/home/zzy/TrajectoryPlanning/distill/data/benchmark/csm/train/sample_000278.npz,csm,csm_city_street,U,packed_006,medium,medium,0,,csm:train
calib,sample_000147.npz,/home/zzy/TrajectoryPlanning/distill/data/benchmark/csm/test/sample_000279.npz,csm,csm_city_street,U,packed_006,hard,hard,0,,csm:test
calib,sample_000148.npz,/home/zzy/TrajectoryPlanning/distill/data/benchmark/csm/train/sample_000280.npz,csm,csm_city_street,U,packed_007,medium,medium,0,,csm:train
calib,sample_000149.npz,/home/zzy/TrajectoryPlanning/distill/data/benchmark/csm/train/sample_000281.npz,csm,csm_city_street,U,packed_007,medium,medium,0,,csm:train
calib,sample_000150.npz,/home/zzy/TrajectoryPlanning/distill/data/benchmark/csm/test/sample_000282.npz,csm,csm_city_street,U,packed_007,hard,hard,0,,csm:test
calib,sample_000151.npz,/home/zzy/TrajectoryPlanning/distill/data/benchmark/csm/train/sample_000282.npz,csm,csm_city_street,U,packed_007,medium,medium,0,,csm:train
calib,sample_000152.npz,/home/zzy/TrajectoryPlanning/distill/data/benchmark/csm/test/sample_000283.npz,csm,csm_city_street,U,packed_007,hard,hard,0,,csm:test
calib,sample_000153.npz,/home/zzy/TrajectoryPlanning/distill/data/benchmark/csm/train/sample_000286.npz,csm,csm_city_street,U,packed_007,medium,medium,0,,csm:train
calib,sample_000154.npz,/home/zzy/TrajectoryPlanning/distill/data/benchmark/csm/train/sample_000288.npz,csm,csm_city_street,U,packed_007,medium,medium,0,,csm:train
calib,sample_000155.npz,/home/zzy/TrajectoryPlanning/distill/data/benchmark/csm/test/sample_000292.npz,csm,csm_city_street,U,packed_007,medium,medium,0,,csm:test
calib,sample_000156.npz,/home/zzy/TrajectoryPlanning/distill/data/benchmark/csm/test/sample_000295.npz,csm,csm_city_street,U,packed_007,hard,hard,0,,csm:test
calib,sample_000157.npz,/home/zzy/TrajectoryPlanning/distill/data/benchmark/csm/test/sample_000296.npz,csm,csm_city_street,U,packed_007,hard,hard,0,,csm:test
calib,sample_000158.npz,/home/zzy/TrajectoryPlanning/distill/data/benchmark/csm/test/sample_000298.npz,csm,csm_city_street,U,packed_007,hard,hard,0,,csm:test
calib,sample_000159.npz,/home/zzy/TrajectoryPlanning/distill/data/benchmark/csm/test/sample_000300.npz,csm,csm_city_street,U,packed_007,simple,easy,0,,csm:test
calib,sample_000160.npz,/home/zzy/TrajectoryPlanning/distill/data/benchmark/csm/test/sample_000302.npz,csm,csm_city_street,U,packed_007,medium,medium,0,,csm:test
calib,sample_000161.npz,/home/zzy/TrajectoryPlanning/distill/data/benchmark/csm/train/sample_000311.npz,csm,csm_city_street,U,packed_007,medium,medium,0,,csm:train
calib,sample_000162.npz,/home/zzy/TrajectoryPlanning/distill/data/benchmark/csm/test/sample_000316.npz,csm,csm_city_street,U,packed_007,hard,hard,0,,csm:test
calib,sample_000163.npz,/home/zzy/TrajectoryPlanning/distill/data/benchmark/csm/train/sample_000316.npz,csm,csm_city_street,U,packed_007,simple,easy,0,,csm:train
calib,sample_000164.npz,/home/zzy/TrajectoryPlanning/distill/data/benchmark/csm/test/sample_000317.npz,csm,csm_city_street,U,packed_007,hard,hard,0,,csm:test
calib,sample_000165.npz,/home/zzy/TrajectoryPlanning/distill/data/benchmark/csm/test/sample_000318.npz,csm,csm_city_street,U,packed_007,medium,medium,0,,csm:test
calib,sample_000166.npz,/home/zzy/TrajectoryPlanning/distill/data/benchmark/csm/train/sample_000327.npz,csm,csm_city_street,U,packed_008,medium,medium,0,,csm:train
calib,sample_000167.npz,/home/zzy/TrajectoryPlanning/distill/data/benchmark/csm/train/sample_000331.npz,csm,csm_city_street,U,packed_008,medium,medium,0,,csm:train
calib,sample_000168.npz,/home/zzy/TrajectoryPlanning/distill/data/benchmark/csm/test/sample_000331.npz,csm,csm_city_street,U,packed_008,hard,hard,0,,csm:test
calib,sample_000169.npz,/home/zzy/TrajectoryPlanning/distill/data/benchmark/csm/test/sample_000335.npz,csm,csm_city_street,U,packed_008,hard,hard,0,,csm:test
calib,sample_000170.npz,/home/zzy/TrajectoryPlanning/distill/data/benchmark/csm/train/sample_000335.npz,csm,csm_city_street,U,packed_008,medium,medium,0,,csm:train
calib,sample_000171.npz,/home/zzy/TrajectoryPlanning/distill/data/benchmark/csm/test/sample_000336.npz,csm,csm_city_street,U,packed_008,medium,medium,0,,csm:test
calib,sample_000172.npz,/home/zzy/TrajectoryPlanning/distill/data/benchmark/csm/train/sample_000339.npz,csm,csm_city_street,U,packed_008,medium,medium,0,,csm:train
calib,sample_000173.npz,/home/zzy/TrajectoryPlanning/distill/data/benchmark/csm/train/sample_000341.npz,csm,csm_city_street,U,packed_008,medium,medium,0,,csm:train
calib,sample_000174.npz,/home/zzy/TrajectoryPlanning/distill/data/benchmark/csm/test/sample_000342.npz,csm,csm_city_street,U,packed_008,hard,hard,0,,csm:test
calib,sample_000175.npz,/home/zzy/TrajectoryPlanning/distill/data/benchmark/csm/test/sample_000343.npz,csm,csm_city_street,U,packed_008,simple,easy,0,,csm:test
calib,sample_000176.npz,/home/zzy/TrajectoryPlanning/distill/data/benchmark/csm/test/sample_000347.npz,csm,csm_city_street,U,packed_008,hard,hard,0,,csm:test
calib,sample_000177.npz,/home/zzy/TrajectoryPlanning/distill/data/benchmark/csm/test/sample_000352.npz,csm,csm_city_street,U,packed_008,hard,hard,0,,csm:test
calib,sample_000178.npz,/home/zzy/TrajectoryPlanning/distill/data/benchmark/csm/test/sample_000353.npz,csm,csm_city_street,U,packed_008,medium,medium,0,,csm:test
calib,sample_000179.npz,/home/zzy/TrajectoryPlanning/distill/data/benchmark/csm/train/sample_000355.npz,csm,csm_city_street,U,packed_008,medium,medium,0,,csm:train
calib,sample_000180.npz,/home/zzy/TrajectoryPlanning/distill/data/benchmark/csm/train/sample_000358.npz,csm,csm_city_street,U,packed_008,hard,hard,0,,csm:train
calib,sample_000181.npz,/home/zzy/TrajectoryPlanning/distill/data/benchmark/csm/test/sample_000364.npz,csm,csm_city_street,U,packed_009,medium,medium,0,,csm:test
calib,sample_000182.npz,/home/zzy/TrajectoryPlanning/distill/data/benchmark/csm/train/sample_000365.npz,csm,csm_city_street,U,packed_009,medium,medium,0,,csm:train
calib,sample_000183.npz,/home/zzy/TrajectoryPlanning/distill/data/benchmark/csm/train/sample_000366.npz,csm,csm_city_street,U,packed_009,medium,medium,0,,csm:train
calib,sample_000184.npz,/home/zzy/TrajectoryPlanning/distill/data/benchmark/csm/test/sample_000369.npz,csm,csm_city_street,U,packed_009,medium,medium,0,,csm:test
calib,sample_000185.npz,/home/zzy/TrajectoryPlanning/distill/data/benchmark/csm/test/sample_000370.npz,csm,csm_city_street,U,packed_009,hard,hard,0,,csm:test
calib,sample_000186.npz,/home/zzy/TrajectoryPlanning/distill/data/benchmark/csm/test/sample_000372.npz,csm,csm_city_street,U,packed_009,medium,medium,0,,csm:test
calib,sample_000187.npz,/home/zzy/TrajectoryPlanning/distill/data/benchmark/csm/test/sample_000373.npz,csm,csm_city_street,U,packed_009,medium,medium,0,,csm:test
calib,sample_000188.npz,/home/zzy/TrajectoryPlanning/distill/data/benchmark/csm/train/sample_000375.npz,csm,csm_city_street,U,packed_009,medium,medium,0,,csm:train
calib,sample_000189.npz,/home/zzy/TrajectoryPlanning/distill/data/benchmark/csm/test/sample_000378.npz,csm,csm_city_street,U,packed_009,medium,medium,0,,csm:test
calib,sample_000190.npz,/home/zzy/TrajectoryPlanning/distill/data/benchmark/csm/test/sample_000387.npz,csm,csm_city_street,U,packed_009,medium,medium,0,,csm:test
calib,sample_000191.npz,/home/zzy/TrajectoryPlanning/distill/data/benchmark/csm/test/sample_000389.npz,csm,csm_city_street,U,packed_009,medium,medium,0,,csm:test
calib,sample_000192.npz,/home/zzy/TrajectoryPlanning/distill/data/benchmark/csm/train/sample_000391.npz,csm,csm_city_street,U,packed_009,medium,medium,0,,csm:train
calib,sample_000193.npz,/home/zzy/TrajectoryPlanning/distill/data/benchmark/csm/test/sample_000392.npz,csm,csm_city_street,U,packed_009,medium,medium,0,,csm:test
calib,sample_000194.npz,/home/zzy/TrajectoryPlanning/distill/data/benchmark/csm/train/sample_000393.npz,csm,csm_city_street,U,packed_009,medium,medium,0,,csm:train
calib,sample_000195.npz,/home/zzy/TrajectoryPlanning/distill/data/benchmark/csm/train/sample_000394.npz,csm,csm_city_street,U,packed_009,medium,medium,0,,csm:train
calib,sample_000196.npz,/home/zzy/TrajectoryPlanning/distill/data/benchmark/csm/test/sample_000397.npz,csm,csm_city_street,U,packed_009,medium,medium,0,,csm:test
calib,sample_000197.npz,/home/zzy/TrajectoryPlanning/distill/data/benchmark/csm/train/sample_000398.npz,csm,csm_city_street,U,packed_009,hard,hard,0,,csm:train
calib,sample_000198.npz,/home/zzy/TrajectoryPlanning/distill/data/benchmark/csm/train/sample_000401.npz,csm,csm_city_street,U,packed_010,medium,medium,0,,csm:train
calib,sample_000199.npz,/home/zzy/TrajectoryPlanning/distill/data/benchmark/csm/train/sample_000403.npz,csm,csm_city_street,U,packed_010,medium,medium,0,,csm:train
calib,sample_000200.npz,/home/zzy/TrajectoryPlanning/distill/data/benchmark/csm/train/sample_000407.npz,csm,csm_city_street,U,packed_010,medium,medium,0,,csm:train
calib,sample_000201.npz,/home/zzy/TrajectoryPlanning/distill/data/benchmark/csm/train/sample_000410.npz,csm,csm_city_street,U,packed_010,medium,medium,0,,csm:train
calib,sample_000202.npz,/home/zzy/TrajectoryPlanning/distill/data/benchmark/csm/train/sample_000415.npz,csm,csm_city_street,U,packed_010,medium,medium,0,,csm:train
calib,sample_000203.npz,/home/zzy/TrajectoryPlanning/distill/data/benchmark/csm/train/sample_000419.npz,csm,csm_city_street,U,packed_010,medium,medium,0,,csm:train
calib,sample_000204.npz,/home/zzy/TrajectoryPlanning/distill/data/benchmark/csm/train/sample_000421.npz,csm,csm_city_street,U,packed_010,medium,medium,0,,csm:train
calib,sample_000205.npz,/home/zzy/TrajectoryPlanning/distill/data/benchmark/csm/train/sample_000427.npz,csm,csm_city_street,U,packed_010,medium,medium,0,,csm:train
calib,sample_000206.npz,/home/zzy/TrajectoryPlanning/distill/data/benchmark/csm/train/sample_000428.npz,csm,csm_city_street,U,packed_010,medium,medium,0,,csm:train
calib,sample_000207.npz,/home/zzy/TrajectoryPlanning/distill/data/benchmark/csm/train/sample_000429.npz,csm,csm_city_street,U,packed_010,medium,medium,0,,csm:train
calib,sample_000208.npz,/home/zzy/TrajectoryPlanning/distill/data/benchmark/csm/train/sample_000432.npz,csm,csm_city_street,U,packed_010,medium,medium,0,,csm:train
calib,sample_000209.npz,/home/zzy/TrajectoryPlanning/distill/data/benchmark/csm/train/sample_000434.npz,csm,csm_city_street,U,packed_010,medium,medium,0,,csm:train
calib,sample_000210.npz,/home/zzy/TrajectoryPlanning/distill/data/benchmark/csm/train/sample_000436.npz,csm,csm_city_street,U,packed_010,medium,medium,0,,csm:train
calib,sample_000211.npz,/home/zzy/TrajectoryPlanning/distill/data/benchmark/csm/train/sample_000439.npz,csm,csm_city_street,U,packed_010,medium,medium,0,,csm:train
calib,sample_000212.npz,/home/zzy/TrajectoryPlanning/distill/data/benchmark/csm/train/sample_000440.npz,csm,csm_city_street,U,packed_011,medium,medium,0,,csm:train
calib,sample_000213.npz,/home/zzy/TrajectoryPlanning/distill/data/benchmark/csm/train/sample_000445.npz,csm,csm_city_street,U,packed_011,medium,medium,0,,csm:train
calib,sample_000214.npz,/home/zzy/TrajectoryPlanning/distill/data/benchmark/csm/train/sample_000446.npz,csm,csm_city_street,U,packed_011,medium,medium,0,,csm:train
calib,sample_000215.npz,/home/zzy/TrajectoryPlanning/distill/data/benchmark/csm/train/sample_000447.npz,csm,csm_city_street,U,packed_011,medium,medium,0,,csm:train
calib,sample_000216.npz,/home/zzy/TrajectoryPlanning/distill/data/benchmark/csm/train/sample_000451.npz,csm,csm_city_street,U,packed_011,medium,medium,0,,csm:train
calib,sample_000217.npz,/home/zzy/TrajectoryPlanning/distill/data/benchmark/csm/train/sample_000454.npz,csm,csm_city_street,U,packed_011,medium,medium,0,,csm:train
calib,sample_000218.npz,/home/zzy/TrajectoryPlanning/distill/data/benchmark/csm/train/sample_000455.npz,csm,csm_city_street,U,packed_011,medium,medium,0,,csm:train
calib,sample_000219.npz,/home/zzy/TrajectoryPlanning/distill/data/benchmark/csm/train/sample_000460.npz,csm,csm_city_street,U,packed_011,medium,medium,0,,csm:train
calib,sample_000220.npz,/home/zzy/TrajectoryPlanning/distill/data/benchmark/csm/train/sample_000461.npz,csm,csm_city_street,U,packed_011,medium,medium,0,,csm:train
calib,sample_000221.npz,/home/zzy/TrajectoryPlanning/distill/data/benchmark/csm/train/sample_000465.npz,csm,csm_city_street,U,packed_011,medium,medium,0,,csm:train
calib,sample_000222.npz,/home/zzy/TrajectoryPlanning/distill/data/benchmark/csm/train/sample_000468.npz,csm,csm_city_street,U,packed_011,medium,medium,0,,csm:train
calib,sample_000223.npz,/home/zzy/TrajectoryPlanning/distill/data/benchmark/csm/train/sample_000470.npz,csm,csm_city_street,U,packed_011,medium,medium,0,,csm:train
calib,sample_000224.npz,/home/zzy/TrajectoryPlanning/distill/data/benchmark/csm/train/sample_000471.npz,csm,csm_city_street,U,packed_011,hard,hard,0,,csm:train
calib,sample_000225.npz,/home/zzy/TrajectoryPlanning/distill/data/benchmark/csm/train/sample_000474.npz,csm,csm_city_street,U,packed_011,medium,medium,0,,csm:train
calib,sample_000226.npz,/home/zzy/TrajectoryPlanning/distill/data/benchmark/csm/train/sample_000478.npz,csm,csm_city_street,U,packed_011,medium,medium,0,,csm:train
calib,sample_000227.npz,/home/zzy/TrajectoryPlanning/distill/data/benchmark/csm/train/sample_000479.npz,csm,csm_city_street,U,packed_011,medium,medium,0,,csm:train
calib,sample_000228.npz,/home/zzy/TrajectoryPlanning/distill/data/benchmark/csm/train/sample_000489.npz,csm,csm_city_street,U,packed_012,simple,easy,0,,csm:train
calib,sample_000229.npz,/home/zzy/TrajectoryPlanning/distill/data/benchmark/csm/train/sample_000494.npz,csm,csm_city_street,U,packed_012,simple,easy,0,,csm:train
calib,sample_000230.npz,/home/zzy/TrajectoryPlanning/distill/data/benchmark/csm/train/sample_000495.npz,csm,csm_city_street,U,packed_012,hard,hard,0,,csm:train
calib,sample_000231.npz,/home/zzy/TrajectoryPlanning/distill/data/benchmark/csm/train/sample_000503.npz,csm,csm_city_street,U,packed_012,hard,hard,0,,csm:train
calib,sample_000232.npz,/home/zzy/TrajectoryPlanning/distill/data/benchmark/csm/train/sample_000508.npz,csm,csm_city_street,U,packed_012,medium,medium,0,,csm:train
calib,sample_000233.npz,/home/zzy/TrajectoryPlanning/distill/data/benchmark/csm/train/sample_000512.npz,csm,csm_city_street,U,packed_012,hard,hard,0,,csm:train
calib,sample_000234.npz,/home/zzy/TrajectoryPlanning/distill/data/benchmark/csm/train/sample_000513.npz,csm,csm_city_street,U,packed_012,simple,easy,0,,csm:train
calib,sample_000235.npz,/home/zzy/TrajectoryPlanning/distill/data/benchmark/csm/train/sample_000516.npz,csm,csm_city_street,U,packed_012,simple,easy,0,,csm:train
calib,sample_000236.npz,/home/zzy/TrajectoryPlanning/distill/data/benchmark/csm/train/sample_000519.npz,csm,csm_city_street,U,packed_012,simple,easy,0,,csm:train
calib,sample_000237.npz,/home/zzy/TrajectoryPlanning/distill/data/benchmark/csm/train/sample_000544.npz,csm,csm_city_street,U,packed_013,simple,easy,0,,csm:train
calib,sample_000238.npz,/home/zzy/TrajectoryPlanning/distill/data/benchmark/csm/train/sample_000551.npz,csm,csm_city_street,U,packed_013,medium,medium,0,,csm:train
calib,sample_000239.npz,/home/zzy/TrajectoryPlanning/distill/data/benchmark/csm/train/sample_000553.npz,csm,csm_city_street,U,packed_013,medium,medium,0,,csm:train
calib,sample_000240.npz,/home/zzy/TrajectoryPlanning/distill/data/benchmark/csm/train/sample_000559.npz,csm,csm_city_street,U,packed_013,simple,easy,0,,csm:train
calib,sample_000241.npz,/home/zzy/TrajectoryPlanning/distill/data/benchmark/csm/train/sample_000560.npz,csm,csm_city_street,U,packed_014,medium,medium,0,,csm:train
calib,sample_000242.npz,/home/zzy/TrajectoryPlanning/distill/data/benchmark/csm/train/sample_000561.npz,csm,csm_city_street,U,packed_014,hard,hard,0,,csm:train
calib,sample_000243.npz,/home/zzy/TrajectoryPlanning/distill/data/benchmark/csm/train/sample_000562.npz,csm,csm_city_street,U,packed_014,simple,easy,0,,csm:train
calib,sample_000244.npz,/home/zzy/TrajectoryPlanning/distill/data/benchmark/csm/train/sample_000566.npz,csm,csm_city_street,U,packed_014,simple,easy,0,,csm:train
calib,sample_000245.npz,/home/zzy/TrajectoryPlanning/distill/data/benchmark/csm/train/sample_000581.npz,csm,csm_city_street,U,packed_014,medium,medium,0,,csm:train
calib,sample_000246.npz,/home/zzy/TrajectoryPlanning/distill/data/benchmark/csm/train/sample_000583.npz,csm,csm_city_street,U,packed_014,medium,medium,0,,csm:train
calib,sample_000247.npz,/home/zzy/TrajectoryPlanning/distill/data/benchmark/csm/train/sample_000590.npz,csm,csm_city_street,U,packed_014,medium,medium,0,,csm:train
calib,sample_000248.npz,/home/zzy/TrajectoryPlanning/distill/data/benchmark/csm/train/sample_000591.npz,csm,csm_city_street,U,packed_014,medium,medium,0,,csm:train
calib,sample_000249.npz,/home/zzy/TrajectoryPlanning/distill/data/benchmark/csm/train/sample_000592.npz,csm,csm_city_street,U,packed_014,simple,easy,0,,csm:train
calib,sample_000250.npz,/home/zzy/TrajectoryPlanning/distill/data/benchmark/csm/train/sample_000593.npz,csm,csm_city_street,U,packed_014,simple,easy,0,,csm:train
calib,sample_000251.npz,/home/zzy/TrajectoryPlanning/distill/data/benchmark/csm/train/sample_000596.npz,csm,csm_city_street,U,packed_014,simple,easy,0,,csm:train
calib,sample_000252.npz,/home/zzy/TrajectoryPlanning/distill/data/benchmark/csm/train/sample_000603.npz,csm,csm_city_street,U,packed_015,simple,easy,0,,csm:train
calib,sample_000253.npz,/home/zzy/TrajectoryPlanning/distill/data/benchmark/csm/train/sample_000610.npz,csm,csm_city_street,U,packed_015,medium,medium,0,,csm:train
calib,sample_000254.npz,/home/zzy/TrajectoryPlanning/distill/data/benchmark/csm/train/sample_000616.npz,csm,csm_city_street,U,packed_015,medium,medium,0,,csm:train
calib,sample_000255.npz,/home/zzy/TrajectoryPlanning/distill/data/benchmark/csm/train/sample_000621.npz,csm,csm_city_street,U,packed_015,hard,hard,0,,csm:train
calib,sample_000256.npz,/home/zzy/TrajectoryPlanning/distill/data/benchmark/csm/train/sample_000622.npz,csm,csm_city_street,U,packed_015,medium,medium,0,,csm:train
calib,sample_000257.npz,/home/zzy/TrajectoryPlanning/distill/data/benchmark/csm/train/sample_000630.npz,csm,csm_city_street,U,packed_015,simple,easy,0,,csm:train
calib,sample_000258.npz,/home/zzy/TrajectoryPlanning/distill/data/benchmark/csm/train/sample_000631.npz,csm,csm_city_street,U,packed_015,medium,medium,0,,csm:train
calib,sample_000259.npz,/home/zzy/TrajectoryPlanning/distill/data/benchmark/csm/train/sample_000634.npz,csm,csm_city_street,U,packed_015,medium,medium,0,,csm:train
calib,sample_000260.npz,/home/zzy/TrajectoryPlanning/distill/data/benchmark/csm/train/sample_000638.npz,csm,csm_city_street,U,packed_015,hard,hard,0,,csm:train
calib,sample_000261.npz,/home/zzy/TrajectoryPlanning/distill/data/benchmark/csm/train/sample_000639.npz,csm,csm_city_street,U,packed_015,simple,easy,0,,csm:train
calib,sample_000262.npz,/home/zzy/TrajectoryPlanning/distill/data/benchmark/csm/train/sample_000640.npz,csm,csm_city_street,U,packed_016,medium,medium,0,,csm:train
calib,sample_000263.npz,/home/zzy/TrajectoryPlanning/distill/data/benchmark/csm/train/sample_000642.npz,csm,csm_city_street,U,packed_016,medium,medium,0,,csm:train
calib,sample_000264.npz,/home/zzy/TrajectoryPlanning/distill/data/benchmark/csm/train/sample_000643.npz,csm,csm_city_street,U,packed_016,medium,medium,0,,csm:train
calib,sample_000265.npz,/home/zzy/TrajectoryPlanning/distill/data/benchmark/csm/train/sample_000647.npz,csm,csm_city_street,U,packed_016,medium,medium,0,,csm:train
calib,sample_000266.npz,/home/zzy/TrajectoryPlanning/distill/data/benchmark/csm/train/sample_000652.npz,csm,csm_city_street,U,packed_016,medium,medium,0,,csm:train
calib,sample_000267.npz,/home/zzy/TrajectoryPlanning/distill/data/benchmark/csm/train/sample_000656.npz,csm,csm_city_street,U,packed_016,simple,easy,0,,csm:train
calib,sample_000268.npz,/home/zzy/TrajectoryPlanning/distill/data/benchmark/csm/train/sample_000667.npz,csm,csm_city_street,U,packed_016,medium,medium,0,,csm:train
calib,sample_000269.npz,/home/zzy/TrajectoryPlanning/distill/data/benchmark/csm/train/sample_000671.npz,csm,csm_city_street,U,packed_016,medium,medium,0,,csm:train
calib,sample_000270.npz,/home/zzy/TrajectoryPlanning/distill/data/benchmark/csm/train/sample_000677.npz,csm,csm_city_street,U,packed_016,simple,easy,0,,csm:train
calib,sample_000271.npz,/home/zzy/TrajectoryPlanning/distill/data/benchmark/csm/train/sample_000682.npz,csm,csm_city_street,U,packed_017,simple,easy,0,,csm:train
calib,sample_000272.npz,/home/zzy/TrajectoryPlanning/distill/data/benchmark/csm/train/sample_000685.npz,csm,csm_city_street,U,packed_017,medium,medium,0,,csm:train
calib,sample_000273.npz,/home/zzy/TrajectoryPlanning/distill/data/benchmark/csm/train/sample_000687.npz,csm,csm_city_street,U,packed_017,medium,medium,0,,csm:train
calib,sample_000274.npz,/home/zzy/TrajectoryPlanning/distill/data/benchmark/csm/train/sample_000693.npz,csm,csm_city_street,U,packed_017,medium,medium,0,,csm:train
calib,sample_000275.npz,/home/zzy/TrajectoryPlanning/distill/data/benchmark/csm/train/sample_000698.npz,csm,csm_city_street,U,packed_017,medium,medium,0,,csm:train
calib,sample_000276.npz,/home/zzy/TrajectoryPlanning/distill/data/benchmark/csm/train/sample_000719.npz,csm,csm_city_street,U,packed_017,medium,medium,0,,csm:train
calib,sample_000277.npz,/home/zzy/TrajectoryPlanning/distill/data/benchmark/csm/train/sample_000720.npz,csm,csm_city_street,U,packed_018,medium,medium,1,csm::packed_018,csm:train
calib,sample_000278.npz,/home/zzy/TrajectoryPlanning/distill/data/benchmark/csm/train/sample_000721.npz,csm,csm_city_street,U,packed_018,simple,easy,1,csm::packed_018,csm:train
calib,sample_000279.npz,/home/zzy/TrajectoryPlanning/distill/data/benchmark/csm/train/sample_000724.npz,csm,csm_city_street,U,packed_018,simple,easy,1,csm::packed_018,csm:train
calib,sample_000280.npz,/home/zzy/TrajectoryPlanning/distill/data/benchmark/csm/train/sample_000725.npz,csm,csm_city_street,U,packed_018,simple,easy,1,csm::packed_018,csm:train
calib,sample_000281.npz,/home/zzy/TrajectoryPlanning/distill/data/benchmark/csm/train/sample_000726.npz,csm,csm_city_street,U,packed_018,medium,medium,1,csm::packed_018,csm:train
calib,sample_000282.npz,/home/zzy/TrajectoryPlanning/distill/data/benchmark/csm/train/sample_000727.npz,csm,csm_city_street,U,packed_018,simple,easy,1,csm::packed_018,csm:train
calib,sample_000283.npz,/home/zzy/TrajectoryPlanning/distill/data/benchmark/csm/train/sample_000733.npz,csm,csm_city_street,U,packed_018,medium,medium,1,csm::packed_018,csm:train
calib,sample_000284.npz,/home/zzy/TrajectoryPlanning/distill/data/benchmark/csm/train/sample_000735.npz,csm,csm_city_street,U,packed_018,medium,medium,1,csm::packed_018,csm:train
calib,sample_000285.npz,/home/zzy/TrajectoryPlanning/distill/data/benchmark/csm/train/sample_000739.npz,csm,csm_city_street,U,packed_018,medium,medium,1,csm::packed_018,csm:train
calib,sample_000286.npz,/home/zzy/TrajectoryPlanning/distill/data/benchmark/csm/train/sample_000743.npz,csm,csm_city_street,U,packed_018,simple,easy,1,csm::packed_018,csm:train
calib,sample_000287.npz,/home/zzy/TrajectoryPlanning/distill/data/benchmark/csm/train/sample_000744.npz,csm,csm_city_street,U,packed_018,medium,medium,1,csm::packed_018,csm:train
calib,sample_000288.npz,/home/zzy/TrajectoryPlanning/distill/data/benchmark/csm/train/sample_000747.npz,csm,csm_city_street,U,packed_018,medium,medium,1,csm::packed_018,csm:train
calib,sample_000289.npz,/home/zzy/TrajectoryPlanning/distill/data/benchmark/csm/train/sample_000756.npz,csm,csm_city_street,U,packed_018,medium,medium,1,csm::packed_018,csm:train
calib,sample_000290.npz,/home/zzy/TrajectoryPlanning/distill/data/benchmark/csm/train/sample_000759.npz,csm,csm_city_street,U,packed_018,medium,medium,1,csm::packed_018,csm:train
calib,sample_000291.npz,/home/zzy/TrajectoryPlanning/distill/data/benchmark/csm/train/sample_000761.npz,csm,csm_city_street,U,packed_019,medium,medium,1,csm::packed_019,csm:train
calib,sample_000292.npz,/home/zzy/TrajectoryPlanning/distill/data/benchmark/csm/train/sample_000763.npz,csm,csm_city_street,U,packed_019,medium,medium,1,csm::packed_019,csm:train
calib,sample_000293.npz,/home/zzy/TrajectoryPlanning/distill/data/benchmark/csm/train/sample_000771.npz,csm,csm_city_street,U,packed_019,medium,medium,1,csm::packed_019,csm:train
calib,sample_000294.npz,/home/zzy/TrajectoryPlanning/distill/data/benchmark/csm/train/sample_000773.npz,csm,csm_city_street,U,packed_019,hard,hard,1,csm::packed_019,csm:train
calib,sample_000295.npz,/home/zzy/TrajectoryPlanning/distill/data/benchmark/csm/train/sample_000777.npz,csm,csm_city_street,U,packed_019,medium,medium,1,csm::packed_019,csm:train
calib,sample_000296.npz,/home/zzy/TrajectoryPlanning/distill/data/benchmark/csm/train/sample_000778.npz,csm,csm_city_street,U,packed_019,medium,medium,1,csm::packed_019,csm:train
calib,sample_000297.npz,/home/zzy/TrajectoryPlanning/distill/data/benchmark/csm/train/sample_000785.npz,csm,csm_city_street,U,packed_019,medium,medium,1,csm::packed_019,csm:train
calib,sample_000298.npz,/home/zzy/TrajectoryPlanning/distill/data/benchmark/csm/train/sample_000790.npz,csm,csm_city_street,U,packed_019,medium,medium,1,csm::packed_019,csm:train
calib,sample_000299.npz,/home/zzy/TrajectoryPlanning/distill/data/benchmark/csm/train/sample_000792.npz,csm,csm_city_street,U,packed_019,hard,hard,1,csm::packed_019,csm:train
calib,sample_000300.npz,/home/zzy/TrajectoryPlanning/distill/data/benchmark/mp/test/sample_000201.npz,mp,alternating_gaps,U,mp_alternating_gaps,medium,medium,0,,mp:test
calib,sample_000301.npz,/home/zzy/TrajectoryPlanning/distill/data/benchmark/mp/test/sample_000203.npz,mp,alternating_gaps,U,mp_alternating_gaps,medium,medium,0,,mp:test
calib,sample_000302.npz,/home/zzy/TrajectoryPlanning/distill/data/benchmark/mp/test/sample_000206.npz,mp,alternating_gaps,U,mp_alternating_gaps,medium,medium,0,,mp:test
calib,sample_000303.npz,/home/zzy/TrajectoryPlanning/distill/data/benchmark/mp/test/sample_000207.npz,mp,alternating_gaps,U,mp_alternating_gaps,medium,medium,0,,mp:test
calib,sample_000304.npz,/home/zzy/TrajectoryPlanning/distill/data/benchmark/mp/test/sample_000211.npz,mp,alternating_gaps,U,mp_alternating_gaps,medium,medium,0,,mp:test
calib,sample_000305.npz,/home/zzy/TrajectoryPlanning/distill/data/benchmark/mp/test/sample_000214.npz,mp,alternating_gaps,U,mp_alternating_gaps,medium,medium,0,,mp:test
calib,sample_000306.npz,/home/zzy/TrajectoryPlanning/distill/data/benchmark/mp/test/sample_000215.npz,mp,alternating_gaps,U,mp_alternating_gaps,medium,medium,0,,mp:test
calib,sample_000307.npz,/home/zzy/TrajectoryPlanning/distill/data/benchmark/mp/test/sample_000217.npz,mp,alternating_gaps,U,mp_alternating_gaps,medium,medium,0,,mp:test
calib,sample_000308.npz,/home/zzy/TrajectoryPlanning/distill/data/benchmark/mp/test/sample_000234.npz,mp,alternating_gaps,U,mp_alternating_gaps,medium,medium,0,,mp:test
calib,sample_000309.npz,/home/zzy/TrajectoryPlanning/distill/data/benchmark/mp/test/sample_000235.npz,mp,alternating_gaps,U,mp_alternating_gaps,medium,medium,0,,mp:test
calib,sample_000310.npz,/home/zzy/TrajectoryPlanning/distill/data/benchmark/mp/test/sample_000243.npz,mp,alternating_gaps,U,mp_alternating_gaps,medium,medium,0,,mp:test
calib,sample_000311.npz,/home/zzy/TrajectoryPlanning/distill/data/benchmark/mp/test/sample_000252.npz,mp,alternating_gaps,U,mp_alternating_gaps,medium,medium,0,,mp:test
calib,sample_000312.npz,/home/zzy/TrajectoryPlanning/distill/data/benchmark/mp/test/sample_000254.npz,mp,alternating_gaps,U,mp_alternating_gaps,medium,medium,0,,mp:test
calib,sample_000313.npz,/home/zzy/TrajectoryPlanning/distill/data/benchmark/mp/test/sample_000259.npz,mp,alternating_gaps,U,mp_alternating_gaps,medium,medium,0,,mp:test
calib,sample_000314.npz,/home/zzy/TrajectoryPlanning/distill/data/benchmark/mp/test/sample_000266.npz,mp,alternating_gaps,U,mp_alternating_gaps,medium,medium,0,,mp:test
calib,sample_000315.npz,/home/zzy/TrajectoryPlanning/distill/data/benchmark/mp/test/sample_000270.npz,mp,alternating_gaps,U,mp_alternating_gaps,medium,medium,0,,mp:test
calib,sample_000316.npz,/home/zzy/TrajectoryPlanning/distill/data/benchmark/mp/test/sample_000279.npz,mp,alternating_gaps,U,mp_alternating_gaps,medium,medium,0,,mp:test
calib,sample_000317.npz,/home/zzy/TrajectoryPlanning/distill/data/benchmark/mp/test/sample_000280.npz,mp,alternating_gaps,U,mp_alternating_gaps,medium,medium,0,,mp:test
calib,sample_000318.npz,/home/zzy/TrajectoryPlanning/distill/data/benchmark/mp/test/sample_000290.npz,mp,alternating_gaps,U,mp_alternating_gaps,medium,medium,0,,mp:test
calib,sample_000319.npz,/home/zzy/TrajectoryPlanning/distill/data/benchmark/mp/test/sample_000291.npz,mp,alternating_gaps,U,mp_alternating_gaps,medium,medium,0,,mp:test
calib,sample_000320.npz,/home/zzy/TrajectoryPlanning/distill/data/benchmark/mp/test/sample_000294.npz,mp,alternating_gaps,U,mp_alternating_gaps,medium,medium,0,,mp:test
calib,sample_000321.npz,/home/zzy/TrajectoryPlanning/distill/data/benchmark/mp/test/sample_000298.npz,mp,alternating_gaps,U,mp_alternating_gaps,medium,medium,0,,mp:test
calib,sample_000322.npz,/home/zzy/TrajectoryPlanning/distill/data/benchmark/mp/train/sample_001600.npz,mp,alternating_gaps,U,mp_alternating_gaps,medium,medium,0,,mp:train
calib,sample_000323.npz,/home/zzy/TrajectoryPlanning/distill/data/benchmark/mp/train/sample_001603.npz,mp,alternating_gaps,U,mp_alternating_gaps,medium,medium,0,,mp:train
calib,sample_000324.npz,/home/zzy/TrajectoryPlanning/distill/data/benchmark/mp/train/sample_001607.npz,mp,alternating_gaps,U,mp_alternating_gaps,medium,medium,0,,mp:train
calib,sample_000325.npz,/home/zzy/TrajectoryPlanning/distill/data/benchmark/mp/train/sample_001610.npz,mp,alternating_gaps,U,mp_alternating_gaps,medium,medium,0,,mp:train
calib,sample_000326.npz,/home/zzy/TrajectoryPlanning/distill/data/benchmark/mp/train/sample_001611.npz,mp,alternating_gaps,U,mp_alternating_gaps,medium,medium,0,,mp:train
calib,sample_000327.npz,/home/zzy/TrajectoryPlanning/distill/data/benchmark/mp/train/sample_001617.npz,mp,alternating_gaps,U,mp_alternating_gaps,medium,medium,0,,mp:train
calib,sample_000328.npz,/home/zzy/TrajectoryPlanning/distill/data/benchmark/mp/train/sample_001622.npz,mp,alternating_gaps,U,mp_alternating_gaps,medium,medium,0,,mp:train
calib,sample_000329.npz,/home/zzy/TrajectoryPlanning/distill/data/benchmark/mp/train/sample_001626.npz,mp,alternating_gaps,U,mp_alternating_gaps,medium,medium,0,,mp:train
calib,sample_000330.npz,/home/zzy/TrajectoryPlanning/distill/data/benchmark/mp/train/sample_001634.npz,mp,alternating_gaps,U,mp_alternating_gaps,medium,medium,0,,mp:train
calib,sample_000331.npz,/home/zzy/TrajectoryPlanning/distill/data/benchmark/mp/train/sample_001637.npz,mp,alternating_gaps,U,mp_alternating_gaps,medium,medium,0,,mp:train
calib,sample_000332.npz,/home/zzy/TrajectoryPlanning/distill/data/benchmark/mp/train/sample_001638.npz,mp,alternating_gaps,U,mp_alternating_gaps,medium,medium,0,,mp:train
calib,sample_000333.npz,/home/zzy/TrajectoryPlanning/distill/data/benchmark/mp/train/sample_001641.npz,mp,alternating_gaps,U,mp_alternating_gaps,medium,medium,0,,mp:train
calib,sample_000334.npz,/home/zzy/TrajectoryPlanning/distill/data/benchmark/mp/train/sample_001646.npz,mp,alternating_gaps,U,mp_alternating_gaps,medium,medium,0,,mp:train
calib,sample_000335.npz,/home/zzy/TrajectoryPlanning/distill/data/benchmark/mp/train/sample_001652.npz,mp,alternating_gaps,U,mp_alternating_gaps,medium,medium,0,,mp:train
calib,sample_000336.npz,/home/zzy/TrajectoryPlanning/distill/data/benchmark/mp/train/sample_001655.npz,mp,alternating_gaps,U,mp_alternating_gaps,medium,medium,0,,mp:train
calib,sample_000337.npz,/home/zzy/TrajectoryPlanning/distill/data/benchmark/mp/train/sample_001662.npz,mp,alternating_gaps,U,mp_alternating_gaps,medium,medium,0,,mp:train
calib,sample_000338.npz,/home/zzy/TrajectoryPlanning/distill/data/benchmark/mp/train/sample_001663.npz,mp,alternating_gaps,U,mp_alternating_gaps,medium,medium,0,,mp:train
calib,sample_000339.npz,/home/zzy/TrajectoryPlanning/distill/data/benchmark/mp/train/sample_001670.npz,mp,alternating_gaps,U,mp_alternating_gaps,medium,medium,0,,mp:train
calib,sample_000340.npz,/home/zzy/TrajectoryPlanning/distill/data/benchmark/mp/train/sample_001672.npz,mp,alternating_gaps,U,mp_alternating_gaps,medium,medium,0,,mp:train
calib,sample_000341.npz,/home/zzy/TrajectoryPlanning/distill/data/benchmark/mp/train/sample_001679.npz,mp,alternating_gaps,U,mp_alternating_gaps,medium,medium,0,,mp:train
calib,sample_000342.npz,/home/zzy/TrajectoryPlanning/distill/data/benchmark/mp/train/sample_001682.npz,mp,alternating_gaps,U,mp_alternating_gaps,medium,medium,0,,mp:train
calib,sample_000343.npz,/home/zzy/TrajectoryPlanning/distill/data/benchmark/mp/train/sample_001687.npz,mp,alternating_gaps,U,mp_alternating_gaps,medium,medium,0,,mp:train
calib,sample_000344.npz,/home/zzy/TrajectoryPlanning/distill/data/benchmark/mp/train/sample_001695.npz,mp,alternating_gaps,U,mp_alternating_gaps,medium,medium,0,,mp:train
calib,sample_000345.npz,/home/zzy/TrajectoryPlanning/distill/data/benchmark/mp/train/sample_001701.npz,mp,alternating_gaps,U,mp_alternating_gaps,medium,medium,0,,mp:train
calib,sample_000346.npz,/home/zzy/TrajectoryPlanning/distill/data/benchmark/mp/train/sample_001703.npz,mp,alternating_gaps,U,mp_alternating_gaps,medium,medium,0,,mp:train
calib,sample_000347.npz,/home/zzy/TrajectoryPlanning/distill/data/benchmark/mp/train/sample_001706.npz,mp,alternating_gaps,U,mp_alternating_gaps,medium,medium,0,,mp:train
calib,sample_000348.npz,/home/zzy/TrajectoryPlanning/distill/data/benchmark/mp/train/sample_001709.npz,mp,alternating_gaps,U,mp_alternating_gaps,medium,medium,0,,mp:train
calib,sample_000349.npz,/home/zzy/TrajectoryPlanning/distill/data/benchmark/mp/train/sample_001715.npz,mp,alternating_gaps,U,mp_alternating_gaps,medium,medium,0,,mp:train
calib,sample_000350.npz,/home/zzy/TrajectoryPlanning/distill/data/benchmark/mp/train/sample_001729.npz,mp,alternating_gaps,U,mp_alternating_gaps,medium,medium,0,,mp:train
calib,sample_000351.npz,/home/zzy/TrajectoryPlanning/distill/data/benchmark/mp/train/sample_001734.npz,mp,alternating_gaps,U,mp_alternating_gaps,medium,medium,0,,mp:train
calib,sample_000352.npz,/home/zzy/TrajectoryPlanning/distill/data/benchmark/mp/train/sample_001738.npz,mp,alternating_gaps,U,mp_alternating_gaps,medium,medium,0,,mp:train
calib,sample_000353.npz,/home/zzy/TrajectoryPlanning/distill/data/benchmark/mp/train/sample_001739.npz,mp,alternating_gaps,U,mp_alternating_gaps,medium,medium,0,,mp:train
calib,sample_000354.npz,/home/zzy/TrajectoryPlanning/distill/data/benchmark/mp/train/sample_001754.npz,mp,alternating_gaps,U,mp_alternating_gaps,medium,medium,0,,mp:train
calib,sample_000355.npz,/home/zzy/TrajectoryPlanning/distill/data/benchmark/mp/train/sample_001764.npz,mp,alternating_gaps,U,mp_alternating_gaps,medium,medium,0,,mp:train
calib,sample_000356.npz,/home/zzy/TrajectoryPlanning/distill/data/benchmark/mp/train/sample_001765.npz,mp,alternating_gaps,U,mp_alternating_gaps,medium,medium,0,,mp:train
calib,sample_000357.npz,/home/zzy/TrajectoryPlanning/distill/data/benchmark/mp/train/sample_001768.npz,mp,alternating_gaps,U,mp_alternating_gaps,medium,medium,0,,mp:train
calib,sample_000358.npz,/home/zzy/TrajectoryPlanning/distill/data/benchmark/mp/train/sample_001775.npz,mp,alternating_gaps,U,mp_alternating_gaps,medium,medium,0,,mp:train
calib,sample_000359.npz,/home/zzy/TrajectoryPlanning/distill/data/benchmark/mp/train/sample_001783.npz,mp,alternating_gaps,U,mp_alternating_gaps,medium,medium,0,,mp:train
calib,sample_000360.npz,/home/zzy/TrajectoryPlanning/distill/data/benchmark/mp/train/sample_001791.npz,mp,alternating_gaps,U,mp_alternating_gaps,medium,medium,0,,mp:train
calib,sample_000361.npz,/home/zzy/TrajectoryPlanning/distill/data/benchmark/mp/train/sample_001792.npz,mp,alternating_gaps,U,mp_alternating_gaps,medium,medium,0,,mp:train
calib,sample_000362.npz,/home/zzy/TrajectoryPlanning/distill/data/benchmark/mp/train/sample_001798.npz,mp,alternating_gaps,U,mp_alternating_gaps,medium,medium,0,,mp:train
calib,sample_000363.npz,/home/zzy/TrajectoryPlanning/distill/data/benchmark/mp/train/sample_001801.npz,mp,alternating_gaps,U,mp_alternating_gaps,medium,medium,0,,mp:train
calib,sample_000364.npz,/home/zzy/TrajectoryPlanning/distill/data/benchmark/mp/train/sample_001809.npz,mp,alternating_gaps,U,mp_alternating_gaps,medium,medium,0,,mp:train
calib,sample_000365.npz,/home/zzy/TrajectoryPlanning/distill/data/benchmark/mp/train/sample_001811.npz,mp,alternating_gaps,U,mp_alternating_gaps,medium,medium,0,,mp:train
calib,sample_000366.npz,/home/zzy/TrajectoryPlanning/distill/data/benchmark/mp/train/sample_001812.npz,mp,alternating_gaps,U,mp_alternating_gaps,medium,medium,0,,mp:train
calib,sample_000367.npz,/home/zzy/TrajectoryPlanning/distill/data/benchmark/mp/train/sample_001815.npz,mp,alternating_gaps,U,mp_alternating_gaps,medium,medium,0,,mp:train
calib,sample_000368.npz,/home/zzy/TrajectoryPlanning/distill/data/benchmark/mp/train/sample_001824.npz,mp,alternating_gaps,U,mp_alternating_gaps,medium,medium,0,,mp:train
calib,sample_000369.npz,/home/zzy/TrajectoryPlanning/distill/data/benchmark/mp/train/sample_001825.npz,mp,alternating_gaps,U,mp_alternating_gaps,medium,medium,0,,mp:train
calib,sample_000370.npz,/home/zzy/TrajectoryPlanning/distill/data/benchmark/mp/train/sample_001827.npz,mp,alternating_gaps,U,mp_alternating_gaps,medium,medium,0,,mp:train
calib,sample_000371.npz,/home/zzy/TrajectoryPlanning/distill/data/benchmark/mp/train/sample_001828.npz,mp,alternating_gaps,U,mp_alternating_gaps,medium,medium,0,,mp:train
calib,sample_000372.npz,/home/zzy/TrajectoryPlanning/distill/data/benchmark/mp/train/sample_001830.npz,mp,alternating_gaps,U,mp_alternating_gaps,medium,medium,0,,mp:train
calib,sample_000373.npz,/home/zzy/TrajectoryPlanning/distill/data/benchmark/mp/train/sample_001839.npz,mp,alternating_gaps,U,mp_alternating_gaps,medium,medium,0,,mp:train
calib,sample_000374.npz,/home/zzy/TrajectoryPlanning/distill/data/benchmark/mp/train/sample_001857.npz,mp,alternating_gaps,U,mp_alternating_gaps,medium,medium,0,,mp:train
calib,sample_000375.npz,/home/zzy/TrajectoryPlanning/distill/data/benchmark/mp/train/sample_001858.npz,mp,alternating_gaps,U,mp_alternating_gaps,medium,medium,0,,mp:train
calib,sample_000376.npz,/home/zzy/TrajectoryPlanning/distill/data/benchmark/mp/train/sample_001861.npz,mp,alternating_gaps,U,mp_alternating_gaps,medium,medium,0,,mp:train
calib,sample_000377.npz,/home/zzy/TrajectoryPlanning/distill/data/benchmark/mp/train/sample_001865.npz,mp,alternating_gaps,U,mp_alternating_gaps,medium,medium,0,,mp:train
calib,sample_000378.npz,/home/zzy/TrajectoryPlanning/distill/data/benchmark/mp/train/sample_001871.npz,mp,alternating_gaps,U,mp_alternating_gaps,medium,medium,0,,mp:train
calib,sample_000379.npz,/home/zzy/TrajectoryPlanning/distill/data/benchmark/mp/train/sample_001875.npz,mp,alternating_gaps,U,mp_alternating_gaps,medium,medium,0,,mp:train
calib,sample_000380.npz,/home/zzy/TrajectoryPlanning/distill/data/benchmark/mp/train/sample_001883.npz,mp,alternating_gaps,U,mp_alternating_gaps,medium,medium,0,,mp:train
calib,sample_000381.npz,/home/zzy/TrajectoryPlanning/distill/data/benchmark/mp/train/sample_001893.npz,mp,alternating_gaps,U,mp_alternating_gaps,medium,medium,0,,mp:train
calib,sample_000382.npz,/home/zzy/TrajectoryPlanning/distill/data/benchmark/mp/train/sample_001900.npz,mp,alternating_gaps,U,mp_alternating_gaps,medium,medium,0,,mp:train
calib,sample_000383.npz,/home/zzy/TrajectoryPlanning/distill/data/benchmark/mp/train/sample_001903.npz,mp,alternating_gaps,U,mp_alternating_gaps,medium,medium,0,,mp:train
calib,sample_000384.npz,/home/zzy/TrajectoryPlanning/distill/data/benchmark/mp/train/sample_001905.npz,mp,alternating_gaps,U,mp_alternating_gaps,medium,medium,0,,mp:train
calib,sample_000385.npz,/home/zzy/TrajectoryPlanning/distill/data/benchmark/mp/train/sample_001908.npz,mp,alternating_gaps,U,mp_alternating_gaps,medium,medium,0,,mp:train
calib,sample_000386.npz,/home/zzy/TrajectoryPlanning/distill/data/benchmark/mp/train/sample_001910.npz,mp,alternating_gaps,U,mp_alternating_gaps,medium,medium,0,,mp:train
calib,sample_000387.npz,/home/zzy/TrajectoryPlanning/distill/data/benchmark/mp/train/sample_001911.npz,mp,alternating_gaps,U,mp_alternating_gaps,medium,medium,0,,mp:train
calib,sample_000388.npz,/home/zzy/TrajectoryPlanning/distill/data/benchmark/mp/train/sample_001913.npz,mp,alternating_gaps,U,mp_alternating_gaps,medium,medium,0,,mp:train
calib,sample_000389.npz,/home/zzy/TrajectoryPlanning/distill/data/benchmark/mp/train/sample_001937.npz,mp,alternating_gaps,U,mp_alternating_gaps,medium,medium,0,,mp:train
calib,sample_000390.npz,/home/zzy/TrajectoryPlanning/distill/data/benchmark/mp/train/sample_001939.npz,mp,alternating_gaps,U,mp_alternating_gaps,medium,medium,0,,mp:train
calib,sample_000391.npz,/home/zzy/TrajectoryPlanning/distill/data/benchmark/mp/train/sample_001941.npz,mp,alternating_gaps,U,mp_alternating_gaps,medium,medium,0,,mp:train
calib,sample_000392.npz,/home/zzy/TrajectoryPlanning/distill/data/benchmark/mp/train/sample_001942.npz,mp,alternating_gaps,U,mp_alternating_gaps,medium,medium,0,,mp:train
calib,sample_000393.npz,/home/zzy/TrajectoryPlanning/distill/data/benchmark/mp/train/sample_001946.npz,mp,alternating_gaps,U,mp_alternating_gaps,medium,medium,0,,mp:train
calib,sample_000394.npz,/home/zzy/TrajectoryPlanning/distill/data/benchmark/mp/train/sample_001947.npz,mp,alternating_gaps,U,mp_alternating_gaps,medium,medium,0,,mp:train
calib,sample_000395.npz,/home/zzy/TrajectoryPlanning/distill/data/benchmark/mp/train/sample_001952.npz,mp,alternating_gaps,U,mp_alternating_gaps,medium,medium,0,,mp:train
calib,sample_000396.npz,/home/zzy/TrajectoryPlanning/distill/data/benchmark/mp/train/sample_001954.npz,mp,alternating_gaps,U,mp_alternating_gaps,medium,medium,0,,mp:train
calib,sample_000397.npz,/home/zzy/TrajectoryPlanning/distill/data/benchmark/mp/train/sample_001958.npz,mp,alternating_gaps,U,mp_alternating_gaps,medium,medium,0,,mp:train
calib,sample_000398.npz,/home/zzy/TrajectoryPlanning/distill/data/benchmark/mp/train/sample_001963.npz,mp,alternating_gaps,U,mp_alternating_gaps,medium,medium,0,,mp:train
calib,sample_000399.npz,/home/zzy/TrajectoryPlanning/distill/data/benchmark/mp/train/sample_001970.npz,mp,alternating_gaps,U,mp_alternating_gaps,medium,medium,0,,mp:train
calib,sample_000400.npz,/home/zzy/TrajectoryPlanning/distill/data/benchmark/mp/train/sample_001973.npz,mp,alternating_gaps,U,mp_alternating_gaps,medium,medium,0,,mp:train
calib,sample_000401.npz,/home/zzy/TrajectoryPlanning/distill/data/benchmark/mp/train/sample_001974.npz,mp,alternating_gaps,U,mp_alternating_gaps,medium,medium,0,,mp:train
calib,sample_000402.npz,/home/zzy/TrajectoryPlanning/distill/data/benchmark/mp/train/sample_001984.npz,mp,alternating_gaps,U,mp_alternating_gaps,medium,medium,0,,mp:train
calib,sample_000403.npz,/home/zzy/TrajectoryPlanning/distill/data/benchmark/mp/train/sample_001987.npz,mp,alternating_gaps,U,mp_alternating_gaps,medium,medium,0,,mp:train
calib,sample_000404.npz,/home/zzy/TrajectoryPlanning/distill/data/benchmark/mp/train/sample_001989.npz,mp,alternating_gaps,U,mp_alternating_gaps,medium,medium,0,,mp:train
calib,sample_000405.npz,/home/zzy/TrajectoryPlanning/distill/data/benchmark/mp/train/sample_001996.npz,mp,alternating_gaps,U,mp_alternating_gaps,medium,medium,0,,mp:train
calib,sample_000406.npz,/home/zzy/TrajectoryPlanning/distill/data/benchmark/mp/train/sample_001997.npz,mp,alternating_gaps,U,mp_alternating_gaps,medium,medium,0,,mp:train
calib,sample_000407.npz,/home/zzy/TrajectoryPlanning/distill/data/benchmark/mp/train/sample_001998.npz,mp,alternating_gaps,U,mp_alternating_gaps,medium,medium,0,,mp:train
calib,sample_000408.npz,/home/zzy/TrajectoryPlanning/distill/data/benchmark/mp/train/sample_002005.npz,mp,alternating_gaps,U,mp_alternating_gaps,medium,medium,0,,mp:train
calib,sample_000409.npz,/home/zzy/TrajectoryPlanning/distill/data/benchmark/mp/train/sample_002008.npz,mp,alternating_gaps,U,mp_alternating_gaps,medium,medium,0,,mp:train
calib,sample_000410.npz,/home/zzy/TrajectoryPlanning/distill/data/benchmark/mp/train/sample_002013.npz,mp,alternating_gaps,U,mp_alternating_gaps,medium,medium,0,,mp:train
calib,sample_000411.npz,/home/zzy/TrajectoryPlanning/distill/data/benchmark/mp/train/sample_002021.npz,mp,alternating_gaps,U,mp_alternating_gaps,medium,medium,0,,mp:train
calib,sample_000412.npz,/home/zzy/TrajectoryPlanning/distill/data/benchmark/mp/train/sample_002027.npz,mp,alternating_gaps,U,mp_alternating_gaps,medium,medium,0,,mp:train
calib,sample_000413.npz,/home/zzy/TrajectoryPlanning/distill/data/benchmark/mp/train/sample_002029.npz,mp,alternating_gaps,U,mp_alternating_gaps,medium,medium,0,,mp:train
calib,sample_000414.npz,/home/zzy/TrajectoryPlanning/distill/data/benchmark/mp/train/sample_002033.npz,mp,alternating_gaps,U,mp_alternating_gaps,medium,medium,0,,mp:train
calib,sample_000415.npz,/home/zzy/TrajectoryPlanning/distill/data/benchmark/mp/train/sample_002035.npz,mp,alternating_gaps,U,mp_alternating_gaps,medium,medium,0,,mp:train
calib,sample_000416.npz,/home/zzy/TrajectoryPlanning/distill/data/benchmark/mp/train/sample_002043.npz,mp,alternating_gaps,U,mp_alternating_gaps,medium,medium,0,,mp:train
calib,sample_000417.npz,/home/zzy/TrajectoryPlanning/distill/data/benchmark/mp/train/sample_002046.npz,mp,alternating_gaps,U,mp_alternating_gaps,medium,medium,0,,mp:train
calib,sample_000418.npz,/home/zzy/TrajectoryPlanning/distill/data/benchmark/mp/train/sample_002054.npz,mp,alternating_gaps,U,mp_alternating_gaps,medium,medium,0,,mp:train
calib,sample_000419.npz,/home/zzy/TrajectoryPlanning/distill/data/benchmark/mp/train/sample_002058.npz,mp,alternating_gaps,U,mp_alternating_gaps,medium,medium,0,,mp:train
calib,sample_000420.npz,/home/zzy/TrajectoryPlanning/distill/data/benchmark/mp/train/sample_002068.npz,mp,alternating_gaps,U,mp_alternating_gaps,medium,medium,0,,mp:train
calib,sample_000421.npz,/home/zzy/TrajectoryPlanning/distill/data/benchmark/mp/train/sample_002077.npz,mp,alternating_gaps,U,mp_alternating_gaps,medium,medium,0,,mp:train
calib,sample_000422.npz,/home/zzy/TrajectoryPlanning/distill/data/benchmark/mp/train/sample_002082.npz,mp,alternating_gaps,U,mp_alternating_gaps,medium,medium,0,,mp:train
calib,sample_000423.npz,/home/zzy/TrajectoryPlanning/distill/data/benchmark/mp/train/sample_002083.npz,mp,alternating_gaps,U,mp_alternating_gaps,medium,medium,0,,mp:train
calib,sample_000424.npz,/home/zzy/TrajectoryPlanning/distill/data/benchmark/mp/train/sample_002085.npz,mp,alternating_gaps,U,mp_alternating_gaps,medium,medium,0,,mp:train
calib,sample_000425.npz,/home/zzy/TrajectoryPlanning/distill/data/benchmark/mp/train/sample_002086.npz,mp,alternating_gaps,U,mp_alternating_gaps,medium,medium,0,,mp:train
calib,sample_000426.npz,/home/zzy/TrajectoryPlanning/distill/data/benchmark/mp/train/sample_002092.npz,mp,alternating_gaps,U,mp_alternating_gaps,medium,medium,0,,mp:train
calib,sample_000427.npz,/home/zzy/TrajectoryPlanning/distill/data/benchmark/mp/train/sample_002094.npz,mp,alternating_gaps,U,mp_alternating_gaps,medium,medium,0,,mp:train
calib,sample_000428.npz,/home/zzy/TrajectoryPlanning/distill/data/benchmark/mp/train/sample_002100.npz,mp,alternating_gaps,U,mp_alternating_gaps,medium,medium,0,,mp:train
calib,sample_000429.npz,/home/zzy/TrajectoryPlanning/distill/data/benchmark/mp/train/sample_002103.npz,mp,alternating_gaps,U,mp_alternating_gaps,medium,medium,0,,mp:train
calib,sample_000430.npz,/home/zzy/TrajectoryPlanning/distill/data/benchmark/mp/train/sample_002115.npz,mp,alternating_gaps,U,mp_alternating_gaps,medium,medium,0,,mp:train
calib,sample_000431.npz,/home/zzy/TrajectoryPlanning/distill/data/benchmark/mp/train/sample_002119.npz,mp,alternating_gaps,U,mp_alternating_gaps,medium,medium,0,,mp:train
calib,sample_000432.npz,/home/zzy/TrajectoryPlanning/distill/data/benchmark/mp/train/sample_002122.npz,mp,alternating_gaps,U,mp_alternating_gaps,medium,medium,0,,mp:train
calib,sample_000433.npz,/home/zzy/TrajectoryPlanning/distill/data/benchmark/mp/train/sample_002128.npz,mp,alternating_gaps,U,mp_alternating_gaps,medium,medium,0,,mp:train
calib,sample_000434.npz,/home/zzy/TrajectoryPlanning/distill/data/benchmark/mp/train/sample_002134.npz,mp,alternating_gaps,U,mp_alternating_gaps,medium,medium,0,,mp:train
calib,sample_000435.npz,/home/zzy/TrajectoryPlanning/distill/data/benchmark/mp/train/sample_002137.npz,mp,alternating_gaps,U,mp_alternating_gaps,medium,medium,0,,mp:train
calib,sample_000436.npz,/home/zzy/TrajectoryPlanning/distill/data/benchmark/mp/train/sample_002138.npz,mp,alternating_gaps,U,mp_alternating_gaps,medium,medium,0,,mp:train
calib,sample_000437.npz,/home/zzy/TrajectoryPlanning/distill/data/benchmark/mp/train/sample_002141.npz,mp,alternating_gaps,U,mp_alternating_gaps,medium,medium,0,,mp:train
calib,sample_000438.npz,/home/zzy/TrajectoryPlanning/distill/data/benchmark/mp/train/sample_002143.npz,mp,alternating_gaps,U,mp_alternating_gaps,medium,medium,0,,mp:train
calib,sample_000439.npz,/home/zzy/TrajectoryPlanning/distill/data/benchmark/mp/train/sample_002149.npz,mp,alternating_gaps,U,mp_alternating_gaps,medium,medium,0,,mp:train
calib,sample_000440.npz,/home/zzy/TrajectoryPlanning/distill/data/benchmark/mp/train/sample_002154.npz,mp,alternating_gaps,U,mp_alternating_gaps,medium,medium,0,,mp:train
calib,sample_000441.npz,/home/zzy/TrajectoryPlanning/distill/data/benchmark/mp/train/sample_002156.npz,mp,alternating_gaps,U,mp_alternating_gaps,medium,medium,0,,mp:train
calib,sample_000442.npz,/home/zzy/TrajectoryPlanning/distill/data/benchmark/mp/train/sample_002162.npz,mp,alternating_gaps,U,mp_alternating_gaps,medium,medium,0,,mp:train
calib,sample_000443.npz,/home/zzy/TrajectoryPlanning/distill/data/benchmark/mp/train/sample_002165.npz,mp,alternating_gaps,U,mp_alternating_gaps,medium,medium,0,,mp:train
calib,sample_000444.npz,/home/zzy/TrajectoryPlanning/distill/data/benchmark/mp/train/sample_002167.npz,mp,alternating_gaps,U,mp_alternating_gaps,medium,medium,0,,mp:train
calib,sample_000445.npz,/home/zzy/TrajectoryPlanning/distill/data/benchmark/mp/train/sample_002169.npz,mp,alternating_gaps,U,mp_alternating_gaps,medium,medium,0,,mp:train
calib,sample_000446.npz,/home/zzy/TrajectoryPlanning/distill/data/benchmark/mp/train/sample_002171.npz,mp,alternating_gaps,U,mp_alternating_gaps,medium,medium,0,,mp:train
calib,sample_000447.npz,/home/zzy/TrajectoryPlanning/distill/data/benchmark/mp/train/sample_002176.npz,mp,alternating_gaps,U,mp_alternating_gaps,medium,medium,0,,mp:train
calib,sample_000448.npz,/home/zzy/TrajectoryPlanning/distill/data/benchmark/mp/train/sample_002183.npz,mp,alternating_gaps,U,mp_alternating_gaps,medium,medium,0,,mp:train
calib,sample_000449.npz,/home/zzy/TrajectoryPlanning/distill/data/benchmark/mp/train/sample_002189.npz,mp,alternating_gaps,U,mp_alternating_gaps,medium,medium,0,,mp:train
calib,sample_000450.npz,/home/zzy/TrajectoryPlanning/distill/data/benchmark/mp/train/sample_002197.npz,mp,alternating_gaps,U,mp_alternating_gaps,medium,medium,0,,mp:train
calib,sample_000451.npz,/home/zzy/TrajectoryPlanning/distill/data/benchmark/mp/train/sample_002201.npz,mp,alternating_gaps,U,mp_alternating_gaps,medium,medium,0,,mp:train
calib,sample_000452.npz,/home/zzy/TrajectoryPlanning/distill/data/benchmark/mp/train/sample_002206.npz,mp,alternating_gaps,U,mp_alternating_gaps,medium,medium,0,,mp:train
calib,sample_000453.npz,/home/zzy/TrajectoryPlanning/distill/data/benchmark/mp/train/sample_002222.npz,mp,alternating_gaps,U,mp_alternating_gaps,medium,medium,0,,mp:train
calib,sample_000454.npz,/home/zzy/TrajectoryPlanning/distill/data/benchmark/mp/train/sample_002232.npz,mp,alternating_gaps,U,mp_alternating_gaps,medium,medium,0,,mp:train
calib,sample_000455.npz,/home/zzy/TrajectoryPlanning/distill/data/benchmark/mp/train/sample_002236.npz,mp,alternating_gaps,U,mp_alternating_gaps,medium,medium,0,,mp:train
calib,sample_000456.npz,/home/zzy/TrajectoryPlanning/distill/data/benchmark/mp/train/sample_002237.npz,mp,alternating_gaps,U,mp_alternating_gaps,medium,medium,0,,mp:train
calib,sample_000457.npz,/home/zzy/TrajectoryPlanning/distill/data/benchmark/mp/train/sample_002244.npz,mp,alternating_gaps,U,mp_alternating_gaps,medium,medium,0,,mp:train
calib,sample_000458.npz,/home/zzy/TrajectoryPlanning/distill/data/benchmark/mp/train/sample_002246.npz,mp,alternating_gaps,U,mp_alternating_gaps,medium,medium,0,,mp:train
calib,sample_000459.npz,/home/zzy/TrajectoryPlanning/distill/data/benchmark/mp/train/sample_002248.npz,mp,alternating_gaps,U,mp_alternating_gaps,medium,medium,0,,mp:train
calib,sample_000460.npz,/home/zzy/TrajectoryPlanning/distill/data/benchmark/mp/train/sample_002250.npz,mp,alternating_gaps,U,mp_alternating_gaps,medium,medium,0,,mp:train
calib,sample_000461.npz,/home/zzy/TrajectoryPlanning/distill/data/benchmark/mp/train/sample_002257.npz,mp,alternating_gaps,U,mp_alternating_gaps,medium,medium,0,,mp:train
calib,sample_000462.npz,/home/zzy/TrajectoryPlanning/distill/data/benchmark/mp/train/sample_002263.npz,mp,alternating_gaps,U,mp_alternating_gaps,medium,medium,0,,mp:train
calib,sample_000463.npz,/home/zzy/TrajectoryPlanning/distill/data/benchmark/mp/train/sample_002264.npz,mp,alternating_gaps,U,mp_alternating_gaps,medium,medium,0,,mp:train
calib,sample_000464.npz,/home/zzy/TrajectoryPlanning/distill/data/benchmark/mp/train/sample_002265.npz,mp,alternating_gaps,U,mp_alternating_gaps,medium,medium,0,,mp:train
calib,sample_000465.npz,/home/zzy/TrajectoryPlanning/distill/data/benchmark/mp/train/sample_002267.npz,mp,alternating_gaps,U,mp_alternating_gaps,medium,medium,0,,mp:train
calib,sample_000466.npz,/home/zzy/TrajectoryPlanning/distill/data/benchmark/mp/train/sample_002282.npz,mp,alternating_gaps,U,mp_alternating_gaps,medium,medium,0,,mp:train
calib,sample_000467.npz,/home/zzy/TrajectoryPlanning/distill/data/benchmark/mp/train/sample_002283.npz,mp,alternating_gaps,U,mp_alternating_gaps,medium,medium,0,,mp:train
calib,sample_000468.npz,/home/zzy/TrajectoryPlanning/distill/data/benchmark/mp/train/sample_002286.npz,mp,alternating_gaps,U,mp_alternating_gaps,medium,medium,0,,mp:train
calib,sample_000469.npz,/home/zzy/TrajectoryPlanning/distill/data/benchmark/mp/train/sample_002291.npz,mp,alternating_gaps,U,mp_alternating_gaps,medium,medium,0,,mp:train
calib,sample_000470.npz,/home/zzy/TrajectoryPlanning/distill/data/benchmark/mp/train/sample_002295.npz,mp,alternating_gaps,U,mp_alternating_gaps,medium,medium,0,,mp:train
calib,sample_000471.npz,/home/zzy/TrajectoryPlanning/distill/data/benchmark/mp/train/sample_002306.npz,mp,alternating_gaps,U,mp_alternating_gaps,medium,medium,0,,mp:train
calib,sample_000472.npz,/home/zzy/TrajectoryPlanning/distill/data/benchmark/mp/train/sample_002313.npz,mp,alternating_gaps,U,mp_alternating_gaps,medium,medium,0,,mp:train
calib,sample_000473.npz,/home/zzy/TrajectoryPlanning/distill/data/benchmark/mp/train/sample_002314.npz,mp,alternating_gaps,U,mp_alternating_gaps,medium,medium,0,,mp:train
calib,sample_000474.npz,/home/zzy/TrajectoryPlanning/distill/data/benchmark/mp/train/sample_002328.npz,mp,alternating_gaps,U,mp_alternating_gaps,medium,medium,0,,mp:train
calib,sample_000475.npz,/home/zzy/TrajectoryPlanning/distill/data/benchmark/mp/train/sample_002333.npz,mp,alternating_gaps,U,mp_alternating_gaps,medium,medium,0,,mp:train
calib,sample_000476.npz,/home/zzy/TrajectoryPlanning/distill/data/benchmark/mp/train/sample_002340.npz,mp,alternating_gaps,U,mp_alternating_gaps,medium,medium,0,,mp:train
calib,sample_000477.npz,/home/zzy/TrajectoryPlanning/distill/data/benchmark/mp/train/sample_002341.npz,mp,alternating_gaps,U,mp_alternating_gaps,medium,medium,0,,mp:train
calib,sample_000478.npz,/home/zzy/TrajectoryPlanning/distill/data/benchmark/mp/train/sample_002343.npz,mp,alternating_gaps,U,mp_alternating_gaps,medium,medium,0,,mp:train
calib,sample_000479.npz,/home/zzy/TrajectoryPlanning/distill/data/benchmark/mp/train/sample_002344.npz,mp,alternating_gaps,U,mp_alternating_gaps,medium,medium,0,,mp:train
calib,sample_000480.npz,/home/zzy/TrajectoryPlanning/distill/data/benchmark/mp/train/sample_002347.npz,mp,alternating_gaps,U,mp_alternating_gaps,medium,medium,0,,mp:train
calib,sample_000481.npz,/home/zzy/TrajectoryPlanning/distill/data/benchmark/mp/train/sample_002352.npz,mp,alternating_gaps,U,mp_alternating_gaps,medium,medium,0,,mp:train
calib,sample_000482.npz,/home/zzy/TrajectoryPlanning/distill/data/benchmark/mp/train/sample_002362.npz,mp,alternating_gaps,U,mp_alternating_gaps,medium,medium,0,,mp:train
calib,sample_000483.npz,/home/zzy/TrajectoryPlanning/distill/data/benchmark/mp/train/sample_002368.npz,mp,alternating_gaps,U,mp_alternating_gaps,medium,medium,0,,mp:train
calib,sample_000484.npz,/home/zzy/TrajectoryPlanning/distill/data/benchmark/mp/train/sample_002375.npz,mp,alternating_gaps,U,mp_alternating_gaps,medium,medium,0,,mp:train
calib,sample_000485.npz,/home/zzy/TrajectoryPlanning/distill/data/benchmark/mp/train/sample_002381.npz,mp,alternating_gaps,U,mp_alternating_gaps,medium,medium,0,,mp:train
calib,sample_000486.npz,/home/zzy/TrajectoryPlanning/distill/data/benchmark/mp/train/sample_002384.npz,mp,alternating_gaps,U,mp_alternating_gaps,medium,medium,0,,mp:train
calib,sample_000487.npz,/home/zzy/TrajectoryPlanning/distill/data/benchmark/mp/train/sample_002390.npz,mp,alternating_gaps,U,mp_alternating_gaps,medium,medium,0,,mp:train
calib,sample_000488.npz,/home/zzy/TrajectoryPlanning/distill/data/benchmark/mp/train/sample_002394.npz,mp,alternating_gaps,U,mp_alternating_gaps,medium,medium,0,,mp:train
calib,sample_000489.npz,/home/zzy/TrajectoryPlanning/distill/data/benchmark/mp/test/sample_000703.npz,mp,bugtrap_forest,U,mp_bugtrap_forest,hard,hard,1,mp::mp_bugtrap_forest,mp:test
calib,sample_000490.npz,/home/zzy/TrajectoryPlanning/distill/data/benchmark/mp/test/sample_000705.npz,mp,bugtrap_forest,U,mp_bugtrap_forest,hard,hard,1,mp::mp_bugtrap_forest,mp:test
calib,sample_000491.npz,/home/zzy/TrajectoryPlanning/distill/data/benchmark/mp/test/sample_000709.npz,mp,bugtrap_forest,U,mp_bugtrap_forest,hard,hard,1,mp::mp_bugtrap_forest,mp:test
calib,sample_000492.npz,/home/zzy/TrajectoryPlanning/distill/data/benchmark/mp/test/sample_000712.npz,mp,bugtrap_forest,U,mp_bugtrap_forest,hard,hard,1,mp::mp_bugtrap_forest,mp:test
calib,sample_000493.npz,/home/zzy/TrajectoryPlanning/distill/data/benchmark/mp/test/sample_000729.npz,mp,bugtrap_forest,U,mp_bugtrap_forest,hard,hard,1,mp::mp_bugtrap_forest,mp:test
calib,sample_000494.npz,/home/zzy/TrajectoryPlanning/distill/data/benchmark/mp/test/sample_000731.npz,mp,bugtrap_forest,U,mp_bugtrap_forest,hard,hard,1,mp::mp_bugtrap_forest,mp:test
calib,sample_000495.npz,/home/zzy/TrajectoryPlanning/distill/data/benchmark/mp/test/sample_000738.npz,mp,bugtrap_forest,U,mp_bugtrap_forest,hard,hard,1,mp::mp_bugtrap_forest,mp:test
calib,sample_000496.npz,/home/zzy/TrajectoryPlanning/distill/data/benchmark/mp/test/sample_000745.npz,mp,bugtrap_forest,U,mp_bugtrap_forest,hard,hard,1,mp::mp_bugtrap_forest,mp:test
calib,sample_000497.npz,/home/zzy/TrajectoryPlanning/distill/data/benchmark/mp/test/sample_000748.npz,mp,bugtrap_forest,U,mp_bugtrap_forest,hard,hard,1,mp::mp_bugtrap_forest,mp:test
calib,sample_000498.npz,/home/zzy/TrajectoryPlanning/distill/data/benchmark/mp/test/sample_000752.npz,mp,bugtrap_forest,U,mp_bugtrap_forest,hard,hard,1,mp::mp_bugtrap_forest,mp:test
calib,sample_000499.npz,/home/zzy/TrajectoryPlanning/distill/data/benchmark/mp/test/sample_000754.npz,mp,bugtrap_forest,U,mp_bugtrap_forest,hard,hard,1,mp::mp_bugtrap_forest,mp:test
calib,sample_000500.npz,/home/zzy/TrajectoryPlanning/distill/data/benchmark/mp/test/sample_000755.npz,mp,bugtrap_forest,U,mp_bugtrap_forest,hard,hard,1,mp::mp_bugtrap_forest,mp:test
calib,sample_000501.npz,/home/zzy/TrajectoryPlanning/distill/data/benchmark/mp/test/sample_000759.npz,mp,bugtrap_forest,U,mp_bugtrap_forest,hard,hard,1,mp::mp_bugtrap_forest,mp:test
calib,sample_000502.npz,/home/zzy/TrajectoryPlanning/distill/data/benchmark/mp/test/sample_000760.npz,mp,bugtrap_forest,U,mp_bugtrap_forest,hard,hard,1,mp::mp_bugtrap_forest,mp:test
calib,sample_000503.npz,/home/zzy/TrajectoryPlanning/distill/data/benchmark/mp/test/sample_000764.npz,mp,bugtrap_forest,U,mp_bugtrap_forest,hard,hard,1,mp::mp_bugtrap_forest,mp:test
calib,sample_000504.npz,/home/zzy/TrajectoryPlanning/distill/data/benchmark/mp/test/sample_000773.npz,mp,bugtrap_forest,U,mp_bugtrap_forest,hard,hard,1,mp::mp_bugtrap_forest,mp:test
calib,sample_000505.npz,/home/zzy/TrajectoryPlanning/distill/data/benchmark/mp/test/sample_000778.npz,mp,bugtrap_forest,U,mp_bugtrap_forest,hard,hard,1,mp::mp_bugtrap_forest,mp:test
calib,sample_000506.npz,/home/zzy/TrajectoryPlanning/distill/data/benchmark/mp/test/sample_000786.npz,mp,bugtrap_forest,U,mp_bugtrap_forest,hard,hard,1,mp::mp_bugtrap_forest,mp:test
calib,sample_000507.npz,/home/zzy/TrajectoryPlanning/distill/data/benchmark/mp/test/sample_000796.npz,mp,bugtrap_forest,U,mp_bugtrap_forest,hard,hard,1,mp::mp_bugtrap_forest,mp:test
calib,sample_000508.npz,/home/zzy/TrajectoryPlanning/distill/data/benchmark/mp/test/sample_000797.npz,mp,bugtrap_forest,U,mp_bugtrap_forest,hard,hard,1,mp::mp_bugtrap_forest,mp:test
calib,sample_000509.npz,/home/zzy/TrajectoryPlanning/distill/data/benchmark/mp/test/sample_000798.npz,mp,bugtrap_forest,U,mp_bugtrap_forest,hard,hard,1,mp::mp_bugtrap_forest,mp:test
calib,sample_000510.npz,/home/zzy/TrajectoryPlanning/distill/data/benchmark/mp/train/sample_005602.npz,mp,bugtrap_forest,U,mp_bugtrap_forest,hard,hard,1,mp::mp_bugtrap_forest,mp:train
calib,sample_000511.npz,/home/zzy/TrajectoryPlanning/distill/data/benchmark/mp/train/sample_005610.npz,mp,bugtrap_forest,U,mp_bugtrap_forest,hard,hard,1,mp::mp_bugtrap_forest,mp:train
calib,sample_000512.npz,/home/zzy/TrajectoryPlanning/distill/data/benchmark/mp/train/sample_005611.npz,mp,bugtrap_forest,U,mp_bugtrap_forest,hard,hard,1,mp::mp_bugtrap_forest,mp:train
calib,sample_000513.npz,/home/zzy/TrajectoryPlanning/distill/data/benchmark/mp/train/sample_005615.npz,mp,bugtrap_forest,U,mp_bugtrap_forest,hard,hard,1,mp::mp_bugtrap_forest,mp:train
calib,sample_000514.npz,/home/zzy/TrajectoryPlanning/distill/data/benchmark/mp/train/sample_005616.npz,mp,bugtrap_forest,U,mp_bugtrap_forest,hard,hard,1,mp::mp_bugtrap_forest,mp:train
calib,sample_000515.npz,/home/zzy/TrajectoryPlanning/distill/data/benchmark/mp/train/sample_005624.npz,mp,bugtrap_forest,U,mp_bugtrap_forest,hard,hard,1,mp::mp_bugtrap_forest,mp:train
calib,sample_000516.npz,/home/zzy/TrajectoryPlanning/distill/data/benchmark/mp/train/sample_005625.npz,mp,bugtrap_forest,U,mp_bugtrap_forest,hard,hard,1,mp::mp_bugtrap_forest,mp:train
calib,sample_000517.npz,/home/zzy/TrajectoryPlanning/distill/data/benchmark/mp/train/sample_005628.npz,mp,bugtrap_forest,U,mp_bugtrap_forest,hard,hard,1,mp::mp_bugtrap_forest,mp:train
calib,sample_000518.npz,/home/zzy/TrajectoryPlanning/distill/data/benchmark/mp/train/sample_005634.npz,mp,bugtrap_forest,U,mp_bugtrap_forest,hard,hard,1,mp::mp_bugtrap_forest,mp:train
calib,sample_000519.npz,/home/zzy/TrajectoryPlanning/distill/data/benchmark/mp/train/sample_005647.npz,mp,bugtrap_forest,U,mp_bugtrap_forest,hard,hard,1,mp::mp_bugtrap_forest,mp:train
calib,sample_000520.npz,/home/zzy/TrajectoryPlanning/distill/data/benchmark/mp/train/sample_005659.npz,mp,bugtrap_forest,U,mp_bugtrap_forest,hard,hard,1,mp::mp_bugtrap_forest,mp:train
calib,sample_000521.npz,/home/zzy/TrajectoryPlanning/distill/data/benchmark/mp/train/sample_005661.npz,mp,bugtrap_forest,U,mp_bugtrap_forest,hard,hard,1,mp::mp_bugtrap_forest,mp:train
calib,sample_000522.npz,/home/zzy/TrajectoryPlanning/distill/data/benchmark/mp/train/sample_005665.npz,mp,bugtrap_forest,U,mp_bugtrap_forest,hard,hard,1,mp::mp_bugtrap_forest,mp:train
calib,sample_000523.npz,/home/zzy/TrajectoryPlanning/distill/data/benchmark/mp/train/sample_005668.npz,mp,bugtrap_forest,U,mp_bugtrap_forest,hard,hard,1,mp::mp_bugtrap_forest,mp:train
calib,sample_000524.npz,/home/zzy/TrajectoryPlanning/distill/data/benchmark/mp/train/sample_005682.npz,mp,bugtrap_forest,U,mp_bugtrap_forest,hard,hard,1,mp::mp_bugtrap_forest,mp:train
calib,sample_000525.npz,/home/zzy/TrajectoryPlanning/distill/data/benchmark/mp/train/sample_005687.npz,mp,bugtrap_forest,U,mp_bugtrap_forest,hard,hard,1,mp::mp_bugtrap_forest,mp:train
calib,sample_000526.npz,/home/zzy/TrajectoryPlanning/distill/data/benchmark/mp/train/sample_005693.npz,mp,bugtrap_forest,U,mp_bugtrap_forest,hard,hard,1,mp::mp_bugtrap_forest,mp:train
calib,sample_000527.npz,/home/zzy/TrajectoryPlanning/distill/data/benchmark/mp/train/sample_005695.npz,mp,bugtrap_forest,U,mp_bugtrap_forest,hard,hard,1,mp::mp_bugtrap_forest,mp:train
calib,sample_000528.npz,/home/zzy/TrajectoryPlanning/distill/data/benchmark/mp/train/sample_005706.npz,mp,bugtrap_forest,U,mp_bugtrap_forest,hard,hard,1,mp::mp_bugtrap_forest,mp:train
calib,sample_000529.npz,/home/zzy/TrajectoryPlanning/distill/data/benchmark/mp/train/sample_005708.npz,mp,bugtrap_forest,U,mp_bugtrap_forest,hard,hard,1,mp::mp_bugtrap_forest,mp:train
calib,sample_000530.npz,/home/zzy/TrajectoryPlanning/distill/data/benchmark/mp/train/sample_005710.npz,mp,bugtrap_forest,U,mp_bugtrap_forest,hard,hard,1,mp::mp_bugtrap_forest,mp:train
calib,sample_000531.npz,/home/zzy/TrajectoryPlanning/distill/data/benchmark/mp/train/sample_005715.npz,mp,bugtrap_forest,U,mp_bugtrap_forest,hard,hard,1,mp::mp_bugtrap_forest,mp:train
calib,sample_000532.npz,/home/zzy/TrajectoryPlanning/distill/data/benchmark/mp/train/sample_005723.npz,mp,bugtrap_forest,U,mp_bugtrap_forest,hard,hard,1,mp::mp_bugtrap_forest,mp:train
calib,sample_000533.npz,/home/zzy/TrajectoryPlanning/distill/data/benchmark/mp/train/sample_005732.npz,mp,bugtrap_forest,U,mp_bugtrap_forest,hard,hard,1,mp::mp_bugtrap_forest,mp:train
calib,sample_000534.npz,/home/zzy/TrajectoryPlanning/distill/data/benchmark/mp/train/sample_005736.npz,mp,bugtrap_forest,U,mp_bugtrap_forest,hard,hard,1,mp::mp_bugtrap_forest,mp:train
calib,sample_000535.npz,/home/zzy/TrajectoryPlanning/distill/data/benchmark/mp/train/sample_005742.npz,mp,bugtrap_forest,U,mp_bugtrap_forest,hard,hard,1,mp::mp_bugtrap_forest,mp:train
calib,sample_000536.npz,/home/zzy/TrajectoryPlanning/distill/data/benchmark/mp/train/sample_005745.npz,mp,bugtrap_forest,U,mp_bugtrap_forest,hard,hard,1,mp::mp_bugtrap_forest,mp:train
calib,sample_000537.npz,/home/zzy/TrajectoryPlanning/distill/data/benchmark/mp/train/sample_005760.npz,mp,bugtrap_forest,U,mp_bugtrap_forest,hard,hard,1,mp::mp_bugtrap_forest,mp:train
calib,sample_000538.npz,/home/zzy/TrajectoryPlanning/distill/data/benchmark/mp/train/sample_005764.npz,mp,bugtrap_forest,U,mp_bugtrap_forest,hard,hard,1,mp::mp_bugtrap_forest,mp:train
calib,sample_000539.npz,/home/zzy/TrajectoryPlanning/distill/data/benchmark/mp/train/sample_005765.npz,mp,bugtrap_forest,U,mp_bugtrap_forest,hard,hard,1,mp::mp_bugtrap_forest,mp:train
calib,sample_000540.npz,/home/zzy/TrajectoryPlanning/distill/data/benchmark/mp/train/sample_005769.npz,mp,bugtrap_forest,U,mp_bugtrap_forest,hard,hard,1,mp::mp_bugtrap_forest,mp:train
calib,sample_000541.npz,/home/zzy/TrajectoryPlanning/distill/data/benchmark/mp/train/sample_005774.npz,mp,bugtrap_forest,U,mp_bugtrap_forest,hard,hard,1,mp::mp_bugtrap_forest,mp:train
calib,sample_000542.npz,/home/zzy/TrajectoryPlanning/distill/data/benchmark/mp/train/sample_005787.npz,mp,bugtrap_forest,U,mp_bugtrap_forest,hard,hard,1,mp::mp_bugtrap_forest,mp:train
calib,sample_000543.npz,/home/zzy/TrajectoryPlanning/distill/data/benchmark/mp/train/sample_005788.npz,mp,bugtrap_forest,U,mp_bugtrap_forest,hard,hard,1,mp::mp_bugtrap_forest,mp:train
calib,sample_000544.npz,/home/zzy/TrajectoryPlanning/distill/data/benchmark/mp/train/sample_005789.npz,mp,bugtrap_forest,U,mp_bugtrap_forest,hard,hard,1,mp::mp_bugtrap_forest,mp:train
calib,sample_000545.npz,/home/zzy/TrajectoryPlanning/distill/data/benchmark/mp/train/sample_005790.npz,mp,bugtrap_forest,U,mp_bugtrap_forest,hard,hard,1,mp::mp_bugtrap_forest,mp:train
calib,sample_000546.npz,/home/zzy/TrajectoryPlanning/distill/data/benchmark/mp/train/sample_005798.npz,mp,bugtrap_forest,U,mp_bugtrap_forest,hard,hard,1,mp::mp_bugtrap_forest,mp:train
calib,sample_000547.npz,/home/zzy/TrajectoryPlanning/distill/data/benchmark/mp/train/sample_005800.npz,mp,bugtrap_forest,U,mp_bugtrap_forest,hard,hard,1,mp::mp_bugtrap_forest,mp:train
calib,sample_000548.npz,/home/zzy/TrajectoryPlanning/distill/data/benchmark/mp/train/sample_005809.npz,mp,bugtrap_forest,U,mp_bugtrap_forest,hard,hard,1,mp::mp_bugtrap_forest,mp:train
calib,sample_000549.npz,/home/zzy/TrajectoryPlanning/distill/data/benchmark/mp/train/sample_005813.npz,mp,bugtrap_forest,U,mp_bugtrap_forest,hard,hard,1,mp::mp_bugtrap_forest,mp:train
calib,sample_000550.npz,/home/zzy/TrajectoryPlanning/distill/data/benchmark/mp/train/sample_005814.npz,mp,bugtrap_forest,U,mp_bugtrap_forest,hard,hard,1,mp::mp_bugtrap_forest,mp:train
calib,sample_000551.npz,/home/zzy/TrajectoryPlanning/distill/data/benchmark/mp/train/sample_005817.npz,mp,bugtrap_forest,U,mp_bugtrap_forest,hard,hard,1,mp::mp_bugtrap_forest,mp:train
calib,sample_000552.npz,/home/zzy/TrajectoryPlanning/distill/data/benchmark/mp/train/sample_005820.npz,mp,bugtrap_forest,U,mp_bugtrap_forest,hard,hard,1,mp::mp_bugtrap_forest,mp:train
calib,sample_000553.npz,/home/zzy/TrajectoryPlanning/distill/data/benchmark/mp/train/sample_005828.npz,mp,bugtrap_forest,U,mp_bugtrap_forest,hard,hard,1,mp::mp_bugtrap_forest,mp:train
calib,sample_000554.npz,/home/zzy/TrajectoryPlanning/distill/data/benchmark/mp/train/sample_005832.npz,mp,bugtrap_forest,U,mp_bugtrap_forest,hard,hard,1,mp::mp_bugtrap_forest,mp:train
calib,sample_000555.npz,/home/zzy/TrajectoryPlanning/distill/data/benchmark/mp/train/sample_005841.npz,mp,bugtrap_forest,U,mp_bugtrap_forest,hard,hard,1,mp::mp_bugtrap_forest,mp:train
calib,sample_000556.npz,/home/zzy/TrajectoryPlanning/distill/data/benchmark/mp/train/sample_005845.npz,mp,bugtrap_forest,U,mp_bugtrap_forest,hard,hard,1,mp::mp_bugtrap_forest,mp:train
calib,sample_000557.npz,/home/zzy/TrajectoryPlanning/distill/data/benchmark/mp/train/sample_005853.npz,mp,bugtrap_forest,U,mp_bugtrap_forest,hard,hard,1,mp::mp_bugtrap_forest,mp:train
calib,sample_000558.npz,/home/zzy/TrajectoryPlanning/distill/data/benchmark/mp/train/sample_005858.npz,mp,bugtrap_forest,U,mp_bugtrap_forest,hard,hard,1,mp::mp_bugtrap_forest,mp:train
calib,sample_000559.npz,/home/zzy/TrajectoryPlanning/distill/data/benchmark/mp/train/sample_005864.npz,mp,bugtrap_forest,U,mp_bugtrap_forest,hard,hard,1,mp::mp_bugtrap_forest,mp:train
calib,sample_000560.npz,/home/zzy/TrajectoryPlanning/distill/data/benchmark/mp/train/sample_005865.npz,mp,bugtrap_forest,U,mp_bugtrap_forest,hard,hard,1,mp::mp_bugtrap_forest,mp:train
calib,sample_000561.npz,/home/zzy/TrajectoryPlanning/distill/data/benchmark/mp/train/sample_005867.npz,mp,bugtrap_forest,U,mp_bugtrap_forest,hard,hard,1,mp::mp_bugtrap_forest,mp:train
calib,sample_000562.npz,/home/zzy/TrajectoryPlanning/distill/data/benchmark/mp/train/sample_005871.npz,mp,bugtrap_forest,U,mp_bugtrap_forest,hard,hard,1,mp::mp_bugtrap_forest,mp:train
calib,sample_000563.npz,/home/zzy/TrajectoryPlanning/distill/data/benchmark/mp/train/sample_005877.npz,mp,bugtrap_forest,U,mp_bugtrap_forest,hard,hard,1,mp::mp_bugtrap_forest,mp:train
calib,sample_000564.npz,/home/zzy/TrajectoryPlanning/distill/data/benchmark/mp/train/sample_005887.npz,mp,bugtrap_forest,U,mp_bugtrap_forest,hard,hard,1,mp::mp_bugtrap_forest,mp:train
calib,sample_000565.npz,/home/zzy/TrajectoryPlanning/distill/data/benchmark/mp/train/sample_005889.npz,mp,bugtrap_forest,U,mp_bugtrap_forest,hard,hard,1,mp::mp_bugtrap_forest,mp:train
calib,sample_000566.npz,/home/zzy/TrajectoryPlanning/distill/data/benchmark/mp/train/sample_005891.npz,mp,bugtrap_forest,U,mp_bugtrap_forest,hard,hard,1,mp::mp_bugtrap_forest,mp:train
calib,sample_000567.npz,/home/zzy/TrajectoryPlanning/distill/data/benchmark/mp/train/sample_005894.npz,mp,bugtrap_forest,U,mp_bugtrap_forest,hard,hard,1,mp::mp_bugtrap_forest,mp:train
calib,sample_000568.npz,/home/zzy/TrajectoryPlanning/distill/data/benchmark/mp/train/sample_005895.npz,mp,bugtrap_forest,U,mp_bugtrap_forest,hard,hard,1,mp::mp_bugtrap_forest,mp:train
calib,sample_000569.npz,/home/zzy/TrajectoryPlanning/distill/data/benchmark/mp/train/sample_005912.npz,mp,bugtrap_forest,U,mp_bugtrap_forest,hard,hard,1,mp::mp_bugtrap_forest,mp:train
calib,sample_000570.npz,/home/zzy/TrajectoryPlanning/distill/data/benchmark/mp/train/sample_005917.npz,mp,bugtrap_forest,U,mp_bugtrap_forest,hard,hard,1,mp::mp_bugtrap_forest,mp:train
calib,sample_000571.npz,/home/zzy/TrajectoryPlanning/distill/data/benchmark/mp/train/sample_005937.npz,mp,bugtrap_forest,U,mp_bugtrap_forest,hard,hard,1,mp::mp_bugtrap_forest,mp:train
calib,sample_000572.npz,/home/zzy/TrajectoryPlanning/distill/data/benchmark/mp/train/sample_005940.npz,mp,bugtrap_forest,U,mp_bugtrap_forest,hard,hard,1,mp::mp_bugtrap_forest,mp:train
calib,sample_000573.npz,/home/zzy/TrajectoryPlanning/distill/data/benchmark/mp/train/sample_005948.npz,mp,bugtrap_forest,U,mp_bugtrap_forest,hard,hard,1,mp::mp_bugtrap_forest,mp:train
calib,sample_000574.npz,/home/zzy/TrajectoryPlanning/distill/data/benchmark/mp/train/sample_005951.npz,mp,bugtrap_forest,U,mp_bugtrap_forest,hard,hard,1,mp::mp_bugtrap_forest,mp:train
calib,sample_000575.npz,/home/zzy/TrajectoryPlanning/distill/data/benchmark/mp/train/sample_005955.npz,mp,bugtrap_forest,U,mp_bugtrap_forest,hard,hard,1,mp::mp_bugtrap_forest,mp:train
calib,sample_000576.npz,/home/zzy/TrajectoryPlanning/distill/data/benchmark/mp/train/sample_005960.npz,mp,bugtrap_forest,U,mp_bugtrap_forest,hard,hard,1,mp::mp_bugtrap_forest,mp:train
calib,sample_000577.npz,/home/zzy/TrajectoryPlanning/distill/data/benchmark/mp/train/sample_005963.npz,mp,bugtrap_forest,U,mp_bugtrap_forest,hard,hard,1,mp::mp_bugtrap_forest,mp:train
calib,sample_000578.npz,/home/zzy/TrajectoryPlanning/distill/data/benchmark/mp/train/sample_005964.npz,mp,bugtrap_forest,U,mp_bugtrap_forest,hard,hard,1,mp::mp_bugtrap_forest,mp:train
calib,sample_000579.npz,/home/zzy/TrajectoryPlanning/distill/data/benchmark/mp/train/sample_005967.npz,mp,bugtrap_forest,U,mp_bugtrap_forest,hard,hard,1,mp::mp_bugtrap_forest,mp:train
calib,sample_000580.npz,/home/zzy/TrajectoryPlanning/distill/data/benchmark/mp/train/sample_005969.npz,mp,bugtrap_forest,U,mp_bugtrap_forest,hard,hard,1,mp::mp_bugtrap_forest,mp:train
calib,sample_000581.npz,/home/zzy/TrajectoryPlanning/distill/data/benchmark/mp/train/sample_005973.npz,mp,bugtrap_forest,U,mp_bugtrap_forest,hard,hard,1,mp::mp_bugtrap_forest,mp:train
calib,sample_000582.npz,/home/zzy/TrajectoryPlanning/distill/data/benchmark/mp/train/sample_005974.npz,mp,bugtrap_forest,U,mp_bugtrap_forest,hard,hard,1,mp::mp_bugtrap_forest,mp:train
calib,sample_000583.npz,/home/zzy/TrajectoryPlanning/distill/data/benchmark/mp/train/sample_005977.npz,mp,bugtrap_forest,U,mp_bugtrap_forest,hard,hard,1,mp::mp_bugtrap_forest,mp:train
calib,sample_000584.npz,/home/zzy/TrajectoryPlanning/distill/data/benchmark/mp/train/sample_005978.npz,mp,bugtrap_forest,U,mp_bugtrap_forest,hard,hard,1,mp::mp_bugtrap_forest,mp:train
calib,sample_000585.npz,/home/zzy/TrajectoryPlanning/distill/data/benchmark/mp/train/sample_005981.npz,mp,bugtrap_forest,U,mp_bugtrap_forest,hard,hard,1,mp::mp_bugtrap_forest,mp:train
calib,sample_000586.npz,/home/zzy/TrajectoryPlanning/distill/data/benchmark/mp/train/sample_005985.npz,mp,bugtrap_forest,U,mp_bugtrap_forest,hard,hard,1,mp::mp_bugtrap_forest,mp:train
calib,sample_000587.npz,/home/zzy/TrajectoryPlanning/distill/data/benchmark/mp/train/sample_005993.npz,mp,bugtrap_forest,U,mp_bugtrap_forest,hard,hard,1,mp::mp_bugtrap_forest,mp:train
calib,sample_000588.npz,/home/zzy/TrajectoryPlanning/distill/data/benchmark/mp/train/sample_005995.npz,mp,bugtrap_forest,U,mp_bugtrap_forest,hard,hard,1,mp::mp_bugtrap_forest,mp:train
calib,sample_000589.npz,/home/zzy/TrajectoryPlanning/distill/data/benchmark/mp/train/sample_005997.npz,mp,bugtrap_forest,U,mp_bugtrap_forest,hard,hard,1,mp::mp_bugtrap_forest,mp:train
calib,sample_000590.npz,/home/zzy/TrajectoryPlanning/distill/data/benchmark/mp/train/sample_006001.npz,mp,bugtrap_forest,U,mp_bugtrap_forest,hard,hard,1,mp::mp_bugtrap_forest,mp:train
calib,sample_000591.npz,/home/zzy/TrajectoryPlanning/distill/data/benchmark/mp/train/sample_006002.npz,mp,bugtrap_forest,U,mp_bugtrap_forest,hard,hard,1,mp::mp_bugtrap_forest,mp:train
calib,sample_000592.npz,/home/zzy/TrajectoryPlanning/distill/data/benchmark/mp/train/sample_006003.npz,mp,bugtrap_forest,U,mp_bugtrap_forest,hard,hard,1,mp::mp_bugtrap_forest,mp:train
calib,sample_000593.npz,/home/zzy/TrajectoryPlanning/distill/data/benchmark/mp/train/sample_006005.npz,mp,bugtrap_forest,U,mp_bugtrap_forest,hard,hard,1,mp::mp_bugtrap_forest,mp:train
calib,sample_000594.npz,/home/zzy/TrajectoryPlanning/distill/data/benchmark/mp/train/sample_006007.npz,mp,bugtrap_forest,U,mp_bugtrap_forest,hard,hard,1,mp::mp_bugtrap_forest,mp:train
calib,sample_000595.npz,/home/zzy/TrajectoryPlanning/distill/data/benchmark/mp/train/sample_006012.npz,mp,bugtrap_forest,U,mp_bugtrap_forest,hard,hard,1,mp::mp_bugtrap_forest,mp:train
calib,sample_000596.npz,/home/zzy/TrajectoryPlanning/distill/data/benchmark/mp/train/sample_006013.npz,mp,bugtrap_forest,U,mp_bugtrap_forest,hard,hard,1,mp::mp_bugtrap_forest,mp:train
calib,sample_000597.npz,/home/zzy/TrajectoryPlanning/distill/data/benchmark/mp/train/sample_006019.npz,mp,bugtrap_forest,U,mp_bugtrap_forest,hard,hard,1,mp::mp_bugtrap_forest,mp:train
calib,sample_000598.npz,/home/zzy/TrajectoryPlanning/distill/data/benchmark/mp/train/sample_006024.npz,mp,bugtrap_forest,U,mp_bugtrap_forest,hard,hard,1,mp::mp_bugtrap_forest,mp:train
calib,sample_000599.npz,/home/zzy/TrajectoryPlanning/distill/data/benchmark/mp/train/sample_006025.npz,mp,bugtrap_forest,U,mp_bugtrap_forest,hard,hard,1,mp::mp_bugtrap_forest,mp:train
calib,sample_000600.npz,/home/zzy/TrajectoryPlanning/distill/data/benchmark/mp/train/sample_006027.npz,mp,bugtrap_forest,U,mp_bugtrap_forest,hard,hard,1,mp::mp_bugtrap_forest,mp:train
calib,sample_000601.npz,/home/zzy/TrajectoryPlanning/distill/data/benchmark/mp/train/sample_006031.npz,mp,bugtrap_forest,U,mp_bugtrap_forest,hard,hard,1,mp::mp_bugtrap_forest,mp:train
calib,sample_000602.npz,/home/zzy/TrajectoryPlanning/distill/data/benchmark/mp/train/sample_006032.npz,mp,bugtrap_forest,U,mp_bugtrap_forest,hard,hard,1,mp::mp_bugtrap_forest,mp:train
calib,sample_000603.npz,/home/zzy/TrajectoryPlanning/distill/data/benchmark/mp/train/sample_006033.npz,mp,bugtrap_forest,U,mp_bugtrap_forest,hard,hard,1,mp::mp_bugtrap_forest,mp:train
calib,sample_000604.npz,/home/zzy/TrajectoryPlanning/distill/data/benchmark/mp/train/sample_006035.npz,mp,bugtrap_forest,U,mp_bugtrap_forest,hard,hard,1,mp::mp_bugtrap_forest,mp:train
calib,sample_000605.npz,/home/zzy/TrajectoryPlanning/distill/data/benchmark/mp/train/sample_006040.npz,mp,bugtrap_forest,U,mp_bugtrap_forest,hard,hard,1,mp::mp_bugtrap_forest,mp:train
calib,sample_000606.npz,/home/zzy/TrajectoryPlanning/distill/data/benchmark/mp/train/sample_006045.npz,mp,bugtrap_forest,U,mp_bugtrap_forest,hard,hard,1,mp::mp_bugtrap_forest,mp:train
calib,sample_000607.npz,/home/zzy/TrajectoryPlanning/distill/data/benchmark/mp/train/sample_006048.npz,mp,bugtrap_forest,U,mp_bugtrap_forest,hard,hard,1,mp::mp_bugtrap_forest,mp:train
calib,sample_000608.npz,/home/zzy/TrajectoryPlanning/distill/data/benchmark/mp/train/sample_006050.npz,mp,bugtrap_forest,U,mp_bugtrap_forest,hard,hard,1,mp::mp_bugtrap_forest,mp:train
calib,sample_000609.npz,/home/zzy/TrajectoryPlanning/distill/data/benchmark/mp/train/sample_006051.npz,mp,bugtrap_forest,U,mp_bugtrap_forest,hard,hard,1,mp::mp_bugtrap_forest,mp:train
calib,sample_000610.npz,/home/zzy/TrajectoryPlanning/distill/data/benchmark/mp/train/sample_006056.npz,mp,bugtrap_forest,U,mp_bugtrap_forest,hard,hard,1,mp::mp_bugtrap_forest,mp:train
calib,sample_000611.npz,/home/zzy/TrajectoryPlanning/distill/data/benchmark/mp/train/sample_006060.npz,mp,bugtrap_forest,U,mp_bugtrap_forest,hard,hard,1,mp::mp_bugtrap_forest,mp:train
calib,sample_000612.npz,/home/zzy/TrajectoryPlanning/distill/data/benchmark/mp/train/sample_006061.npz,mp,bugtrap_forest,U,mp_bugtrap_forest,hard,hard,1,mp::mp_bugtrap_forest,mp:train
calib,sample_000613.npz,/home/zzy/TrajectoryPlanning/distill/data/benchmark/mp/train/sample_006067.npz,mp,bugtrap_forest,U,mp_bugtrap_forest,hard,hard,1,mp::mp_bugtrap_forest,mp:train
calib,sample_000614.npz,/home/zzy/TrajectoryPlanning/distill/data/benchmark/mp/train/sample_006078.npz,mp,bugtrap_forest,U,mp_bugtrap_forest,hard,hard,1,mp::mp_bugtrap_forest,mp:train
calib,sample_000615.npz,/home/zzy/TrajectoryPlanning/distill/data/benchmark/mp/train/sample_006090.npz,mp,bugtrap_forest,U,mp_bugtrap_forest,hard,hard,1,mp::mp_bugtrap_forest,mp:train
calib,sample_000616.npz,/home/zzy/TrajectoryPlanning/distill/data/benchmark/mp/train/sample_006092.npz,mp,bugtrap_forest,U,mp_bugtrap_forest,hard,hard,1,mp::mp_bugtrap_forest,mp:train
calib,sample_000617.npz,/home/zzy/TrajectoryPlanning/distill/data/benchmark/mp/train/sample_006100.npz,mp,bugtrap_forest,U,mp_bugtrap_forest,hard,hard,1,mp::mp_bugtrap_forest,mp:train
calib,sample_000618.npz,/home/zzy/TrajectoryPlanning/distill/data/benchmark/mp/train/sample_006102.npz,mp,bugtrap_forest,U,mp_bugtrap_forest,hard,hard,1,mp::mp_bugtrap_forest,mp:train
calib,sample_000619.npz,/home/zzy/TrajectoryPlanning/distill/data/benchmark/mp/train/sample_006105.npz,mp,bugtrap_forest,U,mp_bugtrap_forest,hard,hard,1,mp::mp_bugtrap_forest,mp:train
calib,sample_000620.npz,/home/zzy/TrajectoryPlanning/distill/data/benchmark/mp/train/sample_006117.npz,mp,bugtrap_forest,U,mp_bugtrap_forest,hard,hard,1,mp::mp_bugtrap_forest,mp:train
calib,sample_000621.npz,/home/zzy/TrajectoryPlanning/distill/data/benchmark/mp/train/sample_006119.npz,mp,bugtrap_forest,U,mp_bugtrap_forest,hard,hard,1,mp::mp_bugtrap_forest,mp:train
calib,sample_000622.npz,/home/zzy/TrajectoryPlanning/distill/data/benchmark/mp/train/sample_006124.npz,mp,bugtrap_forest,U,mp_bugtrap_forest,hard,hard,1,mp::mp_bugtrap_forest,mp:train
calib,sample_000623.npz,/home/zzy/TrajectoryPlanning/distill/data/benchmark/mp/train/sample_006126.npz,mp,bugtrap_forest,U,mp_bugtrap_forest,hard,hard,1,mp::mp_bugtrap_forest,mp:train
calib,sample_000624.npz,/home/zzy/TrajectoryPlanning/distill/data/benchmark/mp/train/sample_006129.npz,mp,bugtrap_forest,U,mp_bugtrap_forest,hard,hard,1,mp::mp_bugtrap_forest,mp:train
calib,sample_000625.npz,/home/zzy/TrajectoryPlanning/distill/data/benchmark/mp/train/sample_006134.npz,mp,bugtrap_forest,U,mp_bugtrap_forest,hard,hard,1,mp::mp_bugtrap_forest,mp:train
calib,sample_000626.npz,/home/zzy/TrajectoryPlanning/distill/data/benchmark/mp/train/sample_006136.npz,mp,bugtrap_forest,U,mp_bugtrap_forest,hard,hard,1,mp::mp_bugtrap_forest,mp:train
calib,sample_000627.npz,/home/zzy/TrajectoryPlanning/distill/data/benchmark/mp/train/sample_006137.npz,mp,bugtrap_forest,U,mp_bugtrap_forest,hard,hard,1,mp::mp_bugtrap_forest,mp:train
calib,sample_000628.npz,/home/zzy/TrajectoryPlanning/distill/data/benchmark/mp/train/sample_006140.npz,mp,bugtrap_forest,U,mp_bugtrap_forest,hard,hard,1,mp::mp_bugtrap_forest,mp:train
calib,sample_000629.npz,/home/zzy/TrajectoryPlanning/distill/data/benchmark/mp/train/sample_006147.npz,mp,bugtrap_forest,U,mp_bugtrap_forest,hard,hard,1,mp::mp_bugtrap_forest,mp:train
calib,sample_000630.npz,/home/zzy/TrajectoryPlanning/distill/data/benchmark/mp/train/sample_006149.npz,mp,bugtrap_forest,U,mp_bugtrap_forest,hard,hard,1,mp::mp_bugtrap_forest,mp:train
calib,sample_000631.npz,/home/zzy/TrajectoryPlanning/distill/data/benchmark/mp/train/sample_006150.npz,mp,bugtrap_forest,U,mp_bugtrap_forest,hard,hard,1,mp::mp_bugtrap_forest,mp:train
calib,sample_000632.npz,/home/zzy/TrajectoryPlanning/distill/data/benchmark/mp/train/sample_006156.npz,mp,bugtrap_forest,U,mp_bugtrap_forest,hard,hard,1,mp::mp_bugtrap_forest,mp:train
calib,sample_000633.npz,/home/zzy/TrajectoryPlanning/distill/data/benchmark/mp/train/sample_006159.npz,mp,bugtrap_forest,U,mp_bugtrap_forest,hard,hard,1,mp::mp_bugtrap_forest,mp:train
calib,sample_000634.npz,/home/zzy/TrajectoryPlanning/distill/data/benchmark/mp/train/sample_006162.npz,mp,bugtrap_forest,U,mp_bugtrap_forest,hard,hard,1,mp::mp_bugtrap_forest,mp:train
calib,sample_000635.npz,/home/zzy/TrajectoryPlanning/distill/data/benchmark/mp/train/sample_006170.npz,mp,bugtrap_forest,U,mp_bugtrap_forest,hard,hard,1,mp::mp_bugtrap_forest,mp:train
calib,sample_000636.npz,/home/zzy/TrajectoryPlanning/distill/data/benchmark/mp/train/sample_006173.npz,mp,bugtrap_forest,U,mp_bugtrap_forest,hard,hard,1,mp::mp_bugtrap_forest,mp:train
calib,sample_000637.npz,/home/zzy/TrajectoryPlanning/distill/data/benchmark/mp/train/sample_006175.npz,mp,bugtrap_forest,U,mp_bugtrap_forest,hard,hard,1,mp::mp_bugtrap_forest,mp:train
calib,sample_000638.npz,/home/zzy/TrajectoryPlanning/distill/data/benchmark/mp/train/sample_006186.npz,mp,bugtrap_forest,U,mp_bugtrap_forest,hard,hard,1,mp::mp_bugtrap_forest,mp:train
calib,sample_000639.npz,/home/zzy/TrajectoryPlanning/distill/data/benchmark/mp/train/sample_006188.npz,mp,bugtrap_forest,U,mp_bugtrap_forest,hard,hard,1,mp::mp_bugtrap_forest,mp:train
calib,sample_000640.npz,/home/zzy/TrajectoryPlanning/distill/data/benchmark/mp/train/sample_006206.npz,mp,bugtrap_forest,U,mp_bugtrap_forest,hard,hard,1,mp::mp_bugtrap_forest,mp:train
calib,sample_000641.npz,/home/zzy/TrajectoryPlanning/distill/data/benchmark/mp/train/sample_006211.npz,mp,bugtrap_forest,U,mp_bugtrap_forest,hard,hard,1,mp::mp_bugtrap_forest,mp:train
calib,sample_000642.npz,/home/zzy/TrajectoryPlanning/distill/data/benchmark/mp/train/sample_006219.npz,mp,bugtrap_forest,U,mp_bugtrap_forest,hard,hard,1,mp::mp_bugtrap_forest,mp:train
calib,sample_000643.npz,/home/zzy/TrajectoryPlanning/distill/data/benchmark/mp/train/sample_006220.npz,mp,bugtrap_forest,U,mp_bugtrap_forest,hard,hard,1,mp::mp_bugtrap_forest,mp:train
calib,sample_000644.npz,/home/zzy/TrajectoryPlanning/distill/data/benchmark/mp/train/sample_006222.npz,mp,bugtrap_forest,U,mp_bugtrap_forest,hard,hard,1,mp::mp_bugtrap_forest,mp:train
calib,sample_000645.npz,/home/zzy/TrajectoryPlanning/distill/data/benchmark/mp/train/sample_006227.npz,mp,bugtrap_forest,U,mp_bugtrap_forest,hard,hard,1,mp::mp_bugtrap_forest,mp:train
calib,sample_000646.npz,/home/zzy/TrajectoryPlanning/distill/data/benchmark/mp/train/sample_006229.npz,mp,bugtrap_forest,U,mp_bugtrap_forest,hard,hard,1,mp::mp_bugtrap_forest,mp:train
calib,sample_000647.npz,/home/zzy/TrajectoryPlanning/distill/data/benchmark/mp/train/sample_006234.npz,mp,bugtrap_forest,U,mp_bugtrap_forest,hard,hard,1,mp::mp_bugtrap_forest,mp:train
calib,sample_000648.npz,/home/zzy/TrajectoryPlanning/distill/data/benchmark/mp/train/sample_006235.npz,mp,bugtrap_forest,U,mp_bugtrap_forest,hard,hard,1,mp::mp_bugtrap_forest,mp:train
calib,sample_000649.npz,/home/zzy/TrajectoryPlanning/distill/data/benchmark/mp/train/sample_006236.npz,mp,bugtrap_forest,U,mp_bugtrap_forest,hard,hard,1,mp::mp_bugtrap_forest,mp:train
calib,sample_000650.npz,/home/zzy/TrajectoryPlanning/distill/data/benchmark/mp/train/sample_006239.npz,mp,bugtrap_forest,U,mp_bugtrap_forest,hard,hard,1,mp::mp_bugtrap_forest,mp:train
calib,sample_000651.npz,/home/zzy/TrajectoryPlanning/distill/data/benchmark/mp/train/sample_006240.npz,mp,bugtrap_forest,U,mp_bugtrap_forest,hard,hard,1,mp::mp_bugtrap_forest,mp:train
calib,sample_000652.npz,/home/zzy/TrajectoryPlanning/distill/data/benchmark/mp/train/sample_006241.npz,mp,bugtrap_forest,U,mp_bugtrap_forest,hard,hard,1,mp::mp_bugtrap_forest,mp:train
calib,sample_000653.npz,/home/zzy/TrajectoryPlanning/distill/data/benchmark/mp/train/sample_006246.npz,mp,bugtrap_forest,U,mp_bugtrap_forest,hard,hard,1,mp::mp_bugtrap_forest,mp:train
calib,sample_000654.npz,/home/zzy/TrajectoryPlanning/distill/data/benchmark/mp/train/sample_006256.npz,mp,bugtrap_forest,U,mp_bugtrap_forest,hard,hard,1,mp::mp_bugtrap_forest,mp:train
calib,sample_000655.npz,/home/zzy/TrajectoryPlanning/distill/data/benchmark/mp/train/sample_006265.npz,mp,bugtrap_forest,U,mp_bugtrap_forest,hard,hard,1,mp::mp_bugtrap_forest,mp:train
calib,sample_000656.npz,/home/zzy/TrajectoryPlanning/distill/data/benchmark/mp/train/sample_006275.npz,mp,bugtrap_forest,U,mp_bugtrap_forest,hard,hard,1,mp::mp_bugtrap_forest,mp:train
calib,sample_000657.npz,/home/zzy/TrajectoryPlanning/distill/data/benchmark/mp/train/sample_006276.npz,mp,bugtrap_forest,U,mp_bugtrap_forest,hard,hard,1,mp::mp_bugtrap_forest,mp:train
calib,sample_000658.npz,/home/zzy/TrajectoryPlanning/distill/data/benchmark/mp/train/sample_006296.npz,mp,bugtrap_forest,U,mp_bugtrap_forest,hard,hard,1,mp::mp_bugtrap_forest,mp:train
calib,sample_000659.npz,/home/zzy/TrajectoryPlanning/distill/data/benchmark/mp/train/sample_006300.npz,mp,bugtrap_forest,U,mp_bugtrap_forest,hard,hard,1,mp::mp_bugtrap_forest,mp:train
calib,sample_000660.npz,/home/zzy/TrajectoryPlanning/distill/data/benchmark/mp/train/sample_006303.npz,mp,bugtrap_forest,U,mp_bugtrap_forest,hard,hard,1,mp::mp_bugtrap_forest,mp:train
calib,sample_000661.npz,/home/zzy/TrajectoryPlanning/distill/data/benchmark/mp/train/sample_006308.npz,mp,bugtrap_forest,U,mp_bugtrap_forest,hard,hard,1,mp::mp_bugtrap_forest,mp:train
calib,sample_000662.npz,/home/zzy/TrajectoryPlanning/distill/data/benchmark/mp/train/sample_006318.npz,mp,bugtrap_forest,U,mp_bugtrap_forest,hard,hard,1,mp::mp_bugtrap_forest,mp:train
calib,sample_000663.npz,/home/zzy/TrajectoryPlanning/distill/data/benchmark/mp/train/sample_006324.npz,mp,bugtrap_forest,U,mp_bugtrap_forest,hard,hard,1,mp::mp_bugtrap_forest,mp:train
calib,sample_000664.npz,/home/zzy/TrajectoryPlanning/distill/data/benchmark/mp/train/sample_006326.npz,mp,bugtrap_forest,U,mp_bugtrap_forest,hard,hard,1,mp::mp_bugtrap_forest,mp:train
calib,sample_000665.npz,/home/zzy/TrajectoryPlanning/distill/data/benchmark/mp/train/sample_006329.npz,mp,bugtrap_forest,U,mp_bugtrap_forest,hard,hard,1,mp::mp_bugtrap_forest,mp:train
calib,sample_000666.npz,/home/zzy/TrajectoryPlanning/distill/data/benchmark/mp/train/sample_006355.npz,mp,bugtrap_forest,U,mp_bugtrap_forest,hard,hard,1,mp::mp_bugtrap_forest,mp:train
calib,sample_000667.npz,/home/zzy/TrajectoryPlanning/distill/data/benchmark/mp/train/sample_006357.npz,mp,bugtrap_forest,U,mp_bugtrap_forest,hard,hard,1,mp::mp_bugtrap_forest,mp:train
calib,sample_000668.npz,/home/zzy/TrajectoryPlanning/distill/data/benchmark/mp/train/sample_006360.npz,mp,bugtrap_forest,U,mp_bugtrap_forest,hard,hard,1,mp::mp_bugtrap_forest,mp:train
calib,sample_000669.npz,/home/zzy/TrajectoryPlanning/distill/data/benchmark/mp/train/sample_006361.npz,mp,bugtrap_forest,U,mp_bugtrap_forest,hard,hard,1,mp::mp_bugtrap_forest,mp:train
calib,sample_000670.npz,/home/zzy/TrajectoryPlanning/distill/data/benchmark/mp/train/sample_006364.npz,mp,bugtrap_forest,U,mp_bugtrap_forest,hard,hard,1,mp::mp_bugtrap_forest,mp:train
calib,sample_000671.npz,/home/zzy/TrajectoryPlanning/distill/data/benchmark/mp/train/sample_006365.npz,mp,bugtrap_forest,U,mp_bugtrap_forest,hard,hard,1,mp::mp_bugtrap_forest,mp:train
calib,sample_000672.npz,/home/zzy/TrajectoryPlanning/distill/data/benchmark/mp/train/sample_006368.npz,mp,bugtrap_forest,U,mp_bugtrap_forest,hard,hard,1,mp::mp_bugtrap_forest,mp:train
calib,sample_000673.npz,/home/zzy/TrajectoryPlanning/distill/data/benchmark/mp/train/sample_006372.npz,mp,bugtrap_forest,U,mp_bugtrap_forest,hard,hard,1,mp::mp_bugtrap_forest,mp:train
calib,sample_000674.npz,/home/zzy/TrajectoryPlanning/distill/data/benchmark/mp/train/sample_006379.npz,mp,bugtrap_forest,U,mp_bugtrap_forest,hard,hard,1,mp::mp_bugtrap_forest,mp:train
calib,sample_000675.npz,/home/zzy/TrajectoryPlanning/distill/data/benchmark/mp/train/sample_006380.npz,mp,bugtrap_forest,U,mp_bugtrap_forest,hard,hard,1,mp::mp_bugtrap_forest,mp:train
calib,sample_000676.npz,/home/zzy/TrajectoryPlanning/distill/data/benchmark/mp/train/sample_006384.npz,mp,bugtrap_forest,U,mp_bugtrap_forest,hard,hard,1,mp::mp_bugtrap_forest,mp:train
calib,sample_000677.npz,/home/zzy/TrajectoryPlanning/distill/data/benchmark/mp/train/sample_006389.npz,mp,bugtrap_forest,U,mp_bugtrap_forest,hard,hard,1,mp::mp_bugtrap_forest,mp:train
calib,sample_000678.npz,/home/zzy/TrajectoryPlanning/distill/data/benchmark/mp/train/sample_006393.npz,mp,bugtrap_forest,U,mp_bugtrap_forest,hard,hard,1,mp::mp_bugtrap_forest,mp:train
calib,sample_000679.npz,/home/zzy/TrajectoryPlanning/distill/data/benchmark/mp/train/sample_006399.npz,mp,bugtrap_forest,U,mp_bugtrap_forest,hard,hard,1,mp::mp_bugtrap_forest,mp:train
calib,sample_000680.npz,/home/zzy/TrajectoryPlanning/distill/data/benchmark/mp/train/sample_000005.npz,mp,forest,U,mp_forest,simple,easy,0,,mp:train
calib,sample_000681.npz,/home/zzy/TrajectoryPlanning/distill/data/benchmark/mp/test/sample_000010.npz,mp,forest,U,mp_forest,simple,easy,0,,mp:test
calib,sample_000682.npz,/home/zzy/TrajectoryPlanning/distill/data/benchmark/mp/test/sample_000014.npz,mp,forest,U,mp_forest,simple,easy,0,,mp:test
calib,sample_000683.npz,/home/zzy/TrajectoryPlanning/distill/data/benchmark/mp/test/sample_000019.npz,mp,forest,U,mp_forest,simple,easy,0,,mp:test
calib,sample_000684.npz,/home/zzy/TrajectoryPlanning/distill/data/benchmark/mp/train/sample_000025.npz,mp,forest,U,mp_forest,simple,easy,0,,mp:train
calib,sample_000685.npz,/home/zzy/TrajectoryPlanning/distill/data/benchmark/mp/train/sample_000026.npz,mp,forest,U,mp_forest,simple,easy,0,,mp:train
calib,sample_000686.npz,/home/zzy/TrajectoryPlanning/distill/data/benchmark/mp/train/sample_000027.npz,mp,forest,U,mp_forest,simple,easy,0,,mp:train
calib,sample_000687.npz,/home/zzy/TrajectoryPlanning/distill/data/benchmark/mp/test/sample_000027.npz,mp,forest,U,mp_forest,simple,easy,0,,mp:test
calib,sample_000688.npz,/home/zzy/TrajectoryPlanning/distill/data/benchmark/mp/test/sample_000033.npz,mp,forest,U,mp_forest,simple,easy,0,,mp:test
calib,sample_000689.npz,/home/zzy/TrajectoryPlanning/distill/data/benchmark/mp/train/sample_000034.npz,mp,forest,U,mp_forest,simple,easy,0,,mp:train
calib,sample_000690.npz,/home/zzy/TrajectoryPlanning/distill/data/benchmark/mp/test/sample_000035.npz,mp,forest,U,mp_forest,simple,easy,0,,mp:test
calib,sample_000691.npz,/home/zzy/TrajectoryPlanning/distill/data/benchmark/mp/test/sample_000036.npz,mp,forest,U,mp_forest,simple,easy,0,,mp:test
calib,sample_000692.npz,/home/zzy/TrajectoryPlanning/distill/data/benchmark/mp/train/sample_000037.npz,mp,forest,U,mp_forest,simple,easy,0,,mp:train
calib,sample_000693.npz,/home/zzy/TrajectoryPlanning/distill/data/benchmark/mp/train/sample_000039.npz,mp,forest,U,mp_forest,simple,easy,0,,mp:train
calib,sample_000694.npz,/home/zzy/TrajectoryPlanning/distill/data/benchmark/mp/train/sample_000040.npz,mp,forest,U,mp_forest,simple,easy,0,,mp:train
calib,sample_000695.npz,/home/zzy/TrajectoryPlanning/distill/data/benchmark/mp/train/sample_000041.npz,mp,forest,U,mp_forest,simple,easy,0,,mp:train
calib,sample_000696.npz,/home/zzy/TrajectoryPlanning/distill/data/benchmark/mp/test/sample_000043.npz,mp,forest,U,mp_forest,simple,easy,0,,mp:test
calib,sample_000697.npz,/home/zzy/TrajectoryPlanning/distill/data/benchmark/mp/train/sample_000044.npz,mp,forest,U,mp_forest,simple,easy,0,,mp:train
calib,sample_000698.npz,/home/zzy/TrajectoryPlanning/distill/data/benchmark/mp/test/sample_000044.npz,mp,forest,U,mp_forest,simple,easy,0,,mp:test
calib,sample_000699.npz,/home/zzy/TrajectoryPlanning/distill/data/benchmark/mp/test/sample_000045.npz,mp,forest,U,mp_forest,simple,easy,0,,mp:test
calib,sample_000700.npz,/home/zzy/TrajectoryPlanning/distill/data/benchmark/mp/test/sample_000048.npz,mp,forest,U,mp_forest,simple,easy,0,,mp:test
calib,sample_000701.npz,/home/zzy/TrajectoryPlanning/distill/data/benchmark/mp/test/sample_000049.npz,mp,forest,U,mp_forest,simple,easy,0,,mp:test
calib,sample_000702.npz,/home/zzy/TrajectoryPlanning/distill/data/benchmark/mp/test/sample_000052.npz,mp,forest,U,mp_forest,simple,easy,0,,mp:test
calib,sample_000703.npz,/home/zzy/TrajectoryPlanning/distill/data/benchmark/mp/train/sample_000053.npz,mp,forest,U,mp_forest,simple,easy,0,,mp:train
calib,sample_000704.npz,/home/zzy/TrajectoryPlanning/distill/data/benchmark/mp/train/sample_000067.npz,mp,forest,U,mp_forest,simple,easy,0,,mp:train
calib,sample_000705.npz,/home/zzy/TrajectoryPlanning/distill/data/benchmark/mp/test/sample_000069.npz,mp,forest,U,mp_forest,simple,easy,0,,mp:test
calib,sample_000706.npz,/home/zzy/TrajectoryPlanning/distill/data/benchmark/mp/test/sample_000070.npz,mp,forest,U,mp_forest,simple,easy,0,,mp:test
calib,sample_000707.npz,/home/zzy/TrajectoryPlanning/distill/data/benchmark/mp/test/sample_000072.npz,mp,forest,U,mp_forest,simple,easy,0,,mp:test
calib,sample_000708.npz,/home/zzy/TrajectoryPlanning/distill/data/benchmark/mp/test/sample_000073.npz,mp,forest,U,mp_forest,simple,easy,0,,mp:test
calib,sample_000709.npz,/home/zzy/TrajectoryPlanning/distill/data/benchmark/mp/test/sample_000078.npz,mp,forest,U,mp_forest,simple,easy,0,,mp:test
calib,sample_000710.npz,/home/zzy/TrajectoryPlanning/distill/data/benchmark/mp/test/sample_000080.npz,mp,forest,U,mp_forest,simple,easy,0,,mp:test
calib,sample_000711.npz,/home/zzy/TrajectoryPlanning/distill/data/benchmark/mp/test/sample_000081.npz,mp,forest,U,mp_forest,simple,easy,0,,mp:test
calib,sample_000712.npz,/home/zzy/TrajectoryPlanning/distill/data/benchmark/mp/train/sample_000082.npz,mp,forest,U,mp_forest,simple,easy,0,,mp:train
calib,sample_000713.npz,/home/zzy/TrajectoryPlanning/distill/data/benchmark/mp/test/sample_000087.npz,mp,forest,U,mp_forest,simple,easy,0,,mp:test
calib,sample_000714.npz,/home/zzy/TrajectoryPlanning/distill/data/benchmark/mp/train/sample_000088.npz,mp,forest,U,mp_forest,simple,easy,0,,mp:train
calib,sample_000715.npz,/home/zzy/TrajectoryPlanning/distill/data/benchmark/mp/train/sample_000089.npz,mp,forest,U,mp_forest,simple,easy,0,,mp:train
calib,sample_000716.npz,/home/zzy/TrajectoryPlanning/distill/data/benchmark/mp/train/sample_000090.npz,mp,forest,U,mp_forest,simple,easy,0,,mp:train
calib,sample_000717.npz,/home/zzy/TrajectoryPlanning/distill/data/benchmark/mp/train/sample_000091.npz,mp,forest,U,mp_forest,simple,easy,0,,mp:train
calib,sample_000718.npz,/home/zzy/TrajectoryPlanning/distill/data/benchmark/mp/test/sample_000097.npz,mp,forest,U,mp_forest,simple,easy,0,,mp:test
calib,sample_000719.npz,/home/zzy/TrajectoryPlanning/distill/data/benchmark/mp/test/sample_000099.npz,mp,forest,U,mp_forest,simple,easy,0,,mp:test
calib,sample_000720.npz,/home/zzy/TrajectoryPlanning/distill/data/benchmark/mp/train/sample_000100.npz,mp,forest,U,mp_forest,simple,easy,0,,mp:train
calib,sample_000721.npz,/home/zzy/TrajectoryPlanning/distill/data/benchmark/mp/train/sample_000101.npz,mp,forest,U,mp_forest,simple,easy,0,,mp:train
calib,sample_000722.npz,/home/zzy/TrajectoryPlanning/distill/data/benchmark/mp/train/sample_000112.npz,mp,forest,U,mp_forest,simple,easy,0,,mp:train
calib,sample_000723.npz,/home/zzy/TrajectoryPlanning/distill/data/benchmark/mp/train/sample_000121.npz,mp,forest,U,mp_forest,simple,easy,0,,mp:train
calib,sample_000724.npz,/home/zzy/TrajectoryPlanning/distill/data/benchmark/mp/train/sample_000126.npz,mp,forest,U,mp_forest,simple,easy,0,,mp:train
calib,sample_000725.npz,/home/zzy/TrajectoryPlanning/distill/data/benchmark/mp/train/sample_000127.npz,mp,forest,U,mp_forest,simple,easy,0,,mp:train
calib,sample_000726.npz,/home/zzy/TrajectoryPlanning/distill/data/benchmark/mp/train/sample_000128.npz,mp,forest,U,mp_forest,simple,easy,0,,mp:train
calib,sample_000727.npz,/home/zzy/TrajectoryPlanning/distill/data/benchmark/mp/train/sample_000129.npz,mp,forest,U,mp_forest,simple,easy,0,,mp:train
calib,sample_000728.npz,/home/zzy/TrajectoryPlanning/distill/data/benchmark/mp/train/sample_000131.npz,mp,forest,U,mp_forest,simple,easy,0,,mp:train
calib,sample_000729.npz,/home/zzy/TrajectoryPlanning/distill/data/benchmark/mp/train/sample_000138.npz,mp,forest,U,mp_forest,simple,easy,0,,mp:train
calib,sample_000730.npz,/home/zzy/TrajectoryPlanning/distill/data/benchmark/mp/train/sample_000139.npz,mp,forest,U,mp_forest,simple,easy,0,,mp:train
calib,sample_000731.npz,/home/zzy/TrajectoryPlanning/distill/data/benchmark/mp/train/sample_000146.npz,mp,forest,U,mp_forest,simple,easy,0,,mp:train
calib,sample_000732.npz,/home/zzy/TrajectoryPlanning/distill/data/benchmark/mp/train/sample_000147.npz,mp,forest,U,mp_forest,simple,easy,0,,mp:train
calib,sample_000733.npz,/home/zzy/TrajectoryPlanning/distill/data/benchmark/mp/train/sample_000148.npz,mp,forest,U,mp_forest,simple,easy,0,,mp:train
calib,sample_000734.npz,/home/zzy/TrajectoryPlanning/distill/data/benchmark/mp/train/sample_000149.npz,mp,forest,U,mp_forest,simple,easy,0,,mp:train
calib,sample_000735.npz,/home/zzy/TrajectoryPlanning/distill/data/benchmark/mp/train/sample_000150.npz,mp,forest,U,mp_forest,simple,easy,0,,mp:train
calib,sample_000736.npz,/home/zzy/TrajectoryPlanning/distill/data/benchmark/mp/train/sample_000155.npz,mp,forest,U,mp_forest,simple,easy,0,,mp:train
calib,sample_000737.npz,/home/zzy/TrajectoryPlanning/distill/data/benchmark/mp/train/sample_000159.npz,mp,forest,U,mp_forest,simple,easy,0,,mp:train
calib,sample_000738.npz,/home/zzy/TrajectoryPlanning/distill/data/benchmark/mp/train/sample_000162.npz,mp,forest,U,mp_forest,simple,easy,0,,mp:train
calib,sample_000739.npz,/home/zzy/TrajectoryPlanning/distill/data/benchmark/mp/train/sample_000170.npz,mp,forest,U,mp_forest,simple,easy,0,,mp:train
calib,sample_000740.npz,/home/zzy/TrajectoryPlanning/distill/data/benchmark/mp/train/sample_000176.npz,mp,forest,U,mp_forest,simple,easy,0,,mp:train
calib,sample_000741.npz,/home/zzy/TrajectoryPlanning/distill/data/benchmark/mp/train/sample_000178.npz,mp,forest,U,mp_forest,simple,easy,0,,mp:train
calib,sample_000742.npz,/home/zzy/TrajectoryPlanning/distill/data/benchmark/mp/train/sample_000179.npz,mp,forest,U,mp_forest,simple,easy,0,,mp:train
calib,sample_000743.npz,/home/zzy/TrajectoryPlanning/distill/data/benchmark/mp/train/sample_000184.npz,mp,forest,U,mp_forest,simple,easy,0,,mp:train
calib,sample_000744.npz,/home/zzy/TrajectoryPlanning/distill/data/benchmark/mp/train/sample_000190.npz,mp,forest,U,mp_forest,simple,easy,0,,mp:train
calib,sample_000745.npz,/home/zzy/TrajectoryPlanning/distill/data/benchmark/mp/train/sample_000192.npz,mp,forest,U,mp_forest,simple,easy,0,,mp:train
calib,sample_000746.npz,/home/zzy/TrajectoryPlanning/distill/data/benchmark/mp/train/sample_000196.npz,mp,forest,U,mp_forest,simple,easy,0,,mp:train
calib,sample_000747.npz,/home/zzy/TrajectoryPlanning/distill/data/benchmark/mp/train/sample_000200.npz,mp,forest,U,mp_forest,simple,easy,0,,mp:train
calib,sample_000748.npz,/home/zzy/TrajectoryPlanning/distill/data/benchmark/mp/train/sample_000205.npz,mp,forest,U,mp_forest,simple,easy,0,,mp:train
calib,sample_000749.npz,/home/zzy/TrajectoryPlanning/distill/data/benchmark/mp/train/sample_000208.npz,mp,forest,U,mp_forest,simple,easy,0,,mp:train
calib,sample_000750.npz,/home/zzy/TrajectoryPlanning/distill/data/benchmark/mp/train/sample_000216.npz,mp,forest,U,mp_forest,simple,easy,0,,mp:train
calib,sample_000751.npz,/home/zzy/TrajectoryPlanning/distill/data/benchmark/mp/train/sample_000221.npz,mp,forest,U,mp_forest,simple,easy,0,,mp:train
calib,sample_000752.npz,/home/zzy/TrajectoryPlanning/distill/data/benchmark/mp/train/sample_000225.npz,mp,forest,U,mp_forest,simple,easy,0,,mp:train
calib,sample_000753.npz,/home/zzy/TrajectoryPlanning/distill/data/benchmark/mp/train/sample_000236.npz,mp,forest,U,mp_forest,simple,easy,0,,mp:train
calib,sample_000754.npz,/home/zzy/TrajectoryPlanning/distill/data/benchmark/mp/train/sample_000249.npz,mp,forest,U,mp_forest,simple,easy,0,,mp:train
calib,sample_000755.npz,/home/zzy/TrajectoryPlanning/distill/data/benchmark/mp/train/sample_000253.npz,mp,forest,U,mp_forest,simple,easy,0,,mp:train
calib,sample_000756.npz,/home/zzy/TrajectoryPlanning/distill/data/benchmark/mp/train/sample_000265.npz,mp,forest,U,mp_forest,simple,easy,0,,mp:train
calib,sample_000757.npz,/home/zzy/TrajectoryPlanning/distill/data/benchmark/mp/train/sample_000274.npz,mp,forest,U,mp_forest,simple,easy,0,,mp:train
calib,sample_000758.npz,/home/zzy/TrajectoryPlanning/distill/data/benchmark/mp/train/sample_000280.npz,mp,forest,U,mp_forest,simple,easy,0,,mp:train
calib,sample_000759.npz,/home/zzy/TrajectoryPlanning/distill/data/benchmark/mp/train/sample_000288.npz,mp,forest,U,mp_forest,simple,easy,0,,mp:train
calib,sample_000760.npz,/home/zzy/TrajectoryPlanning/distill/data/benchmark/mp/train/sample_000292.npz,mp,forest,U,mp_forest,simple,easy,0,,mp:train
calib,sample_000761.npz,/home/zzy/TrajectoryPlanning/distill/data/benchmark/mp/train/sample_000299.npz,mp,forest,U,mp_forest,simple,easy,0,,mp:train
calib,sample_000762.npz,/home/zzy/TrajectoryPlanning/distill/data/benchmark/mp/train/sample_000315.npz,mp,forest,U,mp_forest,simple,easy,0,,mp:train
calib,sample_000763.npz,/home/zzy/TrajectoryPlanning/distill/data/benchmark/mp/train/sample_000316.npz,mp,forest,U,mp_forest,simple,easy,0,,mp:train
calib,sample_000764.npz,/home/zzy/TrajectoryPlanning/distill/data/benchmark/mp/train/sample_000321.npz,mp,forest,U,mp_forest,simple,easy,0,,mp:train
calib,sample_000765.npz,/home/zzy/TrajectoryPlanning/distill/data/benchmark/mp/train/sample_000322.npz,mp,forest,U,mp_forest,simple,easy,0,,mp:train
calib,sample_000766.npz,/home/zzy/TrajectoryPlanning/distill/data/benchmark/mp/train/sample_000324.npz,mp,forest,U,mp_forest,simple,easy,0,,mp:train
calib,sample_000767.npz,/home/zzy/TrajectoryPlanning/distill/data/benchmark/mp/train/sample_000328.npz,mp,forest,U,mp_forest,simple,easy,0,,mp:train
calib,sample_000768.npz,/home/zzy/TrajectoryPlanning/distill/data/benchmark/mp/train/sample_000334.npz,mp,forest,U,mp_forest,simple,easy,0,,mp:train
calib,sample_000769.npz,/home/zzy/TrajectoryPlanning/distill/data/benchmark/mp/train/sample_000340.npz,mp,forest,U,mp_forest,simple,easy,0,,mp:train
calib,sample_000770.npz,/home/zzy/TrajectoryPlanning/distill/data/benchmark/mp/train/sample_000343.npz,mp,forest,U,mp_forest,simple,easy,0,,mp:train
calib,sample_000771.npz,/home/zzy/TrajectoryPlanning/distill/data/benchmark/mp/train/sample_000350.npz,mp,forest,U,mp_forest,simple,easy,0,,mp:train
calib,sample_000772.npz,/home/zzy/TrajectoryPlanning/distill/data/benchmark/mp/train/sample_000357.npz,mp,forest,U,mp_forest,simple,easy,0,,mp:train
calib,sample_000773.npz,/home/zzy/TrajectoryPlanning/distill/data/benchmark/mp/train/sample_000364.npz,mp,forest,U,mp_forest,simple,easy,0,,mp:train
calib,sample_000774.npz,/home/zzy/TrajectoryPlanning/distill/data/benchmark/mp/train/sample_000366.npz,mp,forest,U,mp_forest,simple,easy,0,,mp:train
calib,sample_000775.npz,/home/zzy/TrajectoryPlanning/distill/data/benchmark/mp/train/sample_000371.npz,mp,forest,U,mp_forest,simple,easy,0,,mp:train
calib,sample_000776.npz,/home/zzy/TrajectoryPlanning/distill/data/benchmark/mp/train/sample_000381.npz,mp,forest,U,mp_forest,simple,easy,0,,mp:train
calib,sample_000777.npz,/home/zzy/TrajectoryPlanning/distill/data/benchmark/mp/train/sample_000384.npz,mp,forest,U,mp_forest,simple,easy,0,,mp:train
calib,sample_000778.npz,/home/zzy/TrajectoryPlanning/distill/data/benchmark/mp/train/sample_000386.npz,mp,forest,U,mp_forest,simple,easy,0,,mp:train
calib,sample_000779.npz,/home/zzy/TrajectoryPlanning/distill/data/benchmark/mp/train/sample_000390.npz,mp,forest,U,mp_forest,simple,easy,0,,mp:train
calib,sample_000780.npz,/home/zzy/TrajectoryPlanning/distill/data/benchmark/mp/train/sample_000391.npz,mp,forest,U,mp_forest,simple,easy,0,,mp:train
calib,sample_000781.npz,/home/zzy/TrajectoryPlanning/distill/data/benchmark/mp/train/sample_000393.npz,mp,forest,U,mp_forest,simple,easy,0,,mp:train
calib,sample_000782.npz,/home/zzy/TrajectoryPlanning/distill/data/benchmark/mp/train/sample_000395.npz,mp,forest,U,mp_forest,simple,easy,0,,mp:train
calib,sample_000783.npz,/home/zzy/TrajectoryPlanning/distill/data/benchmark/mp/train/sample_000414.npz,mp,forest,U,mp_forest,simple,easy,0,,mp:train
calib,sample_000784.npz,/home/zzy/TrajectoryPlanning/distill/data/benchmark/mp/train/sample_000417.npz,mp,forest,U,mp_forest,simple,easy,0,,mp:train
calib,sample_000785.npz,/home/zzy/TrajectoryPlanning/distill/data/benchmark/mp/train/sample_000419.npz,mp,forest,U,mp_forest,simple,easy,0,,mp:train
calib,sample_000786.npz,/home/zzy/TrajectoryPlanning/distill/data/benchmark/mp/train/sample_000424.npz,mp,forest,U,mp_forest,simple,easy,0,,mp:train
calib,sample_000787.npz,/home/zzy/TrajectoryPlanning/distill/data/benchmark/mp/train/sample_000432.npz,mp,forest,U,mp_forest,simple,easy,0,,mp:train
calib,sample_000788.npz,/home/zzy/TrajectoryPlanning/distill/data/benchmark/mp/train/sample_000435.npz,mp,forest,U,mp_forest,simple,easy,0,,mp:train
calib,sample_000789.npz,/home/zzy/TrajectoryPlanning/distill/data/benchmark/mp/train/sample_000436.npz,mp,forest,U,mp_forest,simple,easy,0,,mp:train
calib,sample_000790.npz,/home/zzy/TrajectoryPlanning/distill/data/benchmark/mp/train/sample_000450.npz,mp,forest,U,mp_forest,simple,easy,0,,mp:train
calib,sample_000791.npz,/home/zzy/TrajectoryPlanning/distill/data/benchmark/mp/train/sample_000462.npz,mp,forest,U,mp_forest,simple,easy,0,,mp:train
calib,sample_000792.npz,/home/zzy/TrajectoryPlanning/distill/data/benchmark/mp/train/sample_000470.npz,mp,forest,U,mp_forest,simple,easy,0,,mp:train
calib,sample_000793.npz,/home/zzy/TrajectoryPlanning/distill/data/benchmark/mp/train/sample_000471.npz,mp,forest,U,mp_forest,simple,easy,0,,mp:train
calib,sample_000794.npz,/home/zzy/TrajectoryPlanning/distill/data/benchmark/mp/train/sample_000485.npz,mp,forest,U,mp_forest,simple,easy,0,,mp:train
calib,sample_000795.npz,/home/zzy/TrajectoryPlanning/distill/data/benchmark/mp/train/sample_000486.npz,mp,forest,U,mp_forest,simple,easy,0,,mp:train
calib,sample_000796.npz,/home/zzy/TrajectoryPlanning/distill/data/benchmark/mp/train/sample_000488.npz,mp,forest,U,mp_forest,simple,easy,0,,mp:train
calib,sample_000797.npz,/home/zzy/TrajectoryPlanning/distill/data/benchmark/mp/train/sample_000490.npz,mp,forest,U,mp_forest,simple,easy,0,,mp:train
calib,sample_000798.npz,/home/zzy/TrajectoryPlanning/distill/data/benchmark/mp/train/sample_000492.npz,mp,forest,U,mp_forest,simple,easy,0,,mp:train
calib,sample_000799.npz,/home/zzy/TrajectoryPlanning/distill/data/benchmark/mp/train/sample_000499.npz,mp,forest,U,mp_forest,simple,easy,0,,mp:train
calib,sample_000800.npz,/home/zzy/TrajectoryPlanning/distill/data/benchmark/mp/train/sample_000506.npz,mp,forest,U,mp_forest,simple,easy,0,,mp:train
calib,sample_000801.npz,/home/zzy/TrajectoryPlanning/distill/data/benchmark/mp/train/sample_000510.npz,mp,forest,U,mp_forest,simple,easy,0,,mp:train
calib,sample_000802.npz,/home/zzy/TrajectoryPlanning/distill/data/benchmark/mp/train/sample_000514.npz,mp,forest,U,mp_forest,simple,easy,0,,mp:train
calib,sample_000803.npz,/home/zzy/TrajectoryPlanning/distill/data/benchmark/mp/train/sample_000515.npz,mp,forest,U,mp_forest,simple,easy,0,,mp:train
calib,sample_000804.npz,/home/zzy/TrajectoryPlanning/distill/data/benchmark/mp/train/sample_000534.npz,mp,forest,U,mp_forest,simple,easy,0,,mp:train
calib,sample_000805.npz,/home/zzy/TrajectoryPlanning/distill/data/benchmark/mp/train/sample_000538.npz,mp,forest,U,mp_forest,simple,easy,0,,mp:train
calib,sample_000806.npz,/home/zzy/TrajectoryPlanning/distill/data/benchmark/mp/train/sample_000542.npz,mp,forest,U,mp_forest,simple,easy,0,,mp:train
calib,sample_000807.npz,/home/zzy/TrajectoryPlanning/distill/data/benchmark/mp/train/sample_000562.npz,mp,forest,U,mp_forest,simple,easy,0,,mp:train
calib,sample_000808.npz,/home/zzy/TrajectoryPlanning/distill/data/benchmark/mp/train/sample_000565.npz,mp,forest,U,mp_forest,simple,easy,0,,mp:train
calib,sample_000809.npz,/home/zzy/TrajectoryPlanning/distill/data/benchmark/mp/train/sample_000566.npz,mp,forest,U,mp_forest,simple,easy,0,,mp:train
calib,sample_000810.npz,/home/zzy/TrajectoryPlanning/distill/data/benchmark/mp/train/sample_000567.npz,mp,forest,U,mp_forest,simple,easy,0,,mp:train
calib,sample_000811.npz,/home/zzy/TrajectoryPlanning/distill/data/benchmark/mp/train/sample_000569.npz,mp,forest,U,mp_forest,simple,easy,0,,mp:train
calib,sample_000812.npz,/home/zzy/TrajectoryPlanning/distill/data/benchmark/mp/train/sample_000574.npz,mp,forest,U,mp_forest,simple,easy,0,,mp:train
calib,sample_000813.npz,/home/zzy/TrajectoryPlanning/distill/data/benchmark/mp/train/sample_000578.npz,mp,forest,U,mp_forest,simple,easy,0,,mp:train
calib,sample_000814.npz,/home/zzy/TrajectoryPlanning/distill/data/benchmark/mp/train/sample_000581.npz,mp,forest,U,mp_forest,simple,easy,0,,mp:train
calib,sample_000815.npz,/home/zzy/TrajectoryPlanning/distill/data/benchmark/mp/train/sample_000594.npz,mp,forest,U,mp_forest,simple,easy,0,,mp:train
calib,sample_000816.npz,/home/zzy/TrajectoryPlanning/distill/data/benchmark/mp/train/sample_000599.npz,mp,forest,U,mp_forest,simple,easy,0,,mp:train
calib,sample_000817.npz,/home/zzy/TrajectoryPlanning/distill/data/benchmark/mp/train/sample_000604.npz,mp,forest,U,mp_forest,simple,easy,0,,mp:train
calib,sample_000818.npz,/home/zzy/TrajectoryPlanning/distill/data/benchmark/mp/train/sample_000607.npz,mp,forest,U,mp_forest,simple,easy,0,,mp:train
calib,sample_000819.npz,/home/zzy/TrajectoryPlanning/distill/data/benchmark/mp/train/sample_000609.npz,mp,forest,U,mp_forest,simple,easy,0,,mp:train
calib,sample_000820.npz,/home/zzy/TrajectoryPlanning/distill/data/benchmark/mp/train/sample_000612.npz,mp,forest,U,mp_forest,simple,easy,0,,mp:train
calib,sample_000821.npz,/home/zzy/TrajectoryPlanning/distill/data/benchmark/mp/train/sample_000618.npz,mp,forest,U,mp_forest,simple,easy,0,,mp:train
calib,sample_000822.npz,/home/zzy/TrajectoryPlanning/distill/data/benchmark/mp/train/sample_000619.npz,mp,forest,U,mp_forest,simple,easy,0,,mp:train
calib,sample_000823.npz,/home/zzy/TrajectoryPlanning/distill/data/benchmark/mp/train/sample_000622.npz,mp,forest,U,mp_forest,simple,easy,0,,mp:train
calib,sample_000824.npz,/home/zzy/TrajectoryPlanning/distill/data/benchmark/mp/train/sample_000625.npz,mp,forest,U,mp_forest,simple,easy,0,,mp:train
calib,sample_000825.npz,/home/zzy/TrajectoryPlanning/distill/data/benchmark/mp/train/sample_000636.npz,mp,forest,U,mp_forest,simple,easy,0,,mp:train
calib,sample_000826.npz,/home/zzy/TrajectoryPlanning/distill/data/benchmark/mp/train/sample_000638.npz,mp,forest,U,mp_forest,simple,easy,0,,mp:train
calib,sample_000827.npz,/home/zzy/TrajectoryPlanning/distill/data/benchmark/mp/train/sample_000653.npz,mp,forest,U,mp_forest,simple,easy,0,,mp:train
calib,sample_000828.npz,/home/zzy/TrajectoryPlanning/distill/data/benchmark/mp/train/sample_000654.npz,mp,forest,U,mp_forest,simple,easy,0,,mp:train
calib,sample_000829.npz,/home/zzy/TrajectoryPlanning/distill/data/benchmark/mp/train/sample_000658.npz,mp,forest,U,mp_forest,simple,easy,0,,mp:train
calib,sample_000830.npz,/home/zzy/TrajectoryPlanning/distill/data/benchmark/mp/train/sample_000661.npz,mp,forest,U,mp_forest,simple,easy,0,,mp:train
calib,sample_000831.npz,/home/zzy/TrajectoryPlanning/distill/data/benchmark/mp/train/sample_000662.npz,mp,forest,U,mp_forest,simple,easy,0,,mp:train
calib,sample_000832.npz,/home/zzy/TrajectoryPlanning/distill/data/benchmark/mp/train/sample_000663.npz,mp,forest,U,mp_forest,simple,easy,0,,mp:train
calib,sample_000833.npz,/home/zzy/TrajectoryPlanning/distill/data/benchmark/mp/train/sample_000664.npz,mp,forest,U,mp_forest,simple,easy,0,,mp:train
calib,sample_000834.npz,/home/zzy/TrajectoryPlanning/distill/data/benchmark/mp/train/sample_000677.npz,mp,forest,U,mp_forest,simple,easy,0,,mp:train
calib,sample_000835.npz,/home/zzy/TrajectoryPlanning/distill/data/benchmark/mp/train/sample_000679.npz,mp,forest,U,mp_forest,simple,easy,0,,mp:train
calib,sample_000836.npz,/home/zzy/TrajectoryPlanning/distill/data/benchmark/mp/train/sample_000684.npz,mp,forest,U,mp_forest,simple,easy,0,,mp:train
calib,sample_000837.npz,/home/zzy/TrajectoryPlanning/distill/data/benchmark/mp/train/sample_000685.npz,mp,forest,U,mp_forest,simple,easy,0,,mp:train
calib,sample_000838.npz,/home/zzy/TrajectoryPlanning/distill/data/benchmark/mp/train/sample_000695.npz,mp,forest,U,mp_forest,simple,easy,0,,mp:train
calib,sample_000839.npz,/home/zzy/TrajectoryPlanning/distill/data/benchmark/mp/train/sample_000697.npz,mp,forest,U,mp_forest,simple,easy,0,,mp:train
calib,sample_000840.npz,/home/zzy/TrajectoryPlanning/distill/data/benchmark/mp/train/sample_000704.npz,mp,forest,U,mp_forest,simple,easy,0,,mp:train
calib,sample_000841.npz,/home/zzy/TrajectoryPlanning/distill/data/benchmark/mp/train/sample_000707.npz,mp,forest,U,mp_forest,simple,easy,0,,mp:train
calib,sample_000842.npz,/home/zzy/TrajectoryPlanning/distill/data/benchmark/mp/train/sample_000716.npz,mp,forest,U,mp_forest,simple,easy,0,,mp:train
calib,sample_000843.npz,/home/zzy/TrajectoryPlanning/distill/data/benchmark/mp/train/sample_000724.npz,mp,forest,U,mp_forest,simple,easy,0,,mp:train
calib,sample_000844.npz,/home/zzy/TrajectoryPlanning/distill/data/benchmark/mp/train/sample_000725.npz,mp,forest,U,mp_forest,simple,easy,0,,mp:train
calib,sample_000845.npz,/home/zzy/TrajectoryPlanning/distill/data/benchmark/mp/train/sample_000728.npz,mp,forest,U,mp_forest,simple,easy,0,,mp:train
calib,sample_000846.npz,/home/zzy/TrajectoryPlanning/distill/data/benchmark/mp/train/sample_000736.npz,mp,forest,U,mp_forest,simple,easy,0,,mp:train
calib,sample_000847.npz,/home/zzy/TrajectoryPlanning/distill/data/benchmark/mp/train/sample_000739.npz,mp,forest,U,mp_forest,simple,easy,0,,mp:train
calib,sample_000848.npz,/home/zzy/TrajectoryPlanning/distill/data/benchmark/mp/train/sample_000744.npz,mp,forest,U,mp_forest,simple,easy,0,,mp:train
calib,sample_000849.npz,/home/zzy/TrajectoryPlanning/distill/data/benchmark/mp/train/sample_000747.npz,mp,forest,U,mp_forest,simple,easy,0,,mp:train
calib,sample_000850.npz,/home/zzy/TrajectoryPlanning/distill/data/benchmark/mp/train/sample_000762.npz,mp,forest,U,mp_forest,simple,easy,0,,mp:train
calib,sample_000851.npz,/home/zzy/TrajectoryPlanning/distill/data/benchmark/mp/train/sample_000766.npz,mp,forest,U,mp_forest,simple,easy,0,,mp:train
calib,sample_000852.npz,/home/zzy/TrajectoryPlanning/distill/data/benchmark/mp/train/sample_000769.npz,mp,forest,U,mp_forest,simple,easy,0,,mp:train
calib,sample_000853.npz,/home/zzy/TrajectoryPlanning/distill/data/benchmark/mp/train/sample_000772.npz,mp,forest,U,mp_forest,simple,easy,0,,mp:train
calib,sample_000854.npz,/home/zzy/TrajectoryPlanning/distill/data/benchmark/mp/train/sample_000786.npz,mp,forest,U,mp_forest,simple,easy,0,,mp:train
calib,sample_000855.npz,/home/zzy/TrajectoryPlanning/distill/data/benchmark/mp/train/sample_000789.npz,mp,forest,U,mp_forest,simple,easy,0,,mp:train
calib,sample_000856.npz,/home/zzy/TrajectoryPlanning/distill/data/benchmark/mp/train/sample_000791.npz,mp,forest,U,mp_forest,simple,easy,0,,mp:train
calib,sample_000857.npz,/home/zzy/TrajectoryPlanning/distill/data/benchmark/mp/train/sample_000795.npz,mp,forest,U,mp_forest,simple,easy,0,,mp:train
calib,sample_000858.npz,/home/zzy/TrajectoryPlanning/distill/data/benchmark/mp/train/sample_000798.npz,mp,forest,U,mp_forest,simple,easy,0,,mp:train
calib,sample_000859.npz,/home/zzy/TrajectoryPlanning/distill/data/benchmark/mp/train/sample_000799.npz,mp,forest,U,mp_forest,simple,easy,0,,mp:train
calib,sample_000860.npz,/home/zzy/TrajectoryPlanning/distill/data/benchmark/mp/test/sample_000401.npz,mp,gaps_and_forest,U,mp_gaps_and_forest,hard,hard,0,,mp:test
calib,sample_000861.npz,/home/zzy/TrajectoryPlanning/distill/data/benchmark/mp/test/sample_000407.npz,mp,gaps_and_forest,U,mp_gaps_and_forest,hard,hard,0,,mp:test
calib,sample_000862.npz,/home/zzy/TrajectoryPlanning/distill/data/benchmark/mp/test/sample_000409.npz,mp,gaps_and_forest,U,mp_gaps_and_forest,hard,hard,0,,mp:test
calib,sample_000863.npz,/home/zzy/TrajectoryPlanning/distill/data/benchmark/mp/test/sample_000410.npz,mp,gaps_and_forest,U,mp_gaps_and_forest,hard,hard,0,,mp:test
calib,sample_000864.npz,/home/zzy/TrajectoryPlanning/distill/data/benchmark/mp/test/sample_000418.npz,mp,gaps_and_forest,U,mp_gaps_and_forest,hard,hard,0,,mp:test
calib,sample_000865.npz,/home/zzy/TrajectoryPlanning/distill/data/benchmark/mp/test/sample_000422.npz,mp,gaps_and_forest,U,mp_gaps_and_forest,hard,hard,0,,mp:test
calib,sample_000866.npz,/home/zzy/TrajectoryPlanning/distill/data/benchmark/mp/test/sample_000431.npz,mp,gaps_and_forest,U,mp_gaps_and_forest,hard,hard,0,,mp:test
calib,sample_000867.npz,/home/zzy/TrajectoryPlanning/distill/data/benchmark/mp/test/sample_000432.npz,mp,gaps_and_forest,U,mp_gaps_and_forest,hard,hard,0,,mp:test
calib,sample_000868.npz,/home/zzy/TrajectoryPlanning/distill/data/benchmark/mp/test/sample_000433.npz,mp,gaps_and_forest,U,mp_gaps_and_forest,hard,hard,0,,mp:test
calib,sample_000869.npz,/home/zzy/TrajectoryPlanning/distill/data/benchmark/mp/test/sample_000443.npz,mp,gaps_and_forest,U,mp_gaps_and_forest,hard,hard,0,,mp:test
calib,sample_000870.npz,/home/zzy/TrajectoryPlanning/distill/data/benchmark/mp/test/sample_000446.npz,mp,gaps_and_forest,U,mp_gaps_and_forest,hard,hard,0,,mp:test
calib,sample_000871.npz,/home/zzy/TrajectoryPlanning/distill/data/benchmark/mp/test/sample_000447.npz,mp,gaps_and_forest,U,mp_gaps_and_forest,hard,hard,0,,mp:test
calib,sample_000872.npz,/home/zzy/TrajectoryPlanning/distill/data/benchmark/mp/test/sample_000450.npz,mp,gaps_and_forest,U,mp_gaps_and_forest,hard,hard,0,,mp:test
calib,sample_000873.npz,/home/zzy/TrajectoryPlanning/distill/data/benchmark/mp/test/sample_000457.npz,mp,gaps_and_forest,U,mp_gaps_and_forest,hard,hard,0,,mp:test
calib,sample_000874.npz,/home/zzy/TrajectoryPlanning/distill/data/benchmark/mp/test/sample_000460.npz,mp,gaps_and_forest,U,mp_gaps_and_forest,hard,hard,0,,mp:test
calib,sample_000875.npz,/home/zzy/TrajectoryPlanning/distill/data/benchmark/mp/test/sample_000466.npz,mp,gaps_and_forest,U,mp_gaps_and_forest,hard,hard,0,,mp:test
calib,sample_000876.npz,/home/zzy/TrajectoryPlanning/distill/data/benchmark/mp/test/sample_000473.npz,mp,gaps_and_forest,U,mp_gaps_and_forest,hard,hard,0,,mp:test
calib,sample_000877.npz,/home/zzy/TrajectoryPlanning/distill/data/benchmark/mp/test/sample_000474.npz,mp,gaps_and_forest,U,mp_gaps_and_forest,hard,hard,0,,mp:test
calib,sample_000878.npz,/home/zzy/TrajectoryPlanning/distill/data/benchmark/mp/test/sample_000478.npz,mp,gaps_and_forest,U,mp_gaps_and_forest,hard,hard,0,,mp:test
calib,sample_000879.npz,/home/zzy/TrajectoryPlanning/distill/data/benchmark/mp/test/sample_000482.npz,mp,gaps_and_forest,U,mp_gaps_and_forest,hard,hard,0,,mp:test
calib,sample_000880.npz,/home/zzy/TrajectoryPlanning/distill/data/benchmark/mp/test/sample_000484.npz,mp,gaps_and_forest,U,mp_gaps_and_forest,hard,hard,0,,mp:test
calib,sample_000881.npz,/home/zzy/TrajectoryPlanning/distill/data/benchmark/mp/test/sample_000485.npz,mp,gaps_and_forest,U,mp_gaps_and_forest,hard,hard,0,,mp:test
calib,sample_000882.npz,/home/zzy/TrajectoryPlanning/distill/data/benchmark/mp/test/sample_000490.npz,mp,gaps_and_forest,U,mp_gaps_and_forest,hard,hard,0,,mp:test
calib,sample_000883.npz,/home/zzy/TrajectoryPlanning/distill/data/benchmark/mp/test/sample_000491.npz,mp,gaps_and_forest,U,mp_gaps_and_forest,hard,hard,0,,mp:test
calib,sample_000884.npz,/home/zzy/TrajectoryPlanning/distill/data/benchmark/mp/train/sample_003200.npz,mp,gaps_and_forest,U,mp_gaps_and_forest,hard,hard,0,,mp:train
calib,sample_000885.npz,/home/zzy/TrajectoryPlanning/distill/data/benchmark/mp/train/sample_003205.npz,mp,gaps_and_forest,U,mp_gaps_and_forest,hard,hard,0,,mp:train
calib,sample_000886.npz,/home/zzy/TrajectoryPlanning/distill/data/benchmark/mp/train/sample_003210.npz,mp,gaps_and_forest,U,mp_gaps_and_forest,hard,hard,0,,mp:train
calib,sample_000887.npz,/home/zzy/TrajectoryPlanning/distill/data/benchmark/mp/train/sample_003214.npz,mp,gaps_and_forest,U,mp_gaps_and_forest,hard,hard,0,,mp:train
calib,sample_000888.npz,/home/zzy/TrajectoryPlanning/distill/data/benchmark/mp/train/sample_003221.npz,mp,gaps_and_forest,U,mp_gaps_and_forest,hard,hard,0,,mp:train
calib,sample_000889.npz,/home/zzy/TrajectoryPlanning/distill/data/benchmark/mp/train/sample_003225.npz,mp,gaps_and_forest,U,mp_gaps_and_forest,hard,hard,0,,mp:train
calib,sample_000890.npz,/home/zzy/TrajectoryPlanning/distill/data/benchmark/mp/train/sample_003230.npz,mp,gaps_and_forest,U,mp_gaps_and_forest,hard,hard,0,,mp:train
calib,sample_000891.npz,/home/zzy/TrajectoryPlanning/distill/data/benchmark/mp/train/sample_003234.npz,mp,gaps_and_forest,U,mp_gaps_and_forest,hard,hard,0,,mp:train
calib,sample_000892.npz,/home/zzy/TrajectoryPlanning/distill/data/benchmark/mp/train/sample_003237.npz,mp,gaps_and_forest,U,mp_gaps_and_forest,hard,hard,0,,mp:train
calib,sample_000893.npz,/home/zzy/TrajectoryPlanning/distill/data/benchmark/mp/train/sample_003246.npz,mp,gaps_and_forest,U,mp_gaps_and_forest,hard,hard,0,,mp:train
calib,sample_000894.npz,/home/zzy/TrajectoryPlanning/distill/data/benchmark/mp/train/sample_003254.npz,mp,gaps_and_forest,U,mp_gaps_and_forest,hard,hard,0,,mp:train
calib,sample_000895.npz,/home/zzy/TrajectoryPlanning/distill/data/benchmark/mp/train/sample_003255.npz,mp,gaps_and_forest,U,mp_gaps_and_forest,hard,hard,0,,mp:train
calib,sample_000896.npz,/home/zzy/TrajectoryPlanning/distill/data/benchmark/mp/train/sample_003258.npz,mp,gaps_and_forest,U,mp_gaps_and_forest,hard,hard,0,,mp:train
calib,sample_000897.npz,/home/zzy/TrajectoryPlanning/distill/data/benchmark/mp/train/sample_003260.npz,mp,gaps_and_forest,U,mp_gaps_and_forest,hard,hard,0,,mp:train
calib,sample_000898.npz,/home/zzy/TrajectoryPlanning/distill/data/benchmark/mp/train/sample_003268.npz,mp,gaps_and_forest,U,mp_gaps_and_forest,hard,hard,0,,mp:train
calib,sample_000899.npz,/home/zzy/TrajectoryPlanning/distill/data/benchmark/mp/train/sample_003270.npz,mp,gaps_and_forest,U,mp_gaps_and_forest,hard,hard,0,,mp:train
calib,sample_000900.npz,/home/zzy/TrajectoryPlanning/distill/data/benchmark/mp/train/sample_003273.npz,mp,gaps_and_forest,U,mp_gaps_and_forest,hard,hard,0,,mp:train
calib,sample_000901.npz,/home/zzy/TrajectoryPlanning/distill/data/benchmark/mp/train/sample_003277.npz,mp,gaps_and_forest,U,mp_gaps_and_forest,hard,hard,0,,mp:train
calib,sample_000902.npz,/home/zzy/TrajectoryPlanning/distill/data/benchmark/mp/train/sample_003282.npz,mp,gaps_and_forest,U,mp_gaps_and_forest,hard,hard,0,,mp:train
calib,sample_000903.npz,/home/zzy/TrajectoryPlanning/distill/data/benchmark/mp/train/sample_003287.npz,mp,gaps_and_forest,U,mp_gaps_and_forest,hard,hard,0,,mp:train
calib,sample_000904.npz,/home/zzy/TrajectoryPlanning/distill/data/benchmark/mp/train/sample_003288.npz,mp,gaps_and_forest,U,mp_gaps_and_forest,hard,hard,0,,mp:train
calib,sample_000905.npz,/home/zzy/TrajectoryPlanning/distill/data/benchmark/mp/train/sample_003296.npz,mp,gaps_and_forest,U,mp_gaps_and_forest,hard,hard,0,,mp:train
calib,sample_000906.npz,/home/zzy/TrajectoryPlanning/distill/data/benchmark/mp/train/sample_003315.npz,mp,gaps_and_forest,U,mp_gaps_and_forest,hard,hard,0,,mp:train
calib,sample_000907.npz,/home/zzy/TrajectoryPlanning/distill/data/benchmark/mp/train/sample_003322.npz,mp,gaps_and_forest,U,mp_gaps_and_forest,hard,hard,0,,mp:train
calib,sample_000908.npz,/home/zzy/TrajectoryPlanning/distill/data/benchmark/mp/train/sample_003327.npz,mp,gaps_and_forest,U,mp_gaps_and_forest,hard,hard,0,,mp:train
calib,sample_000909.npz,/home/zzy/TrajectoryPlanning/distill/data/benchmark/mp/train/sample_003331.npz,mp,gaps_and_forest,U,mp_gaps_and_forest,hard,hard,0,,mp:train
calib,sample_000910.npz,/home/zzy/TrajectoryPlanning/distill/data/benchmark/mp/train/sample_003334.npz,mp,gaps_and_forest,U,mp_gaps_and_forest,hard,hard,0,,mp:train
calib,sample_000911.npz,/home/zzy/TrajectoryPlanning/distill/data/benchmark/mp/train/sample_003337.npz,mp,gaps_and_forest,U,mp_gaps_and_forest,hard,hard,0,,mp:train
calib,sample_000912.npz,/home/zzy/TrajectoryPlanning/distill/data/benchmark/mp/train/sample_003342.npz,mp,gaps_and_forest,U,mp_gaps_and_forest,hard,hard,0,,mp:train
calib,sample_000913.npz,/home/zzy/TrajectoryPlanning/distill/data/benchmark/mp/train/sample_003348.npz,mp,gaps_and_forest,U,mp_gaps_and_forest,hard,hard,0,,mp:train
calib,sample_000914.npz,/home/zzy/TrajectoryPlanning/distill/data/benchmark/mp/train/sample_003349.npz,mp,gaps_and_forest,U,mp_gaps_and_forest,hard,hard,0,,mp:train
calib,sample_000915.npz,/home/zzy/TrajectoryPlanning/distill/data/benchmark/mp/train/sample_003359.npz,mp,gaps_and_forest,U,mp_gaps_and_forest,hard,hard,0,,mp:train
calib,sample_000916.npz,/home/zzy/TrajectoryPlanning/distill/data/benchmark/mp/train/sample_003367.npz,mp,gaps_and_forest,U,mp_gaps_and_forest,hard,hard,0,,mp:train
calib,sample_000917.npz,/home/zzy/TrajectoryPlanning/distill/data/benchmark/mp/train/sample_003368.npz,mp,gaps_and_forest,U,mp_gaps_and_forest,hard,hard,0,,mp:train
calib,sample_000918.npz,/home/zzy/TrajectoryPlanning/distill/data/benchmark/mp/train/sample_003371.npz,mp,gaps_and_forest,U,mp_gaps_and_forest,hard,hard,0,,mp:train
calib,sample_000919.npz,/home/zzy/TrajectoryPlanning/distill/data/benchmark/mp/train/sample_003375.npz,mp,gaps_and_forest,U,mp_gaps_and_forest,hard,hard,0,,mp:train
calib,sample_000920.npz,/home/zzy/TrajectoryPlanning/distill/data/benchmark/mp/train/sample_003383.npz,mp,gaps_and_forest,U,mp_gaps_and_forest,hard,hard,0,,mp:train
calib,sample_000921.npz,/home/zzy/TrajectoryPlanning/distill/data/benchmark/mp/train/sample_003385.npz,mp,gaps_and_forest,U,mp_gaps_and_forest,hard,hard,0,,mp:train
calib,sample_000922.npz,/home/zzy/TrajectoryPlanning/distill/data/benchmark/mp/train/sample_003386.npz,mp,gaps_and_forest,U,mp_gaps_and_forest,hard,hard,0,,mp:train
calib,sample_000923.npz,/home/zzy/TrajectoryPlanning/distill/data/benchmark/mp/train/sample_003394.npz,mp,gaps_and_forest,U,mp_gaps_and_forest,hard,hard,0,,mp:train
calib,sample_000924.npz,/home/zzy/TrajectoryPlanning/distill/data/benchmark/mp/train/sample_003398.npz,mp,gaps_and_forest,U,mp_gaps_and_forest,hard,hard,0,,mp:train
calib,sample_000925.npz,/home/zzy/TrajectoryPlanning/distill/data/benchmark/mp/train/sample_003409.npz,mp,gaps_and_forest,U,mp_gaps_and_forest,hard,hard,0,,mp:train
calib,sample_000926.npz,/home/zzy/TrajectoryPlanning/distill/data/benchmark/mp/train/sample_003413.npz,mp,gaps_and_forest,U,mp_gaps_and_forest,hard,hard,0,,mp:train
calib,sample_000927.npz,/home/zzy/TrajectoryPlanning/distill/data/benchmark/mp/train/sample_003418.npz,mp,gaps_and_forest,U,mp_gaps_and_forest,hard,hard,0,,mp:train
calib,sample_000928.npz,/home/zzy/TrajectoryPlanning/distill/data/benchmark/mp/train/sample_003421.npz,mp,gaps_and_forest,U,mp_gaps_and_forest,hard,hard,0,,mp:train
calib,sample_000929.npz,/home/zzy/TrajectoryPlanning/distill/data/benchmark/mp/train/sample_003431.npz,mp,gaps_and_forest,U,mp_gaps_and_forest,hard,hard,0,,mp:train
calib,sample_000930.npz,/home/zzy/TrajectoryPlanning/distill/data/benchmark/mp/train/sample_003435.npz,mp,gaps_and_forest,U,mp_gaps_and_forest,hard,hard,0,,mp:train
calib,sample_000931.npz,/home/zzy/TrajectoryPlanning/distill/data/benchmark/mp/train/sample_003438.npz,mp,gaps_and_forest,U,mp_gaps_and_forest,hard,hard,0,,mp:train
calib,sample_000932.npz,/home/zzy/TrajectoryPlanning/distill/data/benchmark/mp/train/sample_003447.npz,mp,gaps_and_forest,U,mp_gaps_and_forest,hard,hard,0,,mp:train
calib,sample_000933.npz,/home/zzy/TrajectoryPlanning/distill/data/benchmark/mp/train/sample_003448.npz,mp,gaps_and_forest,U,mp_gaps_and_forest,hard,hard,0,,mp:train
calib,sample_000934.npz,/home/zzy/TrajectoryPlanning/distill/data/benchmark/mp/train/sample_003467.npz,mp,gaps_and_forest,U,mp_gaps_and_forest,hard,hard,0,,mp:train
calib,sample_000935.npz,/home/zzy/TrajectoryPlanning/distill/data/benchmark/mp/train/sample_003470.npz,mp,gaps_and_forest,U,mp_gaps_and_forest,hard,hard,0,,mp:train
calib,sample_000936.npz,/home/zzy/TrajectoryPlanning/distill/data/benchmark/mp/train/sample_003480.npz,mp,gaps_and_forest,U,mp_gaps_and_forest,hard,hard,0,,mp:train
calib,sample_000937.npz,/home/zzy/TrajectoryPlanning/distill/data/benchmark/mp/train/sample_003483.npz,mp,gaps_and_forest,U,mp_gaps_and_forest,hard,hard,0,,mp:train
calib,sample_000938.npz,/home/zzy/TrajectoryPlanning/distill/data/benchmark/mp/train/sample_003485.npz,mp,gaps_and_forest,U,mp_gaps_and_forest,hard,hard,0,,mp:train
calib,sample_000939.npz,/home/zzy/TrajectoryPlanning/distill/data/benchmark/mp/train/sample_003486.npz,mp,gaps_and_forest,U,mp_gaps_and_forest,hard,hard,0,,mp:train
calib,sample_000940.npz,/home/zzy/TrajectoryPlanning/distill/data/benchmark/mp/train/sample_003487.npz,mp,gaps_and_forest,U,mp_gaps_and_forest,hard,hard,0,,mp:train
calib,sample_000941.npz,/home/zzy/TrajectoryPlanning/distill/data/benchmark/mp/train/sample_003489.npz,mp,gaps_and_forest,U,mp_gaps_and_forest,hard,hard,0,,mp:train
calib,sample_000942.npz,/home/zzy/TrajectoryPlanning/distill/data/benchmark/mp/train/sample_003491.npz,mp,gaps_and_forest,U,mp_gaps_and_forest,hard,hard,0,,mp:train
calib,sample_000943.npz,/home/zzy/TrajectoryPlanning/distill/data/benchmark/mp/train/sample_003492.npz,mp,gaps_and_forest,U,mp_gaps_and_forest,hard,hard,0,,mp:train
calib,sample_000944.npz,/home/zzy/TrajectoryPlanning/distill/data/benchmark/mp/train/sample_003494.npz,mp,gaps_and_forest,U,mp_gaps_and_forest,hard,hard,0,,mp:train
calib,sample_000945.npz,/home/zzy/TrajectoryPlanning/distill/data/benchmark/mp/train/sample_003497.npz,mp,gaps_and_forest,U,mp_gaps_and_forest,hard,hard,0,,mp:train
calib,sample_000946.npz,/home/zzy/TrajectoryPlanning/distill/data/benchmark/mp/train/sample_003504.npz,mp,gaps_and_forest,U,mp_gaps_and_forest,hard,hard,0,,mp:train
calib,sample_000947.npz,/home/zzy/TrajectoryPlanning/distill/data/benchmark/mp/train/sample_003505.npz,mp,gaps_and_forest,U,mp_gaps_and_forest,hard,hard,0,,mp:train
calib,sample_000948.npz,/home/zzy/TrajectoryPlanning/distill/data/benchmark/mp/train/sample_003509.npz,mp,gaps_and_forest,U,mp_gaps_and_forest,hard,hard,0,,mp:train
calib,sample_000949.npz,/home/zzy/TrajectoryPlanning/distill/data/benchmark/mp/train/sample_003510.npz,mp,gaps_and_forest,U,mp_gaps_and_forest,hard,hard,0,,mp:train
calib,sample_000950.npz,/home/zzy/TrajectoryPlanning/distill/data/benchmark/mp/train/sample_003512.npz,mp,gaps_and_forest,U,mp_gaps_and_forest,hard,hard,0,,mp:train
calib,sample_000951.npz,/home/zzy/TrajectoryPlanning/distill/data/benchmark/mp/train/sample_003515.npz,mp,gaps_and_forest,U,mp_gaps_and_forest,hard,hard,0,,mp:train
calib,sample_000952.npz,/home/zzy/TrajectoryPlanning/distill/data/benchmark/mp/train/sample_003525.npz,mp,gaps_and_forest,U,mp_gaps_and_forest,hard,hard,0,,mp:train
calib,sample_000953.npz,/home/zzy/TrajectoryPlanning/distill/data/benchmark/mp/train/sample_003526.npz,mp,gaps_and_forest,U,mp_gaps_and_forest,hard,hard,0,,mp:train
calib,sample_000954.npz,/home/zzy/TrajectoryPlanning/distill/data/benchmark/mp/train/sample_003535.npz,mp,gaps_and_forest,U,mp_gaps_and_forest,hard,hard,0,,mp:train
calib,sample_000955.npz,/home/zzy/TrajectoryPlanning/distill/data/benchmark/mp/train/sample_003545.npz,mp,gaps_and_forest,U,mp_gaps_and_forest,hard,hard,0,,mp:train
calib,sample_000956.npz,/home/zzy/TrajectoryPlanning/distill/data/benchmark/mp/train/sample_003551.npz,mp,gaps_and_forest,U,mp_gaps_and_forest,hard,hard,0,,mp:train
calib,sample_000957.npz,/home/zzy/TrajectoryPlanning/distill/data/benchmark/mp/train/sample_003556.npz,mp,gaps_and_forest,U,mp_gaps_and_forest,hard,hard,0,,mp:train
calib,sample_000958.npz,/home/zzy/TrajectoryPlanning/distill/data/benchmark/mp/train/sample_003557.npz,mp,gaps_and_forest,U,mp_gaps_and_forest,hard,hard,0,,mp:train
calib,sample_000959.npz,/home/zzy/TrajectoryPlanning/distill/data/benchmark/mp/train/sample_003558.npz,mp,gaps_and_forest,U,mp_gaps_and_forest,hard,hard,0,,mp:train
calib,sample_000960.npz,/home/zzy/TrajectoryPlanning/distill/data/benchmark/mp/train/sample_003570.npz,mp,gaps_and_forest,U,mp_gaps_and_forest,hard,hard,0,,mp:train
calib,sample_000961.npz,/home/zzy/TrajectoryPlanning/distill/data/benchmark/mp/train/sample_003576.npz,mp,gaps_and_forest,U,mp_gaps_and_forest,hard,hard,0,,mp:train
calib,sample_000962.npz,/home/zzy/TrajectoryPlanning/distill/data/benchmark/mp/train/sample_003578.npz,mp,gaps_and_forest,U,mp_gaps_and_forest,hard,hard,0,,mp:train
calib,sample_000963.npz,/home/zzy/TrajectoryPlanning/distill/data/benchmark/mp/train/sample_003582.npz,mp,gaps_and_forest,U,mp_gaps_and_forest,hard,hard,0,,mp:train
calib,sample_000964.npz,/home/zzy/TrajectoryPlanning/distill/data/benchmark/mp/train/sample_003601.npz,mp,gaps_and_forest,U,mp_gaps_and_forest,hard,hard,0,,mp:train
calib,sample_000965.npz,/home/zzy/TrajectoryPlanning/distill/data/benchmark/mp/train/sample_003628.npz,mp,gaps_and_forest,U,mp_gaps_and_forest,hard,hard,0,,mp:train
calib,sample_000966.npz,/home/zzy/TrajectoryPlanning/distill/data/benchmark/mp/train/sample_003629.npz,mp,gaps_and_forest,U,mp_gaps_and_forest,hard,hard,0,,mp:train
calib,sample_000967.npz,/home/zzy/TrajectoryPlanning/distill/data/benchmark/mp/train/sample_003633.npz,mp,gaps_and_forest,U,mp_gaps_and_forest,hard,hard,0,,mp:train
calib,sample_000968.npz,/home/zzy/TrajectoryPlanning/distill/data/benchmark/mp/train/sample_003634.npz,mp,gaps_and_forest,U,mp_gaps_and_forest,hard,hard,0,,mp:train
calib,sample_000969.npz,/home/zzy/TrajectoryPlanning/distill/data/benchmark/mp/train/sample_003635.npz,mp,gaps_and_forest,U,mp_gaps_and_forest,hard,hard,0,,mp:train
calib,sample_000970.npz,/home/zzy/TrajectoryPlanning/distill/data/benchmark/mp/train/sample_003642.npz,mp,gaps_and_forest,U,mp_gaps_and_forest,hard,hard,0,,mp:train
calib,sample_000971.npz,/home/zzy/TrajectoryPlanning/distill/data/benchmark/mp/train/sample_003651.npz,mp,gaps_and_forest,U,mp_gaps_and_forest,hard,hard,0,,mp:train
calib,sample_000972.npz,/home/zzy/TrajectoryPlanning/distill/data/benchmark/mp/train/sample_003657.npz,mp,gaps_and_forest,U,mp_gaps_and_forest,hard,hard,0,,mp:train
calib,sample_000973.npz,/home/zzy/TrajectoryPlanning/distill/data/benchmark/mp/train/sample_003664.npz,mp,gaps_and_forest,U,mp_gaps_and_forest,hard,hard,0,,mp:train
calib,sample_000974.npz,/home/zzy/TrajectoryPlanning/distill/data/benchmark/mp/train/sample_003668.npz,mp,gaps_and_forest,U,mp_gaps_and_forest,hard,hard,0,,mp:train
calib,sample_000975.npz,/home/zzy/TrajectoryPlanning/distill/data/benchmark/mp/train/sample_003669.npz,mp,gaps_and_forest,U,mp_gaps_and_forest,hard,hard,0,,mp:train
calib,sample_000976.npz,/home/zzy/TrajectoryPlanning/distill/data/benchmark/mp/train/sample_003671.npz,mp,gaps_and_forest,U,mp_gaps_and_forest,hard,hard,0,,mp:train
calib,sample_000977.npz,/home/zzy/TrajectoryPlanning/distill/data/benchmark/mp/train/sample_003679.npz,mp,gaps_and_forest,U,mp_gaps_and_forest,hard,hard,0,,mp:train
calib,sample_000978.npz,/home/zzy/TrajectoryPlanning/distill/data/benchmark/mp/train/sample_003687.npz,mp,gaps_and_forest,U,mp_gaps_and_forest,hard,hard,0,,mp:train
calib,sample_000979.npz,/home/zzy/TrajectoryPlanning/distill/data/benchmark/mp/train/sample_003690.npz,mp,gaps_and_forest,U,mp_gaps_and_forest,hard,hard,0,,mp:train
calib,sample_000980.npz,/home/zzy/TrajectoryPlanning/distill/data/benchmark/mp/train/sample_003695.npz,mp,gaps_and_forest,U,mp_gaps_and_forest,hard,hard,0,,mp:train
calib,sample_000981.npz,/home/zzy/TrajectoryPlanning/distill/data/benchmark/mp/train/sample_003703.npz,mp,gaps_and_forest,U,mp_gaps_and_forest,hard,hard,0,,mp:train
calib,sample_000982.npz,/home/zzy/TrajectoryPlanning/distill/data/benchmark/mp/train/sample_003708.npz,mp,gaps_and_forest,U,mp_gaps_and_forest,hard,hard,0,,mp:train
calib,sample_000983.npz,/home/zzy/TrajectoryPlanning/distill/data/benchmark/mp/train/sample_003709.npz,mp,gaps_and_forest,U,mp_gaps_and_forest,hard,hard,0,,mp:train
calib,sample_000984.npz,/home/zzy/TrajectoryPlanning/distill/data/benchmark/mp/train/sample_003711.npz,mp,gaps_and_forest,U,mp_gaps_and_forest,hard,hard,0,,mp:train
calib,sample_000985.npz,/home/zzy/TrajectoryPlanning/distill/data/benchmark/mp/train/sample_003718.npz,mp,gaps_and_forest,U,mp_gaps_and_forest,hard,hard,0,,mp:train
calib,sample_000986.npz,/home/zzy/TrajectoryPlanning/distill/data/benchmark/mp/train/sample_003719.npz,mp,gaps_and_forest,U,mp_gaps_and_forest,hard,hard,0,,mp:train
calib,sample_000987.npz,/home/zzy/TrajectoryPlanning/distill/data/benchmark/mp/train/sample_003725.npz,mp,gaps_and_forest,U,mp_gaps_and_forest,hard,hard,0,,mp:train
calib,sample_000988.npz,/home/zzy/TrajectoryPlanning/distill/data/benchmark/mp/train/sample_003727.npz,mp,gaps_and_forest,U,mp_gaps_and_forest,hard,hard,0,,mp:train
calib,sample_000989.npz,/home/zzy/TrajectoryPlanning/distill/data/benchmark/mp/train/sample_003728.npz,mp,gaps_and_forest,U,mp_gaps_and_forest,hard,hard,0,,mp:train
calib,sample_000990.npz,/home/zzy/TrajectoryPlanning/distill/data/benchmark/mp/train/sample_003729.npz,mp,gaps_and_forest,U,mp_gaps_and_forest,hard,hard,0,,mp:train
calib,sample_000991.npz,/home/zzy/TrajectoryPlanning/distill/data/benchmark/mp/train/sample_003733.npz,mp,gaps_and_forest,U,mp_gaps_and_forest,hard,hard,0,,mp:train
calib,sample_000992.npz,/home/zzy/TrajectoryPlanning/distill/data/benchmark/mp/train/sample_003736.npz,mp,gaps_and_forest,U,mp_gaps_and_forest,hard,hard,0,,mp:train
calib,sample_000993.npz,/home/zzy/TrajectoryPlanning/distill/data/benchmark/mp/train/sample_003739.npz,mp,gaps_and_forest,U,mp_gaps_and_forest,hard,hard,0,,mp:train
calib,sample_000994.npz,/home/zzy/TrajectoryPlanning/distill/data/benchmark/mp/train/sample_003746.npz,mp,gaps_and_forest,U,mp_gaps_and_forest,hard,hard,0,,mp:train
calib,sample_000995.npz,/home/zzy/TrajectoryPlanning/distill/data/benchmark/mp/train/sample_003757.npz,mp,gaps_and_forest,U,mp_gaps_and_forest,hard,hard,0,,mp:train
calib,sample_000996.npz,/home/zzy/TrajectoryPlanning/distill/data/benchmark/mp/train/sample_003759.npz,mp,gaps_and_forest,U,mp_gaps_and_forest,hard,hard,0,,mp:train
calib,sample_000997.npz,/home/zzy/TrajectoryPlanning/distill/data/benchmark/mp/train/sample_003761.npz,mp,gaps_and_forest,U,mp_gaps_and_forest,hard,hard,0,,mp:train
calib,sample_000998.npz,/home/zzy/TrajectoryPlanning/distill/data/benchmark/mp/train/sample_003762.npz,mp,gaps_and_forest,U,mp_gaps_and_forest,hard,hard,0,,mp:train
calib,sample_000999.npz,/home/zzy/TrajectoryPlanning/distill/data/benchmark/mp/train/sample_003763.npz,mp,gaps_and_forest,U,mp_gaps_and_forest,hard,hard,0,,mp:train
calib,sample_001000.npz,/home/zzy/TrajectoryPlanning/distill/data/benchmark/mp/train/sample_003764.npz,mp,gaps_and_forest,U,mp_gaps_and_forest,hard,hard,0,,mp:train
calib,sample_001001.npz,/home/zzy/TrajectoryPlanning/distill/data/benchmark/mp/train/sample_003773.npz,mp,gaps_and_forest,U,mp_gaps_and_forest,hard,hard,0,,mp:train
calib,sample_001002.npz,/home/zzy/TrajectoryPlanning/distill/data/benchmark/mp/train/sample_003776.npz,mp,gaps_and_forest,U,mp_gaps_and_forest,hard,hard,0,,mp:train
calib,sample_001003.npz,/home/zzy/TrajectoryPlanning/distill/data/benchmark/mp/train/sample_003779.npz,mp,gaps_and_forest,U,mp_gaps_and_forest,hard,hard,0,,mp:train
calib,sample_001004.npz,/home/zzy/TrajectoryPlanning/distill/data/benchmark/mp/train/sample_003781.npz,mp,gaps_and_forest,U,mp_gaps_and_forest,hard,hard,0,,mp:train
calib,sample_001005.npz,/home/zzy/TrajectoryPlanning/distill/data/benchmark/mp/train/sample_003784.npz,mp,gaps_and_forest,U,mp_gaps_and_forest,hard,hard,0,,mp:train
calib,sample_001006.npz,/home/zzy/TrajectoryPlanning/distill/data/benchmark/mp/train/sample_003786.npz,mp,gaps_and_forest,U,mp_gaps_and_forest,hard,hard,0,,mp:train
calib,sample_001007.npz,/home/zzy/TrajectoryPlanning/distill/data/benchmark/mp/train/sample_003787.npz,mp,gaps_and_forest,U,mp_gaps_and_forest,hard,hard,0,,mp:train
calib,sample_001008.npz,/home/zzy/TrajectoryPlanning/distill/data/benchmark/mp/train/sample_003792.npz,mp,gaps_and_forest,U,mp_gaps_and_forest,hard,hard,0,,mp:train
calib,sample_001009.npz,/home/zzy/TrajectoryPlanning/distill/data/benchmark/mp/train/sample_003795.npz,mp,gaps_and_forest,U,mp_gaps_and_forest,hard,hard,0,,mp:train
calib,sample_001010.npz,/home/zzy/TrajectoryPlanning/distill/data/benchmark/mp/train/sample_003802.npz,mp,gaps_and_forest,U,mp_gaps_and_forest,hard,hard,0,,mp:train
calib,sample_001011.npz,/home/zzy/TrajectoryPlanning/distill/data/benchmark/mp/train/sample_003804.npz,mp,gaps_and_forest,U,mp_gaps_and_forest,hard,hard,0,,mp:train
calib,sample_001012.npz,/home/zzy/TrajectoryPlanning/distill/data/benchmark/mp/train/sample_003807.npz,mp,gaps_and_forest,U,mp_gaps_and_forest,hard,hard,0,,mp:train
calib,sample_001013.npz,/home/zzy/TrajectoryPlanning/distill/data/benchmark/mp/train/sample_003811.npz,mp,gaps_and_forest,U,mp_gaps_and_forest,hard,hard,0,,mp:train
calib,sample_001014.npz,/home/zzy/TrajectoryPlanning/distill/data/benchmark/mp/train/sample_003814.npz,mp,gaps_and_forest,U,mp_gaps_and_forest,hard,hard,0,,mp:train
calib,sample_001015.npz,/home/zzy/TrajectoryPlanning/distill/data/benchmark/mp/train/sample_003815.npz,mp,gaps_and_forest,U,mp_gaps_and_forest,hard,hard,0,,mp:train
calib,sample_001016.npz,/home/zzy/TrajectoryPlanning/distill/data/benchmark/mp/train/sample_003823.npz,mp,gaps_and_forest,U,mp_gaps_and_forest,hard,hard,0,,mp:train
calib,sample_001017.npz,/home/zzy/TrajectoryPlanning/distill/data/benchmark/mp/train/sample_003835.npz,mp,gaps_and_forest,U,mp_gaps_and_forest,hard,hard,0,,mp:train
calib,sample_001018.npz,/home/zzy/TrajectoryPlanning/distill/data/benchmark/mp/train/sample_003842.npz,mp,gaps_and_forest,U,mp_gaps_and_forest,hard,hard,0,,mp:train
calib,sample_001019.npz,/home/zzy/TrajectoryPlanning/distill/data/benchmark/mp/train/sample_003854.npz,mp,gaps_and_forest,U,mp_gaps_and_forest,hard,hard,0,,mp:train
calib,sample_001020.npz,/home/zzy/TrajectoryPlanning/distill/data/benchmark/mp/train/sample_003858.npz,mp,gaps_and_forest,U,mp_gaps_and_forest,hard,hard,0,,mp:train
calib,sample_001021.npz,/home/zzy/TrajectoryPlanning/distill/data/benchmark/mp/train/sample_003859.npz,mp,gaps_and_forest,U,mp_gaps_and_forest,hard,hard,0,,mp:train
calib,sample_001022.npz,/home/zzy/TrajectoryPlanning/distill/data/benchmark/mp/train/sample_003865.npz,mp,gaps_and_forest,U,mp_gaps_and_forest,hard,hard,0,,mp:train
calib,sample_001023.npz,/home/zzy/TrajectoryPlanning/distill/data/benchmark/mp/train/sample_003872.npz,mp,gaps_and_forest,U,mp_gaps_and_forest,hard,hard,0,,mp:train
calib,sample_001024.npz,/home/zzy/TrajectoryPlanning/distill/data/benchmark/mp/train/sample_003881.npz,mp,gaps_and_forest,U,mp_gaps_and_forest,hard,hard,0,,mp:train
calib,sample_001025.npz,/home/zzy/TrajectoryPlanning/distill/data/benchmark/mp/train/sample_003896.npz,mp,gaps_and_forest,U,mp_gaps_and_forest,hard,hard,0,,mp:train
calib,sample_001026.npz,/home/zzy/TrajectoryPlanning/distill/data/benchmark/mp/train/sample_003910.npz,mp,gaps_and_forest,U,mp_gaps_and_forest,hard,hard,0,,mp:train
calib,sample_001027.npz,/home/zzy/TrajectoryPlanning/distill/data/benchmark/mp/train/sample_003913.npz,mp,gaps_and_forest,U,mp_gaps_and_forest,hard,hard,0,,mp:train
calib,sample_001028.npz,/home/zzy/TrajectoryPlanning/distill/data/benchmark/mp/train/sample_003916.npz,mp,gaps_and_forest,U,mp_gaps_and_forest,hard,hard,0,,mp:train
calib,sample_001029.npz,/home/zzy/TrajectoryPlanning/distill/data/benchmark/mp/train/sample_003920.npz,mp,gaps_and_forest,U,mp_gaps_and_forest,hard,hard,0,,mp:train
calib,sample_001030.npz,/home/zzy/TrajectoryPlanning/distill/data/benchmark/mp/train/sample_003923.npz,mp,gaps_and_forest,U,mp_gaps_and_forest,hard,hard,0,,mp:train
calib,sample_001031.npz,/home/zzy/TrajectoryPlanning/distill/data/benchmark/mp/train/sample_003924.npz,mp,gaps_and_forest,U,mp_gaps_and_forest,hard,hard,0,,mp:train
calib,sample_001032.npz,/home/zzy/TrajectoryPlanning/distill/data/benchmark/mp/train/sample_003930.npz,mp,gaps_and_forest,U,mp_gaps_and_forest,hard,hard,0,,mp:train
calib,sample_001033.npz,/home/zzy/TrajectoryPlanning/distill/data/benchmark/mp/train/sample_003932.npz,mp,gaps_and_forest,U,mp_gaps_and_forest,hard,hard,0,,mp:train
calib,sample_001034.npz,/home/zzy/TrajectoryPlanning/distill/data/benchmark/mp/train/sample_003936.npz,mp,gaps_and_forest,U,mp_gaps_and_forest,hard,hard,0,,mp:train
calib,sample_001035.npz,/home/zzy/TrajectoryPlanning/distill/data/benchmark/mp/train/sample_003939.npz,mp,gaps_and_forest,U,mp_gaps_and_forest,hard,hard,0,,mp:train
calib,sample_001036.npz,/home/zzy/TrajectoryPlanning/distill/data/benchmark/mp/train/sample_003940.npz,mp,gaps_and_forest,U,mp_gaps_and_forest,hard,hard,0,,mp:train
calib,sample_001037.npz,/home/zzy/TrajectoryPlanning/distill/data/benchmark/mp/train/sample_003941.npz,mp,gaps_and_forest,U,mp_gaps_and_forest,hard,hard,0,,mp:train
calib,sample_001038.npz,/home/zzy/TrajectoryPlanning/distill/data/benchmark/mp/train/sample_003942.npz,mp,gaps_and_forest,U,mp_gaps_and_forest,hard,hard,0,,mp:train
calib,sample_001039.npz,/home/zzy/TrajectoryPlanning/distill/data/benchmark/mp/train/sample_003943.npz,mp,gaps_and_forest,U,mp_gaps_and_forest,hard,hard,0,,mp:train
calib,sample_001040.npz,/home/zzy/TrajectoryPlanning/distill/data/benchmark/mp/train/sample_003945.npz,mp,gaps_and_forest,U,mp_gaps_and_forest,hard,hard,0,,mp:train
calib,sample_001041.npz,/home/zzy/TrajectoryPlanning/distill/data/benchmark/mp/train/sample_003956.npz,mp,gaps_and_forest,U,mp_gaps_and_forest,hard,hard,0,,mp:train
calib,sample_001042.npz,/home/zzy/TrajectoryPlanning/distill/data/benchmark/mp/train/sample_003962.npz,mp,gaps_and_forest,U,mp_gaps_and_forest,hard,hard,0,,mp:train
calib,sample_001043.npz,/home/zzy/TrajectoryPlanning/distill/data/benchmark/mp/train/sample_003980.npz,mp,gaps_and_forest,U,mp_gaps_and_forest,hard,hard,0,,mp:train
calib,sample_001044.npz,/home/zzy/TrajectoryPlanning/distill/data/benchmark/mp/train/sample_003986.npz,mp,gaps_and_forest,U,mp_gaps_and_forest,hard,hard,0,,mp:train
calib,sample_001045.npz,/home/zzy/TrajectoryPlanning/distill/data/benchmark/mp/train/sample_003995.npz,mp,gaps_and_forest,U,mp_gaps_and_forest,hard,hard,0,,mp:train
calib,sample_001046.npz,/home/zzy/TrajectoryPlanning/distill/data/benchmark/mp/train/sample_003997.npz,mp,gaps_and_forest,U,mp_gaps_and_forest,hard,hard,0,,mp:train
calib,sample_001047.npz,/home/zzy/TrajectoryPlanning/distill/data/benchmark/mp/test/sample_000102.npz,mp,mazes,U,mp_mazes,hard,hard,1,mp::mp_mazes,mp:test
calib,sample_001048.npz,/home/zzy/TrajectoryPlanning/distill/data/benchmark/mp/test/sample_000103.npz,mp,mazes,U,mp_mazes,hard,hard,1,mp::mp_mazes,mp:test
calib,sample_001049.npz,/home/zzy/TrajectoryPlanning/distill/data/benchmark/mp/test/sample_000105.npz,mp,mazes,U,mp_mazes,hard,hard,1,mp::mp_mazes,mp:test
calib,sample_001050.npz,/home/zzy/TrajectoryPlanning/distill/data/benchmark/mp/test/sample_000106.npz,mp,mazes,U,mp_mazes,hard,hard,1,mp::mp_mazes,mp:test
calib,sample_001051.npz,/home/zzy/TrajectoryPlanning/distill/data/benchmark/mp/test/sample_000116.npz,mp,mazes,U,mp_mazes,hard,hard,1,mp::mp_mazes,mp:test
calib,sample_001052.npz,/home/zzy/TrajectoryPlanning/distill/data/benchmark/mp/test/sample_000122.npz,mp,mazes,U,mp_mazes,hard,hard,1,mp::mp_mazes,mp:test
calib,sample_001053.npz,/home/zzy/TrajectoryPlanning/distill/data/benchmark/mp/test/sample_000131.npz,mp,mazes,U,mp_mazes,hard,hard,1,mp::mp_mazes,mp:test
calib,sample_001054.npz,/home/zzy/TrajectoryPlanning/distill/data/benchmark/mp/test/sample_000132.npz,mp,mazes,U,mp_mazes,hard,hard,1,mp::mp_mazes,mp:test
calib,sample_001055.npz,/home/zzy/TrajectoryPlanning/distill/data/benchmark/mp/test/sample_000134.npz,mp,mazes,U,mp_mazes,hard,hard,1,mp::mp_mazes,mp:test
calib,sample_001056.npz,/home/zzy/TrajectoryPlanning/distill/data/benchmark/mp/test/sample_000135.npz,mp,mazes,U,mp_mazes,hard,hard,1,mp::mp_mazes,mp:test
calib,sample_001057.npz,/home/zzy/TrajectoryPlanning/distill/data/benchmark/mp/test/sample_000141.npz,mp,mazes,U,mp_mazes,hard,hard,1,mp::mp_mazes,mp:test
calib,sample_001058.npz,/home/zzy/TrajectoryPlanning/distill/data/benchmark/mp/test/sample_000155.npz,mp,mazes,U,mp_mazes,hard,hard,1,mp::mp_mazes,mp:test
calib,sample_001059.npz,/home/zzy/TrajectoryPlanning/distill/data/benchmark/mp/test/sample_000174.npz,mp,mazes,U,mp_mazes,hard,hard,1,mp::mp_mazes,mp:test
calib,sample_001060.npz,/home/zzy/TrajectoryPlanning/distill/data/benchmark/mp/test/sample_000180.npz,mp,mazes,U,mp_mazes,hard,hard,1,mp::mp_mazes,mp:test
calib,sample_001061.npz,/home/zzy/TrajectoryPlanning/distill/data/benchmark/mp/test/sample_000183.npz,mp,mazes,U,mp_mazes,hard,hard,1,mp::mp_mazes,mp:test
calib,sample_001062.npz,/home/zzy/TrajectoryPlanning/distill/data/benchmark/mp/test/sample_000185.npz,mp,mazes,U,mp_mazes,hard,hard,1,mp::mp_mazes,mp:test
calib,sample_001063.npz,/home/zzy/TrajectoryPlanning/distill/data/benchmark/mp/test/sample_000188.npz,mp,mazes,U,mp_mazes,hard,hard,1,mp::mp_mazes,mp:test
calib,sample_001064.npz,/home/zzy/TrajectoryPlanning/distill/data/benchmark/mp/test/sample_000189.npz,mp,mazes,U,mp_mazes,hard,hard,1,mp::mp_mazes,mp:test
calib,sample_001065.npz,/home/zzy/TrajectoryPlanning/distill/data/benchmark/mp/test/sample_000192.npz,mp,mazes,U,mp_mazes,hard,hard,1,mp::mp_mazes,mp:test
calib,sample_001066.npz,/home/zzy/TrajectoryPlanning/distill/data/benchmark/mp/test/sample_000195.npz,mp,mazes,U,mp_mazes,hard,hard,1,mp::mp_mazes,mp:test
calib,sample_001067.npz,/home/zzy/TrajectoryPlanning/distill/data/benchmark/mp/train/sample_000800.npz,mp,mazes,U,mp_mazes,hard,hard,1,mp::mp_mazes,mp:train
calib,sample_001068.npz,/home/zzy/TrajectoryPlanning/distill/data/benchmark/mp/train/sample_000816.npz,mp,mazes,U,mp_mazes,hard,hard,1,mp::mp_mazes,mp:train
calib,sample_001069.npz,/home/zzy/TrajectoryPlanning/distill/data/benchmark/mp/train/sample_000824.npz,mp,mazes,U,mp_mazes,hard,hard,1,mp::mp_mazes,mp:train
calib,sample_001070.npz,/home/zzy/TrajectoryPlanning/distill/data/benchmark/mp/train/sample_000832.npz,mp,mazes,U,mp_mazes,hard,hard,1,mp::mp_mazes,mp:train
calib,sample_001071.npz,/home/zzy/TrajectoryPlanning/distill/data/benchmark/mp/train/sample_000836.npz,mp,mazes,U,mp_mazes,hard,hard,1,mp::mp_mazes,mp:train
calib,sample_001072.npz,/home/zzy/TrajectoryPlanning/distill/data/benchmark/mp/train/sample_000847.npz,mp,mazes,U,mp_mazes,hard,hard,1,mp::mp_mazes,mp:train
calib,sample_001073.npz,/home/zzy/TrajectoryPlanning/distill/data/benchmark/mp/train/sample_000853.npz,mp,mazes,U,mp_mazes,hard,hard,1,mp::mp_mazes,mp:train
calib,sample_001074.npz,/home/zzy/TrajectoryPlanning/distill/data/benchmark/mp/train/sample_000856.npz,mp,mazes,U,mp_mazes,hard,hard,1,mp::mp_mazes,mp:train
calib,sample_001075.npz,/home/zzy/TrajectoryPlanning/distill/data/benchmark/mp/train/sample_000857.npz,mp,mazes,U,mp_mazes,hard,hard,1,mp::mp_mazes,mp:train
calib,sample_001076.npz,/home/zzy/TrajectoryPlanning/distill/data/benchmark/mp/train/sample_000863.npz,mp,mazes,U,mp_mazes,hard,hard,1,mp::mp_mazes,mp:train
calib,sample_001077.npz,/home/zzy/TrajectoryPlanning/distill/data/benchmark/mp/train/sample_000872.npz,mp,mazes,U,mp_mazes,hard,hard,1,mp::mp_mazes,mp:train
calib,sample_001078.npz,/home/zzy/TrajectoryPlanning/distill/data/benchmark/mp/train/sample_000873.npz,mp,mazes,U,mp_mazes,hard,hard,1,mp::mp_mazes,mp:train
calib,sample_001079.npz,/home/zzy/TrajectoryPlanning/distill/data/benchmark/mp/train/sample_000875.npz,mp,mazes,U,mp_mazes,hard,hard,1,mp::mp_mazes,mp:train
calib,sample_001080.npz,/home/zzy/TrajectoryPlanning/distill/data/benchmark/mp/train/sample_000877.npz,mp,mazes,U,mp_mazes,hard,hard,1,mp::mp_mazes,mp:train
calib,sample_001081.npz,/home/zzy/TrajectoryPlanning/distill/data/benchmark/mp/train/sample_000879.npz,mp,mazes,U,mp_mazes,hard,hard,1,mp::mp_mazes,mp:train
calib,sample_001082.npz,/home/zzy/TrajectoryPlanning/distill/data/benchmark/mp/train/sample_000880.npz,mp,mazes,U,mp_mazes,hard,hard,1,mp::mp_mazes,mp:train
calib,sample_001083.npz,/home/zzy/TrajectoryPlanning/distill/data/benchmark/mp/train/sample_000896.npz,mp,mazes,U,mp_mazes,hard,hard,1,mp::mp_mazes,mp:train
calib,sample_001084.npz,/home/zzy/TrajectoryPlanning/distill/data/benchmark/mp/train/sample_000902.npz,mp,mazes,U,mp_mazes,hard,hard,1,mp::mp_mazes,mp:train
calib,sample_001085.npz,/home/zzy/TrajectoryPlanning/distill/data/benchmark/mp/train/sample_000906.npz,mp,mazes,U,mp_mazes,hard,hard,1,mp::mp_mazes,mp:train
calib,sample_001086.npz,/home/zzy/TrajectoryPlanning/distill/data/benchmark/mp/train/sample_000911.npz,mp,mazes,U,mp_mazes,hard,hard,1,mp::mp_mazes,mp:train
calib,sample_001087.npz,/home/zzy/TrajectoryPlanning/distill/data/benchmark/mp/train/sample_000917.npz,mp,mazes,U,mp_mazes,hard,hard,1,mp::mp_mazes,mp:train
calib,sample_001088.npz,/home/zzy/TrajectoryPlanning/distill/data/benchmark/mp/train/sample_000918.npz,mp,mazes,U,mp_mazes,hard,hard,1,mp::mp_mazes,mp:train
calib,sample_001089.npz,/home/zzy/TrajectoryPlanning/distill/data/benchmark/mp/train/sample_000923.npz,mp,mazes,U,mp_mazes,hard,hard,1,mp::mp_mazes,mp:train
calib,sample_001090.npz,/home/zzy/TrajectoryPlanning/distill/data/benchmark/mp/train/sample_000927.npz,mp,mazes,U,mp_mazes,hard,hard,1,mp::mp_mazes,mp:train
calib,sample_001091.npz,/home/zzy/TrajectoryPlanning/distill/data/benchmark/mp/train/sample_000932.npz,mp,mazes,U,mp_mazes,hard,hard,1,mp::mp_mazes,mp:train
calib,sample_001092.npz,/home/zzy/TrajectoryPlanning/distill/data/benchmark/mp/train/sample_000934.npz,mp,mazes,U,mp_mazes,hard,hard,1,mp::mp_mazes,mp:train
calib,sample_001093.npz,/home/zzy/TrajectoryPlanning/distill/data/benchmark/mp/train/sample_000946.npz,mp,mazes,U,mp_mazes,hard,hard,1,mp::mp_mazes,mp:train
calib,sample_001094.npz,/home/zzy/TrajectoryPlanning/distill/data/benchmark/mp/train/sample_000947.npz,mp,mazes,U,mp_mazes,hard,hard,1,mp::mp_mazes,mp:train
calib,sample_001095.npz,/home/zzy/TrajectoryPlanning/distill/data/benchmark/mp/train/sample_000951.npz,mp,mazes,U,mp_mazes,hard,hard,1,mp::mp_mazes,mp:train
calib,sample_001096.npz,/home/zzy/TrajectoryPlanning/distill/data/benchmark/mp/train/sample_000955.npz,mp,mazes,U,mp_mazes,hard,hard,1,mp::mp_mazes,mp:train
calib,sample_001097.npz,/home/zzy/TrajectoryPlanning/distill/data/benchmark/mp/train/sample_000956.npz,mp,mazes,U,mp_mazes,hard,hard,1,mp::mp_mazes,mp:train
calib,sample_001098.npz,/home/zzy/TrajectoryPlanning/distill/data/benchmark/mp/train/sample_000959.npz,mp,mazes,U,mp_mazes,hard,hard,1,mp::mp_mazes,mp:train
calib,sample_001099.npz,/home/zzy/TrajectoryPlanning/distill/data/benchmark/mp/train/sample_000961.npz,mp,mazes,U,mp_mazes,hard,hard,1,mp::mp_mazes,mp:train
calib,sample_001100.npz,/home/zzy/TrajectoryPlanning/distill/data/benchmark/mp/train/sample_000964.npz,mp,mazes,U,mp_mazes,hard,hard,1,mp::mp_mazes,mp:train
calib,sample_001101.npz,/home/zzy/TrajectoryPlanning/distill/data/benchmark/mp/train/sample_000974.npz,mp,mazes,U,mp_mazes,hard,hard,1,mp::mp_mazes,mp:train
calib,sample_001102.npz,/home/zzy/TrajectoryPlanning/distill/data/benchmark/mp/train/sample_000976.npz,mp,mazes,U,mp_mazes,hard,hard,1,mp::mp_mazes,mp:train
calib,sample_001103.npz,/home/zzy/TrajectoryPlanning/distill/data/benchmark/mp/train/sample_000981.npz,mp,mazes,U,mp_mazes,hard,hard,1,mp::mp_mazes,mp:train
calib,sample_001104.npz,/home/zzy/TrajectoryPlanning/distill/data/benchmark/mp/train/sample_000992.npz,mp,mazes,U,mp_mazes,hard,hard,1,mp::mp_mazes,mp:train
calib,sample_001105.npz,/home/zzy/TrajectoryPlanning/distill/data/benchmark/mp/train/sample_000993.npz,mp,mazes,U,mp_mazes,hard,hard,1,mp::mp_mazes,mp:train
calib,sample_001106.npz,/home/zzy/TrajectoryPlanning/distill/data/benchmark/mp/train/sample_000994.npz,mp,mazes,U,mp_mazes,hard,hard,1,mp::mp_mazes,mp:train
calib,sample_001107.npz,/home/zzy/TrajectoryPlanning/distill/data/benchmark/mp/train/sample_000995.npz,mp,mazes,U,mp_mazes,hard,hard,1,mp::mp_mazes,mp:train
calib,sample_001108.npz,/home/zzy/TrajectoryPlanning/distill/data/benchmark/mp/train/sample_001006.npz,mp,mazes,U,mp_mazes,hard,hard,1,mp::mp_mazes,mp:train
calib,sample_001109.npz,/home/zzy/TrajectoryPlanning/distill/data/benchmark/mp/train/sample_001017.npz,mp,mazes,U,mp_mazes,hard,hard,1,mp::mp_mazes,mp:train
calib,sample_001110.npz,/home/zzy/TrajectoryPlanning/distill/data/benchmark/mp/train/sample_001020.npz,mp,mazes,U,mp_mazes,hard,hard,1,mp::mp_mazes,mp:train
calib,sample_001111.npz,/home/zzy/TrajectoryPlanning/distill/data/benchmark/mp/train/sample_001024.npz,mp,mazes,U,mp_mazes,hard,hard,1,mp::mp_mazes,mp:train
calib,sample_001112.npz,/home/zzy/TrajectoryPlanning/distill/data/benchmark/mp/train/sample_001028.npz,mp,mazes,U,mp_mazes,hard,hard,1,mp::mp_mazes,mp:train
calib,sample_001113.npz,/home/zzy/TrajectoryPlanning/distill/data/benchmark/mp/train/sample_001030.npz,mp,mazes,U,mp_mazes,hard,hard,1,mp::mp_mazes,mp:train
calib,sample_001114.npz,/home/zzy/TrajectoryPlanning/distill/data/benchmark/mp/train/sample_001038.npz,mp,mazes,U,mp_mazes,hard,hard,1,mp::mp_mazes,mp:train
calib,sample_001115.npz,/home/zzy/TrajectoryPlanning/distill/data/benchmark/mp/train/sample_001041.npz,mp,mazes,U,mp_mazes,hard,hard,1,mp::mp_mazes,mp:train
calib,sample_001116.npz,/home/zzy/TrajectoryPlanning/distill/data/benchmark/mp/train/sample_001048.npz,mp,mazes,U,mp_mazes,hard,hard,1,mp::mp_mazes,mp:train
calib,sample_001117.npz,/home/zzy/TrajectoryPlanning/distill/data/benchmark/mp/train/sample_001058.npz,mp,mazes,U,mp_mazes,hard,hard,1,mp::mp_mazes,mp:train
calib,sample_001118.npz,/home/zzy/TrajectoryPlanning/distill/data/benchmark/mp/train/sample_001059.npz,mp,mazes,U,mp_mazes,hard,hard,1,mp::mp_mazes,mp:train
calib,sample_001119.npz,/home/zzy/TrajectoryPlanning/distill/data/benchmark/mp/train/sample_001061.npz,mp,mazes,U,mp_mazes,hard,hard,1,mp::mp_mazes,mp:train
calib,sample_001120.npz,/home/zzy/TrajectoryPlanning/distill/data/benchmark/mp/train/sample_001062.npz,mp,mazes,U,mp_mazes,hard,hard,1,mp::mp_mazes,mp:train
calib,sample_001121.npz,/home/zzy/TrajectoryPlanning/distill/data/benchmark/mp/train/sample_001066.npz,mp,mazes,U,mp_mazes,hard,hard,1,mp::mp_mazes,mp:train
calib,sample_001122.npz,/home/zzy/TrajectoryPlanning/distill/data/benchmark/mp/train/sample_001069.npz,mp,mazes,U,mp_mazes,hard,hard,1,mp::mp_mazes,mp:train
calib,sample_001123.npz,/home/zzy/TrajectoryPlanning/distill/data/benchmark/mp/train/sample_001082.npz,mp,mazes,U,mp_mazes,hard,hard,1,mp::mp_mazes,mp:train
calib,sample_001124.npz,/home/zzy/TrajectoryPlanning/distill/data/benchmark/mp/train/sample_001083.npz,mp,mazes,U,mp_mazes,hard,hard,1,mp::mp_mazes,mp:train
calib,sample_001125.npz,/home/zzy/TrajectoryPlanning/distill/data/benchmark/mp/train/sample_001084.npz,mp,mazes,U,mp_mazes,hard,hard,1,mp::mp_mazes,mp:train
calib,sample_001126.npz,/home/zzy/TrajectoryPlanning/distill/data/benchmark/mp/train/sample_001087.npz,mp,mazes,U,mp_mazes,hard,hard,1,mp::mp_mazes,mp:train
calib,sample_001127.npz,/home/zzy/TrajectoryPlanning/distill/data/benchmark/mp/train/sample_001089.npz,mp,mazes,U,mp_mazes,hard,hard,1,mp::mp_mazes,mp:train
calib,sample_001128.npz,/home/zzy/TrajectoryPlanning/distill/data/benchmark/mp/train/sample_001093.npz,mp,mazes,U,mp_mazes,hard,hard,1,mp::mp_mazes,mp:train
calib,sample_001129.npz,/home/zzy/TrajectoryPlanning/distill/data/benchmark/mp/train/sample_001095.npz,mp,mazes,U,mp_mazes,hard,hard,1,mp::mp_mazes,mp:train
calib,sample_001130.npz,/home/zzy/TrajectoryPlanning/distill/data/benchmark/mp/train/sample_001098.npz,mp,mazes,U,mp_mazes,hard,hard,1,mp::mp_mazes,mp:train
calib,sample_001131.npz,/home/zzy/TrajectoryPlanning/distill/data/benchmark/mp/train/sample_001099.npz,mp,mazes,U,mp_mazes,hard,hard,1,mp::mp_mazes,mp:train
calib,sample_001132.npz,/home/zzy/TrajectoryPlanning/distill/data/benchmark/mp/train/sample_001107.npz,mp,mazes,U,mp_mazes,hard,hard,1,mp::mp_mazes,mp:train
calib,sample_001133.npz,/home/zzy/TrajectoryPlanning/distill/data/benchmark/mp/train/sample_001110.npz,mp,mazes,U,mp_mazes,hard,hard,1,mp::mp_mazes,mp:train
calib,sample_001134.npz,/home/zzy/TrajectoryPlanning/distill/data/benchmark/mp/train/sample_001127.npz,mp,mazes,U,mp_mazes,hard,hard,1,mp::mp_mazes,mp:train
calib,sample_001135.npz,/home/zzy/TrajectoryPlanning/distill/data/benchmark/mp/train/sample_001131.npz,mp,mazes,U,mp_mazes,hard,hard,1,mp::mp_mazes,mp:train
calib,sample_001136.npz,/home/zzy/TrajectoryPlanning/distill/data/benchmark/mp/train/sample_001139.npz,mp,mazes,U,mp_mazes,hard,hard,1,mp::mp_mazes,mp:train
calib,sample_001137.npz,/home/zzy/TrajectoryPlanning/distill/data/benchmark/mp/train/sample_001142.npz,mp,mazes,U,mp_mazes,hard,hard,1,mp::mp_mazes,mp:train
calib,sample_001138.npz,/home/zzy/TrajectoryPlanning/distill/data/benchmark/mp/train/sample_001146.npz,mp,mazes,U,mp_mazes,hard,hard,1,mp::mp_mazes,mp:train
calib,sample_001139.npz,/home/zzy/TrajectoryPlanning/distill/data/benchmark/mp/train/sample_001147.npz,mp,mazes,U,mp_mazes,hard,hard,1,mp::mp_mazes,mp:train
calib,sample_001140.npz,/home/zzy/TrajectoryPlanning/distill/data/benchmark/mp/train/sample_001151.npz,mp,mazes,U,mp_mazes,hard,hard,1,mp::mp_mazes,mp:train
calib,sample_001141.npz,/home/zzy/TrajectoryPlanning/distill/data/benchmark/mp/train/sample_001153.npz,mp,mazes,U,mp_mazes,hard,hard,1,mp::mp_mazes,mp:train
calib,sample_001142.npz,/home/zzy/TrajectoryPlanning/distill/data/benchmark/mp/train/sample_001158.npz,mp,mazes,U,mp_mazes,hard,hard,1,mp::mp_mazes,mp:train
calib,sample_001143.npz,/home/zzy/TrajectoryPlanning/distill/data/benchmark/mp/train/sample_001159.npz,mp,mazes,U,mp_mazes,hard,hard,1,mp::mp_mazes,mp:train
calib,sample_001144.npz,/home/zzy/TrajectoryPlanning/distill/data/benchmark/mp/train/sample_001171.npz,mp,mazes,U,mp_mazes,hard,hard,1,mp::mp_mazes,mp:train
calib,sample_001145.npz,/home/zzy/TrajectoryPlanning/distill/data/benchmark/mp/train/sample_001176.npz,mp,mazes,U,mp_mazes,hard,hard,1,mp::mp_mazes,mp:train
calib,sample_001146.npz,/home/zzy/TrajectoryPlanning/distill/data/benchmark/mp/train/sample_001177.npz,mp,mazes,U,mp_mazes,hard,hard,1,mp::mp_mazes,mp:train
calib,sample_001147.npz,/home/zzy/TrajectoryPlanning/distill/data/benchmark/mp/train/sample_001182.npz,mp,mazes,U,mp_mazes,hard,hard,1,mp::mp_mazes,mp:train
calib,sample_001148.npz,/home/zzy/TrajectoryPlanning/distill/data/benchmark/mp/train/sample_001184.npz,mp,mazes,U,mp_mazes,hard,hard,1,mp::mp_mazes,mp:train
calib,sample_001149.npz,/home/zzy/TrajectoryPlanning/distill/data/benchmark/mp/train/sample_001185.npz,mp,mazes,U,mp_mazes,hard,hard,1,mp::mp_mazes,mp:train
calib,sample_001150.npz,/home/zzy/TrajectoryPlanning/distill/data/benchmark/mp/train/sample_001186.npz,mp,mazes,U,mp_mazes,hard,hard,1,mp::mp_mazes,mp:train
calib,sample_001151.npz,/home/zzy/TrajectoryPlanning/distill/data/benchmark/mp/train/sample_001191.npz,mp,mazes,U,mp_mazes,hard,hard,1,mp::mp_mazes,mp:train
calib,sample_001152.npz,/home/zzy/TrajectoryPlanning/distill/data/benchmark/mp/train/sample_001199.npz,mp,mazes,U,mp_mazes,hard,hard,1,mp::mp_mazes,mp:train
calib,sample_001153.npz,/home/zzy/TrajectoryPlanning/distill/data/benchmark/mp/train/sample_001206.npz,mp,mazes,U,mp_mazes,hard,hard,1,mp::mp_mazes,mp:train
calib,sample_001154.npz,/home/zzy/TrajectoryPlanning/distill/data/benchmark/mp/train/sample_001217.npz,mp,mazes,U,mp_mazes,hard,hard,1,mp::mp_mazes,mp:train
calib,sample_001155.npz,/home/zzy/TrajectoryPlanning/distill/data/benchmark/mp/train/sample_001219.npz,mp,mazes,U,mp_mazes,hard,hard,1,mp::mp_mazes,mp:train
calib,sample_001156.npz,/home/zzy/TrajectoryPlanning/distill/data/benchmark/mp/train/sample_001226.npz,mp,mazes,U,mp_mazes,hard,hard,1,mp::mp_mazes,mp:train
calib,sample_001157.npz,/home/zzy/TrajectoryPlanning/distill/data/benchmark/mp/train/sample_001227.npz,mp,mazes,U,mp_mazes,hard,hard,1,mp::mp_mazes,mp:train
calib,sample_001158.npz,/home/zzy/TrajectoryPlanning/distill/data/benchmark/mp/train/sample_001229.npz,mp,mazes,U,mp_mazes,hard,hard,1,mp::mp_mazes,mp:train
calib,sample_001159.npz,/home/zzy/TrajectoryPlanning/distill/data/benchmark/mp/train/sample_001230.npz,mp,mazes,U,mp_mazes,hard,hard,1,mp::mp_mazes,mp:train
calib,sample_001160.npz,/home/zzy/TrajectoryPlanning/distill/data/benchmark/mp/train/sample_001232.npz,mp,mazes,U,mp_mazes,hard,hard,1,mp::mp_mazes,mp:train
calib,sample_001161.npz,/home/zzy/TrajectoryPlanning/distill/data/benchmark/mp/train/sample_001233.npz,mp,mazes,U,mp_mazes,hard,hard,1,mp::mp_mazes,mp:train
calib,sample_001162.npz,/home/zzy/TrajectoryPlanning/distill/data/benchmark/mp/train/sample_001235.npz,mp,mazes,U,mp_mazes,hard,hard,1,mp::mp_mazes,mp:train
calib,sample_001163.npz,/home/zzy/TrajectoryPlanning/distill/data/benchmark/mp/train/sample_001247.npz,mp,mazes,U,mp_mazes,hard,hard,1,mp::mp_mazes,mp:train
calib,sample_001164.npz,/home/zzy/TrajectoryPlanning/distill/data/benchmark/mp/train/sample_001257.npz,mp,mazes,U,mp_mazes,hard,hard,1,mp::mp_mazes,mp:train
calib,sample_001165.npz,/home/zzy/TrajectoryPlanning/distill/data/benchmark/mp/train/sample_001259.npz,mp,mazes,U,mp_mazes,hard,hard,1,mp::mp_mazes,mp:train
calib,sample_001166.npz,/home/zzy/TrajectoryPlanning/distill/data/benchmark/mp/train/sample_001276.npz,mp,mazes,U,mp_mazes,hard,hard,1,mp::mp_mazes,mp:train
calib,sample_001167.npz,/home/zzy/TrajectoryPlanning/distill/data/benchmark/mp/train/sample_001284.npz,mp,mazes,U,mp_mazes,hard,hard,1,mp::mp_mazes,mp:train
calib,sample_001168.npz,/home/zzy/TrajectoryPlanning/distill/data/benchmark/mp/train/sample_001288.npz,mp,mazes,U,mp_mazes,hard,hard,1,mp::mp_mazes,mp:train
calib,sample_001169.npz,/home/zzy/TrajectoryPlanning/distill/data/benchmark/mp/train/sample_001290.npz,mp,mazes,U,mp_mazes,hard,hard,1,mp::mp_mazes,mp:train
calib,sample_001170.npz,/home/zzy/TrajectoryPlanning/distill/data/benchmark/mp/train/sample_001296.npz,mp,mazes,U,mp_mazes,hard,hard,1,mp::mp_mazes,mp:train
calib,sample_001171.npz,/home/zzy/TrajectoryPlanning/distill/data/benchmark/mp/train/sample_001298.npz,mp,mazes,U,mp_mazes,hard,hard,1,mp::mp_mazes,mp:train
calib,sample_001172.npz,/home/zzy/TrajectoryPlanning/distill/data/benchmark/mp/train/sample_001303.npz,mp,mazes,U,mp_mazes,hard,hard,1,mp::mp_mazes,mp:train
calib,sample_001173.npz,/home/zzy/TrajectoryPlanning/distill/data/benchmark/mp/train/sample_001306.npz,mp,mazes,U,mp_mazes,hard,hard,1,mp::mp_mazes,mp:train
calib,sample_001174.npz,/home/zzy/TrajectoryPlanning/distill/data/benchmark/mp/train/sample_001308.npz,mp,mazes,U,mp_mazes,hard,hard,1,mp::mp_mazes,mp:train
calib,sample_001175.npz,/home/zzy/TrajectoryPlanning/distill/data/benchmark/mp/train/sample_001310.npz,mp,mazes,U,mp_mazes,hard,hard,1,mp::mp_mazes,mp:train
calib,sample_001176.npz,/home/zzy/TrajectoryPlanning/distill/data/benchmark/mp/train/sample_001321.npz,mp,mazes,U,mp_mazes,hard,hard,1,mp::mp_mazes,mp:train
calib,sample_001177.npz,/home/zzy/TrajectoryPlanning/distill/data/benchmark/mp/train/sample_001322.npz,mp,mazes,U,mp_mazes,hard,hard,1,mp::mp_mazes,mp:train
calib,sample_001178.npz,/home/zzy/TrajectoryPlanning/distill/data/benchmark/mp/train/sample_001324.npz,mp,mazes,U,mp_mazes,hard,hard,1,mp::mp_mazes,mp:train
calib,sample_001179.npz,/home/zzy/TrajectoryPlanning/distill/data/benchmark/mp/train/sample_001326.npz,mp,mazes,U,mp_mazes,hard,hard,1,mp::mp_mazes,mp:train
calib,sample_001180.npz,/home/zzy/TrajectoryPlanning/distill/data/benchmark/mp/train/sample_001332.npz,mp,mazes,U,mp_mazes,hard,hard,1,mp::mp_mazes,mp:train
calib,sample_001181.npz,/home/zzy/TrajectoryPlanning/distill/data/benchmark/mp/train/sample_001335.npz,mp,mazes,U,mp_mazes,hard,hard,1,mp::mp_mazes,mp:train
calib,sample_001182.npz,/home/zzy/TrajectoryPlanning/distill/data/benchmark/mp/train/sample_001336.npz,mp,mazes,U,mp_mazes,hard,hard,1,mp::mp_mazes,mp:train
calib,sample_001183.npz,/home/zzy/TrajectoryPlanning/distill/data/benchmark/mp/train/sample_001339.npz,mp,mazes,U,mp_mazes,hard,hard,1,mp::mp_mazes,mp:train
calib,sample_001184.npz,/home/zzy/TrajectoryPlanning/distill/data/benchmark/mp/train/sample_001341.npz,mp,mazes,U,mp_mazes,hard,hard,1,mp::mp_mazes,mp:train
calib,sample_001185.npz,/home/zzy/TrajectoryPlanning/distill/data/benchmark/mp/train/sample_001346.npz,mp,mazes,U,mp_mazes,hard,hard,1,mp::mp_mazes,mp:train
calib,sample_001186.npz,/home/zzy/TrajectoryPlanning/distill/data/benchmark/mp/train/sample_001357.npz,mp,mazes,U,mp_mazes,hard,hard,1,mp::mp_mazes,mp:train
calib,sample_001187.npz,/home/zzy/TrajectoryPlanning/distill/data/benchmark/mp/train/sample_001361.npz,mp,mazes,U,mp_mazes,hard,hard,1,mp::mp_mazes,mp:train
calib,sample_001188.npz,/home/zzy/TrajectoryPlanning/distill/data/benchmark/mp/train/sample_001363.npz,mp,mazes,U,mp_mazes,hard,hard,1,mp::mp_mazes,mp:train
calib,sample_001189.npz,/home/zzy/TrajectoryPlanning/distill/data/benchmark/mp/train/sample_001366.npz,mp,mazes,U,mp_mazes,hard,hard,1,mp::mp_mazes,mp:train
calib,sample_001190.npz,/home/zzy/TrajectoryPlanning/distill/data/benchmark/mp/train/sample_001368.npz,mp,mazes,U,mp_mazes,hard,hard,1,mp::mp_mazes,mp:train
calib,sample_001191.npz,/home/zzy/TrajectoryPlanning/distill/data/benchmark/mp/train/sample_001371.npz,mp,mazes,U,mp_mazes,hard,hard,1,mp::mp_mazes,mp:train
calib,sample_001192.npz,/home/zzy/TrajectoryPlanning/distill/data/benchmark/mp/train/sample_001374.npz,mp,mazes,U,mp_mazes,hard,hard,1,mp::mp_mazes,mp:train
calib,sample_001193.npz,/home/zzy/TrajectoryPlanning/distill/data/benchmark/mp/train/sample_001376.npz,mp,mazes,U,mp_mazes,hard,hard,1,mp::mp_mazes,mp:train
calib,sample_001194.npz,/home/zzy/TrajectoryPlanning/distill/data/benchmark/mp/train/sample_001383.npz,mp,mazes,U,mp_mazes,hard,hard,1,mp::mp_mazes,mp:train
calib,sample_001195.npz,/home/zzy/TrajectoryPlanning/distill/data/benchmark/mp/train/sample_001384.npz,mp,mazes,U,mp_mazes,hard,hard,1,mp::mp_mazes,mp:train
calib,sample_001196.npz,/home/zzy/TrajectoryPlanning/distill/data/benchmark/mp/train/sample_001386.npz,mp,mazes,U,mp_mazes,hard,hard,1,mp::mp_mazes,mp:train
calib,sample_001197.npz,/home/zzy/TrajectoryPlanning/distill/data/benchmark/mp/train/sample_001387.npz,mp,mazes,U,mp_mazes,hard,hard,1,mp::mp_mazes,mp:train
calib,sample_001198.npz,/home/zzy/TrajectoryPlanning/distill/data/benchmark/mp/train/sample_001391.npz,mp,mazes,U,mp_mazes,hard,hard,1,mp::mp_mazes,mp:train
calib,sample_001199.npz,/home/zzy/TrajectoryPlanning/distill/data/benchmark/mp/train/sample_001400.npz,mp,mazes,U,mp_mazes,hard,hard,1,mp::mp_mazes,mp:train
calib,sample_001200.npz,/home/zzy/TrajectoryPlanning/distill/data/benchmark/mp/train/sample_001403.npz,mp,mazes,U,mp_mazes,hard,hard,1,mp::mp_mazes,mp:train
calib,sample_001201.npz,/home/zzy/TrajectoryPlanning/distill/data/benchmark/mp/train/sample_001404.npz,mp,mazes,U,mp_mazes,hard,hard,1,mp::mp_mazes,mp:train
calib,sample_001202.npz,/home/zzy/TrajectoryPlanning/distill/data/benchmark/mp/train/sample_001405.npz,mp,mazes,U,mp_mazes,hard,hard,1,mp::mp_mazes,mp:train
calib,sample_001203.npz,/home/zzy/TrajectoryPlanning/distill/data/benchmark/mp/train/sample_001408.npz,mp,mazes,U,mp_mazes,hard,hard,1,mp::mp_mazes,mp:train
calib,sample_001204.npz,/home/zzy/TrajectoryPlanning/distill/data/benchmark/mp/train/sample_001409.npz,mp,mazes,U,mp_mazes,hard,hard,1,mp::mp_mazes,mp:train
calib,sample_001205.npz,/home/zzy/TrajectoryPlanning/distill/data/benchmark/mp/train/sample_001415.npz,mp,mazes,U,mp_mazes,hard,hard,1,mp::mp_mazes,mp:train
calib,sample_001206.npz,/home/zzy/TrajectoryPlanning/distill/data/benchmark/mp/train/sample_001418.npz,mp,mazes,U,mp_mazes,hard,hard,1,mp::mp_mazes,mp:train
calib,sample_001207.npz,/home/zzy/TrajectoryPlanning/distill/data/benchmark/mp/train/sample_001422.npz,mp,mazes,U,mp_mazes,hard,hard,1,mp::mp_mazes,mp:train
calib,sample_001208.npz,/home/zzy/TrajectoryPlanning/distill/data/benchmark/mp/train/sample_001425.npz,mp,mazes,U,mp_mazes,hard,hard,1,mp::mp_mazes,mp:train
calib,sample_001209.npz,/home/zzy/TrajectoryPlanning/distill/data/benchmark/mp/train/sample_001426.npz,mp,mazes,U,mp_mazes,hard,hard,1,mp::mp_mazes,mp:train
calib,sample_001210.npz,/home/zzy/TrajectoryPlanning/distill/data/benchmark/mp/train/sample_001430.npz,mp,mazes,U,mp_mazes,hard,hard,1,mp::mp_mazes,mp:train
calib,sample_001211.npz,/home/zzy/TrajectoryPlanning/distill/data/benchmark/mp/train/sample_001442.npz,mp,mazes,U,mp_mazes,hard,hard,1,mp::mp_mazes,mp:train
calib,sample_001212.npz,/home/zzy/TrajectoryPlanning/distill/data/benchmark/mp/train/sample_001448.npz,mp,mazes,U,mp_mazes,hard,hard,1,mp::mp_mazes,mp:train
calib,sample_001213.npz,/home/zzy/TrajectoryPlanning/distill/data/benchmark/mp/train/sample_001451.npz,mp,mazes,U,mp_mazes,hard,hard,1,mp::mp_mazes,mp:train
calib,sample_001214.npz,/home/zzy/TrajectoryPlanning/distill/data/benchmark/mp/train/sample_001452.npz,mp,mazes,U,mp_mazes,hard,hard,1,mp::mp_mazes,mp:train
calib,sample_001215.npz,/home/zzy/TrajectoryPlanning/distill/data/benchmark/mp/train/sample_001454.npz,mp,mazes,U,mp_mazes,hard,hard,1,mp::mp_mazes,mp:train
calib,sample_001216.npz,/home/zzy/TrajectoryPlanning/distill/data/benchmark/mp/train/sample_001459.npz,mp,mazes,U,mp_mazes,hard,hard,1,mp::mp_mazes,mp:train
calib,sample_001217.npz,/home/zzy/TrajectoryPlanning/distill/data/benchmark/mp/train/sample_001460.npz,mp,mazes,U,mp_mazes,hard,hard,1,mp::mp_mazes,mp:train
calib,sample_001218.npz,/home/zzy/TrajectoryPlanning/distill/data/benchmark/mp/train/sample_001463.npz,mp,mazes,U,mp_mazes,hard,hard,1,mp::mp_mazes,mp:train
calib,sample_001219.npz,/home/zzy/TrajectoryPlanning/distill/data/benchmark/mp/train/sample_001464.npz,mp,mazes,U,mp_mazes,hard,hard,1,mp::mp_mazes,mp:train
calib,sample_001220.npz,/home/zzy/TrajectoryPlanning/distill/data/benchmark/mp/train/sample_001471.npz,mp,mazes,U,mp_mazes,hard,hard,1,mp::mp_mazes,mp:train
calib,sample_001221.npz,/home/zzy/TrajectoryPlanning/distill/data/benchmark/mp/train/sample_001472.npz,mp,mazes,U,mp_mazes,hard,hard,1,mp::mp_mazes,mp:train
calib,sample_001222.npz,/home/zzy/TrajectoryPlanning/distill/data/benchmark/mp/train/sample_001473.npz,mp,mazes,U,mp_mazes,hard,hard,1,mp::mp_mazes,mp:train
calib,sample_001223.npz,/home/zzy/TrajectoryPlanning/distill/data/benchmark/mp/train/sample_001477.npz,mp,mazes,U,mp_mazes,hard,hard,1,mp::mp_mazes,mp:train
calib,sample_001224.npz,/home/zzy/TrajectoryPlanning/distill/data/benchmark/mp/train/sample_001482.npz,mp,mazes,U,mp_mazes,hard,hard,1,mp::mp_mazes,mp:train
calib,sample_001225.npz,/home/zzy/TrajectoryPlanning/distill/data/benchmark/mp/train/sample_001487.npz,mp,mazes,U,mp_mazes,hard,hard,1,mp::mp_mazes,mp:train
calib,sample_001226.npz,/home/zzy/TrajectoryPlanning/distill/data/benchmark/mp/train/sample_001491.npz,mp,mazes,U,mp_mazes,hard,hard,1,mp::mp_mazes,mp:train
calib,sample_001227.npz,/home/zzy/TrajectoryPlanning/distill/data/benchmark/mp/train/sample_001494.npz,mp,mazes,U,mp_mazes,hard,hard,1,mp::mp_mazes,mp:train
calib,sample_001228.npz,/home/zzy/TrajectoryPlanning/distill/data/benchmark/mp/train/sample_001501.npz,mp,mazes,U,mp_mazes,hard,hard,1,mp::mp_mazes,mp:train
calib,sample_001229.npz,/home/zzy/TrajectoryPlanning/distill/data/benchmark/mp/train/sample_001504.npz,mp,mazes,U,mp_mazes,hard,hard,1,mp::mp_mazes,mp:train
calib,sample_001230.npz,/home/zzy/TrajectoryPlanning/distill/data/benchmark/mp/train/sample_001515.npz,mp,mazes,U,mp_mazes,hard,hard,1,mp::mp_mazes,mp:train
calib,sample_001231.npz,/home/zzy/TrajectoryPlanning/distill/data/benchmark/mp/train/sample_001517.npz,mp,mazes,U,mp_mazes,hard,hard,1,mp::mp_mazes,mp:train
calib,sample_001232.npz,/home/zzy/TrajectoryPlanning/distill/data/benchmark/mp/train/sample_001525.npz,mp,mazes,U,mp_mazes,hard,hard,1,mp::mp_mazes,mp:train
calib,sample_001233.npz,/home/zzy/TrajectoryPlanning/distill/data/benchmark/mp/train/sample_001528.npz,mp,mazes,U,mp_mazes,hard,hard,1,mp::mp_mazes,mp:train
calib,sample_001234.npz,/home/zzy/TrajectoryPlanning/distill/data/benchmark/mp/train/sample_001530.npz,mp,mazes,U,mp_mazes,hard,hard,1,mp::mp_mazes,mp:train
calib,sample_001235.npz,/home/zzy/TrajectoryPlanning/distill/data/benchmark/mp/train/sample_001532.npz,mp,mazes,U,mp_mazes,hard,hard,1,mp::mp_mazes,mp:train
calib,sample_001236.npz,/home/zzy/TrajectoryPlanning/distill/data/benchmark/mp/train/sample_001534.npz,mp,mazes,U,mp_mazes,hard,hard,1,mp::mp_mazes,mp:train
calib,sample_001237.npz,/home/zzy/TrajectoryPlanning/distill/data/benchmark/mp/train/sample_001538.npz,mp,mazes,U,mp_mazes,hard,hard,1,mp::mp_mazes,mp:train
calib,sample_001238.npz,/home/zzy/TrajectoryPlanning/distill/data/benchmark/mp/train/sample_001539.npz,mp,mazes,U,mp_mazes,hard,hard,1,mp::mp_mazes,mp:train
calib,sample_001239.npz,/home/zzy/TrajectoryPlanning/distill/data/benchmark/mp/train/sample_001542.npz,mp,mazes,U,mp_mazes,hard,hard,1,mp::mp_mazes,mp:train
calib,sample_001240.npz,/home/zzy/TrajectoryPlanning/distill/data/benchmark/mp/train/sample_001545.npz,mp,mazes,U,mp_mazes,hard,hard,1,mp::mp_mazes,mp:train
calib,sample_001241.npz,/home/zzy/TrajectoryPlanning/distill/data/benchmark/mp/train/sample_001550.npz,mp,mazes,U,mp_mazes,hard,hard,1,mp::mp_mazes,mp:train
calib,sample_001242.npz,/home/zzy/TrajectoryPlanning/distill/data/benchmark/mp/train/sample_001557.npz,mp,mazes,U,mp_mazes,hard,hard,1,mp::mp_mazes,mp:train
calib,sample_001243.npz,/home/zzy/TrajectoryPlanning/distill/data/benchmark/mp/train/sample_001572.npz,mp,mazes,U,mp_mazes,hard,hard,1,mp::mp_mazes,mp:train
calib,sample_001244.npz,/home/zzy/TrajectoryPlanning/distill/data/benchmark/mp/train/sample_001576.npz,mp,mazes,U,mp_mazes,hard,hard,1,mp::mp_mazes,mp:train
calib,sample_001245.npz,/home/zzy/TrajectoryPlanning/distill/data/benchmark/mp/train/sample_001587.npz,mp,mazes,U,mp_mazes,hard,hard,1,mp::mp_mazes,mp:train
calib,sample_001246.npz,/home/zzy/TrajectoryPlanning/distill/data/benchmark/mp/train/sample_001598.npz,mp,mazes,U,mp_mazes,hard,hard,1,mp::mp_mazes,mp:train
calib,sample_001247.npz,/home/zzy/TrajectoryPlanning/distill/data/benchmark/mp/test/sample_000604.npz,mp,multiple_bugtraps,U,mp_multiple_bugtraps,hard,hard,0,,mp:test
calib,sample_001248.npz,/home/zzy/TrajectoryPlanning/distill/data/benchmark/mp/test/sample_000618.npz,mp,multiple_bugtraps,U,mp_multiple_bugtraps,hard,hard,0,,mp:test
calib,sample_001249.npz,/home/zzy/TrajectoryPlanning/distill/data/benchmark/mp/test/sample_000627.npz,mp,multiple_bugtraps,U,mp_multiple_bugtraps,hard,hard,0,,mp:test
calib,sample_001250.npz,/home/zzy/TrajectoryPlanning/distill/data/benchmark/mp/test/sample_000628.npz,mp,multiple_bugtraps,U,mp_multiple_bugtraps,hard,hard,0,,mp:test
calib,sample_001251.npz,/home/zzy/TrajectoryPlanning/distill/data/benchmark/mp/test/sample_000630.npz,mp,multiple_bugtraps,U,mp_multiple_bugtraps,hard,hard,0,,mp:test
calib,sample_001252.npz,/home/zzy/TrajectoryPlanning/distill/data/benchmark/mp/test/sample_000631.npz,mp,multiple_bugtraps,U,mp_multiple_bugtraps,hard,hard,0,,mp:test
calib,sample_001253.npz,/home/zzy/TrajectoryPlanning/distill/data/benchmark/mp/test/sample_000635.npz,mp,multiple_bugtraps,U,mp_multiple_bugtraps,hard,hard,0,,mp:test
calib,sample_001254.npz,/home/zzy/TrajectoryPlanning/distill/data/benchmark/mp/test/sample_000648.npz,mp,multiple_bugtraps,U,mp_multiple_bugtraps,hard,hard,0,,mp:test
calib,sample_001255.npz,/home/zzy/TrajectoryPlanning/distill/data/benchmark/mp/test/sample_000651.npz,mp,multiple_bugtraps,U,mp_multiple_bugtraps,hard,hard,0,,mp:test
calib,sample_001256.npz,/home/zzy/TrajectoryPlanning/distill/data/benchmark/mp/test/sample_000656.npz,mp,multiple_bugtraps,U,mp_multiple_bugtraps,hard,hard,0,,mp:test
calib,sample_001257.npz,/home/zzy/TrajectoryPlanning/distill/data/benchmark/mp/test/sample_000657.npz,mp,multiple_bugtraps,U,mp_multiple_bugtraps,hard,hard,0,,mp:test
calib,sample_001258.npz,/home/zzy/TrajectoryPlanning/distill/data/benchmark/mp/test/sample_000659.npz,mp,multiple_bugtraps,U,mp_multiple_bugtraps,hard,hard,0,,mp:test
calib,sample_001259.npz,/home/zzy/TrajectoryPlanning/distill/data/benchmark/mp/test/sample_000663.npz,mp,multiple_bugtraps,U,mp_multiple_bugtraps,hard,hard,0,,mp:test
calib,sample_001260.npz,/home/zzy/TrajectoryPlanning/distill/data/benchmark/mp/test/sample_000666.npz,mp,multiple_bugtraps,U,mp_multiple_bugtraps,hard,hard,0,,mp:test
calib,sample_001261.npz,/home/zzy/TrajectoryPlanning/distill/data/benchmark/mp/test/sample_000671.npz,mp,multiple_bugtraps,U,mp_multiple_bugtraps,hard,hard,0,,mp:test
calib,sample_001262.npz,/home/zzy/TrajectoryPlanning/distill/data/benchmark/mp/test/sample_000676.npz,mp,multiple_bugtraps,U,mp_multiple_bugtraps,hard,hard,0,,mp:test
calib,sample_001263.npz,/home/zzy/TrajectoryPlanning/distill/data/benchmark/mp/test/sample_000678.npz,mp,multiple_bugtraps,U,mp_multiple_bugtraps,hard,hard,0,,mp:test
calib,sample_001264.npz,/home/zzy/TrajectoryPlanning/distill/data/benchmark/mp/test/sample_000684.npz,mp,multiple_bugtraps,U,mp_multiple_bugtraps,hard,hard,0,,mp:test
calib,sample_001265.npz,/home/zzy/TrajectoryPlanning/distill/data/benchmark/mp/test/sample_000691.npz,mp,multiple_bugtraps,U,mp_multiple_bugtraps,hard,hard,0,,mp:test
calib,sample_001266.npz,/home/zzy/TrajectoryPlanning/distill/data/benchmark/mp/train/sample_004800.npz,mp,multiple_bugtraps,U,mp_multiple_bugtraps,hard,hard,0,,mp:train
calib,sample_001267.npz,/home/zzy/TrajectoryPlanning/distill/data/benchmark/mp/train/sample_004801.npz,mp,multiple_bugtraps,U,mp_multiple_bugtraps,hard,hard,0,,mp:train
calib,sample_001268.npz,/home/zzy/TrajectoryPlanning/distill/data/benchmark/mp/train/sample_004804.npz,mp,multiple_bugtraps,U,mp_multiple_bugtraps,hard,hard,0,,mp:train
calib,sample_001269.npz,/home/zzy/TrajectoryPlanning/distill/data/benchmark/mp/train/sample_004808.npz,mp,multiple_bugtraps,U,mp_multiple_bugtraps,hard,hard,0,,mp:train
calib,sample_001270.npz,/home/zzy/TrajectoryPlanning/distill/data/benchmark/mp/train/sample_004818.npz,mp,multiple_bugtraps,U,mp_multiple_bugtraps,hard,hard,0,,mp:train
calib,sample_001271.npz,/home/zzy/TrajectoryPlanning/distill/data/benchmark/mp/train/sample_004823.npz,mp,multiple_bugtraps,U,mp_multiple_bugtraps,hard,hard,0,,mp:train
calib,sample_001272.npz,/home/zzy/TrajectoryPlanning/distill/data/benchmark/mp/train/sample_004829.npz,mp,multiple_bugtraps,U,mp_multiple_bugtraps,hard,hard,0,,mp:train
calib,sample_001273.npz,/home/zzy/TrajectoryPlanning/distill/data/benchmark/mp/train/sample_004831.npz,mp,multiple_bugtraps,U,mp_multiple_bugtraps,hard,hard,0,,mp:train
calib,sample_001274.npz,/home/zzy/TrajectoryPlanning/distill/data/benchmark/mp/train/sample_004833.npz,mp,multiple_bugtraps,U,mp_multiple_bugtraps,hard,hard,0,,mp:train
calib,sample_001275.npz,/home/zzy/TrajectoryPlanning/distill/data/benchmark/mp/train/sample_004835.npz,mp,multiple_bugtraps,U,mp_multiple_bugtraps,hard,hard,0,,mp:train
calib,sample_001276.npz,/home/zzy/TrajectoryPlanning/distill/data/benchmark/mp/train/sample_004836.npz,mp,multiple_bugtraps,U,mp_multiple_bugtraps,hard,hard,0,,mp:train
calib,sample_001277.npz,/home/zzy/TrajectoryPlanning/distill/data/benchmark/mp/train/sample_004839.npz,mp,multiple_bugtraps,U,mp_multiple_bugtraps,hard,hard,0,,mp:train
calib,sample_001278.npz,/home/zzy/TrajectoryPlanning/distill/data/benchmark/mp/train/sample_004842.npz,mp,multiple_bugtraps,U,mp_multiple_bugtraps,hard,hard,0,,mp:train
calib,sample_001279.npz,/home/zzy/TrajectoryPlanning/distill/data/benchmark/mp/train/sample_004846.npz,mp,multiple_bugtraps,U,mp_multiple_bugtraps,hard,hard,0,,mp:train
calib,sample_001280.npz,/home/zzy/TrajectoryPlanning/distill/data/benchmark/mp/train/sample_004856.npz,mp,multiple_bugtraps,U,mp_multiple_bugtraps,hard,hard,0,,mp:train
calib,sample_001281.npz,/home/zzy/TrajectoryPlanning/distill/data/benchmark/mp/train/sample_004857.npz,mp,multiple_bugtraps,U,mp_multiple_bugtraps,hard,hard,0,,mp:train
calib,sample_001282.npz,/home/zzy/TrajectoryPlanning/distill/data/benchmark/mp/train/sample_004865.npz,mp,multiple_bugtraps,U,mp_multiple_bugtraps,hard,hard,0,,mp:train
calib,sample_001283.npz,/home/zzy/TrajectoryPlanning/distill/data/benchmark/mp/train/sample_004867.npz,mp,multiple_bugtraps,U,mp_multiple_bugtraps,hard,hard,0,,mp:train
calib,sample_001284.npz,/home/zzy/TrajectoryPlanning/distill/data/benchmark/mp/train/sample_004868.npz,mp,multiple_bugtraps,U,mp_multiple_bugtraps,hard,hard,0,,mp:train
calib,sample_001285.npz,/home/zzy/TrajectoryPlanning/distill/data/benchmark/mp/train/sample_004875.npz,mp,multiple_bugtraps,U,mp_multiple_bugtraps,hard,hard,0,,mp:train
calib,sample_001286.npz,/home/zzy/TrajectoryPlanning/distill/data/benchmark/mp/train/sample_004877.npz,mp,multiple_bugtraps,U,mp_multiple_bugtraps,hard,hard,0,,mp:train
calib,sample_001287.npz,/home/zzy/TrajectoryPlanning/distill/data/benchmark/mp/train/sample_004879.npz,mp,multiple_bugtraps,U,mp_multiple_bugtraps,hard,hard,0,,mp:train
calib,sample_001288.npz,/home/zzy/TrajectoryPlanning/distill/data/benchmark/mp/train/sample_004880.npz,mp,multiple_bugtraps,U,mp_multiple_bugtraps,hard,hard,0,,mp:train
calib,sample_001289.npz,/home/zzy/TrajectoryPlanning/distill/data/benchmark/mp/train/sample_004890.npz,mp,multiple_bugtraps,U,mp_multiple_bugtraps,hard,hard,0,,mp:train
calib,sample_001290.npz,/home/zzy/TrajectoryPlanning/distill/data/benchmark/mp/train/sample_004894.npz,mp,multiple_bugtraps,U,mp_multiple_bugtraps,hard,hard,0,,mp:train
calib,sample_001291.npz,/home/zzy/TrajectoryPlanning/distill/data/benchmark/mp/train/sample_004895.npz,mp,multiple_bugtraps,U,mp_multiple_bugtraps,hard,hard,0,,mp:train
calib,sample_001292.npz,/home/zzy/TrajectoryPlanning/distill/data/benchmark/mp/train/sample_004896.npz,mp,multiple_bugtraps,U,mp_multiple_bugtraps,hard,hard,0,,mp:train
calib,sample_001293.npz,/home/zzy/TrajectoryPlanning/distill/data/benchmark/mp/train/sample_004909.npz,mp,multiple_bugtraps,U,mp_multiple_bugtraps,hard,hard,0,,mp:train
calib,sample_001294.npz,/home/zzy/TrajectoryPlanning/distill/data/benchmark/mp/train/sample_004911.npz,mp,multiple_bugtraps,U,mp_multiple_bugtraps,hard,hard,0,,mp:train
calib,sample_001295.npz,/home/zzy/TrajectoryPlanning/distill/data/benchmark/mp/train/sample_004913.npz,mp,multiple_bugtraps,U,mp_multiple_bugtraps,hard,hard,0,,mp:train
calib,sample_001296.npz,/home/zzy/TrajectoryPlanning/distill/data/benchmark/mp/train/sample_004922.npz,mp,multiple_bugtraps,U,mp_multiple_bugtraps,hard,hard,0,,mp:train
calib,sample_001297.npz,/home/zzy/TrajectoryPlanning/distill/data/benchmark/mp/train/sample_004927.npz,mp,multiple_bugtraps,U,mp_multiple_bugtraps,hard,hard,0,,mp:train
calib,sample_001298.npz,/home/zzy/TrajectoryPlanning/distill/data/benchmark/mp/train/sample_004928.npz,mp,multiple_bugtraps,U,mp_multiple_bugtraps,hard,hard,0,,mp:train
calib,sample_001299.npz,/home/zzy/TrajectoryPlanning/distill/data/benchmark/mp/train/sample_004930.npz,mp,multiple_bugtraps,U,mp_multiple_bugtraps,hard,hard,0,,mp:train
calib,sample_001300.npz,/home/zzy/TrajectoryPlanning/distill/data/benchmark/mp/train/sample_004937.npz,mp,multiple_bugtraps,U,mp_multiple_bugtraps,hard,hard,0,,mp:train
calib,sample_001301.npz,/home/zzy/TrajectoryPlanning/distill/data/benchmark/mp/train/sample_004940.npz,mp,multiple_bugtraps,U,mp_multiple_bugtraps,hard,hard,0,,mp:train
calib,sample_001302.npz,/home/zzy/TrajectoryPlanning/distill/data/benchmark/mp/train/sample_004943.npz,mp,multiple_bugtraps,U,mp_multiple_bugtraps,hard,hard,0,,mp:train
calib,sample_001303.npz,/home/zzy/TrajectoryPlanning/distill/data/benchmark/mp/train/sample_004953.npz,mp,multiple_bugtraps,U,mp_multiple_bugtraps,hard,hard,0,,mp:train
calib,sample_001304.npz,/home/zzy/TrajectoryPlanning/distill/data/benchmark/mp/train/sample_004955.npz,mp,multiple_bugtraps,U,mp_multiple_bugtraps,hard,hard,0,,mp:train
calib,sample_001305.npz,/home/zzy/TrajectoryPlanning/distill/data/benchmark/mp/train/sample_004966.npz,mp,multiple_bugtraps,U,mp_multiple_bugtraps,hard,hard,0,,mp:train
calib,sample_001306.npz,/home/zzy/TrajectoryPlanning/distill/data/benchmark/mp/train/sample_004973.npz,mp,multiple_bugtraps,U,mp_multiple_bugtraps,hard,hard,0,,mp:train
calib,sample_001307.npz,/home/zzy/TrajectoryPlanning/distill/data/benchmark/mp/train/sample_004976.npz,mp,multiple_bugtraps,U,mp_multiple_bugtraps,hard,hard,0,,mp:train
calib,sample_001308.npz,/home/zzy/TrajectoryPlanning/distill/data/benchmark/mp/train/sample_004980.npz,mp,multiple_bugtraps,U,mp_multiple_bugtraps,hard,hard,0,,mp:train
calib,sample_001309.npz,/home/zzy/TrajectoryPlanning/distill/data/benchmark/mp/train/sample_004982.npz,mp,multiple_bugtraps,U,mp_multiple_bugtraps,hard,hard,0,,mp:train
calib,sample_001310.npz,/home/zzy/TrajectoryPlanning/distill/data/benchmark/mp/train/sample_004994.npz,mp,multiple_bugtraps,U,mp_multiple_bugtraps,hard,hard,0,,mp:train
calib,sample_001311.npz,/home/zzy/TrajectoryPlanning/distill/data/benchmark/mp/train/sample_004998.npz,mp,multiple_bugtraps,U,mp_multiple_bugtraps,hard,hard,0,,mp:train
calib,sample_001312.npz,/home/zzy/TrajectoryPlanning/distill/data/benchmark/mp/train/sample_005000.npz,mp,multiple_bugtraps,U,mp_multiple_bugtraps,hard,hard,0,,mp:train
calib,sample_001313.npz,/home/zzy/TrajectoryPlanning/distill/data/benchmark/mp/train/sample_005001.npz,mp,multiple_bugtraps,U,mp_multiple_bugtraps,hard,hard,0,,mp:train
calib,sample_001314.npz,/home/zzy/TrajectoryPlanning/distill/data/benchmark/mp/train/sample_005002.npz,mp,multiple_bugtraps,U,mp_multiple_bugtraps,hard,hard,0,,mp:train
calib,sample_001315.npz,/home/zzy/TrajectoryPlanning/distill/data/benchmark/mp/train/sample_005009.npz,mp,multiple_bugtraps,U,mp_multiple_bugtraps,hard,hard,0,,mp:train
calib,sample_001316.npz,/home/zzy/TrajectoryPlanning/distill/data/benchmark/mp/train/sample_005018.npz,mp,multiple_bugtraps,U,mp_multiple_bugtraps,hard,hard,0,,mp:train
calib,sample_001317.npz,/home/zzy/TrajectoryPlanning/distill/data/benchmark/mp/train/sample_005019.npz,mp,multiple_bugtraps,U,mp_multiple_bugtraps,hard,hard,0,,mp:train
calib,sample_001318.npz,/home/zzy/TrajectoryPlanning/distill/data/benchmark/mp/train/sample_005025.npz,mp,multiple_bugtraps,U,mp_multiple_bugtraps,hard,hard,0,,mp:train
calib,sample_001319.npz,/home/zzy/TrajectoryPlanning/distill/data/benchmark/mp/train/sample_005033.npz,mp,multiple_bugtraps,U,mp_multiple_bugtraps,hard,hard,0,,mp:train
calib,sample_001320.npz,/home/zzy/TrajectoryPlanning/distill/data/benchmark/mp/train/sample_005039.npz,mp,multiple_bugtraps,U,mp_multiple_bugtraps,hard,hard,0,,mp:train
calib,sample_001321.npz,/home/zzy/TrajectoryPlanning/distill/data/benchmark/mp/train/sample_005043.npz,mp,multiple_bugtraps,U,mp_multiple_bugtraps,hard,hard,0,,mp:train
calib,sample_001322.npz,/home/zzy/TrajectoryPlanning/distill/data/benchmark/mp/train/sample_005045.npz,mp,multiple_bugtraps,U,mp_multiple_bugtraps,hard,hard,0,,mp:train
calib,sample_001323.npz,/home/zzy/TrajectoryPlanning/distill/data/benchmark/mp/train/sample_005049.npz,mp,multiple_bugtraps,U,mp_multiple_bugtraps,hard,hard,0,,mp:train
calib,sample_001324.npz,/home/zzy/TrajectoryPlanning/distill/data/benchmark/mp/train/sample_005055.npz,mp,multiple_bugtraps,U,mp_multiple_bugtraps,hard,hard,0,,mp:train
calib,sample_001325.npz,/home/zzy/TrajectoryPlanning/distill/data/benchmark/mp/train/sample_005066.npz,mp,multiple_bugtraps,U,mp_multiple_bugtraps,hard,hard,0,,mp:train
calib,sample_001326.npz,/home/zzy/TrajectoryPlanning/distill/data/benchmark/mp/train/sample_005069.npz,mp,multiple_bugtraps,U,mp_multiple_bugtraps,hard,hard,0,,mp:train
calib,sample_001327.npz,/home/zzy/TrajectoryPlanning/distill/data/benchmark/mp/train/sample_005071.npz,mp,multiple_bugtraps,U,mp_multiple_bugtraps,hard,hard,0,,mp:train
calib,sample_001328.npz,/home/zzy/TrajectoryPlanning/distill/data/benchmark/mp/train/sample_005073.npz,mp,multiple_bugtraps,U,mp_multiple_bugtraps,hard,hard,0,,mp:train
calib,sample_001329.npz,/home/zzy/TrajectoryPlanning/distill/data/benchmark/mp/train/sample_005097.npz,mp,multiple_bugtraps,U,mp_multiple_bugtraps,hard,hard,0,,mp:train
calib,sample_001330.npz,/home/zzy/TrajectoryPlanning/distill/data/benchmark/mp/train/sample_005099.npz,mp,multiple_bugtraps,U,mp_multiple_bugtraps,hard,hard,0,,mp:train
calib,sample_001331.npz,/home/zzy/TrajectoryPlanning/distill/data/benchmark/mp/train/sample_005102.npz,mp,multiple_bugtraps,U,mp_multiple_bugtraps,hard,hard,0,,mp:train
calib,sample_001332.npz,/home/zzy/TrajectoryPlanning/distill/data/benchmark/mp/train/sample_005103.npz,mp,multiple_bugtraps,U,mp_multiple_bugtraps,hard,hard,0,,mp:train
calib,sample_001333.npz,/home/zzy/TrajectoryPlanning/distill/data/benchmark/mp/train/sample_005111.npz,mp,multiple_bugtraps,U,mp_multiple_bugtraps,hard,hard,0,,mp:train
calib,sample_001334.npz,/home/zzy/TrajectoryPlanning/distill/data/benchmark/mp/train/sample_005115.npz,mp,multiple_bugtraps,U,mp_multiple_bugtraps,hard,hard,0,,mp:train
calib,sample_001335.npz,/home/zzy/TrajectoryPlanning/distill/data/benchmark/mp/train/sample_005118.npz,mp,multiple_bugtraps,U,mp_multiple_bugtraps,hard,hard,0,,mp:train
calib,sample_001336.npz,/home/zzy/TrajectoryPlanning/distill/data/benchmark/mp/train/sample_005123.npz,mp,multiple_bugtraps,U,mp_multiple_bugtraps,hard,hard,0,,mp:train
calib,sample_001337.npz,/home/zzy/TrajectoryPlanning/distill/data/benchmark/mp/train/sample_005124.npz,mp,multiple_bugtraps,U,mp_multiple_bugtraps,hard,hard,0,,mp:train
calib,sample_001338.npz,/home/zzy/TrajectoryPlanning/distill/data/benchmark/mp/train/sample_005126.npz,mp,multiple_bugtraps,U,mp_multiple_bugtraps,hard,hard,0,,mp:train
calib,sample_001339.npz,/home/zzy/TrajectoryPlanning/distill/data/benchmark/mp/train/sample_005127.npz,mp,multiple_bugtraps,U,mp_multiple_bugtraps,hard,hard,0,,mp:train
calib,sample_001340.npz,/home/zzy/TrajectoryPlanning/distill/data/benchmark/mp/train/sample_005136.npz,mp,multiple_bugtraps,U,mp_multiple_bugtraps,hard,hard,0,,mp:train
calib,sample_001341.npz,/home/zzy/TrajectoryPlanning/distill/data/benchmark/mp/train/sample_005139.npz,mp,multiple_bugtraps,U,mp_multiple_bugtraps,hard,hard,0,,mp:train
calib,sample_001342.npz,/home/zzy/TrajectoryPlanning/distill/data/benchmark/mp/train/sample_005144.npz,mp,multiple_bugtraps,U,mp_multiple_bugtraps,hard,hard,0,,mp:train
calib,sample_001343.npz,/home/zzy/TrajectoryPlanning/distill/data/benchmark/mp/train/sample_005150.npz,mp,multiple_bugtraps,U,mp_multiple_bugtraps,hard,hard,0,,mp:train
calib,sample_001344.npz,/home/zzy/TrajectoryPlanning/distill/data/benchmark/mp/train/sample_005153.npz,mp,multiple_bugtraps,U,mp_multiple_bugtraps,hard,hard,0,,mp:train
calib,sample_001345.npz,/home/zzy/TrajectoryPlanning/distill/data/benchmark/mp/train/sample_005154.npz,mp,multiple_bugtraps,U,mp_multiple_bugtraps,hard,hard,0,,mp:train
calib,sample_001346.npz,/home/zzy/TrajectoryPlanning/distill/data/benchmark/mp/train/sample_005162.npz,mp,multiple_bugtraps,U,mp_multiple_bugtraps,hard,hard,0,,mp:train
calib,sample_001347.npz,/home/zzy/TrajectoryPlanning/distill/data/benchmark/mp/train/sample_005163.npz,mp,multiple_bugtraps,U,mp_multiple_bugtraps,hard,hard,0,,mp:train
calib,sample_001348.npz,/home/zzy/TrajectoryPlanning/distill/data/benchmark/mp/train/sample_005164.npz,mp,multiple_bugtraps,U,mp_multiple_bugtraps,hard,hard,0,,mp:train
calib,sample_001349.npz,/home/zzy/TrajectoryPlanning/distill/data/benchmark/mp/train/sample_005175.npz,mp,multiple_bugtraps,U,mp_multiple_bugtraps,hard,hard,0,,mp:train
calib,sample_001350.npz,/home/zzy/TrajectoryPlanning/distill/data/benchmark/mp/train/sample_005176.npz,mp,multiple_bugtraps,U,mp_multiple_bugtraps,hard,hard,0,,mp:train
calib,sample_001351.npz,/home/zzy/TrajectoryPlanning/distill/data/benchmark/mp/train/sample_005177.npz,mp,multiple_bugtraps,U,mp_multiple_bugtraps,hard,hard,0,,mp:train
calib,sample_001352.npz,/home/zzy/TrajectoryPlanning/distill/data/benchmark/mp/train/sample_005184.npz,mp,multiple_bugtraps,U,mp_multiple_bugtraps,hard,hard,0,,mp:train
calib,sample_001353.npz,/home/zzy/TrajectoryPlanning/distill/data/benchmark/mp/train/sample_005192.npz,mp,multiple_bugtraps,U,mp_multiple_bugtraps,hard,hard,0,,mp:train
calib,sample_001354.npz,/home/zzy/TrajectoryPlanning/distill/data/benchmark/mp/train/sample_005201.npz,mp,multiple_bugtraps,U,mp_multiple_bugtraps,hard,hard,0,,mp:train
calib,sample_001355.npz,/home/zzy/TrajectoryPlanning/distill/data/benchmark/mp/train/sample_005202.npz,mp,multiple_bugtraps,U,mp_multiple_bugtraps,hard,hard,0,,mp:train
calib,sample_001356.npz,/home/zzy/TrajectoryPlanning/distill/data/benchmark/mp/train/sample_005203.npz,mp,multiple_bugtraps,U,mp_multiple_bugtraps,hard,hard,0,,mp:train
calib,sample_001357.npz,/home/zzy/TrajectoryPlanning/distill/data/benchmark/mp/train/sample_005204.npz,mp,multiple_bugtraps,U,mp_multiple_bugtraps,hard,hard,0,,mp:train
calib,sample_001358.npz,/home/zzy/TrajectoryPlanning/distill/data/benchmark/mp/train/sample_005205.npz,mp,multiple_bugtraps,U,mp_multiple_bugtraps,hard,hard,0,,mp:train
calib,sample_001359.npz,/home/zzy/TrajectoryPlanning/distill/data/benchmark/mp/train/sample_005207.npz,mp,multiple_bugtraps,U,mp_multiple_bugtraps,hard,hard,0,,mp:train
calib,sample_001360.npz,/home/zzy/TrajectoryPlanning/distill/data/benchmark/mp/train/sample_005209.npz,mp,multiple_bugtraps,U,mp_multiple_bugtraps,hard,hard,0,,mp:train
calib,sample_001361.npz,/home/zzy/TrajectoryPlanning/distill/data/benchmark/mp/train/sample_005217.npz,mp,multiple_bugtraps,U,mp_multiple_bugtraps,hard,hard,0,,mp:train
calib,sample_001362.npz,/home/zzy/TrajectoryPlanning/distill/data/benchmark/mp/train/sample_005218.npz,mp,multiple_bugtraps,U,mp_multiple_bugtraps,hard,hard,0,,mp:train
calib,sample_001363.npz,/home/zzy/TrajectoryPlanning/distill/data/benchmark/mp/train/sample_005227.npz,mp,multiple_bugtraps,U,mp_multiple_bugtraps,hard,hard,0,,mp:train
calib,sample_001364.npz,/home/zzy/TrajectoryPlanning/distill/data/benchmark/mp/train/sample_005230.npz,mp,multiple_bugtraps,U,mp_multiple_bugtraps,hard,hard,0,,mp:train
calib,sample_001365.npz,/home/zzy/TrajectoryPlanning/distill/data/benchmark/mp/train/sample_005231.npz,mp,multiple_bugtraps,U,mp_multiple_bugtraps,hard,hard,0,,mp:train
calib,sample_001366.npz,/home/zzy/TrajectoryPlanning/distill/data/benchmark/mp/train/sample_005250.npz,mp,multiple_bugtraps,U,mp_multiple_bugtraps,hard,hard,0,,mp:train
calib,sample_001367.npz,/home/zzy/TrajectoryPlanning/distill/data/benchmark/mp/train/sample_005254.npz,mp,multiple_bugtraps,U,mp_multiple_bugtraps,hard,hard,0,,mp:train
calib,sample_001368.npz,/home/zzy/TrajectoryPlanning/distill/data/benchmark/mp/train/sample_005255.npz,mp,multiple_bugtraps,U,mp_multiple_bugtraps,hard,hard,0,,mp:train
calib,sample_001369.npz,/home/zzy/TrajectoryPlanning/distill/data/benchmark/mp/train/sample_005266.npz,mp,multiple_bugtraps,U,mp_multiple_bugtraps,hard,hard,0,,mp:train
calib,sample_001370.npz,/home/zzy/TrajectoryPlanning/distill/data/benchmark/mp/train/sample_005278.npz,mp,multiple_bugtraps,U,mp_multiple_bugtraps,hard,hard,0,,mp:train
calib,sample_001371.npz,/home/zzy/TrajectoryPlanning/distill/data/benchmark/mp/train/sample_005294.npz,mp,multiple_bugtraps,U,mp_multiple_bugtraps,hard,hard,0,,mp:train
calib,sample_001372.npz,/home/zzy/TrajectoryPlanning/distill/data/benchmark/mp/train/sample_005295.npz,mp,multiple_bugtraps,U,mp_multiple_bugtraps,hard,hard,0,,mp:train
calib,sample_001373.npz,/home/zzy/TrajectoryPlanning/distill/data/benchmark/mp/train/sample_005305.npz,mp,multiple_bugtraps,U,mp_multiple_bugtraps,hard,hard,0,,mp:train
calib,sample_001374.npz,/home/zzy/TrajectoryPlanning/distill/data/benchmark/mp/train/sample_005306.npz,mp,multiple_bugtraps,U,mp_multiple_bugtraps,hard,hard,0,,mp:train
calib,sample_001375.npz,/home/zzy/TrajectoryPlanning/distill/data/benchmark/mp/train/sample_005311.npz,mp,multiple_bugtraps,U,mp_multiple_bugtraps,hard,hard,0,,mp:train
calib,sample_001376.npz,/home/zzy/TrajectoryPlanning/distill/data/benchmark/mp/train/sample_005312.npz,mp,multiple_bugtraps,U,mp_multiple_bugtraps,hard,hard,0,,mp:train
calib,sample_001377.npz,/home/zzy/TrajectoryPlanning/distill/data/benchmark/mp/train/sample_005317.npz,mp,multiple_bugtraps,U,mp_multiple_bugtraps,hard,hard,0,,mp:train
calib,sample_001378.npz,/home/zzy/TrajectoryPlanning/distill/data/benchmark/mp/train/sample_005327.npz,mp,multiple_bugtraps,U,mp_multiple_bugtraps,hard,hard,0,,mp:train
calib,sample_001379.npz,/home/zzy/TrajectoryPlanning/distill/data/benchmark/mp/train/sample_005332.npz,mp,multiple_bugtraps,U,mp_multiple_bugtraps,hard,hard,0,,mp:train
calib,sample_001380.npz,/home/zzy/TrajectoryPlanning/distill/data/benchmark/mp/train/sample_005339.npz,mp,multiple_bugtraps,U,mp_multiple_bugtraps,hard,hard,0,,mp:train
calib,sample_001381.npz,/home/zzy/TrajectoryPlanning/distill/data/benchmark/mp/train/sample_005340.npz,mp,multiple_bugtraps,U,mp_multiple_bugtraps,hard,hard,0,,mp:train
calib,sample_001382.npz,/home/zzy/TrajectoryPlanning/distill/data/benchmark/mp/train/sample_005345.npz,mp,multiple_bugtraps,U,mp_multiple_bugtraps,hard,hard,0,,mp:train
calib,sample_001383.npz,/home/zzy/TrajectoryPlanning/distill/data/benchmark/mp/train/sample_005353.npz,mp,multiple_bugtraps,U,mp_multiple_bugtraps,hard,hard,0,,mp:train
calib,sample_001384.npz,/home/zzy/TrajectoryPlanning/distill/data/benchmark/mp/train/sample_005355.npz,mp,multiple_bugtraps,U,mp_multiple_bugtraps,hard,hard,0,,mp:train
calib,sample_001385.npz,/home/zzy/TrajectoryPlanning/distill/data/benchmark/mp/train/sample_005357.npz,mp,multiple_bugtraps,U,mp_multiple_bugtraps,hard,hard,0,,mp:train
calib,sample_001386.npz,/home/zzy/TrajectoryPlanning/distill/data/benchmark/mp/train/sample_005359.npz,mp,multiple_bugtraps,U,mp_multiple_bugtraps,hard,hard,0,,mp:train
calib,sample_001387.npz,/home/zzy/TrajectoryPlanning/distill/data/benchmark/mp/train/sample_005360.npz,mp,multiple_bugtraps,U,mp_multiple_bugtraps,hard,hard,0,,mp:train
calib,sample_001388.npz,/home/zzy/TrajectoryPlanning/distill/data/benchmark/mp/train/sample_005363.npz,mp,multiple_bugtraps,U,mp_multiple_bugtraps,hard,hard,0,,mp:train
calib,sample_001389.npz,/home/zzy/TrajectoryPlanning/distill/data/benchmark/mp/train/sample_005367.npz,mp,multiple_bugtraps,U,mp_multiple_bugtraps,hard,hard,0,,mp:train
calib,sample_001390.npz,/home/zzy/TrajectoryPlanning/distill/data/benchmark/mp/train/sample_005368.npz,mp,multiple_bugtraps,U,mp_multiple_bugtraps,hard,hard,0,,mp:train
calib,sample_001391.npz,/home/zzy/TrajectoryPlanning/distill/data/benchmark/mp/train/sample_005372.npz,mp,multiple_bugtraps,U,mp_multiple_bugtraps,hard,hard,0,,mp:train
calib,sample_001392.npz,/home/zzy/TrajectoryPlanning/distill/data/benchmark/mp/train/sample_005379.npz,mp,multiple_bugtraps,U,mp_multiple_bugtraps,hard,hard,0,,mp:train
calib,sample_001393.npz,/home/zzy/TrajectoryPlanning/distill/data/benchmark/mp/train/sample_005386.npz,mp,multiple_bugtraps,U,mp_multiple_bugtraps,hard,hard,0,,mp:train
calib,sample_001394.npz,/home/zzy/TrajectoryPlanning/distill/data/benchmark/mp/train/sample_005389.npz,mp,multiple_bugtraps,U,mp_multiple_bugtraps,hard,hard,0,,mp:train
calib,sample_001395.npz,/home/zzy/TrajectoryPlanning/distill/data/benchmark/mp/train/sample_005392.npz,mp,multiple_bugtraps,U,mp_multiple_bugtraps,hard,hard,0,,mp:train
calib,sample_001396.npz,/home/zzy/TrajectoryPlanning/distill/data/benchmark/mp/train/sample_005396.npz,mp,multiple_bugtraps,U,mp_multiple_bugtraps,hard,hard,0,,mp:train
calib,sample_001397.npz,/home/zzy/TrajectoryPlanning/distill/data/benchmark/mp/train/sample_005404.npz,mp,multiple_bugtraps,U,mp_multiple_bugtraps,hard,hard,0,,mp:train
calib,sample_001398.npz,/home/zzy/TrajectoryPlanning/distill/data/benchmark/mp/train/sample_005412.npz,mp,multiple_bugtraps,U,mp_multiple_bugtraps,hard,hard,0,,mp:train
calib,sample_001399.npz,/home/zzy/TrajectoryPlanning/distill/data/benchmark/mp/train/sample_005414.npz,mp,multiple_bugtraps,U,mp_multiple_bugtraps,hard,hard,0,,mp:train
calib,sample_001400.npz,/home/zzy/TrajectoryPlanning/distill/data/benchmark/mp/train/sample_005415.npz,mp,multiple_bugtraps,U,mp_multiple_bugtraps,hard,hard,0,,mp:train
calib,sample_001401.npz,/home/zzy/TrajectoryPlanning/distill/data/benchmark/mp/train/sample_005416.npz,mp,multiple_bugtraps,U,mp_multiple_bugtraps,hard,hard,0,,mp:train
calib,sample_001402.npz,/home/zzy/TrajectoryPlanning/distill/data/benchmark/mp/train/sample_005417.npz,mp,multiple_bugtraps,U,mp_multiple_bugtraps,hard,hard,0,,mp:train
calib,sample_001403.npz,/home/zzy/TrajectoryPlanning/distill/data/benchmark/mp/train/sample_005419.npz,mp,multiple_bugtraps,U,mp_multiple_bugtraps,hard,hard,0,,mp:train
calib,sample_001404.npz,/home/zzy/TrajectoryPlanning/distill/data/benchmark/mp/train/sample_005420.npz,mp,multiple_bugtraps,U,mp_multiple_bugtraps,hard,hard,0,,mp:train
calib,sample_001405.npz,/home/zzy/TrajectoryPlanning/distill/data/benchmark/mp/train/sample_005422.npz,mp,multiple_bugtraps,U,mp_multiple_bugtraps,hard,hard,0,,mp:train
calib,sample_001406.npz,/home/zzy/TrajectoryPlanning/distill/data/benchmark/mp/train/sample_005423.npz,mp,multiple_bugtraps,U,mp_multiple_bugtraps,hard,hard,0,,mp:train
calib,sample_001407.npz,/home/zzy/TrajectoryPlanning/distill/data/benchmark/mp/train/sample_005427.npz,mp,multiple_bugtraps,U,mp_multiple_bugtraps,hard,hard,0,,mp:train
calib,sample_001408.npz,/home/zzy/TrajectoryPlanning/distill/data/benchmark/mp/train/sample_005432.npz,mp,multiple_bugtraps,U,mp_multiple_bugtraps,hard,hard,0,,mp:train
calib,sample_001409.npz,/home/zzy/TrajectoryPlanning/distill/data/benchmark/mp/train/sample_005437.npz,mp,multiple_bugtraps,U,mp_multiple_bugtraps,hard,hard,0,,mp:train
calib,sample_001410.npz,/home/zzy/TrajectoryPlanning/distill/data/benchmark/mp/train/sample_005451.npz,mp,multiple_bugtraps,U,mp_multiple_bugtraps,hard,hard,0,,mp:train
calib,sample_001411.npz,/home/zzy/TrajectoryPlanning/distill/data/benchmark/mp/train/sample_005461.npz,mp,multiple_bugtraps,U,mp_multiple_bugtraps,hard,hard,0,,mp:train
calib,sample_001412.npz,/home/zzy/TrajectoryPlanning/distill/data/benchmark/mp/train/sample_005462.npz,mp,multiple_bugtraps,U,mp_multiple_bugtraps,hard,hard,0,,mp:train
calib,sample_001413.npz,/home/zzy/TrajectoryPlanning/distill/data/benchmark/mp/train/sample_005463.npz,mp,multiple_bugtraps,U,mp_multiple_bugtraps,hard,hard,0,,mp:train
calib,sample_001414.npz,/home/zzy/TrajectoryPlanning/distill/data/benchmark/mp/train/sample_005471.npz,mp,multiple_bugtraps,U,mp_multiple_bugtraps,hard,hard,0,,mp:train
calib,sample_001415.npz,/home/zzy/TrajectoryPlanning/distill/data/benchmark/mp/train/sample_005472.npz,mp,multiple_bugtraps,U,mp_multiple_bugtraps,hard,hard,0,,mp:train
calib,sample_001416.npz,/home/zzy/TrajectoryPlanning/distill/data/benchmark/mp/train/sample_005477.npz,mp,multiple_bugtraps,U,mp_multiple_bugtraps,hard,hard,0,,mp:train
calib,sample_001417.npz,/home/zzy/TrajectoryPlanning/distill/data/benchmark/mp/train/sample_005480.npz,mp,multiple_bugtraps,U,mp_multiple_bugtraps,hard,hard,0,,mp:train
calib,sample_001418.npz,/home/zzy/TrajectoryPlanning/distill/data/benchmark/mp/train/sample_005482.npz,mp,multiple_bugtraps,U,mp_multiple_bugtraps,hard,hard,0,,mp:train
calib,sample_001419.npz,/home/zzy/TrajectoryPlanning/distill/data/benchmark/mp/train/sample_005486.npz,mp,multiple_bugtraps,U,mp_multiple_bugtraps,hard,hard,0,,mp:train
calib,sample_001420.npz,/home/zzy/TrajectoryPlanning/distill/data/benchmark/mp/train/sample_005488.npz,mp,multiple_bugtraps,U,mp_multiple_bugtraps,hard,hard,0,,mp:train
calib,sample_001421.npz,/home/zzy/TrajectoryPlanning/distill/data/benchmark/mp/train/sample_005491.npz,mp,multiple_bugtraps,U,mp_multiple_bugtraps,hard,hard,0,,mp:train
calib,sample_001422.npz,/home/zzy/TrajectoryPlanning/distill/data/benchmark/mp/train/sample_005501.npz,mp,multiple_bugtraps,U,mp_multiple_bugtraps,hard,hard,0,,mp:train
calib,sample_001423.npz,/home/zzy/TrajectoryPlanning/distill/data/benchmark/mp/train/sample_005512.npz,mp,multiple_bugtraps,U,mp_multiple_bugtraps,hard,hard,0,,mp:train
calib,sample_001424.npz,/home/zzy/TrajectoryPlanning/distill/data/benchmark/mp/train/sample_005525.npz,mp,multiple_bugtraps,U,mp_multiple_bugtraps,hard,hard,0,,mp:train
calib,sample_001425.npz,/home/zzy/TrajectoryPlanning/distill/data/benchmark/mp/train/sample_005528.npz,mp,multiple_bugtraps,U,mp_multiple_bugtraps,hard,hard,0,,mp:train
calib,sample_001426.npz,/home/zzy/TrajectoryPlanning/distill/data/benchmark/mp/train/sample_005534.npz,mp,multiple_bugtraps,U,mp_multiple_bugtraps,hard,hard,0,,mp:train
calib,sample_001427.npz,/home/zzy/TrajectoryPlanning/distill/data/benchmark/mp/train/sample_005542.npz,mp,multiple_bugtraps,U,mp_multiple_bugtraps,hard,hard,0,,mp:train
calib,sample_001428.npz,/home/zzy/TrajectoryPlanning/distill/data/benchmark/mp/train/sample_005551.npz,mp,multiple_bugtraps,U,mp_multiple_bugtraps,hard,hard,0,,mp:train
calib,sample_001429.npz,/home/zzy/TrajectoryPlanning/distill/data/benchmark/mp/train/sample_005568.npz,mp,multiple_bugtraps,U,mp_multiple_bugtraps,hard,hard,0,,mp:train
calib,sample_001430.npz,/home/zzy/TrajectoryPlanning/distill/data/benchmark/mp/train/sample_005569.npz,mp,multiple_bugtraps,U,mp_multiple_bugtraps,hard,hard,0,,mp:train
calib,sample_001431.npz,/home/zzy/TrajectoryPlanning/distill/data/benchmark/mp/train/sample_005572.npz,mp,multiple_bugtraps,U,mp_multiple_bugtraps,hard,hard,0,,mp:train
calib,sample_001432.npz,/home/zzy/TrajectoryPlanning/distill/data/benchmark/mp/train/sample_005581.npz,mp,multiple_bugtraps,U,mp_multiple_bugtraps,hard,hard,0,,mp:train
calib,sample_001433.npz,/home/zzy/TrajectoryPlanning/distill/data/benchmark/mp/train/sample_005586.npz,mp,multiple_bugtraps,U,mp_multiple_bugtraps,hard,hard,0,,mp:train
calib,sample_001434.npz,/home/zzy/TrajectoryPlanning/distill/data/benchmark/mp/train/sample_005587.npz,mp,multiple_bugtraps,U,mp_multiple_bugtraps,hard,hard,0,,mp:train
calib,sample_001435.npz,/home/zzy/TrajectoryPlanning/distill/data/benchmark/mp/train/sample_005589.npz,mp,multiple_bugtraps,U,mp_multiple_bugtraps,hard,hard,0,,mp:train
calib,sample_001436.npz,/home/zzy/TrajectoryPlanning/distill/data/benchmark/mp/train/sample_005594.npz,mp,multiple_bugtraps,U,mp_multiple_bugtraps,hard,hard,0,,mp:train
calib,sample_001437.npz,/home/zzy/TrajectoryPlanning/distill/data/benchmark/mp/test/sample_000301.npz,mp,shifting_gaps,U,mp_shifting_gaps,medium,medium,0,,mp:test
calib,sample_001438.npz,/home/zzy/TrajectoryPlanning/distill/data/benchmark/mp/test/sample_000303.npz,mp,shifting_gaps,U,mp_shifting_gaps,medium,medium,0,,mp:test
calib,sample_001439.npz,/home/zzy/TrajectoryPlanning/distill/data/benchmark/mp/test/sample_000304.npz,mp,shifting_gaps,U,mp_shifting_gaps,medium,medium,0,,mp:test
calib,sample_001440.npz,/home/zzy/TrajectoryPlanning/distill/data/benchmark/mp/test/sample_000308.npz,mp,shifting_gaps,U,mp_shifting_gaps,medium,medium,0,,mp:test
calib,sample_001441.npz,/home/zzy/TrajectoryPlanning/distill/data/benchmark/mp/test/sample_000309.npz,mp,shifting_gaps,U,mp_shifting_gaps,medium,medium,0,,mp:test
calib,sample_001442.npz,/home/zzy/TrajectoryPlanning/distill/data/benchmark/mp/test/sample_000312.npz,mp,shifting_gaps,U,mp_shifting_gaps,medium,medium,0,,mp:test
calib,sample_001443.npz,/home/zzy/TrajectoryPlanning/distill/data/benchmark/mp/test/sample_000316.npz,mp,shifting_gaps,U,mp_shifting_gaps,medium,medium,0,,mp:test
calib,sample_001444.npz,/home/zzy/TrajectoryPlanning/distill/data/benchmark/mp/test/sample_000317.npz,mp,shifting_gaps,U,mp_shifting_gaps,medium,medium,0,,mp:test
calib,sample_001445.npz,/home/zzy/TrajectoryPlanning/distill/data/benchmark/mp/test/sample_000319.npz,mp,shifting_gaps,U,mp_shifting_gaps,medium,medium,0,,mp:test
calib,sample_001446.npz,/home/zzy/TrajectoryPlanning/distill/data/benchmark/mp/test/sample_000321.npz,mp,shifting_gaps,U,mp_shifting_gaps,medium,medium,0,,mp:test
calib,sample_001447.npz,/home/zzy/TrajectoryPlanning/distill/data/benchmark/mp/test/sample_000340.npz,mp,shifting_gaps,U,mp_shifting_gaps,medium,medium,0,,mp:test
calib,sample_001448.npz,/home/zzy/TrajectoryPlanning/distill/data/benchmark/mp/test/sample_000345.npz,mp,shifting_gaps,U,mp_shifting_gaps,medium,medium,0,,mp:test
calib,sample_001449.npz,/home/zzy/TrajectoryPlanning/distill/data/benchmark/mp/test/sample_000349.npz,mp,shifting_gaps,U,mp_shifting_gaps,medium,medium,0,,mp:test
calib,sample_001450.npz,/home/zzy/TrajectoryPlanning/distill/data/benchmark/mp/test/sample_000350.npz,mp,shifting_gaps,U,mp_shifting_gaps,medium,medium,0,,mp:test
calib,sample_001451.npz,/home/zzy/TrajectoryPlanning/distill/data/benchmark/mp/test/sample_000351.npz,mp,shifting_gaps,U,mp_shifting_gaps,medium,medium,0,,mp:test
calib,sample_001452.npz,/home/zzy/TrajectoryPlanning/distill/data/benchmark/mp/test/sample_000354.npz,mp,shifting_gaps,U,mp_shifting_gaps,medium,medium,0,,mp:test
calib,sample_001453.npz,/home/zzy/TrajectoryPlanning/distill/data/benchmark/mp/test/sample_000355.npz,mp,shifting_gaps,U,mp_shifting_gaps,medium,medium,0,,mp:test
calib,sample_001454.npz,/home/zzy/TrajectoryPlanning/distill/data/benchmark/mp/test/sample_000359.npz,mp,shifting_gaps,U,mp_shifting_gaps,medium,medium,0,,mp:test
calib,sample_001455.npz,/home/zzy/TrajectoryPlanning/distill/data/benchmark/mp/test/sample_000361.npz,mp,shifting_gaps,U,mp_shifting_gaps,medium,medium,0,,mp:test
calib,sample_001456.npz,/home/zzy/TrajectoryPlanning/distill/data/benchmark/mp/test/sample_000369.npz,mp,shifting_gaps,U,mp_shifting_gaps,medium,medium,0,,mp:test
calib,sample_001457.npz,/home/zzy/TrajectoryPlanning/distill/data/benchmark/mp/test/sample_000374.npz,mp,shifting_gaps,U,mp_shifting_gaps,medium,medium,0,,mp:test
calib,sample_001458.npz,/home/zzy/TrajectoryPlanning/distill/data/benchmark/mp/test/sample_000375.npz,mp,shifting_gaps,U,mp_shifting_gaps,medium,medium,0,,mp:test
calib,sample_001459.npz,/home/zzy/TrajectoryPlanning/distill/data/benchmark/mp/test/sample_000377.npz,mp,shifting_gaps,U,mp_shifting_gaps,medium,medium,0,,mp:test
calib,sample_001460.npz,/home/zzy/TrajectoryPlanning/distill/data/benchmark/mp/test/sample_000388.npz,mp,shifting_gaps,U,mp_shifting_gaps,medium,medium,0,,mp:test
calib,sample_001461.npz,/home/zzy/TrajectoryPlanning/distill/data/benchmark/mp/test/sample_000389.npz,mp,shifting_gaps,U,mp_shifting_gaps,medium,medium,0,,mp:test
calib,sample_001462.npz,/home/zzy/TrajectoryPlanning/distill/data/benchmark/mp/test/sample_000394.npz,mp,shifting_gaps,U,mp_shifting_gaps,medium,medium,0,,mp:test
calib,sample_001463.npz,/home/zzy/TrajectoryPlanning/distill/data/benchmark/mp/test/sample_000397.npz,mp,shifting_gaps,U,mp_shifting_gaps,medium,medium,0,,mp:test
calib,sample_001464.npz,/home/zzy/TrajectoryPlanning/distill/data/benchmark/mp/test/sample_000398.npz,mp,shifting_gaps,U,mp_shifting_gaps,medium,medium,0,,mp:test
calib,sample_001465.npz,/home/zzy/TrajectoryPlanning/distill/data/benchmark/mp/train/sample_002400.npz,mp,shifting_gaps,U,mp_shifting_gaps,medium,medium,0,,mp:train
calib,sample_001466.npz,/home/zzy/TrajectoryPlanning/distill/data/benchmark/mp/train/sample_002401.npz,mp,shifting_gaps,U,mp_shifting_gaps,medium,medium,0,,mp:train
calib,sample_001467.npz,/home/zzy/TrajectoryPlanning/distill/data/benchmark/mp/train/sample_002408.npz,mp,shifting_gaps,U,mp_shifting_gaps,medium,medium,0,,mp:train
calib,sample_001468.npz,/home/zzy/TrajectoryPlanning/distill/data/benchmark/mp/train/sample_002410.npz,mp,shifting_gaps,U,mp_shifting_gaps,medium,medium,0,,mp:train
calib,sample_001469.npz,/home/zzy/TrajectoryPlanning/distill/data/benchmark/mp/train/sample_002425.npz,mp,shifting_gaps,U,mp_shifting_gaps,medium,medium,0,,mp:train
calib,sample_001470.npz,/home/zzy/TrajectoryPlanning/distill/data/benchmark/mp/train/sample_002430.npz,mp,shifting_gaps,U,mp_shifting_gaps,medium,medium,0,,mp:train
calib,sample_001471.npz,/home/zzy/TrajectoryPlanning/distill/data/benchmark/mp/train/sample_002433.npz,mp,shifting_gaps,U,mp_shifting_gaps,medium,medium,0,,mp:train
calib,sample_001472.npz,/home/zzy/TrajectoryPlanning/distill/data/benchmark/mp/train/sample_002437.npz,mp,shifting_gaps,U,mp_shifting_gaps,medium,medium,0,,mp:train
calib,sample_001473.npz,/home/zzy/TrajectoryPlanning/distill/data/benchmark/mp/train/sample_002438.npz,mp,shifting_gaps,U,mp_shifting_gaps,medium,medium,0,,mp:train
calib,sample_001474.npz,/home/zzy/TrajectoryPlanning/distill/data/benchmark/mp/train/sample_002443.npz,mp,shifting_gaps,U,mp_shifting_gaps,medium,medium,0,,mp:train
calib,sample_001475.npz,/home/zzy/TrajectoryPlanning/distill/data/benchmark/mp/train/sample_002446.npz,mp,shifting_gaps,U,mp_shifting_gaps,medium,medium,0,,mp:train
calib,sample_001476.npz,/home/zzy/TrajectoryPlanning/distill/data/benchmark/mp/train/sample_002456.npz,mp,shifting_gaps,U,mp_shifting_gaps,medium,medium,0,,mp:train
calib,sample_001477.npz,/home/zzy/TrajectoryPlanning/distill/data/benchmark/mp/train/sample_002457.npz,mp,shifting_gaps,U,mp_shifting_gaps,medium,medium,0,,mp:train
calib,sample_001478.npz,/home/zzy/TrajectoryPlanning/distill/data/benchmark/mp/train/sample_002464.npz,mp,shifting_gaps,U,mp_shifting_gaps,medium,medium,0,,mp:train
calib,sample_001479.npz,/home/zzy/TrajectoryPlanning/distill/data/benchmark/mp/train/sample_002466.npz,mp,shifting_gaps,U,mp_shifting_gaps,medium,medium,0,,mp:train
calib,sample_001480.npz,/home/zzy/TrajectoryPlanning/distill/data/benchmark/mp/train/sample_002467.npz,mp,shifting_gaps,U,mp_shifting_gaps,medium,medium,0,,mp:train
calib,sample_001481.npz,/home/zzy/TrajectoryPlanning/distill/data/benchmark/mp/train/sample_002469.npz,mp,shifting_gaps,U,mp_shifting_gaps,medium,medium,0,,mp:train
calib,sample_001482.npz,/home/zzy/TrajectoryPlanning/distill/data/benchmark/mp/train/sample_002470.npz,mp,shifting_gaps,U,mp_shifting_gaps,medium,medium,0,,mp:train
calib,sample_001483.npz,/home/zzy/TrajectoryPlanning/distill/data/benchmark/mp/train/sample_002473.npz,mp,shifting_gaps,U,mp_shifting_gaps,medium,medium,0,,mp:train
calib,sample_001484.npz,/home/zzy/TrajectoryPlanning/distill/data/benchmark/mp/train/sample_002480.npz,mp,shifting_gaps,U,mp_shifting_gaps,medium,medium,0,,mp:train
calib,sample_001485.npz,/home/zzy/TrajectoryPlanning/distill/data/benchmark/mp/train/sample_002484.npz,mp,shifting_gaps,U,mp_shifting_gaps,medium,medium,0,,mp:train
calib,sample_001486.npz,/home/zzy/TrajectoryPlanning/distill/data/benchmark/mp/train/sample_002486.npz,mp,shifting_gaps,U,mp_shifting_gaps,medium,medium,0,,mp:train
calib,sample_001487.npz,/home/zzy/TrajectoryPlanning/distill/data/benchmark/mp/train/sample_002488.npz,mp,shifting_gaps,U,mp_shifting_gaps,medium,medium,0,,mp:train
calib,sample_001488.npz,/home/zzy/TrajectoryPlanning/distill/data/benchmark/mp/train/sample_002493.npz,mp,shifting_gaps,U,mp_shifting_gaps,medium,medium,0,,mp:train
calib,sample_001489.npz,/home/zzy/TrajectoryPlanning/distill/data/benchmark/mp/train/sample_002496.npz,mp,shifting_gaps,U,mp_shifting_gaps,medium,medium,0,,mp:train
calib,sample_001490.npz,/home/zzy/TrajectoryPlanning/distill/data/benchmark/mp/train/sample_002499.npz,mp,shifting_gaps,U,mp_shifting_gaps,medium,medium,0,,mp:train
calib,sample_001491.npz,/home/zzy/TrajectoryPlanning/distill/data/benchmark/mp/train/sample_002501.npz,mp,shifting_gaps,U,mp_shifting_gaps,medium,medium,0,,mp:train
calib,sample_001492.npz,/home/zzy/TrajectoryPlanning/distill/data/benchmark/mp/train/sample_002503.npz,mp,shifting_gaps,U,mp_shifting_gaps,medium,medium,0,,mp:train
calib,sample_001493.npz,/home/zzy/TrajectoryPlanning/distill/data/benchmark/mp/train/sample_002504.npz,mp,shifting_gaps,U,mp_shifting_gaps,medium,medium,0,,mp:train
calib,sample_001494.npz,/home/zzy/TrajectoryPlanning/distill/data/benchmark/mp/train/sample_002512.npz,mp,shifting_gaps,U,mp_shifting_gaps,medium,medium,0,,mp:train
calib,sample_001495.npz,/home/zzy/TrajectoryPlanning/distill/data/benchmark/mp/train/sample_002513.npz,mp,shifting_gaps,U,mp_shifting_gaps,medium,medium,0,,mp:train
calib,sample_001496.npz,/home/zzy/TrajectoryPlanning/distill/data/benchmark/mp/train/sample_002518.npz,mp,shifting_gaps,U,mp_shifting_gaps,medium,medium,0,,mp:train
calib,sample_001497.npz,/home/zzy/TrajectoryPlanning/distill/data/benchmark/mp/train/sample_002521.npz,mp,shifting_gaps,U,mp_shifting_gaps,medium,medium,0,,mp:train
calib,sample_001498.npz,/home/zzy/TrajectoryPlanning/distill/data/benchmark/mp/train/sample_002523.npz,mp,shifting_gaps,U,mp_shifting_gaps,medium,medium,0,,mp:train
calib,sample_001499.npz,/home/zzy/TrajectoryPlanning/distill/data/benchmark/mp/train/sample_002527.npz,mp,shifting_gaps,U,mp_shifting_gaps,medium,medium,0,,mp:train
calib,sample_001500.npz,/home/zzy/TrajectoryPlanning/distill/data/benchmark/mp/train/sample_002531.npz,mp,shifting_gaps,U,mp_shifting_gaps,medium,medium,0,,mp:train
calib,sample_001501.npz,/home/zzy/TrajectoryPlanning/distill/data/benchmark/mp/train/sample_002541.npz,mp,shifting_gaps,U,mp_shifting_gaps,medium,medium,0,,mp:train
calib,sample_001502.npz,/home/zzy/TrajectoryPlanning/distill/data/benchmark/mp/train/sample_002548.npz,mp,shifting_gaps,U,mp_shifting_gaps,medium,medium,0,,mp:train
calib,sample_001503.npz,/home/zzy/TrajectoryPlanning/distill/data/benchmark/mp/train/sample_002555.npz,mp,shifting_gaps,U,mp_shifting_gaps,medium,medium,0,,mp:train
calib,sample_001504.npz,/home/zzy/TrajectoryPlanning/distill/data/benchmark/mp/train/sample_002560.npz,mp,shifting_gaps,U,mp_shifting_gaps,medium,medium,0,,mp:train
calib,sample_001505.npz,/home/zzy/TrajectoryPlanning/distill/data/benchmark/mp/train/sample_002562.npz,mp,shifting_gaps,U,mp_shifting_gaps,medium,medium,0,,mp:train
calib,sample_001506.npz,/home/zzy/TrajectoryPlanning/distill/data/benchmark/mp/train/sample_002573.npz,mp,shifting_gaps,U,mp_shifting_gaps,medium,medium,0,,mp:train
calib,sample_001507.npz,/home/zzy/TrajectoryPlanning/distill/data/benchmark/mp/train/sample_002575.npz,mp,shifting_gaps,U,mp_shifting_gaps,medium,medium,0,,mp:train
calib,sample_001508.npz,/home/zzy/TrajectoryPlanning/distill/data/benchmark/mp/train/sample_002579.npz,mp,shifting_gaps,U,mp_shifting_gaps,medium,medium,0,,mp:train
calib,sample_001509.npz,/home/zzy/TrajectoryPlanning/distill/data/benchmark/mp/train/sample_002584.npz,mp,shifting_gaps,U,mp_shifting_gaps,medium,medium,0,,mp:train
calib,sample_001510.npz,/home/zzy/TrajectoryPlanning/distill/data/benchmark/mp/train/sample_002585.npz,mp,shifting_gaps,U,mp_shifting_gaps,medium,medium,0,,mp:train
calib,sample_001511.npz,/home/zzy/TrajectoryPlanning/distill/data/benchmark/mp/train/sample_002591.npz,mp,shifting_gaps,U,mp_shifting_gaps,medium,medium,0,,mp:train
calib,sample_001512.npz,/home/zzy/TrajectoryPlanning/distill/data/benchmark/mp/train/sample_002592.npz,mp,shifting_gaps,U,mp_shifting_gaps,medium,medium,0,,mp:train
calib,sample_001513.npz,/home/zzy/TrajectoryPlanning/distill/data/benchmark/mp/train/sample_002594.npz,mp,shifting_gaps,U,mp_shifting_gaps,medium,medium,0,,mp:train
calib,sample_001514.npz,/home/zzy/TrajectoryPlanning/distill/data/benchmark/mp/train/sample_002607.npz,mp,shifting_gaps,U,mp_shifting_gaps,medium,medium,0,,mp:train
calib,sample_001515.npz,/home/zzy/TrajectoryPlanning/distill/data/benchmark/mp/train/sample_002611.npz,mp,shifting_gaps,U,mp_shifting_gaps,medium,medium,0,,mp:train
calib,sample_001516.npz,/home/zzy/TrajectoryPlanning/distill/data/benchmark/mp/train/sample_002613.npz,mp,shifting_gaps,U,mp_shifting_gaps,medium,medium,0,,mp:train
calib,sample_001517.npz,/home/zzy/TrajectoryPlanning/distill/data/benchmark/mp/train/sample_002623.npz,mp,shifting_gaps,U,mp_shifting_gaps,medium,medium,0,,mp:train
calib,sample_001518.npz,/home/zzy/TrajectoryPlanning/distill/data/benchmark/mp/train/sample_002625.npz,mp,shifting_gaps,U,mp_shifting_gaps,medium,medium,0,,mp:train
calib,sample_001519.npz,/home/zzy/TrajectoryPlanning/distill/data/benchmark/mp/train/sample_002635.npz,mp,shifting_gaps,U,mp_shifting_gaps,medium,medium,0,,mp:train
calib,sample_001520.npz,/home/zzy/TrajectoryPlanning/distill/data/benchmark/mp/train/sample_002643.npz,mp,shifting_gaps,U,mp_shifting_gaps,medium,medium,0,,mp:train
calib,sample_001521.npz,/home/zzy/TrajectoryPlanning/distill/data/benchmark/mp/train/sample_002655.npz,mp,shifting_gaps,U,mp_shifting_gaps,medium,medium,0,,mp:train
calib,sample_001522.npz,/home/zzy/TrajectoryPlanning/distill/data/benchmark/mp/train/sample_002658.npz,mp,shifting_gaps,U,mp_shifting_gaps,medium,medium,0,,mp:train
calib,sample_001523.npz,/home/zzy/TrajectoryPlanning/distill/data/benchmark/mp/train/sample_002659.npz,mp,shifting_gaps,U,mp_shifting_gaps,medium,medium,0,,mp:train
calib,sample_001524.npz,/home/zzy/TrajectoryPlanning/distill/data/benchmark/mp/train/sample_002673.npz,mp,shifting_gaps,U,mp_shifting_gaps,medium,medium,0,,mp:train
calib,sample_001525.npz,/home/zzy/TrajectoryPlanning/distill/data/benchmark/mp/train/sample_002677.npz,mp,shifting_gaps,U,mp_shifting_gaps,medium,medium,0,,mp:train
calib,sample_001526.npz,/home/zzy/TrajectoryPlanning/distill/data/benchmark/mp/train/sample_002688.npz,mp,shifting_gaps,U,mp_shifting_gaps,medium,medium,0,,mp:train
calib,sample_001527.npz,/home/zzy/TrajectoryPlanning/distill/data/benchmark/mp/train/sample_002696.npz,mp,shifting_gaps,U,mp_shifting_gaps,medium,medium,0,,mp:train
calib,sample_001528.npz,/home/zzy/TrajectoryPlanning/distill/data/benchmark/mp/train/sample_002699.npz,mp,shifting_gaps,U,mp_shifting_gaps,medium,medium,0,,mp:train
calib,sample_001529.npz,/home/zzy/TrajectoryPlanning/distill/data/benchmark/mp/train/sample_002707.npz,mp,shifting_gaps,U,mp_shifting_gaps,medium,medium,0,,mp:train
calib,sample_001530.npz,/home/zzy/TrajectoryPlanning/distill/data/benchmark/mp/train/sample_002709.npz,mp,shifting_gaps,U,mp_shifting_gaps,medium,medium,0,,mp:train
calib,sample_001531.npz,/home/zzy/TrajectoryPlanning/distill/data/benchmark/mp/train/sample_002713.npz,mp,shifting_gaps,U,mp_shifting_gaps,medium,medium,0,,mp:train
calib,sample_001532.npz,/home/zzy/TrajectoryPlanning/distill/data/benchmark/mp/train/sample_002716.npz,mp,shifting_gaps,U,mp_shifting_gaps,medium,medium,0,,mp:train
calib,sample_001533.npz,/home/zzy/TrajectoryPlanning/distill/data/benchmark/mp/train/sample_002726.npz,mp,shifting_gaps,U,mp_shifting_gaps,medium,medium,0,,mp:train
calib,sample_001534.npz,/home/zzy/TrajectoryPlanning/distill/data/benchmark/mp/train/sample_002734.npz,mp,shifting_gaps,U,mp_shifting_gaps,medium,medium,0,,mp:train
calib,sample_001535.npz,/home/zzy/TrajectoryPlanning/distill/data/benchmark/mp/train/sample_002738.npz,mp,shifting_gaps,U,mp_shifting_gaps,medium,medium,0,,mp:train
calib,sample_001536.npz,/home/zzy/TrajectoryPlanning/distill/data/benchmark/mp/train/sample_002750.npz,mp,shifting_gaps,U,mp_shifting_gaps,medium,medium,0,,mp:train
calib,sample_001537.npz,/home/zzy/TrajectoryPlanning/distill/data/benchmark/mp/train/sample_002751.npz,mp,shifting_gaps,U,mp_shifting_gaps,medium,medium,0,,mp:train
calib,sample_001538.npz,/home/zzy/TrajectoryPlanning/distill/data/benchmark/mp/train/sample_002754.npz,mp,shifting_gaps,U,mp_shifting_gaps,medium,medium,0,,mp:train
calib,sample_001539.npz,/home/zzy/TrajectoryPlanning/distill/data/benchmark/mp/train/sample_002755.npz,mp,shifting_gaps,U,mp_shifting_gaps,medium,medium,0,,mp:train
calib,sample_001540.npz,/home/zzy/TrajectoryPlanning/distill/data/benchmark/mp/train/sample_002757.npz,mp,shifting_gaps,U,mp_shifting_gaps,medium,medium,0,,mp:train
calib,sample_001541.npz,/home/zzy/TrajectoryPlanning/distill/data/benchmark/mp/train/sample_002762.npz,mp,shifting_gaps,U,mp_shifting_gaps,medium,medium,0,,mp:train
calib,sample_001542.npz,/home/zzy/TrajectoryPlanning/distill/data/benchmark/mp/train/sample_002764.npz,mp,shifting_gaps,U,mp_shifting_gaps,medium,medium,0,,mp:train
calib,sample_001543.npz,/home/zzy/TrajectoryPlanning/distill/data/benchmark/mp/train/sample_002773.npz,mp,shifting_gaps,U,mp_shifting_gaps,medium,medium,0,,mp:train
calib,sample_001544.npz,/home/zzy/TrajectoryPlanning/distill/data/benchmark/mp/train/sample_002775.npz,mp,shifting_gaps,U,mp_shifting_gaps,medium,medium,0,,mp:train
calib,sample_001545.npz,/home/zzy/TrajectoryPlanning/distill/data/benchmark/mp/train/sample_002783.npz,mp,shifting_gaps,U,mp_shifting_gaps,medium,medium,0,,mp:train
calib,sample_001546.npz,/home/zzy/TrajectoryPlanning/distill/data/benchmark/mp/train/sample_002784.npz,mp,shifting_gaps,U,mp_shifting_gaps,medium,medium,0,,mp:train
calib,sample_001547.npz,/home/zzy/TrajectoryPlanning/distill/data/benchmark/mp/train/sample_002789.npz,mp,shifting_gaps,U,mp_shifting_gaps,medium,medium,0,,mp:train
calib,sample_001548.npz,/home/zzy/TrajectoryPlanning/distill/data/benchmark/mp/train/sample_002794.npz,mp,shifting_gaps,U,mp_shifting_gaps,medium,medium,0,,mp:train
calib,sample_001549.npz,/home/zzy/TrajectoryPlanning/distill/data/benchmark/mp/train/sample_002801.npz,mp,shifting_gaps,U,mp_shifting_gaps,medium,medium,0,,mp:train
calib,sample_001550.npz,/home/zzy/TrajectoryPlanning/distill/data/benchmark/mp/train/sample_002803.npz,mp,shifting_gaps,U,mp_shifting_gaps,medium,medium,0,,mp:train
calib,sample_001551.npz,/home/zzy/TrajectoryPlanning/distill/data/benchmark/mp/train/sample_002807.npz,mp,shifting_gaps,U,mp_shifting_gaps,medium,medium,0,,mp:train
calib,sample_001552.npz,/home/zzy/TrajectoryPlanning/distill/data/benchmark/mp/train/sample_002811.npz,mp,shifting_gaps,U,mp_shifting_gaps,medium,medium,0,,mp:train
calib,sample_001553.npz,/home/zzy/TrajectoryPlanning/distill/data/benchmark/mp/train/sample_002812.npz,mp,shifting_gaps,U,mp_shifting_gaps,medium,medium,0,,mp:train
calib,sample_001554.npz,/home/zzy/TrajectoryPlanning/distill/data/benchmark/mp/train/sample_002817.npz,mp,shifting_gaps,U,mp_shifting_gaps,medium,medium,0,,mp:train
calib,sample_001555.npz,/home/zzy/TrajectoryPlanning/distill/data/benchmark/mp/train/sample_002818.npz,mp,shifting_gaps,U,mp_shifting_gaps,medium,medium,0,,mp:train
calib,sample_001556.npz,/home/zzy/TrajectoryPlanning/distill/data/benchmark/mp/train/sample_002821.npz,mp,shifting_gaps,U,mp_shifting_gaps,medium,medium,0,,mp:train
calib,sample_001557.npz,/home/zzy/TrajectoryPlanning/distill/data/benchmark/mp/train/sample_002823.npz,mp,shifting_gaps,U,mp_shifting_gaps,medium,medium,0,,mp:train
calib,sample_001558.npz,/home/zzy/TrajectoryPlanning/distill/data/benchmark/mp/train/sample_002826.npz,mp,shifting_gaps,U,mp_shifting_gaps,medium,medium,0,,mp:train
calib,sample_001559.npz,/home/zzy/TrajectoryPlanning/distill/data/benchmark/mp/train/sample_002827.npz,mp,shifting_gaps,U,mp_shifting_gaps,medium,medium,0,,mp:train
calib,sample_001560.npz,/home/zzy/TrajectoryPlanning/distill/data/benchmark/mp/train/sample_002828.npz,mp,shifting_gaps,U,mp_shifting_gaps,medium,medium,0,,mp:train
calib,sample_001561.npz,/home/zzy/TrajectoryPlanning/distill/data/benchmark/mp/train/sample_002835.npz,mp,shifting_gaps,U,mp_shifting_gaps,medium,medium,0,,mp:train
calib,sample_001562.npz,/home/zzy/TrajectoryPlanning/distill/data/benchmark/mp/train/sample_002836.npz,mp,shifting_gaps,U,mp_shifting_gaps,medium,medium,0,,mp:train
calib,sample_001563.npz,/home/zzy/TrajectoryPlanning/distill/data/benchmark/mp/train/sample_002839.npz,mp,shifting_gaps,U,mp_shifting_gaps,medium,medium,0,,mp:train
calib,sample_001564.npz,/home/zzy/TrajectoryPlanning/distill/data/benchmark/mp/train/sample_002845.npz,mp,shifting_gaps,U,mp_shifting_gaps,medium,medium,0,,mp:train
calib,sample_001565.npz,/home/zzy/TrajectoryPlanning/distill/data/benchmark/mp/train/sample_002847.npz,mp,shifting_gaps,U,mp_shifting_gaps,medium,medium,0,,mp:train
calib,sample_001566.npz,/home/zzy/TrajectoryPlanning/distill/data/benchmark/mp/train/sample_002848.npz,mp,shifting_gaps,U,mp_shifting_gaps,medium,medium,0,,mp:train
calib,sample_001567.npz,/home/zzy/TrajectoryPlanning/distill/data/benchmark/mp/train/sample_002850.npz,mp,shifting_gaps,U,mp_shifting_gaps,medium,medium,0,,mp:train
calib,sample_001568.npz,/home/zzy/TrajectoryPlanning/distill/data/benchmark/mp/train/sample_002861.npz,mp,shifting_gaps,U,mp_shifting_gaps,medium,medium,0,,mp:train
calib,sample_001569.npz,/home/zzy/TrajectoryPlanning/distill/data/benchmark/mp/train/sample_002864.npz,mp,shifting_gaps,U,mp_shifting_gaps,medium,medium,0,,mp:train
calib,sample_001570.npz,/home/zzy/TrajectoryPlanning/distill/data/benchmark/mp/train/sample_002867.npz,mp,shifting_gaps,U,mp_shifting_gaps,medium,medium,0,,mp:train
calib,sample_001571.npz,/home/zzy/TrajectoryPlanning/distill/data/benchmark/mp/train/sample_002875.npz,mp,shifting_gaps,U,mp_shifting_gaps,medium,medium,0,,mp:train
calib,sample_001572.npz,/home/zzy/TrajectoryPlanning/distill/data/benchmark/mp/train/sample_002882.npz,mp,shifting_gaps,U,mp_shifting_gaps,medium,medium,0,,mp:train
calib,sample_001573.npz,/home/zzy/TrajectoryPlanning/distill/data/benchmark/mp/train/sample_002884.npz,mp,shifting_gaps,U,mp_shifting_gaps,medium,medium,0,,mp:train
calib,sample_001574.npz,/home/zzy/TrajectoryPlanning/distill/data/benchmark/mp/train/sample_002887.npz,mp,shifting_gaps,U,mp_shifting_gaps,medium,medium,0,,mp:train
calib,sample_001575.npz,/home/zzy/TrajectoryPlanning/distill/data/benchmark/mp/train/sample_002897.npz,mp,shifting_gaps,U,mp_shifting_gaps,medium,medium,0,,mp:train
calib,sample_001576.npz,/home/zzy/TrajectoryPlanning/distill/data/benchmark/mp/train/sample_002903.npz,mp,shifting_gaps,U,mp_shifting_gaps,medium,medium,0,,mp:train
calib,sample_001577.npz,/home/zzy/TrajectoryPlanning/distill/data/benchmark/mp/train/sample_002910.npz,mp,shifting_gaps,U,mp_shifting_gaps,medium,medium,0,,mp:train
calib,sample_001578.npz,/home/zzy/TrajectoryPlanning/distill/data/benchmark/mp/train/sample_002915.npz,mp,shifting_gaps,U,mp_shifting_gaps,medium,medium,0,,mp:train
calib,sample_001579.npz,/home/zzy/TrajectoryPlanning/distill/data/benchmark/mp/train/sample_002924.npz,mp,shifting_gaps,U,mp_shifting_gaps,medium,medium,0,,mp:train
calib,sample_001580.npz,/home/zzy/TrajectoryPlanning/distill/data/benchmark/mp/train/sample_002925.npz,mp,shifting_gaps,U,mp_shifting_gaps,medium,medium,0,,mp:train
calib,sample_001581.npz,/home/zzy/TrajectoryPlanning/distill/data/benchmark/mp/train/sample_002929.npz,mp,shifting_gaps,U,mp_shifting_gaps,medium,medium,0,,mp:train
calib,sample_001582.npz,/home/zzy/TrajectoryPlanning/distill/data/benchmark/mp/train/sample_002930.npz,mp,shifting_gaps,U,mp_shifting_gaps,medium,medium,0,,mp:train
calib,sample_001583.npz,/home/zzy/TrajectoryPlanning/distill/data/benchmark/mp/train/sample_002932.npz,mp,shifting_gaps,U,mp_shifting_gaps,medium,medium,0,,mp:train
calib,sample_001584.npz,/home/zzy/TrajectoryPlanning/distill/data/benchmark/mp/train/sample_002933.npz,mp,shifting_gaps,U,mp_shifting_gaps,medium,medium,0,,mp:train
calib,sample_001585.npz,/home/zzy/TrajectoryPlanning/distill/data/benchmark/mp/train/sample_002945.npz,mp,shifting_gaps,U,mp_shifting_gaps,medium,medium,0,,mp:train
calib,sample_001586.npz,/home/zzy/TrajectoryPlanning/distill/data/benchmark/mp/train/sample_002957.npz,mp,shifting_gaps,U,mp_shifting_gaps,medium,medium,0,,mp:train
calib,sample_001587.npz,/home/zzy/TrajectoryPlanning/distill/data/benchmark/mp/train/sample_002961.npz,mp,shifting_gaps,U,mp_shifting_gaps,medium,medium,0,,mp:train
calib,sample_001588.npz,/home/zzy/TrajectoryPlanning/distill/data/benchmark/mp/train/sample_002962.npz,mp,shifting_gaps,U,mp_shifting_gaps,medium,medium,0,,mp:train
calib,sample_001589.npz,/home/zzy/TrajectoryPlanning/distill/data/benchmark/mp/train/sample_002963.npz,mp,shifting_gaps,U,mp_shifting_gaps,medium,medium,0,,mp:train
calib,sample_001590.npz,/home/zzy/TrajectoryPlanning/distill/data/benchmark/mp/train/sample_002966.npz,mp,shifting_gaps,U,mp_shifting_gaps,medium,medium,0,,mp:train
calib,sample_001591.npz,/home/zzy/TrajectoryPlanning/distill/data/benchmark/mp/train/sample_002968.npz,mp,shifting_gaps,U,mp_shifting_gaps,medium,medium,0,,mp:train
calib,sample_001592.npz,/home/zzy/TrajectoryPlanning/distill/data/benchmark/mp/train/sample_002974.npz,mp,shifting_gaps,U,mp_shifting_gaps,medium,medium,0,,mp:train
calib,sample_001593.npz,/home/zzy/TrajectoryPlanning/distill/data/benchmark/mp/train/sample_002979.npz,mp,shifting_gaps,U,mp_shifting_gaps,medium,medium,0,,mp:train
calib,sample_001594.npz,/home/zzy/TrajectoryPlanning/distill/data/benchmark/mp/train/sample_002983.npz,mp,shifting_gaps,U,mp_shifting_gaps,medium,medium,0,,mp:train
calib,sample_001595.npz,/home/zzy/TrajectoryPlanning/distill/data/benchmark/mp/train/sample_002984.npz,mp,shifting_gaps,U,mp_shifting_gaps,medium,medium,0,,mp:train
calib,sample_001596.npz,/home/zzy/TrajectoryPlanning/distill/data/benchmark/mp/train/sample_002987.npz,mp,shifting_gaps,U,mp_shifting_gaps,medium,medium,0,,mp:train
calib,sample_001597.npz,/home/zzy/TrajectoryPlanning/distill/data/benchmark/mp/train/sample_003011.npz,mp,shifting_gaps,U,mp_shifting_gaps,medium,medium,0,,mp:train
calib,sample_001598.npz,/home/zzy/TrajectoryPlanning/distill/data/benchmark/mp/train/sample_003014.npz,mp,shifting_gaps,U,mp_shifting_gaps,medium,medium,0,,mp:train
calib,sample_001599.npz,/home/zzy/TrajectoryPlanning/distill/data/benchmark/mp/train/sample_003016.npz,mp,shifting_gaps,U,mp_shifting_gaps,medium,medium,0,,mp:train
calib,sample_001600.npz,/home/zzy/TrajectoryPlanning/distill/data/benchmark/mp/train/sample_003020.npz,mp,shifting_gaps,U,mp_shifting_gaps,medium,medium,0,,mp:train
calib,sample_001601.npz,/home/zzy/TrajectoryPlanning/distill/data/benchmark/mp/train/sample_003023.npz,mp,shifting_gaps,U,mp_shifting_gaps,medium,medium,0,,mp:train
calib,sample_001602.npz,/home/zzy/TrajectoryPlanning/distill/data/benchmark/mp/train/sample_003024.npz,mp,shifting_gaps,U,mp_shifting_gaps,medium,medium,0,,mp:train
calib,sample_001603.npz,/home/zzy/TrajectoryPlanning/distill/data/benchmark/mp/train/sample_003025.npz,mp,shifting_gaps,U,mp_shifting_gaps,medium,medium,0,,mp:train
calib,sample_001604.npz,/home/zzy/TrajectoryPlanning/distill/data/benchmark/mp/train/sample_003033.npz,mp,shifting_gaps,U,mp_shifting_gaps,medium,medium,0,,mp:train
calib,sample_001605.npz,/home/zzy/TrajectoryPlanning/distill/data/benchmark/mp/train/sample_003041.npz,mp,shifting_gaps,U,mp_shifting_gaps,medium,medium,0,,mp:train
calib,sample_001606.npz,/home/zzy/TrajectoryPlanning/distill/data/benchmark/mp/train/sample_003045.npz,mp,shifting_gaps,U,mp_shifting_gaps,medium,medium,0,,mp:train
calib,sample_001607.npz,/home/zzy/TrajectoryPlanning/distill/data/benchmark/mp/train/sample_003050.npz,mp,shifting_gaps,U,mp_shifting_gaps,medium,medium,0,,mp:train
calib,sample_001608.npz,/home/zzy/TrajectoryPlanning/distill/data/benchmark/mp/train/sample_003057.npz,mp,shifting_gaps,U,mp_shifting_gaps,medium,medium,0,,mp:train
calib,sample_001609.npz,/home/zzy/TrajectoryPlanning/distill/data/benchmark/mp/train/sample_003063.npz,mp,shifting_gaps,U,mp_shifting_gaps,medium,medium,0,,mp:train
calib,sample_001610.npz,/home/zzy/TrajectoryPlanning/distill/data/benchmark/mp/train/sample_003064.npz,mp,shifting_gaps,U,mp_shifting_gaps,medium,medium,0,,mp:train
calib,sample_001611.npz,/home/zzy/TrajectoryPlanning/distill/data/benchmark/mp/train/sample_003067.npz,mp,shifting_gaps,U,mp_shifting_gaps,medium,medium,0,,mp:train
calib,sample_001612.npz,/home/zzy/TrajectoryPlanning/distill/data/benchmark/mp/train/sample_003071.npz,mp,shifting_gaps,U,mp_shifting_gaps,medium,medium,0,,mp:train
calib,sample_001613.npz,/home/zzy/TrajectoryPlanning/distill/data/benchmark/mp/train/sample_003076.npz,mp,shifting_gaps,U,mp_shifting_gaps,medium,medium,0,,mp:train
calib,sample_001614.npz,/home/zzy/TrajectoryPlanning/distill/data/benchmark/mp/train/sample_003081.npz,mp,shifting_gaps,U,mp_shifting_gaps,medium,medium,0,,mp:train
calib,sample_001615.npz,/home/zzy/TrajectoryPlanning/distill/data/benchmark/mp/train/sample_003082.npz,mp,shifting_gaps,U,mp_shifting_gaps,medium,medium,0,,mp:train
calib,sample_001616.npz,/home/zzy/TrajectoryPlanning/distill/data/benchmark/mp/train/sample_003093.npz,mp,shifting_gaps,U,mp_shifting_gaps,medium,medium,0,,mp:train
calib,sample_001617.npz,/home/zzy/TrajectoryPlanning/distill/data/benchmark/mp/train/sample_003102.npz,mp,shifting_gaps,U,mp_shifting_gaps,medium,medium,0,,mp:train
calib,sample_001618.npz,/home/zzy/TrajectoryPlanning/distill/data/benchmark/mp/train/sample_003104.npz,mp,shifting_gaps,U,mp_shifting_gaps,medium,medium,0,,mp:train
calib,sample_001619.npz,/home/zzy/TrajectoryPlanning/distill/data/benchmark/mp/train/sample_003105.npz,mp,shifting_gaps,U,mp_shifting_gaps,medium,medium,0,,mp:train
calib,sample_001620.npz,/home/zzy/TrajectoryPlanning/distill/data/benchmark/mp/train/sample_003113.npz,mp,shifting_gaps,U,mp_shifting_gaps,medium,medium,0,,mp:train
calib,sample_001621.npz,/home/zzy/TrajectoryPlanning/distill/data/benchmark/mp/train/sample_003120.npz,mp,shifting_gaps,U,mp_shifting_gaps,medium,medium,0,,mp:train
calib,sample_001622.npz,/home/zzy/TrajectoryPlanning/distill/data/benchmark/mp/train/sample_003125.npz,mp,shifting_gaps,U,mp_shifting_gaps,medium,medium,0,,mp:train
calib,sample_001623.npz,/home/zzy/TrajectoryPlanning/distill/data/benchmark/mp/train/sample_003130.npz,mp,shifting_gaps,U,mp_shifting_gaps,medium,medium,0,,mp:train
calib,sample_001624.npz,/home/zzy/TrajectoryPlanning/distill/data/benchmark/mp/train/sample_003131.npz,mp,shifting_gaps,U,mp_shifting_gaps,medium,medium,0,,mp:train
calib,sample_001625.npz,/home/zzy/TrajectoryPlanning/distill/data/benchmark/mp/train/sample_003135.npz,mp,shifting_gaps,U,mp_shifting_gaps,medium,medium,0,,mp:train
calib,sample_001626.npz,/home/zzy/TrajectoryPlanning/distill/data/benchmark/mp/train/sample_003136.npz,mp,shifting_gaps,U,mp_shifting_gaps,medium,medium,0,,mp:train
calib,sample_001627.npz,/home/zzy/TrajectoryPlanning/distill/data/benchmark/mp/train/sample_003137.npz,mp,shifting_gaps,U,mp_shifting_gaps,medium,medium,0,,mp:train
calib,sample_001628.npz,/home/zzy/TrajectoryPlanning/distill/data/benchmark/mp/train/sample_003141.npz,mp,shifting_gaps,U,mp_shifting_gaps,medium,medium,0,,mp:train
calib,sample_001629.npz,/home/zzy/TrajectoryPlanning/distill/data/benchmark/mp/train/sample_003149.npz,mp,shifting_gaps,U,mp_shifting_gaps,medium,medium,0,,mp:train
calib,sample_001630.npz,/home/zzy/TrajectoryPlanning/distill/data/benchmark/mp/train/sample_003158.npz,mp,shifting_gaps,U,mp_shifting_gaps,medium,medium,0,,mp:train
calib,sample_001631.npz,/home/zzy/TrajectoryPlanning/distill/data/benchmark/mp/train/sample_003171.npz,mp,shifting_gaps,U,mp_shifting_gaps,medium,medium,0,,mp:train
calib,sample_001632.npz,/home/zzy/TrajectoryPlanning/distill/data/benchmark/mp/train/sample_003182.npz,mp,shifting_gaps,U,mp_shifting_gaps,medium,medium,0,,mp:train
calib,sample_001633.npz,/home/zzy/TrajectoryPlanning/distill/data/benchmark/mp/train/sample_003194.npz,mp,shifting_gaps,U,mp_shifting_gaps,medium,medium,0,,mp:train
calib,sample_001634.npz,/home/zzy/TrajectoryPlanning/distill/data/benchmark/mp/train/sample_003196.npz,mp,shifting_gaps,U,mp_shifting_gaps,medium,medium,0,,mp:train
calib,sample_001635.npz,/home/zzy/TrajectoryPlanning/distill/data/benchmark/mp/test/sample_000503.npz,mp,single_bugtrap,U,mp_single_bugtrap,medium,medium,0,,mp:test
calib,sample_001636.npz,/home/zzy/TrajectoryPlanning/distill/data/benchmark/mp/test/sample_000512.npz,mp,single_bugtrap,U,mp_single_bugtrap,medium,medium,0,,mp:test
calib,sample_001637.npz,/home/zzy/TrajectoryPlanning/distill/data/benchmark/mp/test/sample_000521.npz,mp,single_bugtrap,U,mp_single_bugtrap,medium,medium,0,,mp:test
calib,sample_001638.npz,/home/zzy/TrajectoryPlanning/distill/data/benchmark/mp/test/sample_000531.npz,mp,single_bugtrap,U,mp_single_bugtrap,medium,medium,0,,mp:test
calib,sample_001639.npz,/home/zzy/TrajectoryPlanning/distill/data/benchmark/mp/test/sample_000532.npz,mp,single_bugtrap,U,mp_single_bugtrap,medium,medium,0,,mp:test
calib,sample_001640.npz,/home/zzy/TrajectoryPlanning/distill/data/benchmark/mp/test/sample_000542.npz,mp,single_bugtrap,U,mp_single_bugtrap,medium,medium,0,,mp:test
calib,sample_001641.npz,/home/zzy/TrajectoryPlanning/distill/data/benchmark/mp/test/sample_000555.npz,mp,single_bugtrap,U,mp_single_bugtrap,medium,medium,0,,mp:test
calib,sample_001642.npz,/home/zzy/TrajectoryPlanning/distill/data/benchmark/mp/test/sample_000565.npz,mp,single_bugtrap,U,mp_single_bugtrap,medium,medium,0,,mp:test
calib,sample_001643.npz,/home/zzy/TrajectoryPlanning/distill/data/benchmark/mp/test/sample_000567.npz,mp,single_bugtrap,U,mp_single_bugtrap,medium,medium,0,,mp:test
calib,sample_001644.npz,/home/zzy/TrajectoryPlanning/distill/data/benchmark/mp/test/sample_000568.npz,mp,single_bugtrap,U,mp_single_bugtrap,medium,medium,0,,mp:test
calib,sample_001645.npz,/home/zzy/TrajectoryPlanning/distill/data/benchmark/mp/test/sample_000570.npz,mp,single_bugtrap,U,mp_single_bugtrap,medium,medium,0,,mp:test
calib,sample_001646.npz,/home/zzy/TrajectoryPlanning/distill/data/benchmark/mp/test/sample_000577.npz,mp,single_bugtrap,U,mp_single_bugtrap,medium,medium,0,,mp:test
calib,sample_001647.npz,/home/zzy/TrajectoryPlanning/distill/data/benchmark/mp/test/sample_000579.npz,mp,single_bugtrap,U,mp_single_bugtrap,medium,medium,0,,mp:test
calib,sample_001648.npz,/home/zzy/TrajectoryPlanning/distill/data/benchmark/mp/test/sample_000580.npz,mp,single_bugtrap,U,mp_single_bugtrap,medium,medium,0,,mp:test
calib,sample_001649.npz,/home/zzy/TrajectoryPlanning/distill/data/benchmark/mp/test/sample_000589.npz,mp,single_bugtrap,U,mp_single_bugtrap,medium,medium,0,,mp:test
calib,sample_001650.npz,/home/zzy/TrajectoryPlanning/distill/data/benchmark/mp/train/sample_004002.npz,mp,single_bugtrap,U,mp_single_bugtrap,medium,medium,0,,mp:train
calib,sample_001651.npz,/home/zzy/TrajectoryPlanning/distill/data/benchmark/mp/train/sample_004008.npz,mp,single_bugtrap,U,mp_single_bugtrap,medium,medium,0,,mp:train
calib,sample_001652.npz,/home/zzy/TrajectoryPlanning/distill/data/benchmark/mp/train/sample_004010.npz,mp,single_bugtrap,U,mp_single_bugtrap,medium,medium,0,,mp:train
calib,sample_001653.npz,/home/zzy/TrajectoryPlanning/distill/data/benchmark/mp/train/sample_004023.npz,mp,single_bugtrap,U,mp_single_bugtrap,medium,medium,0,,mp:train
calib,sample_001654.npz,/home/zzy/TrajectoryPlanning/distill/data/benchmark/mp/train/sample_004029.npz,mp,single_bugtrap,U,mp_single_bugtrap,medium,medium,0,,mp:train
calib,sample_001655.npz,/home/zzy/TrajectoryPlanning/distill/data/benchmark/mp/train/sample_004033.npz,mp,single_bugtrap,U,mp_single_bugtrap,medium,medium,0,,mp:train
calib,sample_001656.npz,/home/zzy/TrajectoryPlanning/distill/data/benchmark/mp/train/sample_004038.npz,mp,single_bugtrap,U,mp_single_bugtrap,medium,medium,0,,mp:train
calib,sample_001657.npz,/home/zzy/TrajectoryPlanning/distill/data/benchmark/mp/train/sample_004049.npz,mp,single_bugtrap,U,mp_single_bugtrap,medium,medium,0,,mp:train
calib,sample_001658.npz,/home/zzy/TrajectoryPlanning/distill/data/benchmark/mp/train/sample_004051.npz,mp,single_bugtrap,U,mp_single_bugtrap,medium,medium,0,,mp:train
calib,sample_001659.npz,/home/zzy/TrajectoryPlanning/distill/data/benchmark/mp/train/sample_004055.npz,mp,single_bugtrap,U,mp_single_bugtrap,medium,medium,0,,mp:train
calib,sample_001660.npz,/home/zzy/TrajectoryPlanning/distill/data/benchmark/mp/train/sample_004059.npz,mp,single_bugtrap,U,mp_single_bugtrap,medium,medium,0,,mp:train
calib,sample_001661.npz,/home/zzy/TrajectoryPlanning/distill/data/benchmark/mp/train/sample_004062.npz,mp,single_bugtrap,U,mp_single_bugtrap,medium,medium,0,,mp:train
calib,sample_001662.npz,/home/zzy/TrajectoryPlanning/distill/data/benchmark/mp/train/sample_004073.npz,mp,single_bugtrap,U,mp_single_bugtrap,medium,medium,0,,mp:train
calib,sample_001663.npz,/home/zzy/TrajectoryPlanning/distill/data/benchmark/mp/train/sample_004079.npz,mp,single_bugtrap,U,mp_single_bugtrap,medium,medium,0,,mp:train
calib,sample_001664.npz,/home/zzy/TrajectoryPlanning/distill/data/benchmark/mp/train/sample_004081.npz,mp,single_bugtrap,U,mp_single_bugtrap,medium,medium,0,,mp:train
calib,sample_001665.npz,/home/zzy/TrajectoryPlanning/distill/data/benchmark/mp/train/sample_004121.npz,mp,single_bugtrap,U,mp_single_bugtrap,medium,medium,0,,mp:train
calib,sample_001666.npz,/home/zzy/TrajectoryPlanning/distill/data/benchmark/mp/train/sample_004122.npz,mp,single_bugtrap,U,mp_single_bugtrap,medium,medium,0,,mp:train
calib,sample_001667.npz,/home/zzy/TrajectoryPlanning/distill/data/benchmark/mp/train/sample_004125.npz,mp,single_bugtrap,U,mp_single_bugtrap,medium,medium,0,,mp:train
calib,sample_001668.npz,/home/zzy/TrajectoryPlanning/distill/data/benchmark/mp/train/sample_004132.npz,mp,single_bugtrap,U,mp_single_bugtrap,medium,medium,0,,mp:train
calib,sample_001669.npz,/home/zzy/TrajectoryPlanning/distill/data/benchmark/mp/train/sample_004136.npz,mp,single_bugtrap,U,mp_single_bugtrap,medium,medium,0,,mp:train
calib,sample_001670.npz,/home/zzy/TrajectoryPlanning/distill/data/benchmark/mp/train/sample_004140.npz,mp,single_bugtrap,U,mp_single_bugtrap,medium,medium,0,,mp:train
calib,sample_001671.npz,/home/zzy/TrajectoryPlanning/distill/data/benchmark/mp/train/sample_004149.npz,mp,single_bugtrap,U,mp_single_bugtrap,medium,medium,0,,mp:train
calib,sample_001672.npz,/home/zzy/TrajectoryPlanning/distill/data/benchmark/mp/train/sample_004154.npz,mp,single_bugtrap,U,mp_single_bugtrap,medium,medium,0,,mp:train
calib,sample_001673.npz,/home/zzy/TrajectoryPlanning/distill/data/benchmark/mp/train/sample_004157.npz,mp,single_bugtrap,U,mp_single_bugtrap,medium,medium,0,,mp:train
calib,sample_001674.npz,/home/zzy/TrajectoryPlanning/distill/data/benchmark/mp/train/sample_004161.npz,mp,single_bugtrap,U,mp_single_bugtrap,medium,medium,0,,mp:train
calib,sample_001675.npz,/home/zzy/TrajectoryPlanning/distill/data/benchmark/mp/train/sample_004165.npz,mp,single_bugtrap,U,mp_single_bugtrap,medium,medium,0,,mp:train
calib,sample_001676.npz,/home/zzy/TrajectoryPlanning/distill/data/benchmark/mp/train/sample_004168.npz,mp,single_bugtrap,U,mp_single_bugtrap,medium,medium,0,,mp:train
calib,sample_001677.npz,/home/zzy/TrajectoryPlanning/distill/data/benchmark/mp/train/sample_004177.npz,mp,single_bugtrap,U,mp_single_bugtrap,medium,medium,0,,mp:train
calib,sample_001678.npz,/home/zzy/TrajectoryPlanning/distill/data/benchmark/mp/train/sample_004186.npz,mp,single_bugtrap,U,mp_single_bugtrap,medium,medium,0,,mp:train
calib,sample_001679.npz,/home/zzy/TrajectoryPlanning/distill/data/benchmark/mp/train/sample_004190.npz,mp,single_bugtrap,U,mp_single_bugtrap,medium,medium,0,,mp:train
calib,sample_001680.npz,/home/zzy/TrajectoryPlanning/distill/data/benchmark/mp/train/sample_004192.npz,mp,single_bugtrap,U,mp_single_bugtrap,medium,medium,0,,mp:train
calib,sample_001681.npz,/home/zzy/TrajectoryPlanning/distill/data/benchmark/mp/train/sample_004205.npz,mp,single_bugtrap,U,mp_single_bugtrap,medium,medium,0,,mp:train
calib,sample_001682.npz,/home/zzy/TrajectoryPlanning/distill/data/benchmark/mp/train/sample_004209.npz,mp,single_bugtrap,U,mp_single_bugtrap,medium,medium,0,,mp:train
calib,sample_001683.npz,/home/zzy/TrajectoryPlanning/distill/data/benchmark/mp/train/sample_004213.npz,mp,single_bugtrap,U,mp_single_bugtrap,medium,medium,0,,mp:train
calib,sample_001684.npz,/home/zzy/TrajectoryPlanning/distill/data/benchmark/mp/train/sample_004218.npz,mp,single_bugtrap,U,mp_single_bugtrap,medium,medium,0,,mp:train
calib,sample_001685.npz,/home/zzy/TrajectoryPlanning/distill/data/benchmark/mp/train/sample_004235.npz,mp,single_bugtrap,U,mp_single_bugtrap,medium,medium,0,,mp:train
calib,sample_001686.npz,/home/zzy/TrajectoryPlanning/distill/data/benchmark/mp/train/sample_004242.npz,mp,single_bugtrap,U,mp_single_bugtrap,medium,medium,0,,mp:train
calib,sample_001687.npz,/home/zzy/TrajectoryPlanning/distill/data/benchmark/mp/train/sample_004246.npz,mp,single_bugtrap,U,mp_single_bugtrap,medium,medium,0,,mp:train
calib,sample_001688.npz,/home/zzy/TrajectoryPlanning/distill/data/benchmark/mp/train/sample_004250.npz,mp,single_bugtrap,U,mp_single_bugtrap,medium,medium,0,,mp:train
calib,sample_001689.npz,/home/zzy/TrajectoryPlanning/distill/data/benchmark/mp/train/sample_004253.npz,mp,single_bugtrap,U,mp_single_bugtrap,medium,medium,0,,mp:train
calib,sample_001690.npz,/home/zzy/TrajectoryPlanning/distill/data/benchmark/mp/train/sample_004255.npz,mp,single_bugtrap,U,mp_single_bugtrap,medium,medium,0,,mp:train
calib,sample_001691.npz,/home/zzy/TrajectoryPlanning/distill/data/benchmark/mp/train/sample_004257.npz,mp,single_bugtrap,U,mp_single_bugtrap,medium,medium,0,,mp:train
calib,sample_001692.npz,/home/zzy/TrajectoryPlanning/distill/data/benchmark/mp/train/sample_004259.npz,mp,single_bugtrap,U,mp_single_bugtrap,medium,medium,0,,mp:train
calib,sample_001693.npz,/home/zzy/TrajectoryPlanning/distill/data/benchmark/mp/train/sample_004261.npz,mp,single_bugtrap,U,mp_single_bugtrap,medium,medium,0,,mp:train
calib,sample_001694.npz,/home/zzy/TrajectoryPlanning/distill/data/benchmark/mp/train/sample_004265.npz,mp,single_bugtrap,U,mp_single_bugtrap,medium,medium,0,,mp:train
calib,sample_001695.npz,/home/zzy/TrajectoryPlanning/distill/data/benchmark/mp/train/sample_004267.npz,mp,single_bugtrap,U,mp_single_bugtrap,medium,medium,0,,mp:train
calib,sample_001696.npz,/home/zzy/TrajectoryPlanning/distill/data/benchmark/mp/train/sample_004279.npz,mp,single_bugtrap,U,mp_single_bugtrap,medium,medium,0,,mp:train
calib,sample_001697.npz,/home/zzy/TrajectoryPlanning/distill/data/benchmark/mp/train/sample_004283.npz,mp,single_bugtrap,U,mp_single_bugtrap,medium,medium,0,,mp:train
calib,sample_001698.npz,/home/zzy/TrajectoryPlanning/distill/data/benchmark/mp/train/sample_004297.npz,mp,single_bugtrap,U,mp_single_bugtrap,medium,medium,0,,mp:train
calib,sample_001699.npz,/home/zzy/TrajectoryPlanning/distill/data/benchmark/mp/train/sample_004303.npz,mp,single_bugtrap,U,mp_single_bugtrap,medium,medium,0,,mp:train
calib,sample_001700.npz,/home/zzy/TrajectoryPlanning/distill/data/benchmark/mp/train/sample_004304.npz,mp,single_bugtrap,U,mp_single_bugtrap,medium,medium,0,,mp:train
calib,sample_001701.npz,/home/zzy/TrajectoryPlanning/distill/data/benchmark/mp/train/sample_004305.npz,mp,single_bugtrap,U,mp_single_bugtrap,medium,medium,0,,mp:train
calib,sample_001702.npz,/home/zzy/TrajectoryPlanning/distill/data/benchmark/mp/train/sample_004309.npz,mp,single_bugtrap,U,mp_single_bugtrap,medium,medium,0,,mp:train
calib,sample_001703.npz,/home/zzy/TrajectoryPlanning/distill/data/benchmark/mp/train/sample_004311.npz,mp,single_bugtrap,U,mp_single_bugtrap,medium,medium,0,,mp:train
calib,sample_001704.npz,/home/zzy/TrajectoryPlanning/distill/data/benchmark/mp/train/sample_004313.npz,mp,single_bugtrap,U,mp_single_bugtrap,medium,medium,0,,mp:train
calib,sample_001705.npz,/home/zzy/TrajectoryPlanning/distill/data/benchmark/mp/train/sample_004317.npz,mp,single_bugtrap,U,mp_single_bugtrap,medium,medium,0,,mp:train
calib,sample_001706.npz,/home/zzy/TrajectoryPlanning/distill/data/benchmark/mp/train/sample_004321.npz,mp,single_bugtrap,U,mp_single_bugtrap,medium,medium,0,,mp:train
calib,sample_001707.npz,/home/zzy/TrajectoryPlanning/distill/data/benchmark/mp/train/sample_004328.npz,mp,single_bugtrap,U,mp_single_bugtrap,medium,medium,0,,mp:train
calib,sample_001708.npz,/home/zzy/TrajectoryPlanning/distill/data/benchmark/mp/train/sample_004332.npz,mp,single_bugtrap,U,mp_single_bugtrap,medium,medium,0,,mp:train
calib,sample_001709.npz,/home/zzy/TrajectoryPlanning/distill/data/benchmark/mp/train/sample_004333.npz,mp,single_bugtrap,U,mp_single_bugtrap,medium,medium,0,,mp:train
calib,sample_001710.npz,/home/zzy/TrajectoryPlanning/distill/data/benchmark/mp/train/sample_004335.npz,mp,single_bugtrap,U,mp_single_bugtrap,medium,medium,0,,mp:train
calib,sample_001711.npz,/home/zzy/TrajectoryPlanning/distill/data/benchmark/mp/train/sample_004336.npz,mp,single_bugtrap,U,mp_single_bugtrap,medium,medium,0,,mp:train
calib,sample_001712.npz,/home/zzy/TrajectoryPlanning/distill/data/benchmark/mp/train/sample_004346.npz,mp,single_bugtrap,U,mp_single_bugtrap,medium,medium,0,,mp:train
calib,sample_001713.npz,/home/zzy/TrajectoryPlanning/distill/data/benchmark/mp/train/sample_004347.npz,mp,single_bugtrap,U,mp_single_bugtrap,medium,medium,0,,mp:train
calib,sample_001714.npz,/home/zzy/TrajectoryPlanning/distill/data/benchmark/mp/train/sample_004350.npz,mp,single_bugtrap,U,mp_single_bugtrap,medium,medium,0,,mp:train
calib,sample_001715.npz,/home/zzy/TrajectoryPlanning/distill/data/benchmark/mp/train/sample_004361.npz,mp,single_bugtrap,U,mp_single_bugtrap,medium,medium,0,,mp:train
calib,sample_001716.npz,/home/zzy/TrajectoryPlanning/distill/data/benchmark/mp/train/sample_004362.npz,mp,single_bugtrap,U,mp_single_bugtrap,medium,medium,0,,mp:train
calib,sample_001717.npz,/home/zzy/TrajectoryPlanning/distill/data/benchmark/mp/train/sample_004367.npz,mp,single_bugtrap,U,mp_single_bugtrap,medium,medium,0,,mp:train
calib,sample_001718.npz,/home/zzy/TrajectoryPlanning/distill/data/benchmark/mp/train/sample_004368.npz,mp,single_bugtrap,U,mp_single_bugtrap,medium,medium,0,,mp:train
calib,sample_001719.npz,/home/zzy/TrajectoryPlanning/distill/data/benchmark/mp/train/sample_004375.npz,mp,single_bugtrap,U,mp_single_bugtrap,medium,medium,0,,mp:train
calib,sample_001720.npz,/home/zzy/TrajectoryPlanning/distill/data/benchmark/mp/train/sample_004397.npz,mp,single_bugtrap,U,mp_single_bugtrap,medium,medium,0,,mp:train
calib,sample_001721.npz,/home/zzy/TrajectoryPlanning/distill/data/benchmark/mp/train/sample_004401.npz,mp,single_bugtrap,U,mp_single_bugtrap,medium,medium,0,,mp:train
calib,sample_001722.npz,/home/zzy/TrajectoryPlanning/distill/data/benchmark/mp/train/sample_004403.npz,mp,single_bugtrap,U,mp_single_bugtrap,medium,medium,0,,mp:train
calib,sample_001723.npz,/home/zzy/TrajectoryPlanning/distill/data/benchmark/mp/train/sample_004406.npz,mp,single_bugtrap,U,mp_single_bugtrap,medium,medium,0,,mp:train
calib,sample_001724.npz,/home/zzy/TrajectoryPlanning/distill/data/benchmark/mp/train/sample_004410.npz,mp,single_bugtrap,U,mp_single_bugtrap,medium,medium,0,,mp:train
calib,sample_001725.npz,/home/zzy/TrajectoryPlanning/distill/data/benchmark/mp/train/sample_004416.npz,mp,single_bugtrap,U,mp_single_bugtrap,medium,medium,0,,mp:train
calib,sample_001726.npz,/home/zzy/TrajectoryPlanning/distill/data/benchmark/mp/train/sample_004419.npz,mp,single_bugtrap,U,mp_single_bugtrap,medium,medium,0,,mp:train
calib,sample_001727.npz,/home/zzy/TrajectoryPlanning/distill/data/benchmark/mp/train/sample_004420.npz,mp,single_bugtrap,U,mp_single_bugtrap,medium,medium,0,,mp:train
calib,sample_001728.npz,/home/zzy/TrajectoryPlanning/distill/data/benchmark/mp/train/sample_004431.npz,mp,single_bugtrap,U,mp_single_bugtrap,medium,medium,0,,mp:train
calib,sample_001729.npz,/home/zzy/TrajectoryPlanning/distill/data/benchmark/mp/train/sample_004437.npz,mp,single_bugtrap,U,mp_single_bugtrap,medium,medium,0,,mp:train
calib,sample_001730.npz,/home/zzy/TrajectoryPlanning/distill/data/benchmark/mp/train/sample_004447.npz,mp,single_bugtrap,U,mp_single_bugtrap,medium,medium,0,,mp:train
calib,sample_001731.npz,/home/zzy/TrajectoryPlanning/distill/data/benchmark/mp/train/sample_004453.npz,mp,single_bugtrap,U,mp_single_bugtrap,medium,medium,0,,mp:train
calib,sample_001732.npz,/home/zzy/TrajectoryPlanning/distill/data/benchmark/mp/train/sample_004456.npz,mp,single_bugtrap,U,mp_single_bugtrap,medium,medium,0,,mp:train
calib,sample_001733.npz,/home/zzy/TrajectoryPlanning/distill/data/benchmark/mp/train/sample_004475.npz,mp,single_bugtrap,U,mp_single_bugtrap,medium,medium,0,,mp:train
calib,sample_001734.npz,/home/zzy/TrajectoryPlanning/distill/data/benchmark/mp/train/sample_004477.npz,mp,single_bugtrap,U,mp_single_bugtrap,medium,medium,0,,mp:train
calib,sample_001735.npz,/home/zzy/TrajectoryPlanning/distill/data/benchmark/mp/train/sample_004479.npz,mp,single_bugtrap,U,mp_single_bugtrap,medium,medium,0,,mp:train
calib,sample_001736.npz,/home/zzy/TrajectoryPlanning/distill/data/benchmark/mp/train/sample_004486.npz,mp,single_bugtrap,U,mp_single_bugtrap,medium,medium,0,,mp:train
calib,sample_001737.npz,/home/zzy/TrajectoryPlanning/distill/data/benchmark/mp/train/sample_004493.npz,mp,single_bugtrap,U,mp_single_bugtrap,medium,medium,0,,mp:train
calib,sample_001738.npz,/home/zzy/TrajectoryPlanning/distill/data/benchmark/mp/train/sample_004494.npz,mp,single_bugtrap,U,mp_single_bugtrap,medium,medium,0,,mp:train
calib,sample_001739.npz,/home/zzy/TrajectoryPlanning/distill/data/benchmark/mp/train/sample_004499.npz,mp,single_bugtrap,U,mp_single_bugtrap,medium,medium,0,,mp:train
calib,sample_001740.npz,/home/zzy/TrajectoryPlanning/distill/data/benchmark/mp/train/sample_004500.npz,mp,single_bugtrap,U,mp_single_bugtrap,medium,medium,0,,mp:train
calib,sample_001741.npz,/home/zzy/TrajectoryPlanning/distill/data/benchmark/mp/train/sample_004503.npz,mp,single_bugtrap,U,mp_single_bugtrap,medium,medium,0,,mp:train
calib,sample_001742.npz,/home/zzy/TrajectoryPlanning/distill/data/benchmark/mp/train/sample_004509.npz,mp,single_bugtrap,U,mp_single_bugtrap,medium,medium,0,,mp:train
calib,sample_001743.npz,/home/zzy/TrajectoryPlanning/distill/data/benchmark/mp/train/sample_004510.npz,mp,single_bugtrap,U,mp_single_bugtrap,medium,medium,0,,mp:train
calib,sample_001744.npz,/home/zzy/TrajectoryPlanning/distill/data/benchmark/mp/train/sample_004513.npz,mp,single_bugtrap,U,mp_single_bugtrap,medium,medium,0,,mp:train
calib,sample_001745.npz,/home/zzy/TrajectoryPlanning/distill/data/benchmark/mp/train/sample_004519.npz,mp,single_bugtrap,U,mp_single_bugtrap,medium,medium,0,,mp:train
calib,sample_001746.npz,/home/zzy/TrajectoryPlanning/distill/data/benchmark/mp/train/sample_004522.npz,mp,single_bugtrap,U,mp_single_bugtrap,medium,medium,0,,mp:train
calib,sample_001747.npz,/home/zzy/TrajectoryPlanning/distill/data/benchmark/mp/train/sample_004524.npz,mp,single_bugtrap,U,mp_single_bugtrap,medium,medium,0,,mp:train
calib,sample_001748.npz,/home/zzy/TrajectoryPlanning/distill/data/benchmark/mp/train/sample_004529.npz,mp,single_bugtrap,U,mp_single_bugtrap,medium,medium,0,,mp:train
calib,sample_001749.npz,/home/zzy/TrajectoryPlanning/distill/data/benchmark/mp/train/sample_004532.npz,mp,single_bugtrap,U,mp_single_bugtrap,medium,medium,0,,mp:train
calib,sample_001750.npz,/home/zzy/TrajectoryPlanning/distill/data/benchmark/mp/train/sample_004537.npz,mp,single_bugtrap,U,mp_single_bugtrap,medium,medium,0,,mp:train
calib,sample_001751.npz,/home/zzy/TrajectoryPlanning/distill/data/benchmark/mp/train/sample_004541.npz,mp,single_bugtrap,U,mp_single_bugtrap,medium,medium,0,,mp:train
calib,sample_001752.npz,/home/zzy/TrajectoryPlanning/distill/data/benchmark/mp/train/sample_004545.npz,mp,single_bugtrap,U,mp_single_bugtrap,medium,medium,0,,mp:train
calib,sample_001753.npz,/home/zzy/TrajectoryPlanning/distill/data/benchmark/mp/train/sample_004548.npz,mp,single_bugtrap,U,mp_single_bugtrap,medium,medium,0,,mp:train
calib,sample_001754.npz,/home/zzy/TrajectoryPlanning/distill/data/benchmark/mp/train/sample_004558.npz,mp,single_bugtrap,U,mp_single_bugtrap,medium,medium,0,,mp:train
calib,sample_001755.npz,/home/zzy/TrajectoryPlanning/distill/data/benchmark/mp/train/sample_004562.npz,mp,single_bugtrap,U,mp_single_bugtrap,medium,medium,0,,mp:train
calib,sample_001756.npz,/home/zzy/TrajectoryPlanning/distill/data/benchmark/mp/train/sample_004564.npz,mp,single_bugtrap,U,mp_single_bugtrap,medium,medium,0,,mp:train
calib,sample_001757.npz,/home/zzy/TrajectoryPlanning/distill/data/benchmark/mp/train/sample_004577.npz,mp,single_bugtrap,U,mp_single_bugtrap,medium,medium,0,,mp:train
calib,sample_001758.npz,/home/zzy/TrajectoryPlanning/distill/data/benchmark/mp/train/sample_004599.npz,mp,single_bugtrap,U,mp_single_bugtrap,medium,medium,0,,mp:train
calib,sample_001759.npz,/home/zzy/TrajectoryPlanning/distill/data/benchmark/mp/train/sample_004603.npz,mp,single_bugtrap,U,mp_single_bugtrap,medium,medium,0,,mp:train
calib,sample_001760.npz,/home/zzy/TrajectoryPlanning/distill/data/benchmark/mp/train/sample_004609.npz,mp,single_bugtrap,U,mp_single_bugtrap,medium,medium,0,,mp:train
calib,sample_001761.npz,/home/zzy/TrajectoryPlanning/distill/data/benchmark/mp/train/sample_004610.npz,mp,single_bugtrap,U,mp_single_bugtrap,medium,medium,0,,mp:train
calib,sample_001762.npz,/home/zzy/TrajectoryPlanning/distill/data/benchmark/mp/train/sample_004613.npz,mp,single_bugtrap,U,mp_single_bugtrap,medium,medium,0,,mp:train
calib,sample_001763.npz,/home/zzy/TrajectoryPlanning/distill/data/benchmark/mp/train/sample_004616.npz,mp,single_bugtrap,U,mp_single_bugtrap,medium,medium,0,,mp:train
calib,sample_001764.npz,/home/zzy/TrajectoryPlanning/distill/data/benchmark/mp/train/sample_004617.npz,mp,single_bugtrap,U,mp_single_bugtrap,medium,medium,0,,mp:train
calib,sample_001765.npz,/home/zzy/TrajectoryPlanning/distill/data/benchmark/mp/train/sample_004624.npz,mp,single_bugtrap,U,mp_single_bugtrap,medium,medium,0,,mp:train
calib,sample_001766.npz,/home/zzy/TrajectoryPlanning/distill/data/benchmark/mp/train/sample_004625.npz,mp,single_bugtrap,U,mp_single_bugtrap,medium,medium,0,,mp:train
calib,sample_001767.npz,/home/zzy/TrajectoryPlanning/distill/data/benchmark/mp/train/sample_004635.npz,mp,single_bugtrap,U,mp_single_bugtrap,medium,medium,0,,mp:train
calib,sample_001768.npz,/home/zzy/TrajectoryPlanning/distill/data/benchmark/mp/train/sample_004636.npz,mp,single_bugtrap,U,mp_single_bugtrap,medium,medium,0,,mp:train
calib,sample_001769.npz,/home/zzy/TrajectoryPlanning/distill/data/benchmark/mp/train/sample_004647.npz,mp,single_bugtrap,U,mp_single_bugtrap,medium,medium,0,,mp:train
calib,sample_001770.npz,/home/zzy/TrajectoryPlanning/distill/data/benchmark/mp/train/sample_004649.npz,mp,single_bugtrap,U,mp_single_bugtrap,medium,medium,0,,mp:train
calib,sample_001771.npz,/home/zzy/TrajectoryPlanning/distill/data/benchmark/mp/train/sample_004650.npz,mp,single_bugtrap,U,mp_single_bugtrap,medium,medium,0,,mp:train
calib,sample_001772.npz,/home/zzy/TrajectoryPlanning/distill/data/benchmark/mp/train/sample_004662.npz,mp,single_bugtrap,U,mp_single_bugtrap,medium,medium,0,,mp:train
calib,sample_001773.npz,/home/zzy/TrajectoryPlanning/distill/data/benchmark/mp/train/sample_004668.npz,mp,single_bugtrap,U,mp_single_bugtrap,medium,medium,0,,mp:train
calib,sample_001774.npz,/home/zzy/TrajectoryPlanning/distill/data/benchmark/mp/train/sample_004672.npz,mp,single_bugtrap,U,mp_single_bugtrap,medium,medium,0,,mp:train
calib,sample_001775.npz,/home/zzy/TrajectoryPlanning/distill/data/benchmark/mp/train/sample_004673.npz,mp,single_bugtrap,U,mp_single_bugtrap,medium,medium,0,,mp:train
calib,sample_001776.npz,/home/zzy/TrajectoryPlanning/distill/data/benchmark/mp/train/sample_004678.npz,mp,single_bugtrap,U,mp_single_bugtrap,medium,medium,0,,mp:train
calib,sample_001777.npz,/home/zzy/TrajectoryPlanning/distill/data/benchmark/mp/train/sample_004685.npz,mp,single_bugtrap,U,mp_single_bugtrap,medium,medium,0,,mp:train
calib,sample_001778.npz,/home/zzy/TrajectoryPlanning/distill/data/benchmark/mp/train/sample_004686.npz,mp,single_bugtrap,U,mp_single_bugtrap,medium,medium,0,,mp:train
calib,sample_001779.npz,/home/zzy/TrajectoryPlanning/distill/data/benchmark/mp/train/sample_004688.npz,mp,single_bugtrap,U,mp_single_bugtrap,medium,medium,0,,mp:train
calib,sample_001780.npz,/home/zzy/TrajectoryPlanning/distill/data/benchmark/mp/train/sample_004694.npz,mp,single_bugtrap,U,mp_single_bugtrap,medium,medium,0,,mp:train
calib,sample_001781.npz,/home/zzy/TrajectoryPlanning/distill/data/benchmark/mp/train/sample_004695.npz,mp,single_bugtrap,U,mp_single_bugtrap,medium,medium,0,,mp:train
calib,sample_001782.npz,/home/zzy/TrajectoryPlanning/distill/data/benchmark/mp/train/sample_004696.npz,mp,single_bugtrap,U,mp_single_bugtrap,medium,medium,0,,mp:train
calib,sample_001783.npz,/home/zzy/TrajectoryPlanning/distill/data/benchmark/mp/train/sample_004697.npz,mp,single_bugtrap,U,mp_single_bugtrap,medium,medium,0,,mp:train
calib,sample_001784.npz,/home/zzy/TrajectoryPlanning/distill/data/benchmark/mp/train/sample_004701.npz,mp,single_bugtrap,U,mp_single_bugtrap,medium,medium,0,,mp:train
calib,sample_001785.npz,/home/zzy/TrajectoryPlanning/distill/data/benchmark/mp/train/sample_004707.npz,mp,single_bugtrap,U,mp_single_bugtrap,medium,medium,0,,mp:train
calib,sample_001786.npz,/home/zzy/TrajectoryPlanning/distill/data/benchmark/mp/train/sample_004725.npz,mp,single_bugtrap,U,mp_single_bugtrap,medium,medium,0,,mp:train
calib,sample_001787.npz,/home/zzy/TrajectoryPlanning/distill/data/benchmark/mp/train/sample_004726.npz,mp,single_bugtrap,U,mp_single_bugtrap,medium,medium,0,,mp:train
calib,sample_001788.npz,/home/zzy/TrajectoryPlanning/distill/data/benchmark/mp/train/sample_004733.npz,mp,single_bugtrap,U,mp_single_bugtrap,medium,medium,0,,mp:train
calib,sample_001789.npz,/home/zzy/TrajectoryPlanning/distill/data/benchmark/mp/train/sample_004737.npz,mp,single_bugtrap,U,mp_single_bugtrap,medium,medium,0,,mp:train
calib,sample_001790.npz,/home/zzy/TrajectoryPlanning/distill/data/benchmark/mp/train/sample_004741.npz,mp,single_bugtrap,U,mp_single_bugtrap,medium,medium,0,,mp:train
calib,sample_001791.npz,/home/zzy/TrajectoryPlanning/distill/data/benchmark/mp/train/sample_004742.npz,mp,single_bugtrap,U,mp_single_bugtrap,medium,medium,0,,mp:train
calib,sample_001792.npz,/home/zzy/TrajectoryPlanning/distill/data/benchmark/mp/train/sample_004753.npz,mp,single_bugtrap,U,mp_single_bugtrap,medium,medium,0,,mp:train
calib,sample_001793.npz,/home/zzy/TrajectoryPlanning/distill/data/benchmark/mp/train/sample_004755.npz,mp,single_bugtrap,U,mp_single_bugtrap,medium,medium,0,,mp:train
calib,sample_001794.npz,/home/zzy/TrajectoryPlanning/distill/data/benchmark/mp/train/sample_004756.npz,mp,single_bugtrap,U,mp_single_bugtrap,medium,medium,0,,mp:train
calib,sample_001795.npz,/home/zzy/TrajectoryPlanning/distill/data/benchmark/mp/train/sample_004759.npz,mp,single_bugtrap,U,mp_single_bugtrap,medium,medium,0,,mp:train
calib,sample_001796.npz,/home/zzy/TrajectoryPlanning/distill/data/benchmark/mp/train/sample_004775.npz,mp,single_bugtrap,U,mp_single_bugtrap,medium,medium,0,,mp:train
calib,sample_001797.npz,/home/zzy/TrajectoryPlanning/distill/data/benchmark/mp/train/sample_004781.npz,mp,single_bugtrap,U,mp_single_bugtrap,medium,medium,0,,mp:train
calib,sample_001798.npz,/home/zzy/TrajectoryPlanning/distill/data/benchmark/mp/train/sample_004782.npz,mp,single_bugtrap,U,mp_single_bugtrap,medium,medium,0,,mp:train
calib,sample_001799.npz,/home/zzy/TrajectoryPlanning/distill/data/benchmark/mp/train/sample_004794.npz,mp,single_bugtrap,U,mp_single_bugtrap,medium,medium,0,,mp:train
