split,sample_name,source_path,source_dataset,scenario,category,map_id,difficulty_raw,difficulty,ood_family,ood_family_name,split_hint
train,sample_000000.npz,/home/zzy/TrajectoryPlanning/distill/data/benchmark/mp/test/sample_000200.npz,mp,alternating_gaps,U,mp_alternating_gaps,medium,medium,0,,mp:test
train,sample_000001.npz,/home/zzy/TrajectoryPlanning/distill/data/benchmark/mp/test/sample_000202.npz,mp,alternating_gaps,U,mp_alternating_gaps,medium,medium,0,,mp:test
train,sample_000002.npz,/home/zzy/TrajectoryPlanning/distill/data/benchmark/mp/test/sample_000208.npz,mp,alternating_gaps,U,mp_alternating_gaps,medium,medium,0,,mp:test
train,sample_000003.npz,/home/zzy/TrajectoryPlanning/distill/data/benchmark/mp/test/sample_000209.npz,mp,alternating_gaps,U,mp_alternating_gaps,medium,medium,0,,mp:test
train,sample_000004.npz,/home/zzy/TrajectoryPlanning/distill/data/benchmark/mp/test/sample_000210.npz,mp,alternating_gaps,U,mp_alternating_gaps,medium,medium,0,,mp:test
train,sample_000005.npz,/home/zzy/TrajectoryPlanning/distill/data/benchmark/mp/test/sample_000212.npz,mp,alternating_gaps,U,mp_alternating_gaps,medium,medium,0,,mp:test
train,sample_000006.npz,/home/zzy/TrajectoryPlanning/distill/data/benchmark/mp/test/sample_000213.npz,mp,alternating_gaps,U,mp_alternating_gaps,medium,medium,0,,mp:test
train,sample_000007.npz,/home/zzy/TrajectoryPlanning/distill/data/benchmark/mp/test/sample_000218.npz,mp,alternating_gaps,U,mp_alternating_gaps,medium,medium,0,,mp:test
train,sample_000008.npz,/home/zzy/TrajectoryPlanning/distill/data/benchmark/mp/test/sample_000219.npz,mp,alternating_gaps,U,mp_alternating_gaps,medium,medium,0,,mp:test
train,sample_000009.npz,/home/zzy/TrajectoryPlanning/distill/data/benchmark/mp/test/sample_000220.npz,mp,alternating_gaps,U,mp_alternating_gaps,medium,medium,0,,mp:test
train,sample_000010.npz,/home/zzy/TrajectoryPlanning/distill/data/benchmark/mp/test/sample_000223.npz,mp,alternating_gaps,U,mp_alternating_gaps,medium,medium,0,,mp:test
train,sample_000011.npz,/home/zzy/TrajectoryPlanning/distill/data/benchmark/mp/test/sample_000224.npz,mp,alternating_gaps,U,mp_alternating_gaps,medium,medium,0,,mp:test
train,sample_000012.npz,/home/zzy/TrajectoryPlanning/distill/data/benchmark/mp/test/sample_000225.npz,mp,alternating_gaps,U,mp_alternating_gaps,medium,medium,0,,mp:test
train,sample_000013.npz,/home/zzy/TrajectoryPlanning/distill/data/benchmark/mp/test/sample_000226.npz,mp,alternating_gaps,U,mp_alternating_gaps,medium,medium,0,,mp:test
train,sample_000014.npz,/home/zzy/TrajectoryPlanning/distill/data/benchmark/mp/test/sample_000227.npz,mp,alternating_gaps,U,mp_alternating_gaps,medium,medium,0,,mp:test
train,sample_000015.npz,/home/zzy/TrajectoryPlanning/distill/data/benchmark/mp/test/sample_000228.npz,mp,alternating_gaps,U,mp_alternating_gaps,medium,medium,0,,mp:test
train,sample_000016.npz,/home/zzy/TrajectoryPlanning/distill/data/benchmark/mp/test/sample_000229.npz,mp,alternating_gaps,U,mp_alternating_gaps,medium,medium,0,,mp:test
train,sample_000017.npz,/home/zzy/TrajectoryPlanning/distill/data/benchmark/mp/test/sample_000233.npz,mp,alternating_gaps,U,mp_alternating_gaps,medium,medium,0,,mp:test
train,sample_000018.npz,/home/zzy/TrajectoryPlanning/distill/data/benchmark/mp/test/sample_000236.npz,mp,alternating_gaps,U,mp_alternating_gaps,medium,medium,0,,mp:test
train,sample_000019.npz,/home/zzy/TrajectoryPlanning/distill/data/benchmark/mp/test/sample_000238.npz,mp,alternating_gaps,U,mp_alternating_gaps,medium,medium,0,,mp:test
train,sample_000020.npz,/home/zzy/TrajectoryPlanning/distill/data/benchmark/mp/test/sample_000239.npz,mp,alternating_gaps,U,mp_alternating_gaps,medium,medium,0,,mp:test
train,sample_000021.npz,/home/zzy/TrajectoryPlanning/distill/data/benchmark/mp/test/sample_000241.npz,mp,alternating_gaps,U,mp_alternating_gaps,medium,medium,0,,mp:test
train,sample_000022.npz,/home/zzy/TrajectoryPlanning/distill/data/benchmark/mp/test/sample_000245.npz,mp,alternating_gaps,U,mp_alternating_gaps,medium,medium,0,,mp:test
train,sample_000023.npz,/home/zzy/TrajectoryPlanning/distill/data/benchmark/mp/test/sample_000246.npz,mp,alternating_gaps,U,mp_alternating_gaps,medium,medium,0,,mp:test
train,sample_000024.npz,/home/zzy/TrajectoryPlanning/distill/data/benchmark/mp/test/sample_000248.npz,mp,alternating_gaps,U,mp_alternating_gaps,medium,medium,0,,mp:test
train,sample_000025.npz,/home/zzy/TrajectoryPlanning/distill/data/benchmark/mp/test/sample_000255.npz,mp,alternating_gaps,U,mp_alternating_gaps,medium,medium,0,,mp:test
train,sample_000026.npz,/home/zzy/TrajectoryPlanning/distill/data/benchmark/mp/test/sample_000260.npz,mp,alternating_gaps,U,mp_alternating_gaps,medium,medium,0,,mp:test
train,sample_000027.npz,/home/zzy/TrajectoryPlanning/distill/data/benchmark/mp/test/sample_000261.npz,mp,alternating_gaps,U,mp_alternating_gaps,medium,medium,0,,mp:test
train,sample_000028.npz,/home/zzy/TrajectoryPlanning/distill/data/benchmark/mp/test/sample_000269.npz,mp,alternating_gaps,U,mp_alternating_gaps,medium,medium,0,,mp:test
train,sample_000029.npz,/home/zzy/TrajectoryPlanning/distill/data/benchmark/mp/test/sample_000271.npz,mp,alternating_gaps,U,mp_alternating_gaps,medium,medium,0,,mp:test
train,sample_000030.npz,/home/zzy/TrajectoryPlanning/distill/data/benchmark/mp/test/sample_000272.npz,mp,alternating_gaps,U,mp_alternating_gaps,medium,medium,0,,mp:test
train,sample_000031.npz,/home/zzy/TrajectoryPlanning/distill/data/benchmark/mp/test/sample_000274.npz,mp,alternating_gaps,U,mp_alternating_gaps,medium,medium,0,,mp:test
train,sample_000032.npz,/home/zzy/TrajectoryPlanning/distill/data/benchmark/mp/test/sample_000276.npz,mp,alternating_gaps,U,mp_alternating_gaps,medium,medium,0,,mp:test
train,sample_000033.npz,/home/zzy/TrajectoryPlanning/distill/data/benchmark/mp/test/sample_000277.npz,mp,alternating_gaps,U,mp_alternating_gaps,medium,medium,0,,mp:test
train,sample_000034.npz,/home/zzy/TrajectoryPlanning/distill/data/benchmark/mp/test/sample_000282.npz,mp,alternating_gaps,U,mp_alternating_gaps,medium,medium,0,,mp:test
train,sample_000035.npz,/home/zzy/TrajectoryPlanning/distill/data/benchmark/mp/test/sample_000285.npz,mp,alternating_gaps,U,mp_alternating_gaps,medium,medium,0,,mp:test
train,sample_000036.npz,/home/zzy/TrajectoryPlanning/distill/data/benchmark/mp/test/sample_000287.npz,mp,alternating_gaps,U,mp_alternating_gaps,medium,medium,0,,mp:test
train,sample_000037.npz,/home/zzy/TrajectoryPlanning/distill/data/benchmark/mp/test/sample_000289.npz,mp,alternating_gaps,U,mp_alternating_gaps,medium,medium,0,,mp:test
train,sample_000038.npz,/home/zzy/TrajectoryPlanning/distill/data/benchmark/mp/test/sample_000295.npz,mp,alternating_gaps,U,mp_alternating_gaps,medium,medium,0,,mp:test
train,sample_000039.npz,/home/zzy/TrajectoryPlanning/distill/data/benchmark/mp/test/sample_000296.npz,mp,alternating_gaps,U,mp_alternating_gaps,medium,medium,0,,mp:test
train,sample_000040.npz,/home/zzy/TrajectoryPlanning/distill/data/benchmark/mp/test/sample_000297.npz,mp,alternating_gaps,U,mp_alternating_gaps,medium,medium,0,,mp:test
train,sample_000041.npz,/home/zzy/TrajectoryPlanning/distill/data/benchmark/mp/train/sample_001601.npz,mp,alternating_gaps,U,mp_alternating_gaps,medium,medium,0,,mp:train
train,sample_000042.npz,/home/zzy/TrajectoryPlanning/distill/data/benchmark/mp/train/sample_001602.npz,mp,alternating_gaps,U,mp_alternating_gaps,medium,medium,0,,mp:train
train,sample_000043.npz,/home/zzy/TrajectoryPlanning/distill/data/benchmark/mp/train/sample_001604.npz,mp,alternating_gaps,U,mp_alternating_gaps,medium,medium,0,,mp:train
train,sample_000044.npz,/home/zzy/TrajectoryPlanning/distill/data/benchmark/mp/train/sample_001605.npz,mp,alternating_gaps,U,mp_alternating_gaps,medium,medium,0,,mp:train
train,sample_000045.npz,/home/zzy/TrajectoryPlanning/distill/data/benchmark/mp/train/sample_001609.npz,mp,alternating_gaps,U,mp_alternating_gaps,medium,medium,0,,mp:train
train,sample_000046.npz,/home/zzy/TrajectoryPlanning/distill/data/benchmark/mp/train/sample_001613.npz,mp,alternating_gaps,U,mp_alternating_gaps,medium,medium,0,,mp:train
train,sample_000047.npz,/home/zzy/TrajectoryPlanning/distill/data/benchmark/mp/train/sample_001615.npz,mp,alternating_gaps,U,mp_alternating_gaps,medium,medium,0,,mp:train
train,sample_000048.npz,/home/zzy/TrajectoryPlanning/distill/data/benchmark/mp/train/sample_001616.npz,mp,alternating_gaps,U,mp_alternating_gaps,medium,medium,0,,mp:train
train,sample_000049.npz,/home/zzy/TrajectoryPlanning/distill/data/benchmark/mp/train/sample_001618.npz,mp,alternating_gaps,U,mp_alternating_gaps,medium,medium,0,,mp:train
train,sample_000050.npz,/home/zzy/TrajectoryPlanning/distill/data/benchmark/mp/train/sample_001619.npz,mp,alternating_gaps,U,mp_alternating_gaps,medium,medium,0,,mp:train
train,sample_000051.npz,/home/zzy/TrajectoryPlanning/distill/data/benchmark/mp/train/sample_001620.npz,mp,alternating_gaps,U,mp_alternating_gaps,medium,medium,0,,mp:train
train,sample_000052.npz,/home/zzy/TrajectoryPlanning/distill/data/benchmark/mp/train/sample_001621.npz,mp,alternating_gaps,U,mp_alternating_gaps,medium,medium,0,,mp:train
train,sample_000053.npz,/home/zzy/TrajectoryPlanning/distill/data/benchmark/mp/train/sample_001624.npz,mp,alternating_gaps,U,mp_alternating_gaps,medium,medium,0,,mp:train
train,sample_000054.npz,/home/zzy/TrajectoryPlanning/distill/data/benchmark/mp/train/sample_001625.npz,mp,alternating_gaps,U,mp_alternating_gaps,medium,medium,0,,mp:train
train,sample_000055.npz,/home/zzy/TrajectoryPlanning/distill/data/benchmark/mp/train/sample_001628.npz,mp,alternating_gaps,U,mp_alternating_gaps,medium,medium,0,,mp:train
train,sample_000056.npz,/home/zzy/TrajectoryPlanning/distill/data/benchmark/mp/train/sample_001629.npz,mp,alternating_gaps,U,mp_alternating_gaps,medium,medium,0,,mp:train
train,sample_000057.npz,/home/zzy/TrajectoryPlanning/distill/data/benchmark/mp/train/sample_001631.npz,mp,alternating_gaps,U,mp_alternating_gaps,medium,medium,0,,mp:train
train,sample_000058.npz,/home/zzy/TrajectoryPlanning/distill/data/benchmark/mp/train/sample_001632.npz,mp,alternating_gaps,U,mp_alternating_gaps,medium,medium,0,,mp:train
train,sample_000059.npz,/home/zzy/TrajectoryPlanning/distill/data/benchmark/mp/train/sample_001633.npz,mp,alternating_gaps,U,mp_alternating_gaps,medium,medium,0,,mp:train
train,sample_000060.npz,/home/zzy/TrajectoryPlanning/distill/data/benchmark/mp/train/sample_001636.npz,mp,alternating_gaps,U,mp_alternating_gaps,medium,medium,0,,mp:train
train,sample_000061.npz,/home/zzy/TrajectoryPlanning/distill/data/benchmark/mp/train/sample_001639.npz,mp,alternating_gaps,U,mp_alternating_gaps,medium,medium,0,,mp:train
train,sample_000062.npz,/home/zzy/TrajectoryPlanning/distill/data/benchmark/mp/train/sample_001640.npz,mp,alternating_gaps,U,mp_alternating_gaps,medium,medium,0,,mp:train
train,sample_000063.npz,/home/zzy/TrajectoryPlanning/distill/data/benchmark/mp/train/sample_001645.npz,mp,alternating_gaps,U,mp_alternating_gaps,medium,medium,0,,mp:train
train,sample_000064.npz,/home/zzy/TrajectoryPlanning/distill/data/benchmark/mp/train/sample_001648.npz,mp,alternating_gaps,U,mp_alternating_gaps,medium,medium,0,,mp:train
train,sample_000065.npz,/home/zzy/TrajectoryPlanning/distill/data/benchmark/mp/train/sample_001649.npz,mp,alternating_gaps,U,mp_alternating_gaps,medium,medium,0,,mp:train
train,sample_000066.npz,/home/zzy/TrajectoryPlanning/distill/data/benchmark/mp/train/sample_001650.npz,mp,alternating_gaps,U,mp_alternating_gaps,medium,medium,0,,mp:train
train,sample_000067.npz,/home/zzy/TrajectoryPlanning/distill/data/benchmark/mp/train/sample_001651.npz,mp,alternating_gaps,U,mp_alternating_gaps,medium,medium,0,,mp:train
train,sample_000068.npz,/home/zzy/TrajectoryPlanning/distill/data/benchmark/mp/train/sample_001653.npz,mp,alternating_gaps,U,mp_alternating_gaps,medium,medium,0,,mp:train
train,sample_000069.npz,/home/zzy/TrajectoryPlanning/distill/data/benchmark/mp/train/sample_001654.npz,mp,alternating_gaps,U,mp_alternating_gaps,medium,medium,0,,mp:train
train,sample_000070.npz,/home/zzy/TrajectoryPlanning/distill/data/benchmark/mp/train/sample_001656.npz,mp,alternating_gaps,U,mp_alternating_gaps,medium,medium,0,,mp:train
train,sample_000071.npz,/home/zzy/TrajectoryPlanning/distill/data/benchmark/mp/train/sample_001657.npz,mp,alternating_gaps,U,mp_alternating_gaps,medium,medium,0,,mp:train
train,sample_000072.npz,/home/zzy/TrajectoryPlanning/distill/data/benchmark/mp/train/sample_001658.npz,mp,alternating_gaps,U,mp_alternating_gaps,medium,medium,0,,mp:train
train,sample_000073.npz,/home/zzy/TrajectoryPlanning/distill/data/benchmark/mp/train/sample_001659.npz,mp,alternating_gaps,U,mp_alternating_gaps,medium,medium,0,,mp:train
train,sample_000074.npz,/home/zzy/TrajectoryPlanning/distill/data/benchmark/mp/train/sample_001661.npz,mp,alternating_gaps,U,mp_alternating_gaps,medium,medium,0,,mp:train
train,sample_000075.npz,/home/zzy/TrajectoryPlanning/distill/data/benchmark/mp/train/sample_001665.npz,mp,alternating_gaps,U,mp_alternating_gaps,medium,medium,0,,mp:train
train,sample_000076.npz,/home/zzy/TrajectoryPlanning/distill/data/benchmark/mp/train/sample_001666.npz,mp,alternating_gaps,U,mp_alternating_gaps,medium,medium,0,,mp:train
train,sample_000077.npz,/home/zzy/TrajectoryPlanning/distill/data/benchmark/mp/train/sample_001667.npz,mp,alternating_gaps,U,mp_alternating_gaps,medium,medium,0,,mp:train
train,sample_000078.npz,/home/zzy/TrajectoryPlanning/distill/data/benchmark/mp/train/sample_001668.npz,mp,alternating_gaps,U,mp_alternating_gaps,medium,medium,0,,mp:train
train,sample_000079.npz,/home/zzy/TrajectoryPlanning/distill/data/benchmark/mp/train/sample_001671.npz,mp,alternating_gaps,U,mp_alternating_gaps,medium,medium,0,,mp:train
train,sample_000080.npz,/home/zzy/TrajectoryPlanning/distill/data/benchmark/mp/train/sample_001673.npz,mp,alternating_gaps,U,mp_alternating_gaps,medium,medium,0,,mp:train
train,sample_000081.npz,/home/zzy/TrajectoryPlanning/distill/data/benchmark/mp/train/sample_001675.npz,mp,alternating_gaps,U,mp_alternating_gaps,medium,medium,0,,mp:train
train,sample_000082.npz,/home/zzy/TrajectoryPlanning/distill/data/benchmark/mp/train/sample_001676.npz,mp,alternating_gaps,U,mp_alternating_gaps,medium,medium,0,,mp:train
train,sample_000083.npz,/home/zzy/TrajectoryPlanning/distill/data/benchmark/mp/train/sample_001680.npz,mp,alternating_gaps,U,mp_alternating_gaps,medium,medium,0,,mp:train
train,sample_000084.npz,/home/zzy/TrajectoryPlanning/distill/data/benchmark/mp/train/sample_001683.npz,mp,alternating_gaps,U,mp_alternating_gaps,medium,medium,0,,mp:train
train,sample_000085.npz,/home/zzy/TrajectoryPlanning/distill/data/benchmark/mp/train/sample_001684.npz,mp,alternating_gaps,U,mp_alternating_gaps,medium,medium,0,,mp:train
train,sample_000086.npz,/home/zzy/TrajectoryPlanning/distill/data/benchmark/mp/train/sample_001689.npz,mp,alternating_gaps,U,mp_alternating_gaps,medium,medium,0,,mp:train
train,sample_000087.npz,/home/zzy/TrajectoryPlanning/distill/data/benchmark/mp/train/sample_001690.npz,mp,alternating_gaps,U,mp_alternating_gaps,medium,medium,0,,mp:train
train,sample_000088.npz,/home/zzy/TrajectoryPlanning/distill/data/benchmark/mp/train/sample_001693.npz,mp,alternating_gaps,U,mp_alternating_gaps,medium,medium,0,,mp:train
train,sample_000089.npz,/home/zzy/TrajectoryPlanning/distill/data/benchmark/mp/train/sample_001694.npz,mp,alternating_gaps,U,mp_alternating_gaps,medium,medium,0,,mp:train
train,sample_000090.npz,/home/zzy/TrajectoryPlanning/distill/data/benchmark/mp/train/sample_001696.npz,mp,alternating_gaps,U,mp_alternating_gaps,medium,medium,0,,mp:train
train,sample_000091.npz,/home/zzy/TrajectoryPlanning/distill/data/benchmark/mp/train/sample_001697.npz,mp,alternating_gaps,U,mp_alternating_gaps,medium,medium,0,,mp:train
train,sample_000092.npz,/home/zzy/TrajectoryPlanning/distill/data/benchmark/mp/train/sample_001698.npz,mp,alternating_gaps,U,mp_alternating_gaps,medium,medium,0,,mp:train
train,sample_000093.npz,/home/zzy/TrajectoryPlanning/distill/data/benchmark/mp/train/sample_001700.npz,mp,alternating_gaps,U,mp_alternating_gaps,medium,medium,0,,mp:train
train,sample_000094.npz,/home/zzy/TrajectoryPlanning/distill/data/benchmark/mp/train/sample_001702.npz,mp,alternating_gaps,U,mp_alternating_gaps,medium,medium,0,,mp:train
train,sample_000095.npz,/home/zzy/TrajectoryPlanning/distill/data/benchmark/mp/train/sample_001707.npz,mp,alternating_gaps,U,mp_alternating_gaps,medium,medium,0,,mp:train
train,sample_000096.npz,/home/zzy/TrajectoryPlanning/distill/data/benchmark/mp/train/sample_001708.npz,mp,alternating_gaps,U,mp_alternating_gaps,medium,medium,0,,mp:train
train,sample_000097.npz,/home/zzy/TrajectoryPlanning/distill/data/benchmark/mp/train/sample_001711.npz,mp,alternating_gaps,U,mp_alternating_gaps,medium,medium,0,,mp:train
train,sample_000098.npz,/home/zzy/TrajectoryPlanning/distill/data/benchmark/mp/train/sample_001714.npz,mp,alternating_gaps,U,mp_alternating_gaps,medium,medium,0,,mp:train
train,sample_000099.npz,/home/zzy/TrajectoryPlanning/distill/data/benchmark/mp/train/sample_001716.npz,mp,alternating_gaps,U,mp_alternating_gaps,medium,medium,0,,mp:train
train,sample_000100.npz,/home/zzy/TrajectoryPlanning/distill/data/benchmark/mp/train/sample_001717.npz,mp,alternating_gaps,U,mp_alternating_gaps,medium,medium,0,,mp:train
train,sample_000101.npz,/home/zzy/TrajectoryPlanning/distill/data/benchmark/mp/train/sample_001718.npz,mp,alternating_gaps,U,mp_alternating_gaps,medium,medium,0,,mp:train
train,sample_000102.npz,/home/zzy/TrajectoryPlanning/distill/data/benchmark/mp/train/sample_001719.npz,mp,alternating_gaps,U,mp_alternating_gaps,medium,medium,0,,mp:train
train,sample_000103.npz,/home/zzy/TrajectoryPlanning/distill/data/benchmark/mp/train/sample_001721.npz,mp,alternating_gaps,U,mp_alternating_gaps,medium,medium,0,,mp:train
train,sample_000104.npz,/home/zzy/TrajectoryPlanning/distill/data/benchmark/mp/train/sample_001722.npz,mp,alternating_gaps,U,mp_alternating_gaps,medium,medium,0,,mp:train
train,sample_000105.npz,/home/zzy/TrajectoryPlanning/distill/data/benchmark/mp/train/sample_001723.npz,mp,alternating_gaps,U,mp_alternating_gaps,medium,medium,0,,mp:train
train,sample_000106.npz,/home/zzy/TrajectoryPlanning/distill/data/benchmark/mp/train/sample_001725.npz,mp,alternating_gaps,U,mp_alternating_gaps,medium,medium,0,,mp:train
train,sample_000107.npz,/home/zzy/TrajectoryPlanning/distill/data/benchmark/mp/train/sample_001730.npz,mp,alternating_gaps,U,mp_alternating_gaps,medium,medium,0,,mp:train
train,sample_000108.npz,/home/zzy/TrajectoryPlanning/distill/data/benchmark/mp/train/sample_001731.npz,mp,alternating_gaps,U,mp_alternating_gaps,medium,medium,0,,mp:train
train,sample_000109.npz,/home/zzy/TrajectoryPlanning/distill/data/benchmark/mp/train/sample_001732.npz,mp,alternating_gaps,U,mp_alternating_gaps,medium,medium,0,,mp:train
train,sample_000110.npz,/home/zzy/TrajectoryPlanning/distill/data/benchmark/mp/train/sample_001733.npz,mp,alternating_gaps,U,mp_alternating_gaps,medium,medium,0,,mp:train
train,sample_000111.npz,/home/zzy/TrajectoryPlanning/distill/data/benchmark/mp/train/sample_001740.npz,mp,alternating_gaps,U,mp_alternating_gaps,medium,medium,0,,mp:train
train,sample_000112.npz,/home/zzy/TrajectoryPlanning/distill/data/benchmark/mp/train/sample_001741.npz,mp,alternating_gaps,U,mp_alternating_gaps,medium,medium,0,,mp:train
train,sample_000113.npz,/home/zzy/TrajectoryPlanning/distill/data/benchmark/mp/train/sample_001742.npz,mp,alternating_gaps,U,mp_alternating_gaps,medium,medium,0,,mp:train
train,sample_000114.npz,/home/zzy/TrajectoryPlanning/distill/data/benchmark/mp/train/sample_001743.npz,mp,alternating_gaps,U,mp_alternating_gaps,medium,medium,0,,mp:train
train,sample_000115.npz,/home/zzy/TrajectoryPlanning/distill/data/benchmark/mp/train/sample_001744.npz,mp,alternating_gaps,U,mp_alternating_gaps,medium,medium,0,,mp:train
train,sample_000116.npz,/home/zzy/TrajectoryPlanning/distill/data/benchmark/mp/train/sample_001745.npz,mp,alternating_gaps,U,mp_alternating_gaps,medium,medium,0,,mp:train
train,sample_000117.npz,/home/zzy/TrajectoryPlanning/distill/data/benchmark/mp/train/sample_001748.npz,mp,alternating_gaps,U,mp_alternating_gaps,medium,medium,0,,mp:train
train,sample_000118.npz,/home/zzy/TrajectoryPlanning/distill/data/benchmark/mp/train/sample_001749.npz,mp,alternating_gaps,U,mp_alternating_gaps,medium,medium,0,,mp:train
train,sample_000119.npz,/home/zzy/TrajectoryPlanning/distill/data/benchmark/mp/train/sample_001750.npz,mp,alternating_gaps,U,mp_alternating_gaps,medium,medium,0,,mp:train
train,sample_000120.npz,/home/zzy/TrajectoryPlanning/distill/data/benchmark/mp/train/sample_001751.npz,mp,alternating_gaps,U,mp_alternating_gaps,medium,medium,0,,mp:train
train,sample_000121.npz,/home/zzy/TrajectoryPlanning/distill/data/benchmark/mp/train/sample_001752.npz,mp,alternating_gaps,U,mp_alternating_gaps,medium,medium,0,,mp:train
train,sample_000122.npz,/home/zzy/TrajectoryPlanning/distill/data/benchmark/mp/train/sample_001753.npz,mp,alternating_gaps,U,mp_alternating_gaps,medium,medium,0,,mp:train
train,sample_000123.npz,/home/zzy/TrajectoryPlanning/distill/data/benchmark/mp/train/sample_001756.npz,mp,alternating_gaps,U,mp_alternating_gaps,medium,medium,0,,mp:train
train,sample_000124.npz,/home/zzy/TrajectoryPlanning/distill/data/benchmark/mp/train/sample_001757.npz,mp,alternating_gaps,U,mp_alternating_gaps,medium,medium,0,,mp:train
train,sample_000125.npz,/home/zzy/TrajectoryPlanning/distill/data/benchmark/mp/train/sample_001758.npz,mp,alternating_gaps,U,mp_alternating_gaps,medium,medium,0,,mp:train
train,sample_000126.npz,/home/zzy/TrajectoryPlanning/distill/data/benchmark/mp/train/sample_001760.npz,mp,alternating_gaps,U,mp_alternating_gaps,medium,medium,0,,mp:train
train,sample_000127.npz,/home/zzy/TrajectoryPlanning/distill/data/benchmark/mp/train/sample_001766.npz,mp,alternating_gaps,U,mp_alternating_gaps,medium,medium,0,,mp:train
train,sample_000128.npz,/home/zzy/TrajectoryPlanning/distill/data/benchmark/mp/train/sample_001767.npz,mp,alternating_gaps,U,mp_alternating_gaps,medium,medium,0,,mp:train
train,sample_000129.npz,/home/zzy/TrajectoryPlanning/distill/data/benchmark/mp/train/sample_001769.npz,mp,alternating_gaps,U,mp_alternating_gaps,medium,medium,0,,mp:train
train,sample_000130.npz,/home/zzy/TrajectoryPlanning/distill/data/benchmark/mp/train/sample_001770.npz,mp,alternating_gaps,U,mp_alternating_gaps,medium,medium,0,,mp:train
train,sample_000131.npz,/home/zzy/TrajectoryPlanning/distill/data/benchmark/mp/train/sample_001772.npz,mp,alternating_gaps,U,mp_alternating_gaps,medium,medium,0,,mp:train
train,sample_000132.npz,/home/zzy/TrajectoryPlanning/distill/data/benchmark/mp/train/sample_001773.npz,mp,alternating_gaps,U,mp_alternating_gaps,medium,medium,0,,mp:train
train,sample_000133.npz,/home/zzy/TrajectoryPlanning/distill/data/benchmark/mp/train/sample_001774.npz,mp,alternating_gaps,U,mp_alternating_gaps,medium,medium,0,,mp:train
train,sample_000134.npz,/home/zzy/TrajectoryPlanning/distill/data/benchmark/mp/train/sample_001778.npz,mp,alternating_gaps,U,mp_alternating_gaps,medium,medium,0,,mp:train
train,sample_000135.npz,/home/zzy/TrajectoryPlanning/distill/data/benchmark/mp/train/sample_001779.npz,mp,alternating_gaps,U,mp_alternating_gaps,medium,medium,0,,mp:train
train,sample_000136.npz,/home/zzy/TrajectoryPlanning/distill/data/benchmark/mp/train/sample_001780.npz,mp,alternating_gaps,U,mp_alternating_gaps,medium,medium,0,,mp:train
train,sample_000137.npz,/home/zzy/TrajectoryPlanning/distill/data/benchmark/mp/train/sample_001781.npz,mp,alternating_gaps,U,mp_alternating_gaps,medium,medium,0,,mp:train
train,sample_000138.npz,/home/zzy/TrajectoryPlanning/distill/data/benchmark/mp/train/sample_001782.npz,mp,alternating_gaps,U,mp_alternating_gaps,medium,medium,0,,mp:train
train,sample_000139.npz,/home/zzy/TrajectoryPlanning/distill/data/benchmark/mp/train/sample_001785.npz,mp,alternating_gaps,U,mp_alternating_gaps,medium,medium,0,,mp:train
train,sample_000140.npz,/home/zzy/TrajectoryPlanning/distill/data/benchmark/mp/train/sample_001787.npz,mp,alternating_gaps,U,mp_alternating_gaps,medium,medium,0,,mp:train
train,sample_000141.npz,/home/zzy/TrajectoryPlanning/distill/data/benchmark/mp/train/sample_001788.npz,mp,alternating_gaps,U,mp_alternating_gaps,medium,medium,0,,mp:train
train,sample_000142.npz,/home/zzy/TrajectoryPlanning/distill/data/benchmark/mp/train/sample_001789.npz,mp,alternating_gaps,U,mp_alternating_gaps,medium,medium,0,,mp:train
train,sample_000143.npz,/home/zzy/TrajectoryPlanning/distill/data/benchmark/mp/train/sample_001790.npz,mp,alternating_gaps,U,mp_alternating_gaps,medium,medium,0,,mp:train
train,sample_000144.npz,/home/zzy/TrajectoryPlanning/distill/data/benchmark/mp/train/sample_001794.npz,mp,alternating_gaps,U,mp_alternating_gaps,medium,medium,0,,mp:train
train,sample_000145.npz,/home/zzy/TrajectoryPlanning/distill/data/benchmark/mp/train/sample_001797.npz,mp,alternating_gaps,U,mp_alternating_gaps,medium,medium,0,,mp:train
train,sample_000146.npz,/home/zzy/TrajectoryPlanning/distill/data/benchmark/mp/train/sample_001799.npz,mp,alternating_gaps,U,mp_alternating_gaps,medium,medium,0,,mp:train
train,sample_000147.npz,/home/zzy/TrajectoryPlanning/distill/data/benchmark/mp/train/sample_001808.npz,mp,alternating_gaps,U,mp_alternating_gaps,medium,medium,0,,mp:train
train,sample_000148.npz,/home/zzy/TrajectoryPlanning/distill/data/benchmark/mp/train/sample_001810.npz,mp,alternating_gaps,U,mp_alternating_gaps,medium,medium,0,,mp:train
train,sample_000149.npz,/home/zzy/TrajectoryPlanning/distill/data/benchmark/mp/train/sample_001813.npz,mp,alternating_gaps,U,mp_alternating_gaps,medium,medium,0,,mp:train
train,sample_000150.npz,/home/zzy/TrajectoryPlanning/distill/data/benchmark/mp/train/sample_001814.npz,mp,alternating_gaps,U,mp_alternating_gaps,medium,medium,0,,mp:train
train,sample_000151.npz,/home/zzy/TrajectoryPlanning/distill/data/benchmark/mp/train/sample_001817.npz,mp,alternating_gaps,U,mp_alternating_gaps,medium,medium,0,,mp:train
train,sample_000152.npz,/home/zzy/TrajectoryPlanning/distill/data/benchmark/mp/train/sample_001820.npz,mp,alternating_gaps,U,mp_alternating_gaps,medium,medium,0,,mp:train
train,sample_000153.npz,/home/zzy/TrajectoryPlanning/distill/data/benchmark/mp/train/sample_001821.npz,mp,alternating_gaps,U,mp_alternating_gaps,medium,medium,0,,mp:train
train,sample_000154.npz,/home/zzy/TrajectoryPlanning/distill/data/benchmark/mp/train/sample_001823.npz,mp,alternating_gaps,U,mp_alternating_gaps,medium,medium,0,,mp:train
train,sample_000155.npz,/home/zzy/TrajectoryPlanning/distill/data/benchmark/mp/train/sample_001826.npz,mp,alternating_gaps,U,mp_alternating_gaps,medium,medium,0,,mp:train
train,sample_000156.npz,/home/zzy/TrajectoryPlanning/distill/data/benchmark/mp/train/sample_001829.npz,mp,alternating_gaps,U,mp_alternating_gaps,medium,medium,0,,mp:train
train,sample_000157.npz,/home/zzy/TrajectoryPlanning/distill/data/benchmark/mp/train/sample_001832.npz,mp,alternating_gaps,U,mp_alternating_gaps,medium,medium,0,,mp:train
train,sample_000158.npz,/home/zzy/TrajectoryPlanning/distill/data/benchmark/mp/train/sample_001834.npz,mp,alternating_gaps,U,mp_alternating_gaps,medium,medium,0,,mp:train
train,sample_000159.npz,/home/zzy/TrajectoryPlanning/distill/data/benchmark/mp/train/sample_001836.npz,mp,alternating_gaps,U,mp_alternating_gaps,medium,medium,0,,mp:train
train,sample_000160.npz,/home/zzy/TrajectoryPlanning/distill/data/benchmark/mp/train/sample_001837.npz,mp,alternating_gaps,U,mp_alternating_gaps,medium,medium,0,,mp:train
train,sample_000161.npz,/home/zzy/TrajectoryPlanning/distill/data/benchmark/mp/train/sample_001840.npz,mp,alternating_gaps,U,mp_alternating_gaps,medium,medium,0,,mp:train
train,sample_000162.npz,/home/zzy/TrajectoryPlanning/distill/data/benchmark/mp/train/sample_001841.npz,mp,alternating_gaps,U,mp_alternating_gaps,medium,medium,0,,mp:train
train,sample_000163.npz,/home/zzy/TrajectoryPlanning/distill/data/benchmark/mp/train/sample_001842.npz,mp,alternating_gaps,U,mp_alternating_gaps,medium,medium,0,,mp:train
train,sample_000164.npz,/home/zzy/TrajectoryPlanning/distill/data/benchmark/mp/train/sample_001844.npz,mp,alternating_gaps,U,mp_alternating_gaps,medium,medium,0,,mp:train
train,sample_000165.npz,/home/zzy/TrajectoryPlanning/distill/data/benchmark/mp/train/sample_001845.npz,mp,alternating_gaps,U,mp_alternating_gaps,medium,medium,0,,mp:train
train,sample_000166.npz,/home/zzy/TrajectoryPlanning/distill/data/benchmark/mp/train/sample_001846.npz,mp,alternating_gaps,U,mp_alternating_gaps,medium,medium,0,,mp:train
train,sample_000167.npz,/home/zzy/TrajectoryPlanning/distill/data/benchmark/mp/train/sample_001847.npz,mp,alternating_gaps,U,mp_alternating_gaps,medium,medium,0,,mp:train
train,sample_000168.npz,/home/zzy/TrajectoryPlanning/distill/data/benchmark/mp/train/sample_001848.npz,mp,alternating_gaps,U,mp_alternating_gaps,medium,medium,0,,mp:train
train,sample_000169.npz,/home/zzy/TrajectoryPlanning/distill/data/benchmark/mp/train/sample_001849.npz,mp,alternating_gaps,U,mp_alternating_gaps,medium,medium,0,,mp:train
train,sample_000170.npz,/home/zzy/TrajectoryPlanning/distill/data/benchmark/mp/train/sample_001852.npz,mp,alternating_gaps,U,mp_alternating_gaps,medium,medium,0,,mp:train
train,sample_000171.npz,/home/zzy/TrajectoryPlanning/distill/data/benchmark/mp/train/sample_001853.npz,mp,alternating_gaps,U,mp_alternating_gaps,medium,medium,0,,mp:train
train,sample_000172.npz,/home/zzy/TrajectoryPlanning/distill/data/benchmark/mp/train/sample_001854.npz,mp,alternating_gaps,U,mp_alternating_gaps,medium,medium,0,,mp:train
train,sample_000173.npz,/home/zzy/TrajectoryPlanning/distill/data/benchmark/mp/train/sample_001856.npz,mp,alternating_gaps,U,mp_alternating_gaps,medium,medium,0,,mp:train
train,sample_000174.npz,/home/zzy/TrajectoryPlanning/distill/data/benchmark/mp/train/sample_001859.npz,mp,alternating_gaps,U,mp_alternating_gaps,medium,medium,0,,mp:train
train,sample_000175.npz,/home/zzy/TrajectoryPlanning/distill/data/benchmark/mp/train/sample_001863.npz,mp,alternating_gaps,U,mp_alternating_gaps,medium,medium,0,,mp:train
train,sample_000176.npz,/home/zzy/TrajectoryPlanning/distill/data/benchmark/mp/train/sample_001866.npz,mp,alternating_gaps,U,mp_alternating_gaps,medium,medium,0,,mp:train
train,sample_000177.npz,/home/zzy/TrajectoryPlanning/distill/data/benchmark/mp/train/sample_001867.npz,mp,alternating_gaps,U,mp_alternating_gaps,medium,medium,0,,mp:train
train,sample_000178.npz,/home/zzy/TrajectoryPlanning/distill/data/benchmark/mp/train/sample_001868.npz,mp,alternating_gaps,U,mp_alternating_gaps,medium,medium,0,,mp:train
train,sample_000179.npz,/home/zzy/TrajectoryPlanning/distill/data/benchmark/mp/train/sample_001870.npz,mp,alternating_gaps,U,mp_alternating_gaps,medium,medium,0,,mp:train
train,sample_000180.npz,/home/zzy/TrajectoryPlanning/distill/data/benchmark/mp/train/sample_001873.npz,mp,alternating_gaps,U,mp_alternating_gaps,medium,medium,0,,mp:train
train,sample_000181.npz,/home/zzy/TrajectoryPlanning/distill/data/benchmark/mp/train/sample_001877.npz,mp,alternating_gaps,U,mp_alternating_gaps,medium,medium,0,,mp:train
train,sample_000182.npz,/home/zzy/TrajectoryPlanning/distill/data/benchmark/mp/train/sample_001880.npz,mp,alternating_gaps,U,mp_alternating_gaps,medium,medium,0,,mp:train
train,sample_000183.npz,/home/zzy/TrajectoryPlanning/distill/data/benchmark/mp/train/sample_001881.npz,mp,alternating_gaps,U,mp_alternating_gaps,medium,medium,0,,mp:train
train,sample_000184.npz,/home/zzy/TrajectoryPlanning/distill/data/benchmark/mp/train/sample_001882.npz,mp,alternating_gaps,U,mp_alternating_gaps,medium,medium,0,,mp:train
train,sample_000185.npz,/home/zzy/TrajectoryPlanning/distill/data/benchmark/mp/train/sample_001885.npz,mp,alternating_gaps,U,mp_alternating_gaps,medium,medium,0,,mp:train
train,sample_000186.npz,/home/zzy/TrajectoryPlanning/distill/data/benchmark/mp/train/sample_001886.npz,mp,alternating_gaps,U,mp_alternating_gaps,medium,medium,0,,mp:train
train,sample_000187.npz,/home/zzy/TrajectoryPlanning/distill/data/benchmark/mp/train/sample_001888.npz,mp,alternating_gaps,U,mp_alternating_gaps,medium,medium,0,,mp:train
train,sample_000188.npz,/home/zzy/TrajectoryPlanning/distill/data/benchmark/mp/train/sample_001889.npz,mp,alternating_gaps,U,mp_alternating_gaps,medium,medium,0,,mp:train
train,sample_000189.npz,/home/zzy/TrajectoryPlanning/distill/data/benchmark/mp/train/sample_001891.npz,mp,alternating_gaps,U,mp_alternating_gaps,medium,medium,0,,mp:train
train,sample_000190.npz,/home/zzy/TrajectoryPlanning/distill/data/benchmark/mp/train/sample_001892.npz,mp,alternating_gaps,U,mp_alternating_gaps,medium,medium,0,,mp:train
train,sample_000191.npz,/home/zzy/TrajectoryPlanning/distill/data/benchmark/mp/train/sample_001896.npz,mp,alternating_gaps,U,mp_alternating_gaps,medium,medium,0,,mp:train
train,sample_000192.npz,/home/zzy/TrajectoryPlanning/distill/data/benchmark/mp/train/sample_001897.npz,mp,alternating_gaps,U,mp_alternating_gaps,medium,medium,0,,mp:train
train,sample_000193.npz,/home/zzy/TrajectoryPlanning/distill/data/benchmark/mp/train/sample_001899.npz,mp,alternating_gaps,U,mp_alternating_gaps,medium,medium,0,,mp:train
train,sample_000194.npz,/home/zzy/TrajectoryPlanning/distill/data/benchmark/mp/train/sample_001901.npz,mp,alternating_gaps,U,mp_alternating_gaps,medium,medium,0,,mp:train
train,sample_000195.npz,/home/zzy/TrajectoryPlanning/distill/data/benchmark/mp/train/sample_001907.npz,mp,alternating_gaps,U,mp_alternating_gaps,medium,medium,0,,mp:train
train,sample_000196.npz,/home/zzy/TrajectoryPlanning/distill/data/benchmark/mp/train/sample_001914.npz,mp,alternating_gaps,U,mp_alternating_gaps,medium,medium,0,,mp:train
train,sample_000197.npz,/home/zzy/TrajectoryPlanning/distill/data/benchmark/mp/train/sample_001915.npz,mp,alternating_gaps,U,mp_alternating_gaps,medium,medium,0,,mp:train
train,sample_000198.npz,/home/zzy/TrajectoryPlanning/distill/data/benchmark/mp/train/sample_001917.npz,mp,alternating_gaps,U,mp_alternating_gaps,medium,medium,0,,mp:train
train,sample_000199.npz,/home/zzy/TrajectoryPlanning/distill/data/benchmark/mp/train/sample_001920.npz,mp,alternating_gaps,U,mp_alternating_gaps,medium,medium,0,,mp:train
train,sample_000200.npz,/home/zzy/TrajectoryPlanning/distill/data/benchmark/mp/train/sample_001921.npz,mp,alternating_gaps,U,mp_alternating_gaps,medium,medium,0,,mp:train
train,sample_000201.npz,/home/zzy/TrajectoryPlanning/distill/data/benchmark/mp/train/sample_001923.npz,mp,alternating_gaps,U,mp_alternating_gaps,medium,medium,0,,mp:train
train,sample_000202.npz,/home/zzy/TrajectoryPlanning/distill/data/benchmark/mp/train/sample_001924.npz,mp,alternating_gaps,U,mp_alternating_gaps,medium,medium,0,,mp:train
train,sample_000203.npz,/home/zzy/TrajectoryPlanning/distill/data/benchmark/mp/train/sample_001925.npz,mp,alternating_gaps,U,mp_alternating_gaps,medium,medium,0,,mp:train
train,sample_000204.npz,/home/zzy/TrajectoryPlanning/distill/data/benchmark/mp/train/sample_001926.npz,mp,alternating_gaps,U,mp_alternating_gaps,medium,medium,0,,mp:train
train,sample_000205.npz,/home/zzy/TrajectoryPlanning/distill/data/benchmark/mp/train/sample_001927.npz,mp,alternating_gaps,U,mp_alternating_gaps,medium,medium,0,,mp:train
train,sample_000206.npz,/home/zzy/TrajectoryPlanning/distill/data/benchmark/mp/train/sample_001928.npz,mp,alternating_gaps,U,mp_alternating_gaps,medium,medium,0,,mp:train
train,sample_000207.npz,/home/zzy/TrajectoryPlanning/distill/data/benchmark/mp/train/sample_001930.npz,mp,alternating_gaps,U,mp_alternating_gaps,medium,medium,0,,mp:train
train,sample_000208.npz,/home/zzy/TrajectoryPlanning/distill/data/benchmark/mp/train/sample_001932.npz,mp,alternating_gaps,U,mp_alternating_gaps,medium,medium,0,,mp:train
train,sample_000209.npz,/home/zzy/TrajectoryPlanning/distill/data/benchmark/mp/train/sample_001934.npz,mp,alternating_gaps,U,mp_alternating_gaps,medium,medium,0,,mp:train
train,sample_000210.npz,/home/zzy/TrajectoryPlanning/distill/data/benchmark/mp/train/sample_001935.npz,mp,alternating_gaps,U,mp_alternating_gaps,medium,medium,0,,mp:train
train,sample_000211.npz,/home/zzy/TrajectoryPlanning/distill/data/benchmark/mp/train/sample_001936.npz,mp,alternating_gaps,U,mp_alternating_gaps,medium,medium,0,,mp:train
train,sample_000212.npz,/home/zzy/TrajectoryPlanning/distill/data/benchmark/mp/train/sample_001938.npz,mp,alternating_gaps,U,mp_alternating_gaps,medium,medium,0,,mp:train
train,sample_000213.npz,/home/zzy/TrajectoryPlanning/distill/data/benchmark/mp/train/sample_001940.npz,mp,alternating_gaps,U,mp_alternating_gaps,medium,medium,0,,mp:train
train,sample_000214.npz,/home/zzy/TrajectoryPlanning/distill/data/benchmark/mp/train/sample_001944.npz,mp,alternating_gaps,U,mp_alternating_gaps,medium,medium,0,,mp:train
train,sample_000215.npz,/home/zzy/TrajectoryPlanning/distill/data/benchmark/mp/train/sample_001945.npz,mp,alternating_gaps,U,mp_alternating_gaps,medium,medium,0,,mp:train
train,sample_000216.npz,/home/zzy/TrajectoryPlanning/distill/data/benchmark/mp/train/sample_001948.npz,mp,alternating_gaps,U,mp_alternating_gaps,medium,medium,0,,mp:train
train,sample_000217.npz,/home/zzy/TrajectoryPlanning/distill/data/benchmark/mp/train/sample_001949.npz,mp,alternating_gaps,U,mp_alternating_gaps,medium,medium,0,,mp:train
train,sample_000218.npz,/home/zzy/TrajectoryPlanning/distill/data/benchmark/mp/train/sample_001950.npz,mp,alternating_gaps,U,mp_alternating_gaps,medium,medium,0,,mp:train
train,sample_000219.npz,/home/zzy/TrajectoryPlanning/distill/data/benchmark/mp/train/sample_001955.npz,mp,alternating_gaps,U,mp_alternating_gaps,medium,medium,0,,mp:train
train,sample_000220.npz,/home/zzy/TrajectoryPlanning/distill/data/benchmark/mp/train/sample_001957.npz,mp,alternating_gaps,U,mp_alternating_gaps,medium,medium,0,,mp:train
train,sample_000221.npz,/home/zzy/TrajectoryPlanning/distill/data/benchmark/mp/train/sample_001961.npz,mp,alternating_gaps,U,mp_alternating_gaps,medium,medium,0,,mp:train
train,sample_000222.npz,/home/zzy/TrajectoryPlanning/distill/data/benchmark/mp/train/sample_001962.npz,mp,alternating_gaps,U,mp_alternating_gaps,medium,medium,0,,mp:train
train,sample_000223.npz,/home/zzy/TrajectoryPlanning/distill/data/benchmark/mp/train/sample_001965.npz,mp,alternating_gaps,U,mp_alternating_gaps,medium,medium,0,,mp:train
train,sample_000224.npz,/home/zzy/TrajectoryPlanning/distill/data/benchmark/mp/train/sample_001972.npz,mp,alternating_gaps,U,mp_alternating_gaps,medium,medium,0,,mp:train
train,sample_000225.npz,/home/zzy/TrajectoryPlanning/distill/data/benchmark/mp/train/sample_001975.npz,mp,alternating_gaps,U,mp_alternating_gaps,medium,medium,0,,mp:train
train,sample_000226.npz,/home/zzy/TrajectoryPlanning/distill/data/benchmark/mp/train/sample_001977.npz,mp,alternating_gaps,U,mp_alternating_gaps,medium,medium,0,,mp:train
train,sample_000227.npz,/home/zzy/TrajectoryPlanning/distill/data/benchmark/mp/train/sample_001978.npz,mp,alternating_gaps,U,mp_alternating_gaps,medium,medium,0,,mp:train
train,sample_000228.npz,/home/zzy/TrajectoryPlanning/distill/data/benchmark/mp/train/sample_001979.npz,mp,alternating_gaps,U,mp_alternating_gaps,medium,medium,0,,mp:train
train,sample_000229.npz,/home/zzy/TrajectoryPlanning/distill/data/benchmark/mp/train/sample_001980.npz,mp,alternating_gaps,U,mp_alternating_gaps,medium,medium,0,,mp:train
train,sample_000230.npz,/home/zzy/TrajectoryPlanning/distill/data/benchmark/mp/train/sample_001981.npz,mp,alternating_gaps,U,mp_alternating_gaps,medium,medium,0,,mp:train
train,sample_000231.npz,/home/zzy/TrajectoryPlanning/distill/data/benchmark/mp/train/sample_001982.npz,mp,alternating_gaps,U,mp_alternating_gaps,medium,medium,0,,mp:train
train,sample_000232.npz,/home/zzy/TrajectoryPlanning/distill/data/benchmark/mp/train/sample_001985.npz,mp,alternating_gaps,U,mp_alternating_gaps,medium,medium,0,,mp:train
train,sample_000233.npz,/home/zzy/TrajectoryPlanning/distill/data/benchmark/mp/train/sample_001986.npz,mp,alternating_gaps,U,mp_alternating_gaps,medium,medium,0,,mp:train
train,sample_000234.npz,/home/zzy/TrajectoryPlanning/distill/data/benchmark/mp/train/sample_001991.npz,mp,alternating_gaps,U,mp_alternating_gaps,medium,medium,0,,mp:train
train,sample_000235.npz,/home/zzy/TrajectoryPlanning/distill/data/benchmark/mp/train/sample_001993.npz,mp,alternating_gaps,U,mp_alternating_gaps,medium,medium,0,,mp:train
train,sample_000236.npz,/home/zzy/TrajectoryPlanning/distill/data/benchmark/mp/train/sample_001999.npz,mp,alternating_gaps,U,mp_alternating_gaps,medium,medium,0,,mp:train
train,sample_000237.npz,/home/zzy/TrajectoryPlanning/distill/data/benchmark/mp/train/sample_002000.npz,mp,alternating_gaps,U,mp_alternating_gaps,medium,medium,0,,mp:train
train,sample_000238.npz,/home/zzy/TrajectoryPlanning/distill/data/benchmark/mp/train/sample_002004.npz,mp,alternating_gaps,U,mp_alternating_gaps,medium,medium,0,,mp:train
train,sample_000239.npz,/home/zzy/TrajectoryPlanning/distill/data/benchmark/mp/train/sample_002006.npz,mp,alternating_gaps,U,mp_alternating_gaps,medium,medium,0,,mp:train
train,sample_000240.npz,/home/zzy/TrajectoryPlanning/distill/data/benchmark/mp/train/sample_002007.npz,mp,alternating_gaps,U,mp_alternating_gaps,medium,medium,0,,mp:train
train,sample_000241.npz,/home/zzy/TrajectoryPlanning/distill/data/benchmark/mp/train/sample_002009.npz,mp,alternating_gaps,U,mp_alternating_gaps,medium,medium,0,,mp:train
train,sample_000242.npz,/home/zzy/TrajectoryPlanning/distill/data/benchmark/mp/train/sample_002011.npz,mp,alternating_gaps,U,mp_alternating_gaps,medium,medium,0,,mp:train
train,sample_000243.npz,/home/zzy/TrajectoryPlanning/distill/data/benchmark/mp/train/sample_002012.npz,mp,alternating_gaps,U,mp_alternating_gaps,medium,medium,0,,mp:train
train,sample_000244.npz,/home/zzy/TrajectoryPlanning/distill/data/benchmark/mp/train/sample_002014.npz,mp,alternating_gaps,U,mp_alternating_gaps,medium,medium,0,,mp:train
train,sample_000245.npz,/home/zzy/TrajectoryPlanning/distill/data/benchmark/mp/train/sample_002016.npz,mp,alternating_gaps,U,mp_alternating_gaps,medium,medium,0,,mp:train
train,sample_000246.npz,/home/zzy/TrajectoryPlanning/distill/data/benchmark/mp/train/sample_002017.npz,mp,alternating_gaps,U,mp_alternating_gaps,medium,medium,0,,mp:train
train,sample_000247.npz,/home/zzy/TrajectoryPlanning/distill/data/benchmark/mp/train/sample_002020.npz,mp,alternating_gaps,U,mp_alternating_gaps,medium,medium,0,,mp:train
train,sample_000248.npz,/home/zzy/TrajectoryPlanning/distill/data/benchmark/mp/train/sample_002023.npz,mp,alternating_gaps,U,mp_alternating_gaps,medium,medium,0,,mp:train
train,sample_000249.npz,/home/zzy/TrajectoryPlanning/distill/data/benchmark/mp/train/sample_002024.npz,mp,alternating_gaps,U,mp_alternating_gaps,medium,medium,0,,mp:train
train,sample_000250.npz,/home/zzy/TrajectoryPlanning/distill/data/benchmark/mp/train/sample_002026.npz,mp,alternating_gaps,U,mp_alternating_gaps,medium,medium,0,,mp:train
train,sample_000251.npz,/home/zzy/TrajectoryPlanning/distill/data/benchmark/mp/train/sample_002028.npz,mp,alternating_gaps,U,mp_alternating_gaps,medium,medium,0,,mp:train
train,sample_000252.npz,/home/zzy/TrajectoryPlanning/distill/data/benchmark/mp/train/sample_002032.npz,mp,alternating_gaps,U,mp_alternating_gaps,medium,medium,0,,mp:train
train,sample_000253.npz,/home/zzy/TrajectoryPlanning/distill/data/benchmark/mp/train/sample_002036.npz,mp,alternating_gaps,U,mp_alternating_gaps,medium,medium,0,,mp:train
train,sample_000254.npz,/home/zzy/TrajectoryPlanning/distill/data/benchmark/mp/train/sample_002039.npz,mp,alternating_gaps,U,mp_alternating_gaps,medium,medium,0,,mp:train
train,sample_000255.npz,/home/zzy/TrajectoryPlanning/distill/data/benchmark/mp/train/sample_002040.npz,mp,alternating_gaps,U,mp_alternating_gaps,medium,medium,0,,mp:train
train,sample_000256.npz,/home/zzy/TrajectoryPlanning/distill/data/benchmark/mp/train/sample_002044.npz,mp,alternating_gaps,U,mp_alternating_gaps,medium,medium,0,,mp:train
train,sample_000257.npz,/home/zzy/TrajectoryPlanning/distill/data/benchmark/mp/train/sample_002045.npz,mp,alternating_gaps,U,mp_alternating_gaps,medium,medium,0,,mp:train
train,sample_000258.npz,/home/zzy/TrajectoryPlanning/distill/data/benchmark/mp/train/sample_002047.npz,mp,alternating_gaps,U,mp_alternating_gaps,medium,medium,0,,mp:train
train,sample_000259.npz,/home/zzy/TrajectoryPlanning/distill/data/benchmark/mp/train/sample_002050.npz,mp,alternating_gaps,U,mp_alternating_gaps,medium,medium,0,,mp:train
train,sample_000260.npz,/home/zzy/TrajectoryPlanning/distill/data/benchmark/mp/train/sample_002052.npz,mp,alternating_gaps,U,mp_alternating_gaps,medium,medium,0,,mp:train
train,sample_000261.npz,/home/zzy/TrajectoryPlanning/distill/data/benchmark/mp/train/sample_002056.npz,mp,alternating_gaps,U,mp_alternating_gaps,medium,medium,0,,mp:train
train,sample_000262.npz,/home/zzy/TrajectoryPlanning/distill/data/benchmark/mp/train/sample_002060.npz,mp,alternating_gaps,U,mp_alternating_gaps,medium,medium,0,,mp:train
train,sample_000263.npz,/home/zzy/TrajectoryPlanning/distill/data/benchmark/mp/train/sample_002061.npz,mp,alternating_gaps,U,mp_alternating_gaps,medium,medium,0,,mp:train
train,sample_000264.npz,/home/zzy/TrajectoryPlanning/distill/data/benchmark/mp/train/sample_002062.npz,mp,alternating_gaps,U,mp_alternating_gaps,medium,medium,0,,mp:train
train,sample_000265.npz,/home/zzy/TrajectoryPlanning/distill/data/benchmark/mp/train/sample_002063.npz,mp,alternating_gaps,U,mp_alternating_gaps,medium,medium,0,,mp:train
train,sample_000266.npz,/home/zzy/TrajectoryPlanning/distill/data/benchmark/mp/train/sample_002064.npz,mp,alternating_gaps,U,mp_alternating_gaps,medium,medium,0,,mp:train
train,sample_000267.npz,/home/zzy/TrajectoryPlanning/distill/data/benchmark/mp/train/sample_002066.npz,mp,alternating_gaps,U,mp_alternating_gaps,medium,medium,0,,mp:train
train,sample_000268.npz,/home/zzy/TrajectoryPlanning/distill/data/benchmark/mp/train/sample_002069.npz,mp,alternating_gaps,U,mp_alternating_gaps,medium,medium,0,,mp:train
train,sample_000269.npz,/home/zzy/TrajectoryPlanning/distill/data/benchmark/mp/train/sample_002070.npz,mp,alternating_gaps,U,mp_alternating_gaps,medium,medium,0,,mp:train
train,sample_000270.npz,/home/zzy/TrajectoryPlanning/distill/data/benchmark/mp/train/sample_002071.npz,mp,alternating_gaps,U,mp_alternating_gaps,medium,medium,0,,mp:train
train,sample_000271.npz,/home/zzy/TrajectoryPlanning/distill/data/benchmark/mp/train/sample_002074.npz,mp,alternating_gaps,U,mp_alternating_gaps,medium,medium,0,,mp:train
train,sample_000272.npz,/home/zzy/TrajectoryPlanning/distill/data/benchmark/mp/train/sample_002076.npz,mp,alternating_gaps,U,mp_alternating_gaps,medium,medium,0,,mp:train
train,sample_000273.npz,/home/zzy/TrajectoryPlanning/distill/data/benchmark/mp/train/sample_002078.npz,mp,alternating_gaps,U,mp_alternating_gaps,medium,medium,0,,mp:train
train,sample_000274.npz,/home/zzy/TrajectoryPlanning/distill/data/benchmark/mp/train/sample_002079.npz,mp,alternating_gaps,U,mp_alternating_gaps,medium,medium,0,,mp:train
train,sample_000275.npz,/home/zzy/TrajectoryPlanning/distill/data/benchmark/mp/train/sample_002080.npz,mp,alternating_gaps,U,mp_alternating_gaps,medium,medium,0,,mp:train
train,sample_000276.npz,/home/zzy/TrajectoryPlanning/distill/data/benchmark/mp/train/sample_002084.npz,mp,alternating_gaps,U,mp_alternating_gaps,medium,medium,0,,mp:train
train,sample_000277.npz,/home/zzy/TrajectoryPlanning/distill/data/benchmark/mp/train/sample_002087.npz,mp,alternating_gaps,U,mp_alternating_gaps,medium,medium,0,,mp:train
train,sample_000278.npz,/home/zzy/TrajectoryPlanning/distill/data/benchmark/mp/train/sample_002089.npz,mp,alternating_gaps,U,mp_alternating_gaps,medium,medium,0,,mp:train
train,sample_000279.npz,/home/zzy/TrajectoryPlanning/distill/data/benchmark/mp/train/sample_002090.npz,mp,alternating_gaps,U,mp_alternating_gaps,medium,medium,0,,mp:train
train,sample_000280.npz,/home/zzy/TrajectoryPlanning/distill/data/benchmark/mp/train/sample_002091.npz,mp,alternating_gaps,U,mp_alternating_gaps,medium,medium,0,,mp:train
train,sample_000281.npz,/home/zzy/TrajectoryPlanning/distill/data/benchmark/mp/train/sample_002095.npz,mp,alternating_gaps,U,mp_alternating_gaps,medium,medium,0,,mp:train
train,sample_000282.npz,/home/zzy/TrajectoryPlanning/distill/data/benchmark/mp/train/sample_002101.npz,mp,alternating_gaps,U,mp_alternating_gaps,medium,medium,0,,mp:train
train,sample_000283.npz,/home/zzy/TrajectoryPlanning/distill/data/benchmark/mp/train/sample_002104.npz,mp,alternating_gaps,U,mp_alternating_gaps,medium,medium,0,,mp:train
train,sample_000284.npz,/home/zzy/TrajectoryPlanning/distill/data/benchmark/mp/train/sample_002106.npz,mp,alternating_gaps,U,mp_alternating_gaps,medium,medium,0,,mp:train
train,sample_000285.npz,/home/zzy/TrajectoryPlanning/distill/data/benchmark/mp/train/sample_002107.npz,mp,alternating_gaps,U,mp_alternating_gaps,medium,medium,0,,mp:train
train,sample_000286.npz,/home/zzy/TrajectoryPlanning/distill/data/benchmark/mp/train/sample_002108.npz,mp,alternating_gaps,U,mp_alternating_gaps,medium,medium,0,,mp:train
train,sample_000287.npz,/home/zzy/TrajectoryPlanning/distill/data/benchmark/mp/train/sample_002110.npz,mp,alternating_gaps,U,mp_alternating_gaps,medium,medium,0,,mp:train
train,sample_000288.npz,/home/zzy/TrajectoryPlanning/distill/data/benchmark/mp/train/sample_002111.npz,mp,alternating_gaps,U,mp_alternating_gaps,medium,medium,0,,mp:train
train,sample_000289.npz,/home/zzy/TrajectoryPlanning/distill/data/benchmark/mp/train/sample_002112.npz,mp,alternating_gaps,U,mp_alternating_gaps,medium,medium,0,,mp:train
train,sample_000290.npz,/home/zzy/TrajectoryPlanning/distill/data/benchmark/mp/train/sample_002113.npz,mp,alternating_gaps,U,mp_alternating_gaps,medium,medium,0,,mp:train
train,sample_000291.npz,/home/zzy/TrajectoryPlanning/distill/data/benchmark/mp/train/sample_002114.npz,mp,alternating_gaps,U,mp_alternating_gaps,medium,medium,0,,mp:train
train,sample_000292.npz,/home/zzy/TrajectoryPlanning/distill/data/benchmark/mp/train/sample_002116.npz,mp,alternating_gaps,U,mp_alternating_gaps,medium,medium,0,,mp:train
train,sample_000293.npz,/home/zzy/TrajectoryPlanning/distill/data/benchmark/mp/train/sample_002123.npz,mp,alternating_gaps,U,mp_alternating_gaps,medium,medium,0,,mp:train
train,sample_000294.npz,/home/zzy/TrajectoryPlanning/distill/data/benchmark/mp/train/sample_002124.npz,mp,alternating_gaps,U,mp_alternating_gaps,medium,medium,0,,mp:train
train,sample_000295.npz,/home/zzy/TrajectoryPlanning/distill/data/benchmark/mp/train/sample_002125.npz,mp,alternating_gaps,U,mp_alternating_gaps,medium,medium,0,,mp:train
train,sample_000296.npz,/home/zzy/TrajectoryPlanning/distill/data/benchmark/mp/train/sample_002127.npz,mp,alternating_gaps,U,mp_alternating_gaps,medium,medium,0,,mp:train
train,sample_000297.npz,/home/zzy/TrajectoryPlanning/distill/data/benchmark/mp/train/sample_002129.npz,mp,alternating_gaps,U,mp_alternating_gaps,medium,medium,0,,mp:train
train,sample_000298.npz,/home/zzy/TrajectoryPlanning/distill/data/benchmark/mp/train/sample_002130.npz,mp,alternating_gaps,U,mp_alternating_gaps,medium,medium,0,,mp:train
train,sample_000299.npz,/home/zzy/TrajectoryPlanning/distill/data/benchmark/mp/train/sample_002131.npz,mp,alternating_gaps,U,mp_alternating_gaps,medium,medium,0,,mp:train
train,sample_000300.npz,/home/zzy/TrajectoryPlanning/distill/data/benchmark/mp/train/sample_002132.npz,mp,alternating_gaps,U,mp_alternating_gaps,medium,medium,0,,mp:train
train,sample_000301.npz,/home/zzy/TrajectoryPlanning/distill/data/benchmark/mp/train/sample_002147.npz,mp,alternating_gaps,U,mp_alternating_gaps,medium,medium,0,,mp:train
train,sample_000302.npz,/home/zzy/TrajectoryPlanning/distill/data/benchmark/mp/train/sample_002148.npz,mp,alternating_gaps,U,mp_alternating_gaps,medium,medium,0,,mp:train
train,sample_000303.npz,/home/zzy/TrajectoryPlanning/distill/data/benchmark/mp/train/sample_002150.npz,mp,alternating_gaps,U,mp_alternating_gaps,medium,medium,0,,mp:train
train,sample_000304.npz,/home/zzy/TrajectoryPlanning/distill/data/benchmark/mp/train/sample_002153.npz,mp,alternating_gaps,U,mp_alternating_gaps,medium,medium,0,,mp:train
train,sample_000305.npz,/home/zzy/TrajectoryPlanning/distill/data/benchmark/mp/train/sample_002155.npz,mp,alternating_gaps,U,mp_alternating_gaps,medium,medium,0,,mp:train
train,sample_000306.npz,/home/zzy/TrajectoryPlanning/distill/data/benchmark/mp/train/sample_002157.npz,mp,alternating_gaps,U,mp_alternating_gaps,medium,medium,0,,mp:train
train,sample_000307.npz,/home/zzy/TrajectoryPlanning/distill/data/benchmark/mp/train/sample_002158.npz,mp,alternating_gaps,U,mp_alternating_gaps,medium,medium,0,,mp:train
train,sample_000308.npz,/home/zzy/TrajectoryPlanning/distill/data/benchmark/mp/train/sample_002159.npz,mp,alternating_gaps,U,mp_alternating_gaps,medium,medium,0,,mp:train
train,sample_000309.npz,/home/zzy/TrajectoryPlanning/distill/data/benchmark/mp/train/sample_002160.npz,mp,alternating_gaps,U,mp_alternating_gaps,medium,medium,0,,mp:train
train,sample_000310.npz,/home/zzy/TrajectoryPlanning/distill/data/benchmark/mp/train/sample_002161.npz,mp,alternating_gaps,U,mp_alternating_gaps,medium,medium,0,,mp:train
train,sample_000311.npz,/home/zzy/TrajectoryPlanning/distill/data/benchmark/mp/train/sample_002164.npz,mp,alternating_gaps,U,mp_alternating_gaps,medium,medium,0,,mp:train
train,sample_000312.npz,/home/zzy/TrajectoryPlanning/distill/data/benchmark/mp/train/sample_002168.npz,mp,alternating_gaps,U,mp_alternating_gaps,medium,medium,0,,mp:train
train,sample_000313.npz,/home/zzy/TrajectoryPlanning/distill/data/benchmark/mp/train/sample_002170.npz,mp,alternating_gaps,U,mp_alternating_gaps,medium,medium,0,,mp:train
train,sample_000314.npz,/home/zzy/TrajectoryPlanning/distill/data/benchmark/mp/train/sample_002179.npz,mp,alternating_gaps,U,mp_alternating_gaps,medium,medium,0,,mp:train
train,sample_000315.npz,/home/zzy/TrajectoryPlanning/distill/data/benchmark/mp/train/sample_002182.npz,mp,alternating_gaps,U,mp_alternating_gaps,medium,medium,0,,mp:train
train,sample_000316.npz,/home/zzy/TrajectoryPlanning/distill/data/benchmark/mp/train/sample_002186.npz,mp,alternating_gaps,U,mp_alternating_gaps,medium,medium,0,,mp:train
train,sample_000317.npz,/home/zzy/TrajectoryPlanning/distill/data/benchmark/mp/train/sample_002190.npz,mp,alternating_gaps,U,mp_alternating_gaps,medium,medium,0,,mp:train
train,sample_000318.npz,/home/zzy/TrajectoryPlanning/distill/data/benchmark/mp/train/sample_002191.npz,mp,alternating_gaps,U,mp_alternating_gaps,medium,medium,0,,mp:train
train,sample_000319.npz,/home/zzy/TrajectoryPlanning/distill/data/benchmark/mp/train/sample_002192.npz,mp,alternating_gaps,U,mp_alternating_gaps,medium,medium,0,,mp:train
train,sample_000320.npz,/home/zzy/TrajectoryPlanning/distill/data/benchmark/mp/train/sample_002193.npz,mp,alternating_gaps,U,mp_alternating_gaps,medium,medium,0,,mp:train
train,sample_000321.npz,/home/zzy/TrajectoryPlanning/distill/data/benchmark/mp/train/sample_002194.npz,mp,alternating_gaps,U,mp_alternating_gaps,medium,medium,0,,mp:train
train,sample_000322.npz,/home/zzy/TrajectoryPlanning/distill/data/benchmark/mp/train/sample_002195.npz,mp,alternating_gaps,U,mp_alternating_gaps,medium,medium,0,,mp:train
train,sample_000323.npz,/home/zzy/TrajectoryPlanning/distill/data/benchmark/mp/train/sample_002198.npz,mp,alternating_gaps,U,mp_alternating_gaps,medium,medium,0,,mp:train
train,sample_000324.npz,/home/zzy/TrajectoryPlanning/distill/data/benchmark/mp/train/sample_002200.npz,mp,alternating_gaps,U,mp_alternating_gaps,medium,medium,0,,mp:train
train,sample_000325.npz,/home/zzy/TrajectoryPlanning/distill/data/benchmark/mp/train/sample_002203.npz,mp,alternating_gaps,U,mp_alternating_gaps,medium,medium,0,,mp:train
train,sample_000326.npz,/home/zzy/TrajectoryPlanning/distill/data/benchmark/mp/train/sample_002204.npz,mp,alternating_gaps,U,mp_alternating_gaps,medium,medium,0,,mp:train
train,sample_000327.npz,/home/zzy/TrajectoryPlanning/distill/data/benchmark/mp/train/sample_002207.npz,mp,alternating_gaps,U,mp_alternating_gaps,medium,medium,0,,mp:train
train,sample_000328.npz,/home/zzy/TrajectoryPlanning/distill/data/benchmark/mp/train/sample_002208.npz,mp,alternating_gaps,U,mp_alternating_gaps,medium,medium,0,,mp:train
train,sample_000329.npz,/home/zzy/TrajectoryPlanning/distill/data/benchmark/mp/train/sample_002209.npz,mp,alternating_gaps,U,mp_alternating_gaps,medium,medium,0,,mp:train
train,sample_000330.npz,/home/zzy/TrajectoryPlanning/distill/data/benchmark/mp/train/sample_002211.npz,mp,alternating_gaps,U,mp_alternating_gaps,medium,medium,0,,mp:train
train,sample_000331.npz,/home/zzy/TrajectoryPlanning/distill/data/benchmark/mp/train/sample_002212.npz,mp,alternating_gaps,U,mp_alternating_gaps,medium,medium,0,,mp:train
train,sample_000332.npz,/home/zzy/TrajectoryPlanning/distill/data/benchmark/mp/train/sample_002216.npz,mp,alternating_gaps,U,mp_alternating_gaps,medium,medium,0,,mp:train
train,sample_000333.npz,/home/zzy/TrajectoryPlanning/distill/data/benchmark/mp/train/sample_002217.npz,mp,alternating_gaps,U,mp_alternating_gaps,medium,medium,0,,mp:train
train,sample_000334.npz,/home/zzy/TrajectoryPlanning/distill/data/benchmark/mp/train/sample_002220.npz,mp,alternating_gaps,U,mp_alternating_gaps,medium,medium,0,,mp:train
train,sample_000335.npz,/home/zzy/TrajectoryPlanning/distill/data/benchmark/mp/train/sample_002221.npz,mp,alternating_gaps,U,mp_alternating_gaps,medium,medium,0,,mp:train
train,sample_000336.npz,/home/zzy/TrajectoryPlanning/distill/data/benchmark/mp/train/sample_002223.npz,mp,alternating_gaps,U,mp_alternating_gaps,medium,medium,0,,mp:train
train,sample_000337.npz,/home/zzy/TrajectoryPlanning/distill/data/benchmark/mp/train/sample_002225.npz,mp,alternating_gaps,U,mp_alternating_gaps,medium,medium,0,,mp:train
train,sample_000338.npz,/home/zzy/TrajectoryPlanning/distill/data/benchmark/mp/train/sample_002226.npz,mp,alternating_gaps,U,mp_alternating_gaps,medium,medium,0,,mp:train
train,sample_000339.npz,/home/zzy/TrajectoryPlanning/distill/data/benchmark/mp/train/sample_002227.npz,mp,alternating_gaps,U,mp_alternating_gaps,medium,medium,0,,mp:train
train,sample_000340.npz,/home/zzy/TrajectoryPlanning/distill/data/benchmark/mp/train/sample_002230.npz,mp,alternating_gaps,U,mp_alternating_gaps,medium,medium,0,,mp:train
train,sample_000341.npz,/home/zzy/TrajectoryPlanning/distill/data/benchmark/mp/train/sample_002234.npz,mp,alternating_gaps,U,mp_alternating_gaps,medium,medium,0,,mp:train
train,sample_000342.npz,/home/zzy/TrajectoryPlanning/distill/data/benchmark/mp/train/sample_002235.npz,mp,alternating_gaps,U,mp_alternating_gaps,medium,medium,0,,mp:train
train,sample_000343.npz,/home/zzy/TrajectoryPlanning/distill/data/benchmark/mp/train/sample_002238.npz,mp,alternating_gaps,U,mp_alternating_gaps,medium,medium,0,,mp:train
train,sample_000344.npz,/home/zzy/TrajectoryPlanning/distill/data/benchmark/mp/train/sample_002239.npz,mp,alternating_gaps,U,mp_alternating_gaps,medium,medium,0,,mp:train
train,sample_000345.npz,/home/zzy/TrajectoryPlanning/distill/data/benchmark/mp/train/sample_002241.npz,mp,alternating_gaps,U,mp_alternating_gaps,medium,medium,0,,mp:train
train,sample_000346.npz,/home/zzy/TrajectoryPlanning/distill/data/benchmark/mp/train/sample_002242.npz,mp,alternating_gaps,U,mp_alternating_gaps,medium,medium,0,,mp:train
train,sample_000347.npz,/home/zzy/TrajectoryPlanning/distill/data/benchmark/mp/train/sample_002243.npz,mp,alternating_gaps,U,mp_alternating_gaps,medium,medium,0,,mp:train
train,sample_000348.npz,/home/zzy/TrajectoryPlanning/distill/data/benchmark/mp/train/sample_002252.npz,mp,alternating_gaps,U,mp_alternating_gaps,medium,medium,0,,mp:train
train,sample_000349.npz,/home/zzy/TrajectoryPlanning/distill/data/benchmark/mp/train/sample_002255.npz,mp,alternating_gaps,U,mp_alternating_gaps,medium,medium,0,,mp:train
train,sample_000350.npz,/home/zzy/TrajectoryPlanning/distill/data/benchmark/mp/train/sample_002256.npz,mp,alternating_gaps,U,mp_alternating_gaps,medium,medium,0,,mp:train
train,sample_000351.npz,/home/zzy/TrajectoryPlanning/distill/data/benchmark/mp/train/sample_002258.npz,mp,alternating_gaps,U,mp_alternating_gaps,medium,medium,0,,mp:train
train,sample_000352.npz,/home/zzy/TrajectoryPlanning/distill/data/benchmark/mp/train/sample_002259.npz,mp,alternating_gaps,U,mp_alternating_gaps,medium,medium,0,,mp:train
train,sample_000353.npz,/home/zzy/TrajectoryPlanning/distill/data/benchmark/mp/train/sample_002260.npz,mp,alternating_gaps,U,mp_alternating_gaps,medium,medium,0,,mp:train
train,sample_000354.npz,/home/zzy/TrajectoryPlanning/distill/data/benchmark/mp/train/sample_002266.npz,mp,alternating_gaps,U,mp_alternating_gaps,medium,medium,0,,mp:train
train,sample_000355.npz,/home/zzy/TrajectoryPlanning/distill/data/benchmark/mp/train/sample_002268.npz,mp,alternating_gaps,U,mp_alternating_gaps,medium,medium,0,,mp:train
train,sample_000356.npz,/home/zzy/TrajectoryPlanning/distill/data/benchmark/mp/train/sample_002269.npz,mp,alternating_gaps,U,mp_alternating_gaps,medium,medium,0,,mp:train
train,sample_000357.npz,/home/zzy/TrajectoryPlanning/distill/data/benchmark/mp/train/sample_002270.npz,mp,alternating_gaps,U,mp_alternating_gaps,medium,medium,0,,mp:train
train,sample_000358.npz,/home/zzy/TrajectoryPlanning/distill/data/benchmark/mp/train/sample_002271.npz,mp,alternating_gaps,U,mp_alternating_gaps,medium,medium,0,,mp:train
train,sample_000359.npz,/home/zzy/TrajectoryPlanning/distill/data/benchmark/mp/train/sample_002273.npz,mp,alternating_gaps,U,mp_alternating_gaps,medium,medium,0,,mp:train
train,sample_000360.npz,/home/zzy/TrajectoryPlanning/distill/data/benchmark/mp/train/sample_002274.npz,mp,alternating_gaps,U,mp_alternating_gaps,medium,medium,0,,mp:train
train,sample_000361.npz,/home/zzy/TrajectoryPlanning/distill/data/benchmark/mp/train/sample_002275.npz,mp,alternating_gaps,U,mp_alternating_gaps,medium,medium,0,,mp:train
train,sample_000362.npz,/home/zzy/TrajectoryPlanning/distill/data/benchmark/mp/train/sample_002277.npz,mp,alternating_gaps,U,mp_alternating_gaps,medium,medium,0,,mp:train
train,sample_000363.npz,/home/zzy/TrajectoryPlanning/distill/data/benchmark/mp/train/sample_002279.npz,mp,alternating_gaps,U,mp_alternating_gaps,medium,medium,0,,mp:train
train,sample_000364.npz,/home/zzy/TrajectoryPlanning/distill/data/benchmark/mp/train/sample_002280.npz,mp,alternating_gaps,U,mp_alternating_gaps,medium,medium,0,,mp:train
train,sample_000365.npz,/home/zzy/TrajectoryPlanning/distill/data/benchmark/mp/train/sample_002287.npz,mp,alternating_gaps,U,mp_alternating_gaps,medium,medium,0,,mp:train
train,sample_000366.npz,/home/zzy/TrajectoryPlanning/distill/data/benchmark/mp/train/sample_002288.npz,mp,alternating_gaps,U,mp_alternating_gaps,medium,medium,0,,mp:train
train,sample_000367.npz,/home/zzy/TrajectoryPlanning/distill/data/benchmark/mp/train/sample_002290.npz,mp,alternating_gaps,U,mp_alternating_gaps,medium,medium,0,,mp:train
train,sample_000368.npz,/home/zzy/TrajectoryPlanning/distill/data/benchmark/mp/train/sample_002294.npz,mp,alternating_gaps,U,mp_alternating_gaps,medium,medium,0,,mp:train
train,sample_000369.npz,/home/zzy/TrajectoryPlanning/distill/data/benchmark/mp/train/sample_002296.npz,mp,alternating_gaps,U,mp_alternating_gaps,medium,medium,0,,mp:train
train,sample_000370.npz,/home/zzy/TrajectoryPlanning/distill/data/benchmark/mp/train/sample_002297.npz,mp,alternating_gaps,U,mp_alternating_gaps,medium,medium,0,,mp:train
train,sample_000371.npz,/home/zzy/TrajectoryPlanning/distill/data/benchmark/mp/train/sample_002300.npz,mp,alternating_gaps,U,mp_alternating_gaps,medium,medium,0,,mp:train
train,sample_000372.npz,/home/zzy/TrajectoryPlanning/distill/data/benchmark/mp/train/sample_002301.npz,mp,alternating_gaps,U,mp_alternating_gaps,medium,medium,0,,mp:train
train,sample_000373.npz,/home/zzy/TrajectoryPlanning/distill/data/benchmark/mp/train/sample_002302.npz,mp,alternating_gaps,U,mp_alternating_gaps,medium,medium,0,,mp:train
train,sample_000374.npz,/home/zzy/TrajectoryPlanning/distill/data/benchmark/mp/train/sample_002303.npz,mp,alternating_gaps,U,mp_alternating_gaps,medium,medium,0,,mp:train
train,sample_000375.npz,/home/zzy/TrajectoryPlanning/distill/data/benchmark/mp/train/sample_002304.npz,mp,alternating_gaps,U,mp_alternating_gaps,medium,medium,0,,mp:train
train,sample_000376.npz,/home/zzy/TrajectoryPlanning/distill/data/benchmark/mp/train/sample_002305.npz,mp,alternating_gaps,U,mp_alternating_gaps,medium,medium,0,,mp:train
train,sample_000377.npz,/home/zzy/TrajectoryPlanning/distill/data/benchmark/mp/train/sample_002307.npz,mp,alternating_gaps,U,mp_alternating_gaps,medium,medium,0,,mp:train
train,sample_000378.npz,/home/zzy/TrajectoryPlanning/distill/data/benchmark/mp/train/sample_002308.npz,mp,alternating_gaps,U,mp_alternating_gaps,medium,medium,0,,mp:train
train,sample_000379.npz,/home/zzy/TrajectoryPlanning/distill/data/benchmark/mp/train/sample_002309.npz,mp,alternating_gaps,U,mp_alternating_gaps,medium,medium,0,,mp:train
train,sample_000380.npz,/home/zzy/TrajectoryPlanning/distill/data/benchmark/mp/train/sample_002310.npz,mp,alternating_gaps,U,mp_alternating_gaps,medium,medium,0,,mp:train
train,sample_000381.npz,/home/zzy/TrajectoryPlanning/distill/data/benchmark/mp/train/sample_002315.npz,mp,alternating_gaps,U,mp_alternating_gaps,medium,medium,0,,mp:train
train,sample_000382.npz,/home/zzy/TrajectoryPlanning/distill/data/benchmark/mp/train/sample_002316.npz,mp,alternating_gaps,U,mp_alternating_gaps,medium,medium,0,,mp:train
train,sample_000383.npz,/home/zzy/TrajectoryPlanning/distill/data/benchmark/mp/train/sample_002317.npz,mp,alternating_gaps,U,mp_alternating_gaps,medium,medium,0,,mp:train
train,sample_000384.npz,/home/zzy/TrajectoryPlanning/distill/data/benchmark/mp/train/sample_002318.npz,mp,alternating_gaps,U,mp_alternating_gaps,medium,medium,0,,mp:train
train,sample_000385.npz,/home/zzy/TrajectoryPlanning/distill/data/benchmark/mp/train/sample_002319.npz,mp,alternating_gaps,U,mp_alternating_gaps,medium,medium,0,,mp:train
train,sample_000386.npz,/home/zzy/TrajectoryPlanning/distill/data/benchmark/mp/train/sample_002321.npz,mp,alternating_gaps,U,mp_alternating_gaps,medium,medium,0,,mp:train
train,sample_000387.npz,/home/zzy/TrajectoryPlanning/distill/data/benchmark/mp/train/sample_002322.npz,mp,alternating_gaps,U,mp_alternating_gaps,medium,medium,0,,mp:train
train,sample_000388.npz,/home/zzy/TrajectoryPlanning/distill/data/benchmark/mp/train/sample_002325.npz,mp,alternating_gaps,U,mp_alternating_gaps,medium,medium,0,,mp:train
train,sample_000389.npz,/home/zzy/TrajectoryPlanning/distill/data/benchmark/mp/train/sample_002326.npz,mp,alternating_gaps,U,mp_alternating_gaps,medium,medium,0,,mp:train
train,sample_000390.npz,/home/zzy/TrajectoryPlanning/distill/data/benchmark/mp/train/sample_002327.npz,mp,alternating_gaps,U,mp_alternating_gaps,medium,medium,0,,mp:train
train,sample_000391.npz,/home/zzy/TrajectoryPlanning/distill/data/benchmark/mp/train/sample_002330.npz,mp,alternating_gaps,U,mp_alternating_gaps,medium,medium,0,,mp:train
train,sample_000392.npz,/home/zzy/TrajectoryPlanning/distill/data/benchmark/mp/train/sample_002331.npz,mp,alternating_gaps,U,mp_alternating_gaps,medium,medium,0,,mp:train
train,sample_000393.npz,/home/zzy/TrajectoryPlanning/distill/data/benchmark/mp/train/sample_002334.npz,mp,alternating_gaps,U,mp_alternating_gaps,medium,medium,0,,mp:train
train,sample_000394.npz,/home/zzy/TrajectoryPlanning/distill/data/benchmark/mp/train/sample_002335.npz,mp,alternating_gaps,U,mp_alternating_gaps,medium,medium,0,,mp:train
train,sample_000395.npz,/home/zzy/TrajectoryPlanning/distill/data/benchmark/mp/train/sample_002349.npz,mp,alternating_gaps,U,mp_alternating_gaps,medium,medium,0,,mp:train
train,sample_000396.npz,/home/zzy/TrajectoryPlanning/distill/data/benchmark/mp/train/sample_002350.npz,mp,alternating_gaps,U,mp_alternating_gaps,medium,medium,0,,mp:train
train,sample_000397.npz,/home/zzy/TrajectoryPlanning/distill/data/benchmark/mp/train/sample_002353.npz,mp,alternating_gaps,U,mp_alternating_gaps,medium,medium,0,,mp:train
train,sample_000398.npz,/home/zzy/TrajectoryPlanning/distill/data/benchmark/mp/train/sample_002355.npz,mp,alternating_gaps,U,mp_alternating_gaps,medium,medium,0,,mp:train
train,sample_000399.npz,/home/zzy/TrajectoryPlanning/distill/data/benchmark/mp/train/sample_002358.npz,mp,alternating_gaps,U,mp_alternating_gaps,medium,medium,0,,mp:train
train,sample_000400.npz,/home/zzy/TrajectoryPlanning/distill/data/benchmark/mp/train/sample_002363.npz,mp,alternating_gaps,U,mp_alternating_gaps,medium,medium,0,,mp:train
train,sample_000401.npz,/home/zzy/TrajectoryPlanning/distill/data/benchmark/mp/train/sample_002364.npz,mp,alternating_gaps,U,mp_alternating_gaps,medium,medium,0,,mp:train
train,sample_000402.npz,/home/zzy/TrajectoryPlanning/distill/data/benchmark/mp/train/sample_002365.npz,mp,alternating_gaps,U,mp_alternating_gaps,medium,medium,0,,mp:train
train,sample_000403.npz,/home/zzy/TrajectoryPlanning/distill/data/benchmark/mp/train/sample_002373.npz,mp,alternating_gaps,U,mp_alternating_gaps,medium,medium,0,,mp:train
train,sample_000404.npz,/home/zzy/TrajectoryPlanning/distill/data/benchmark/mp/train/sample_002376.npz,mp,alternating_gaps,U,mp_alternating_gaps,medium,medium,0,,mp:train
train,sample_000405.npz,/home/zzy/TrajectoryPlanning/distill/data/benchmark/mp/train/sample_002377.npz,mp,alternating_gaps,U,mp_alternating_gaps,medium,medium,0,,mp:train
train,sample_000406.npz,/home/zzy/TrajectoryPlanning/distill/data/benchmark/mp/train/sample_002378.npz,mp,alternating_gaps,U,mp_alternating_gaps,medium,medium,0,,mp:train
train,sample_000407.npz,/home/zzy/TrajectoryPlanning/distill/data/benchmark/mp/train/sample_002379.npz,mp,alternating_gaps,U,mp_alternating_gaps,medium,medium,0,,mp:train
train,sample_000408.npz,/home/zzy/TrajectoryPlanning/distill/data/benchmark/mp/train/sample_002382.npz,mp,alternating_gaps,U,mp_alternating_gaps,medium,medium,0,,mp:train
train,sample_000409.npz,/home/zzy/TrajectoryPlanning/distill/data/benchmark/mp/train/sample_002387.npz,mp,alternating_gaps,U,mp_alternating_gaps,medium,medium,0,,mp:train
train,sample_000410.npz,/home/zzy/TrajectoryPlanning/distill/data/benchmark/mp/train/sample_002388.npz,mp,alternating_gaps,U,mp_alternating_gaps,medium,medium,0,,mp:train
train,sample_000411.npz,/home/zzy/TrajectoryPlanning/distill/data/benchmark/mp/train/sample_002393.npz,mp,alternating_gaps,U,mp_alternating_gaps,medium,medium,0,,mp:train
train,sample_000412.npz,/home/zzy/TrajectoryPlanning/distill/data/benchmark/mp/train/sample_002398.npz,mp,alternating_gaps,U,mp_alternating_gaps,medium,medium,0,,mp:train
train,sample_000413.npz,/home/zzy/TrajectoryPlanning/distill/data/benchmark/mp/train/sample_002399.npz,mp,alternating_gaps,U,mp_alternating_gaps,medium,medium,0,,mp:train
train,sample_000414.npz,/home/zzy/TrajectoryPlanning/distill/data/benchmark/mp/test/sample_000700.npz,mp,bugtrap_forest,U,mp_bugtrap_forest,hard,hard,1,mp::mp_bugtrap_forest,mp:test
train,sample_000415.npz,/home/zzy/TrajectoryPlanning/distill/data/benchmark/mp/test/sample_000704.npz,mp,bugtrap_forest,U,mp_bugtrap_forest,hard,hard,1,mp::mp_bugtrap_forest,mp:test
train,sample_000416.npz,/home/zzy/TrajectoryPlanning/distill/data/benchmark/mp/test/sample_000706.npz,mp,bugtrap_forest,U,mp_bugtrap_forest,hard,hard,1,mp::mp_bugtrap_forest,mp:test
train,sample_000417.npz,/home/zzy/TrajectoryPlanning/distill/data/benchmark/mp/test/sample_000707.npz,mp,bugtrap_forest,U,mp_bugtrap_forest,hard,hard,1,mp::mp_bugtrap_forest,mp:test
train,sample_000418.npz,/home/zzy/TrajectoryPlanning/distill/data/benchmark/mp/test/sample_000708.npz,mp,bugtrap_forest,U,mp_bugtrap_forest,hard,hard,1,mp::mp_bugtrap_forest,mp:test
train,sample_000419.npz,/home/zzy/TrajectoryPlanning/distill/data/benchmark/mp/test/sample_000710.npz,mp,bugtrap_forest,U,mp_bugtrap_forest,hard,hard,1,mp::mp_bugtrap_forest,mp:test
train,sample_000420.npz,/home/zzy/TrajectoryPlanning/distill/data/benchmark/mp/test/sample_000718.npz,mp,bugtrap_forest,U,mp_bugtrap_forest,hard,hard,1,mp::mp_bugtrap_forest,mp:test
train,sample_000421.npz,/home/zzy/TrajectoryPlanning/distill/data/benchmark/mp/test/sample_000719.npz,mp,bugtrap_forest,U,mp_bugtrap_forest,hard,hard,1,mp::mp_bugtrap_forest,mp:test
train,sample_000422.npz,/home/zzy/TrajectoryPlanning/distill/data/benchmark/mp/test/sample_000720.npz,mp,bugtrap_forest,U,mp_bugtrap_forest,hard,hard,1,mp::mp_bugtrap_forest,mp:test
train,sample_000423.npz,/home/zzy/TrajectoryPlanning/distill/data/benchmark/mp/test/sample_000721.npz,mp,bugtrap_forest,U,mp_bugtrap_forest,hard,hard,1,mp::mp_bugtrap_forest,mp:test
train,sample_000424.npz,/home/zzy/TrajectoryPlanning/distill/data/benchmark/mp/test/sample_000722.npz,mp,bugtrap_forest,U,mp_bugtrap_forest,hard,hard,1,mp::mp_bugtrap_forest,mp:test
train,sample_000425.npz,/home/zzy/TrajectoryPlanning/distill/data/benchmark/mp/test/sample_000723.npz,mp,bugtrap_forest,U,mp_bugtrap_forest,hard,hard,1,mp::mp_bugtrap_forest,mp:test
train,sample_000426.npz,/home/zzy/TrajectoryPlanning/distill/data/benchmark/mp/test/sample_000727.npz,mp,bugtrap_forest,U,mp_bugtrap_forest,hard,hard,1,mp::mp_bugtrap_forest,mp:test
train,sample_000427.npz,/home/zzy/TrajectoryPlanning/distill/data/benchmark/mp/test/sample_000728.npz,mp,bugtrap_forest,U,mp_bugtrap_forest,hard,hard,1,mp::mp_bugtrap_forest,mp:test
train,sample_000428.npz,/home/zzy/TrajectoryPlanning/distill/data/benchmark/mp/test/sample_000733.npz,mp,bugtrap_forest,U,mp_bugtrap_forest,hard,hard,1,mp::mp_bugtrap_forest,mp:test
train,sample_000429.npz,/home/zzy/TrajectoryPlanning/distill/data/benchmark/mp/test/sample_000734.npz,mp,bugtrap_forest,U,mp_bugtrap_forest,hard,hard,1,mp::mp_bugtrap_forest,mp:test
train,sample_000430.npz,/home/zzy/TrajectoryPlanning/distill/data/benchmark/mp/test/sample_000736.npz,mp,bugtrap_forest,U,mp_bugtrap_forest,hard,hard,1,mp::mp_bugtrap_forest,mp:test
train,sample_000431.npz,/home/zzy/TrajectoryPlanning/distill/data/benchmark/mp/test/sample_000737.npz,mp,bugtrap_forest,U,mp_bugtrap_forest,hard,hard,1,mp::mp_bugtrap_forest,mp:test
train,sample_000432.npz,/home/zzy/TrajectoryPlanning/distill/data/benchmark/mp/test/sample_000739.npz,mp,bugtrap_forest,U,mp_bugtrap_forest,hard,hard,1,mp::mp_bugtrap_forest,mp:test
train,sample_000433.npz,/home/zzy/TrajectoryPlanning/distill/data/benchmark/mp/test/sample_000742.npz,mp,bugtrap_forest,U,mp_bugtrap_forest,hard,hard,1,mp::mp_bugtrap_forest,mp:test
train,sample_000434.npz,/home/zzy/TrajectoryPlanning/distill/data/benchmark/mp/test/sample_000743.npz,mp,bugtrap_forest,U,mp_bugtrap_forest,hard,hard,1,mp::mp_bugtrap_forest,mp:test
train,sample_000435.npz,/home/zzy/TrajectoryPlanning/distill/data/benchmark/mp/test/sample_000746.npz,mp,bugtrap_forest,U,mp_bugtrap_forest,hard,hard,1,mp::mp_bugtrap_forest,mp:test
train,sample_000436.npz,/home/zzy/TrajectoryPlanning/distill/data/benchmark/mp/test/sample_000747.npz,mp,bugtrap_forest,U,mp_bugtrap_forest,hard,hard,1,mp::mp_bugtrap_forest,mp:test
train,sample_000437.npz,/home/zzy/TrajectoryPlanning/distill/data/benchmark/mp/test/sample_000749.npz,mp,bugtrap_forest,U,mp_bugtrap_forest,hard,hard,1,mp::mp_bugtrap_forest,mp:test
train,sample_000438.npz,/home/zzy/TrajectoryPlanning/distill/data/benchmark/mp/test/sample_000750.npz,mp,bugtrap_forest,U,mp_bugtrap_forest,hard,hard,1,mp::mp_bugtrap_forest,mp:test
train,sample_000439.npz,/home/zzy/TrajectoryPlanning/distill/data/benchmark/mp/test/sample_000757.npz,mp,bugtrap_forest,U,mp_bugtrap_forest,hard,hard,1,mp::mp_bugtrap_forest,mp:test
train,sample_000440.npz,/home/zzy/TrajectoryPlanning/distill/data/benchmark/mp/test/sample_000761.npz,mp,bugtrap_forest,U,mp_bugtrap_forest,hard,hard,1,mp::mp_bugtrap_forest,mp:test
train,sample_000441.npz,/home/zzy/TrajectoryPlanning/distill/data/benchmark/mp/test/sample_000762.npz,mp,bugtrap_forest,U,mp_bugtrap_forest,hard,hard,1,mp::mp_bugtrap_forest,mp:test
train,sample_000442.npz,/home/zzy/TrajectoryPlanning/distill/data/benchmark/mp/test/sample_000763.npz,mp,bugtrap_forest,U,mp_bugtrap_forest,hard,hard,1,mp::mp_bugtrap_forest,mp:test
train,sample_000443.npz,/home/zzy/TrajectoryPlanning/distill/data/benchmark/mp/test/sample_000765.npz,mp,bugtrap_forest,U,mp_bugtrap_forest,hard,hard,1,mp::mp_bugtrap_forest,mp:test
train,sample_000444.npz,/home/zzy/TrajectoryPlanning/distill/data/benchmark/mp/test/sample_000767.npz,mp,bugtrap_forest,U,mp_bugtrap_forest,hard,hard,1,mp::mp_bugtrap_forest,mp:test
train,sample_000445.npz,/home/zzy/TrajectoryPlanning/distill/data/benchmark/mp/test/sample_000768.npz,mp,bugtrap_forest,U,mp_bugtrap_forest,hard,hard,1,mp::mp_bugtrap_forest,mp:test
train,sample_000446.npz,/home/zzy/TrajectoryPlanning/distill/data/benchmark/mp/test/sample_000769.npz,mp,bugtrap_forest,U,mp_bugtrap_forest,hard,hard,1,mp::mp_bugtrap_forest,mp:test
train,sample_000447.npz,/home/zzy/TrajectoryPlanning/distill/data/benchmark/mp/test/sample_000770.npz,mp,bugtrap_forest,U,mp_bugtrap_forest,hard,hard,1,mp::mp_bugtrap_forest,mp:test
train,sample_000448.npz,/home/zzy/TrajectoryPlanning/distill/data/benchmark/mp/test/sample_000771.npz,mp,bugtrap_forest,U,mp_bugtrap_forest,hard,hard,1,mp::mp_bugtrap_forest,mp:test
train,sample_000449.npz,/home/zzy/TrajectoryPlanning/distill/data/benchmark/mp/test/sample_000774.npz,mp,bugtrap_forest,U,mp_bugtrap_forest,hard,hard,1,mp::mp_bugtrap_forest,mp:test
train,sample_000450.npz,/home/zzy/TrajectoryPlanning/distill/data/benchmark/mp/test/sample_000776.npz,mp,bugtrap_forest,U,mp_bugtrap_forest,hard,hard,1,mp::mp_bugtrap_forest,mp:test
train,sample_000451.npz,/home/zzy/TrajectoryPlanning/distill/data/benchmark/mp/test/sample_000777.npz,mp,bugtrap_forest,U,mp_bugtrap_forest,hard,hard,1,mp::mp_bugtrap_forest,mp:test
train,sample_000452.npz,/home/zzy/TrajectoryPlanning/distill/data/benchmark/mp/test/sample_000779.npz,mp,bugtrap_forest,U,mp_bugtrap_forest,hard,hard,1,mp::mp_bugtrap_forest,mp:test
train,sample_000453.npz,/home/zzy/TrajectoryPlanning/distill/data/benchmark/mp/test/sample_000780.npz,mp,bugtrap_forest,U,mp_bugtrap_forest,hard,hard,1,mp::mp_bugtrap_forest,mp:test
train,sample_000454.npz,/home/zzy/TrajectoryPlanning/distill/data/benchmark/mp/test/sample_000781.npz,mp,bugtrap_forest,U,mp_bugtrap_forest,hard,hard,1,mp::mp_bugtrap_forest,mp:test
train,sample_000455.npz,/home/zzy/TrajectoryPlanning/distill/data/benchmark/mp/test/sample_000782.npz,mp,bugtrap_forest,U,mp_bugtrap_forest,hard,hard,1,mp::mp_bugtrap_forest,mp:test
train,sample_000456.npz,/home/zzy/TrajectoryPlanning/distill/data/benchmark/mp/test/sample_000785.npz,mp,bugtrap_forest,U,mp_bugtrap_forest,hard,hard,1,mp::mp_bugtrap_forest,mp:test
train,sample_000457.npz,/home/zzy/TrajectoryPlanning/distill/data/benchmark/mp/test/sample_000790.npz,mp,bugtrap_forest,U,mp_bugtrap_forest,hard,hard,1,mp::mp_bugtrap_forest,mp:test
train,sample_000458.npz,/home/zzy/TrajectoryPlanning/distill/data/benchmark/mp/test/sample_000792.npz,mp,bugtrap_forest,U,mp_bugtrap_forest,hard,hard,1,mp::mp_bugtrap_forest,mp:test
train,sample_000459.npz,/home/zzy/TrajectoryPlanning/distill/data/benchmark/mp/test/sample_000793.npz,mp,bugtrap_forest,U,mp_bugtrap_forest,hard,hard,1,mp::mp_bugtrap_forest,mp:test
train,sample_000460.npz,/home/zzy/TrajectoryPlanning/distill/data/benchmark/mp/test/sample_000794.npz,mp,bugtrap_forest,U,mp_bugtrap_forest,hard,hard,1,mp::mp_bugtrap_forest,mp:test
train,sample_000461.npz,/home/zzy/TrajectoryPlanning/distill/data/benchmark/mp/test/sample_000795.npz,mp,bugtrap_forest,U,mp_bugtrap_forest,hard,hard,1,mp::mp_bugtrap_forest,mp:test
train,sample_000462.npz,/home/zzy/TrajectoryPlanning/distill/data/benchmark/mp/test/sample_000799.npz,mp,bugtrap_forest,U,mp_bugtrap_forest,hard,hard,1,mp::mp_bugtrap_forest,mp:test
train,sample_000463.npz,/home/zzy/TrajectoryPlanning/distill/data/benchmark/mp/train/sample_005603.npz,mp,bugtrap_forest,U,mp_bugtrap_forest,hard,hard,1,mp::mp_bugtrap_forest,mp:train
train,sample_000464.npz,/home/zzy/TrajectoryPlanning/distill/data/benchmark/mp/train/sample_005604.npz,mp,bugtrap_forest,U,mp_bugtrap_forest,hard,hard,1,mp::mp_bugtrap_forest,mp:train
train,sample_000465.npz,/home/zzy/TrajectoryPlanning/distill/data/benchmark/mp/train/sample_005606.npz,mp,bugtrap_forest,U,mp_bugtrap_forest,hard,hard,1,mp::mp_bugtrap_forest,mp:train
train,sample_000466.npz,/home/zzy/TrajectoryPlanning/distill/data/benchmark/mp/train/sample_005607.npz,mp,bugtrap_forest,U,mp_bugtrap_forest,hard,hard,1,mp::mp_bugtrap_forest,mp:train
train,sample_000467.npz,/home/zzy/TrajectoryPlanning/distill/data/benchmark/mp/train/sample_005608.npz,mp,bugtrap_forest,U,mp_bugtrap_forest,hard,hard,1,mp::mp_bugtrap_forest,mp:train
train,sample_000468.npz,/home/zzy/TrajectoryPlanning/distill/data/benchmark/mp/train/sample_005609.npz,mp,bugtrap_forest,U,mp_bugtrap_forest,hard,hard,1,mp::mp_bugtrap_forest,mp:train
train,sample_000469.npz,/home/zzy/TrajectoryPlanning/distill/data/benchmark/mp/train/sample_005613.npz,mp,bugtrap_forest,U,mp_bugtrap_forest,hard,hard,1,mp::mp_bugtrap_forest,mp:train
train,sample_000470.npz,/home/zzy/TrajectoryPlanning/distill/data/benchmark/mp/train/sample_005614.npz,mp,bugtrap_forest,U,mp_bugtrap_forest,hard,hard,1,mp::mp_bugtrap_forest,mp:train
train,sample_000471.npz,/home/zzy/TrajectoryPlanning/distill/data/benchmark/mp/train/sample_005617.npz,mp,bugtrap_forest,U,mp_bugtrap_forest,hard,hard,1,mp::mp_bugtrap_forest,mp:train
train,sample_000472.npz,/home/zzy/TrajectoryPlanning/distill/data/benchmark/mp/train/sample_005618.npz,mp,bugtrap_forest,U,mp_bugtrap_forest,hard,hard,1,mp::mp_bugtrap_forest,mp:train
train,sample_000473.npz,/home/zzy/TrajectoryPlanning/distill/data/benchmark/mp/train/sample_005619.npz,mp,bugtrap_forest,U,mp_bugtrap_forest,hard,hard,1,mp::mp_bugtrap_forest,mp:train
train,sample_000474.npz,/home/zzy/TrajectoryPlanning/distill/data/benchmark/mp/train/sample_005620.npz,mp,bugtrap_forest,U,mp_bugtrap_forest,hard,hard,1,mp::mp_bugtrap_forest,mp:train
train,sample_000475.npz,/home/zzy/TrajectoryPlanning/distill/data/benchmark/mp/train/sample_005621.npz,mp,bugtrap_forest,U,mp_bugtrap_forest,hard,hard,1,mp::mp_bugtrap_forest,mp:train
train,sample_000476.npz,/home/zzy/TrajectoryPlanning/distill/data/benchmark/mp/train/sample_005622.npz,mp,bugtrap_forest,U,mp_bugtrap_forest,hard,hard,1,mp::mp_bugtrap_forest,mp:train
train,sample_000477.npz,/home/zzy/TrajectoryPlanning/distill/data/benchmark/mp/train/sample_005627.npz,mp,bugtrap_forest,U,mp_bugtrap_forest,hard,hard,1,mp::mp_bugtrap_forest,mp:train
train,sample_000478.npz,/home/zzy/TrajectoryPlanning/distill/data/benchmark/mp/train/sample_005630.npz,mp,bugtrap_forest,U,mp_bugtrap_forest,hard,hard,1,mp::mp_bugtrap_forest,mp:train
train,sample_000479.npz,/home/zzy/TrajectoryPlanning/distill/data/benchmark/mp/train/sample_005632.npz,mp,bugtrap_forest,U,mp_bugtrap_forest,hard,hard,1,mp::mp_bugtrap_forest,mp:train
train,sample_000480.npz,/home/zzy/TrajectoryPlanning/distill/data/benchmark/mp/train/sample_005635.npz,mp,bugtrap_forest,U,mp_bugtrap_forest,hard,hard,1,mp::mp_bugtrap_forest,mp:train
train,sample_000481.npz,/home/zzy/TrajectoryPlanning/distill/data/benchmark/mp/train/sample_005636.npz,mp,bugtrap_forest,U,mp_bugtrap_forest,hard,hard,1,mp::mp_bugtrap_forest,mp:train
train,sample_000482.npz,/home/zzy/TrajectoryPlanning/distill/data/benchmark/mp/train/sample_005639.npz,mp,bugtrap_forest,U,mp_bugtrap_forest,hard,hard,1,mp::mp_bugtrap_forest,mp:train
train,sample_000483.npz,/home/zzy/TrajectoryPlanning/distill/data/benchmark/mp/train/sample_005640.npz,mp,bugtrap_forest,U,mp_bugtrap_forest,hard,hard,1,mp::mp_bugtrap_forest,mp:train
train,sample_000484.npz,/home/zzy/TrajectoryPlanning/distill/data/benchmark/mp/train/sample_005641.npz,mp,bugtrap_forest,U,mp_bugtrap_forest,hard,hard,1,mp::mp_bugtrap_forest,mp:train
train,sample_000485.npz,/home/zzy/TrajectoryPlanning/distill/data/benchmark/mp/train/sample_005643.npz,mp,bugtrap_forest,U,mp_bugtrap_forest,hard,hard,1,mp::mp_bugtrap_forest,mp:train
train,sample_000486.npz,/home/zzy/TrajectoryPlanning/distill/data/benchmark/mp/train/sample_005644.npz,mp,bugtrap_forest,U,mp_bugtrap_forest,hard,hard,1,mp::mp_bugtrap_forest,mp:train
train,sample_000487.npz,/home/zzy/TrajectoryPlanning/distill/data/benchmark/mp/train/sample_005645.npz,mp,bugtrap_forest,U,mp_bugtrap_forest,hard,hard,1,mp::mp_bugtrap_forest,mp:train
train,sample_000488.npz,/home/zzy/TrajectoryPlanning/distill/data/benchmark/mp/train/sample_005646.npz,mp,bugtrap_forest,U,mp_bugtrap_forest,hard,hard,1,mp::mp_bugtrap_forest,mp:train
train,sample_000489.npz,/home/zzy/TrajectoryPlanning/distill/data/benchmark/mp/train/sample_005649.npz,mp,bugtrap_forest,U,mp_bugtrap_forest,hard,hard,1,mp::mp_bugtrap_forest,mp:train
train,sample_000490.npz,/home/zzy/TrajectoryPlanning/distill/data/benchmark/mp/train/sample_005653.npz,mp,bugtrap_forest,U,mp_bugtrap_forest,hard,hard,1,mp::mp_bugtrap_forest,mp:train
train,sample_000491.npz,/home/zzy/TrajectoryPlanning/distill/data/benchmark/mp/train/sample_005654.npz,mp,bugtrap_forest,U,mp_bugtrap_forest,hard,hard,1,mp::mp_bugtrap_forest,mp:train
train,sample_000492.npz,/home/zzy/TrajectoryPlanning/distill/data/benchmark/mp/train/sample_005655.npz,mp,bugtrap_forest,U,mp_bugtrap_forest,hard,hard,1,mp::mp_bugtrap_forest,mp:train
train,sample_000493.npz,/home/zzy/TrajectoryPlanning/distill/data/benchmark/mp/train/sample_005658.npz,mp,bugtrap_forest,U,mp_bugtrap_forest,hard,hard,1,mp::mp_bugtrap_forest,mp:train
train,sample_000494.npz,/home/zzy/TrajectoryPlanning/distill/data/benchmark/mp/train/sample_005660.npz,mp,bugtrap_forest,U,mp_bugtrap_forest,hard,hard,1,mp::mp_bugtrap_forest,mp:train
train,sample_000495.npz,/home/zzy/TrajectoryPlanning/distill/data/benchmark/mp/train/sample_005662.npz,mp,bugtrap_forest,U,mp_bugtrap_forest,hard,hard,1,mp::mp_bugtrap_forest,mp:train
train,sample_000496.npz,/home/zzy/TrajectoryPlanning/distill/data/benchmark/mp/train/sample_005663.npz,mp,bugtrap_forest,U,mp_bugtrap_forest,hard,hard,1,mp::mp_bugtrap_forest,mp:train
train,sample_000497.npz,/home/zzy/TrajectoryPlanning/distill/data/benchmark/mp/train/sample_005664.npz,mp,bugtrap_forest,U,mp_bugtrap_forest,hard,hard,1,mp::mp_bugtrap_forest,mp:train
train,sample_000498.npz,/home/zzy/TrajectoryPlanning/distill/data/benchmark/mp/train/sample_005666.npz,mp,bugtrap_forest,U,mp_bugtrap_forest,hard,hard,1,mp::mp_bugtrap_forest,mp:train
train,sample_000499.npz,/home/zzy/TrajectoryPlanning/distill/data/benchmark/mp/train/sample_005669.npz,mp,bugtrap_forest,U,mp_bugtrap_forest,hard,hard,1,mp::mp_bugtrap_forest,mp:train
train,sample_000500.npz,/home/zzy/TrajectoryPlanning/distill/data/benchmark/mp/train/sample_005671.npz,mp,bugtrap_forest,U,mp_bugtrap_forest,hard,hard,1,mp::mp_bugtrap_forest,mp:train
train,sample_000501.npz,/home/zzy/TrajectoryPlanning/distill/data/benchmark/mp/train/sample_005672.npz,mp,bugtrap_forest,U,mp_bugtrap_forest,hard,hard,1,mp::mp_bugtrap_forest,mp:train
train,sample_000502.npz,/home/zzy/TrajectoryPlanning/distill/data/benchmark/mp/train/sample_005673.npz,mp,bugtrap_forest,U,mp_bugtrap_forest,hard,hard,1,mp::mp_bugtrap_forest,mp:train
train,sample_000503.npz,/home/zzy/TrajectoryPlanning/distill/data/benchmark/mp/train/sample_005674.npz,mp,bugtrap_forest,U,mp_bugtrap_forest,hard,hard,1,mp::mp_bugtrap_forest,mp:train
train,sample_000504.npz,/home/zzy/TrajectoryPlanning/distill/data/benchmark/mp/train/sample_005676.npz,mp,bugtrap_forest,U,mp_bugtrap_forest,hard,hard,1,mp::mp_bugtrap_forest,mp:train
train,sample_000505.npz,/home/zzy/TrajectoryPlanning/distill/data/benchmark/mp/train/sample_005677.npz,mp,bugtrap_forest,U,mp_bugtrap_forest,hard,hard,1,mp::mp_bugtrap_forest,mp:train
train,sample_000506.npz,/home/zzy/TrajectoryPlanning/distill/data/benchmark/mp/train/sample_005684.npz,mp,bugtrap_forest,U,mp_bugtrap_forest,hard,hard,1,mp::mp_bugtrap_forest,mp:train
train,sample_000507.npz,/home/zzy/TrajectoryPlanning/distill/data/benchmark/mp/train/sample_005686.npz,mp,bugtrap_forest,U,mp_bugtrap_forest,hard,hard,1,mp::mp_bugtrap_forest,mp:train
train,sample_000508.npz,/home/zzy/TrajectoryPlanning/distill/data/benchmark/mp/train/sample_005688.npz,mp,bugtrap_forest,U,mp_bugtrap_forest,hard,hard,1,mp::mp_bugtrap_forest,mp:train
train,sample_000509.npz,/home/zzy/TrajectoryPlanning/distill/data/benchmark/mp/train/sample_005689.npz,mp,bugtrap_forest,U,mp_bugtrap_forest,hard,hard,1,mp::mp_bugtrap_forest,mp:train
train,sample_000510.npz,/home/zzy/TrajectoryPlanning/distill/data/benchmark/mp/train/sample_005690.npz,mp,bugtrap_forest,U,mp_bugtrap_forest,hard,hard,1,mp::mp_bugtrap_forest,mp:train
train,sample_000511.npz,/home/zzy/TrajectoryPlanning/distill/data/benchmark/mp/train/sample_005691.npz,mp,bugtrap_forest,U,mp_bugtrap_forest,hard,hard,1,mp::mp_bugtrap_forest,mp:train
train,sample_000512.npz,/home/zzy/TrajectoryPlanning/distill/data/benchmark/mp/train/sample_005692.npz,mp,bugtrap_forest,U,mp_bugtrap_forest,hard,hard,1,mp::mp_bugtrap_forest,mp:train
train,sample_000513.npz,/home/zzy/TrajectoryPlanning/distill/data/benchmark/mp/train/sample_005696.npz,mp,bugtrap_forest,U,mp_bugtrap_forest,hard,hard,1,mp::mp_bugtrap_forest,mp:train
train,sample_000514.npz,/home/zzy/TrajectoryPlanning/distill/data/benchmark/mp/train/sample_005698.npz,mp,bugtrap_forest,U,mp_bugtrap_forest,hard,hard,1,mp::mp_bugtrap_forest,mp:train
train,sample_000515.npz,/home/zzy/TrajectoryPlanning/distill/data/benchmark/mp/train/sample_005699.npz,mp,bugtrap_forest,U,mp_bugtrap_forest,hard,hard,1,mp::mp_bugtrap_forest,mp:train
train,sample_000516.npz,/home/zzy/TrajectoryPlanning/distill/data/benchmark/mp/train/sample_005700.npz,mp,bugtrap_forest,U,mp_bugtrap_forest,hard,hard,1,mp::mp_bugtrap_forest,mp:train
train,sample_000517.npz,/home/zzy/TrajectoryPlanning/distill/data/benchmark/mp/train/sample_005701.npz,mp,bugtrap_forest,U,mp_bugtrap_forest,hard,hard,1,mp::mp_bugtrap_forest,mp:train
train,sample_000518.npz,/home/zzy/TrajectoryPlanning/distill/data/benchmark/mp/train/sample_005703.npz,mp,bugtrap_forest,U,mp_bugtrap_forest,hard,hard,1,mp::mp_bugtrap_forest,mp:train
train,sample_000519.npz,/home/zzy/TrajectoryPlanning/distill/data/benchmark/mp/train/sample_005705.npz,mp,bugtrap_forest,U,mp_bugtrap_forest,hard,hard,1,mp::mp_bugtrap_forest,mp:train
train,sample_000520.npz,/home/zzy/TrajectoryPlanning/distill/data/benchmark/mp/train/sample_005707.npz,mp,bugtrap_forest,U,mp_bugtrap_forest,hard,hard,1,mp::mp_bugtrap_forest,mp:train
train,sample_000521.npz,/home/zzy/TrajectoryPlanning/distill/data/benchmark/mp/train/sample_005709.npz,mp,bugtrap_forest,U,mp_bugtrap_forest,hard,hard,1,mp::mp_bugtrap_forest,mp:train
train,sample_000522.npz,/home/zzy/TrajectoryPlanning/distill/data/benchmark/mp/train/sample_005712.npz,mp,bugtrap_forest,U,mp_bugtrap_forest,hard,hard,1,mp::mp_bugtrap_forest,mp:train
train,sample_000523.npz,/home/zzy/TrajectoryPlanning/distill/data/benchmark/mp/train/sample_005713.npz,mp,bugtrap_forest,U,mp_bugtrap_forest,hard,hard,1,mp::mp_bugtrap_forest,mp:train
train,sample_000524.npz,/home/zzy/TrajectoryPlanning/distill/data/benchmark/mp/train/sample_005714.npz,mp,bugtrap_forest,U,mp_bugtrap_forest,hard,hard,1,mp::mp_bugtrap_forest,mp:train
train,sample_000525.npz,/home/zzy/TrajectoryPlanning/distill/data/benchmark/mp/train/sample_005716.npz,mp,bugtrap_forest,U,mp_bugtrap_forest,hard,hard,1,mp::mp_bugtrap_forest,mp:train
train,sample_000526.npz,/home/zzy/TrajectoryPlanning/distill/data/benchmark/mp/train/sample_005717.npz,mp,bugtrap_forest,U,mp_bugtrap_forest,hard,hard,1,mp::mp_bugtrap_forest,mp:train
train,sample_000527.npz,/home/zzy/TrajectoryPlanning/distill/data/benchmark/mp/train/sample_005719.npz,mp,bugtrap_forest,U,mp_bugtrap_forest,hard,hard,1,mp::mp_bugtrap_forest,mp:train
train,sample_000528.npz,/home/zzy/TrajectoryPlanning/distill/data/benchmark/mp/train/sample_005722.npz,mp,bugtrap_forest,U,mp_bugtrap_forest,hard,hard,1,mp::mp_bugtrap_forest,mp:train
train,sample_000529.npz,/home/zzy/TrajectoryPlanning/distill/data/benchmark/mp/train/sample_005724.npz,mp,bugtrap_forest,U,mp_bugtrap_forest,hard,hard,1,mp::mp_bugtrap_forest,mp:train
train,sample_000530.npz,/home/zzy/TrajectoryPlanning/distill/data/benchmark/mp/train/sample_005725.npz,mp,bugtrap_forest,U,mp_bugtrap_forest,hard,hard,1,mp::mp_bugtrap_forest,mp:train
train,sample_000531.npz,/home/zzy/TrajectoryPlanning/distill/data/benchmark/mp/train/sample_005727.npz,mp,bugtrap_forest,U,mp_bugtrap_forest,hard,hard,1,mp::mp_bugtrap_forest,mp:train
train,sample_000532.npz,/home/zzy/TrajectoryPlanning/distill/data/benchmark/mp/train/sample_005728.npz,mp,bugtrap_forest,U,mp_bugtrap_forest,hard,hard,1,mp::mp_bugtrap_forest,mp:train
train,sample_000533.npz,/home/zzy/TrajectoryPlanning/distill/data/benchmark/mp/train/sample_005729.npz,mp,bugtrap_forest,U,mp_bugtrap_forest,hard,hard,1,mp::mp_bugtrap_forest,mp:train
train,sample_000534.npz,/home/zzy/TrajectoryPlanning/distill/data/benchmark/mp/train/sample_005730.npz,mp,bugtrap_forest,U,mp_bugtrap_forest,hard,hard,1,mp::mp_bugtrap_forest,mp:train
train,sample_000535.npz,/home/zzy/TrajectoryPlanning/distill/data/benchmark/mp/train/sample_005731.npz,mp,bugtrap_forest,U,mp_bugtrap_forest,hard,hard,1,mp::mp_bugtrap_forest,mp:train
train,sample_000536.npz,/home/zzy/TrajectoryPlanning/distill/data/benchmark/mp/train/sample_005733.npz,mp,bugtrap_forest,U,mp_bugtrap_forest,hard,hard,1,mp::mp_bugtrap_forest,mp:train
train,sample_000537.npz,/home/zzy/TrajectoryPlanning/distill/data/benchmark/mp/train/sample_005735.npz,mp,bugtrap_forest,U,mp_bugtrap_forest,hard,hard,1,mp::mp_bugtrap_forest,mp:train
train,sample_000538.npz,/home/zzy/TrajectoryPlanning/distill/data/benchmark/mp/train/sample_005737.npz,mp,bugtrap_forest,U,mp_bugtrap_forest,hard,hard,1,mp::mp_bugtrap_forest,mp:train
train,sample_000539.npz,/home/zzy/TrajectoryPlanning/distill/data/benchmark/mp/train/sample_005738.npz,mp,bugtrap_forest,U,mp_bugtrap_forest,hard,hard,1,mp::mp_bugtrap_forest,mp:train
train,sample_000540.npz,/home/zzy/TrajectoryPlanning/distill/data/benchmark/mp/train/sample_005740.npz,mp,bugtrap_forest,U,mp_bugtrap_forest,hard,hard,1,mp::mp_bugtrap_forest,mp:train
train,sample_000541.npz,/home/zzy/TrajectoryPlanning/distill/data/benchmark/mp/train/sample_005741.npz,mp,bugtrap_forest,U,mp_bugtrap_forest,hard,hard,1,mp::mp_bugtrap_forest,mp:train
train,sample_000542.npz,/home/zzy/TrajectoryPlanning/distill/data/benchmark/mp/train/sample_005744.npz,mp,bugtrap_forest,U,mp_bugtrap_forest,hard,hard,1,mp::mp_bugtrap_forest,mp:train
train,sample_000543.npz,/home/zzy/TrajectoryPlanning/distill/data/benchmark/mp/train/sample_005746.npz,mp,bugtrap_forest,U,mp_bugtrap_forest,hard,hard,1,mp::mp_bugtrap_forest,mp:train
train,sample_000544.npz,/home/zzy/TrajectoryPlanning/distill/data/benchmark/mp/train/sample_005747.npz,mp,bugtrap_forest,U,mp_bugtrap_forest,hard,hard,1,mp::mp_bugtrap_forest,mp:train
train,sample_000545.npz,/home/zzy/TrajectoryPlanning/distill/data/benchmark/mp/train/sample_005748.npz,mp,bugtrap_forest,U,mp_bugtrap_forest,hard,hard,1,mp::mp_bugtrap_forest,mp:train
train,sample_000546.npz,/home/zzy/TrajectoryPlanning/distill/data/benchmark/mp/train/sample_005750.npz,mp,bugtrap_forest,U,mp_bugtrap_forest,hard,hard,1,mp::mp_bugtrap_forest,mp:train
train,sample_000547.npz,/home/zzy/TrajectoryPlanning/distill/data/benchmark/mp/train/sample_005752.npz,mp,bugtrap_forest,U,mp_bugtrap_forest,hard,hard,1,mp::mp_bugtrap_forest,mp:train
train,sample_000548.npz,/home/zzy/TrajectoryPlanning/distill/data/benchmark/mp/train/sample_005753.npz,mp,bugtrap_forest,U,mp_bugtrap_forest,hard,hard,1,mp::mp_bugtrap_forest,mp:train
train,sample_000549.npz,/home/zzy/TrajectoryPlanning/distill/data/benchmark/mp/train/sample_005755.npz,mp,bugtrap_forest,U,mp_bugtrap_forest,hard,hard,1,mp::mp_bugtrap_forest,mp:train
train,sample_000550.npz,/home/zzy/TrajectoryPlanning/distill/data/benchmark/mp/train/sample_005757.npz,mp,bugtrap_forest,U,mp_bugtrap_forest,hard,hard,1,mp::mp_bugtrap_forest,mp:train
train,sample_000551.npz,/home/zzy/TrajectoryPlanning/distill/data/benchmark/mp/train/sample_005758.npz,mp,bugtrap_forest,U,mp_bugtrap_forest,hard,hard,1,mp::mp_bugtrap_forest,mp:train
train,sample_000552.npz,/home/zzy/TrajectoryPlanning/distill/data/benchmark/mp/train/sample_005761.npz,mp,bugtrap_forest,U,mp_bugtrap_forest,hard,hard,1,mp::mp_bugtrap_forest,mp:train
train,sample_000553.npz,/home/zzy/TrajectoryPlanning/distill/data/benchmark/mp/train/sample_005763.npz,mp,bugtrap_forest,U,mp_bugtrap_forest,hard,hard,1,mp::mp_bugtrap_forest,mp:train
train,sample_000554.npz,/home/zzy/TrajectoryPlanning/distill/data/benchmark/mp/train/sample_005766.npz,mp,bugtrap_forest,U,mp_bugtrap_forest,hard,hard,1,mp::mp_bugtrap_forest,mp:train
train,sample_000555.npz,/home/zzy/TrajectoryPlanning/distill/data/benchmark/mp/train/sample_005768.npz,mp,bugtrap_forest,U,mp_bugtrap_forest,hard,hard,1,mp::mp_bugtrap_forest,mp:train
train,sample_000556.npz,/home/zzy/TrajectoryPlanning/distill/data/benchmark/mp/train/sample_005770.npz,mp,bugtrap_forest,U,mp_bugtrap_forest,hard,hard,1,mp::mp_bugtrap_forest,mp:train
train,sample_000557.npz,/home/zzy/TrajectoryPlanning/distill/data/benchmark/mp/train/sample_005771.npz,mp,bugtrap_forest,U,mp_bugtrap_forest,hard,hard,1,mp::mp_bugtrap_forest,mp:train
train,sample_000558.npz,/home/zzy/TrajectoryPlanning/distill/data/benchmark/mp/train/sample_005772.npz,mp,bugtrap_forest,U,mp_bugtrap_forest,hard,hard,1,mp::mp_bugtrap_forest,mp:train
train,sample_000559.npz,/home/zzy/TrajectoryPlanning/distill/data/benchmark/mp/train/sample_005773.npz,mp,bugtrap_forest,U,mp_bugtrap_forest,hard,hard,1,mp::mp_bugtrap_forest,mp:train
train,sample_000560.npz,/home/zzy/TrajectoryPlanning/distill/data/benchmark/mp/train/sample_005775.npz,mp,bugtrap_forest,U,mp_bugtrap_forest,hard,hard,1,mp::mp_bugtrap_forest,mp:train
train,sample_000561.npz,/home/zzy/TrajectoryPlanning/distill/data/benchmark/mp/train/sample_005776.npz,mp,bugtrap_forest,U,mp_bugtrap_forest,hard,hard,1,mp::mp_bugtrap_forest,mp:train
train,sample_000562.npz,/home/zzy/TrajectoryPlanning/distill/data/benchmark/mp/train/sample_005777.npz,mp,bugtrap_forest,U,mp_bugtrap_forest,hard,hard,1,mp::mp_bugtrap_forest,mp:train
train,sample_000563.npz,/home/zzy/TrajectoryPlanning/distill/data/benchmark/mp/train/sample_005778.npz,mp,bugtrap_forest,U,mp_bugtrap_forest,hard,hard,1,mp::mp_bugtrap_forest,mp:train
train,sample_000564.npz,/home/zzy/TrajectoryPlanning/distill/data/benchmark/mp/train/sample_005779.npz,mp,bugtrap_forest,U,mp_bugtrap_forest,hard,hard,1,mp::mp_bugtrap_forest,mp:train
train,sample_000565.npz,/home/zzy/TrajectoryPlanning/distill/data/benchmark/mp/train/sample_005780.npz,mp,bugtrap_forest,U,mp_bugtrap_forest,hard,hard,1,mp::mp_bugtrap_forest,mp:train
train,sample_000566.npz,/home/zzy/TrajectoryPlanning/distill/data/benchmark/mp/train/sample_005781.npz,mp,bugtrap_forest,U,mp_bugtrap_forest,hard,hard,1,mp::mp_bugtrap_forest,mp:train
train,sample_000567.npz,/home/zzy/TrajectoryPlanning/distill/data/benchmark/mp/train/sample_005782.npz,mp,bugtrap_forest,U,mp_bugtrap_forest,hard,hard,1,mp::mp_bugtrap_forest,mp:train
train,sample_000568.npz,/home/zzy/TrajectoryPlanning/distill/data/benchmark/mp/train/sample_005783.npz,mp,bugtrap_forest,U,mp_bugtrap_forest,hard,hard,1,mp::mp_bugtrap_forest,mp:train
train,sample_000569.npz,/home/zzy/TrajectoryPlanning/distill/data/benchmark/mp/train/sample_005784.npz,mp,bugtrap_forest,U,mp_bugtrap_forest,hard,hard,1,mp::mp_bugtrap_forest,mp:train
train,sample_000570.npz,/home/zzy/TrajectoryPlanning/distill/data/benchmark/mp/train/sample_005785.npz,mp,bugtrap_forest,U,mp_bugtrap_forest,hard,hard,1,mp::mp_bugtrap_forest,mp:train
train,sample_000571.npz,/home/zzy/TrajectoryPlanning/distill/data/benchmark/mp/train/sample_005786.npz,mp,bugtrap_forest,U,mp_bugtrap_forest,hard,hard,1,mp::mp_bugtrap_forest,mp:train
train,sample_000572.npz,/home/zzy/TrajectoryPlanning/distill/data/benchmark/mp/train/sample_005791.npz,mp,bugtrap_forest,U,mp_bugtrap_forest,hard,hard,1,mp::mp_bugtrap_forest,mp:train
train,sample_000573.npz,/home/zzy/TrajectoryPlanning/distill/data/benchmark/mp/train/sample_005792.npz,mp,bugtrap_forest,U,mp_bugtrap_forest,hard,hard,1,mp::mp_bugtrap_forest,mp:train
train,sample_000574.npz,/home/zzy/TrajectoryPlanning/distill/data/benchmark/mp/train/sample_005797.npz,mp,bugtrap_forest,U,mp_bugtrap_forest,hard,hard,1,mp::mp_bugtrap_forest,mp:train
train,sample_000575.npz,/home/zzy/TrajectoryPlanning/distill/data/benchmark/mp/train/sample_005799.npz,mp,bugtrap_forest,U,mp_bugtrap_forest,hard,hard,1,mp::mp_bugtrap_forest,mp:train
train,sample_000576.npz,/home/zzy/TrajectoryPlanning/distill/data/benchmark/mp/train/sample_005804.npz,mp,bugtrap_forest,U,mp_bugtrap_forest,hard,hard,1,mp::mp_bugtrap_forest,mp:train
train,sample_000577.npz,/home/zzy/TrajectoryPlanning/distill/data/benchmark/mp/train/sample_005806.npz,mp,bugtrap_forest,U,mp_bugtrap_forest,hard,hard,1,mp::mp_bugtrap_forest,mp:train
train,sample_000578.npz,/home/zzy/TrajectoryPlanning/distill/data/benchmark/mp/train/sample_005807.npz,mp,bugtrap_forest,U,mp_bugtrap_forest,hard,hard,1,mp::mp_bugtrap_forest,mp:train
train,sample_000579.npz,/home/zzy/TrajectoryPlanning/distill/data/benchmark/mp/train/sample_005808.npz,mp,bugtrap_forest,U,mp_bugtrap_forest,hard,hard,1,mp::mp_bugtrap_forest,mp:train
train,sample_000580.npz,/home/zzy/TrajectoryPlanning/distill/data/benchmark/mp/train/sample_005811.npz,mp,bugtrap_forest,U,mp_bugtrap_forest,hard,hard,1,mp::mp_bugtrap_forest,mp:train
train,sample_000581.npz,/home/zzy/TrajectoryPlanning/distill/data/benchmark/mp/train/sample_005815.npz,mp,bugtrap_forest,U,mp_bugtrap_forest,hard,hard,1,mp::mp_bugtrap_forest,mp:train
train,sample_000582.npz,/home/zzy/TrajectoryPlanning/distill/data/benchmark/mp/train/sample_005816.npz,mp,bugtrap_forest,U,mp_bugtrap_forest,hard,hard,1,mp::mp_bugtrap_forest,mp:train
train,sample_000583.npz,/home/zzy/TrajectoryPlanning/distill/data/benchmark/mp/train/sample_005821.npz,mp,bugtrap_forest,U,mp_bugtrap_forest,hard,hard,1,mp::mp_bugtrap_forest,mp:train
train,sample_000584.npz,/home/zzy/TrajectoryPlanning/distill/data/benchmark/mp/train/sample_005825.npz,mp,bugtrap_forest,U,mp_bugtrap_forest,hard,hard,1,mp::mp_bugtrap_forest,mp:train
train,sample_000585.npz,/home/zzy/TrajectoryPlanning/distill/data/benchmark/mp/train/sample_005829.npz,mp,bugtrap_forest,U,mp_bugtrap_forest,hard,hard,1,mp::mp_bugtrap_forest,mp:train
train,sample_000586.npz,/home/zzy/TrajectoryPlanning/distill/data/benchmark/mp/train/sample_005830.npz,mp,bugtrap_forest,U,mp_bugtrap_forest,hard,hard,1,mp::mp_bugtrap_forest,mp:train
train,sample_000587.npz,/home/zzy/TrajectoryPlanning/distill/data/benchmark/mp/train/sample_005833.npz,mp,bugtrap_forest,U,mp_bugtrap_forest,hard,hard,1,mp::mp_bugtrap_forest,mp:train
train,sample_000588.npz,/home/zzy/TrajectoryPlanning/distill/data/benchmark/mp/train/sample_005835.npz,mp,bugtrap_forest,U,mp_bugtrap_forest,hard,hard,1,mp::mp_bugtrap_forest,mp:train
train,sample_000589.npz,/home/zzy/TrajectoryPlanning/distill/data/benchmark/mp/train/sample_005839.npz,mp,bugtrap_forest,U,mp_bugtrap_forest,hard,hard,1,mp::mp_bugtrap_forest,mp:train
train,sample_000590.npz,/home/zzy/TrajectoryPlanning/distill/data/benchmark/mp/train/sample_005840.npz,mp,bugtrap_forest,U,mp_bugtrap_forest,hard,hard,1,mp::mp_bugtrap_forest,mp:train
train,sample_000591.npz,/home/zzy/TrajectoryPlanning/distill/data/benchmark/mp/train/sample_005842.npz,mp,bugtrap_forest,U,mp_bugtrap_forest,hard,hard,1,mp::mp_bugtrap_forest,mp:train
train,sample_000592.npz,/home/zzy/TrajectoryPlanning/distill/data/benchmark/mp/train/sample_005844.npz,mp,bugtrap_forest,U,mp_bugtrap_forest,hard,hard,1,mp::mp_bugtrap_forest,mp:train
train,sample_000593.npz,/home/zzy/TrajectoryPlanning/distill/data/benchmark/mp/train/sample_005847.npz,mp,bugtrap_forest,U,mp_bugtrap_forest,hard,hard,1,mp::mp_bugtrap_forest,mp:train
train,sample_000594.npz,/home/zzy/TrajectoryPlanning/distill/data/benchmark/mp/train/sample_005850.npz,mp,bugtrap_forest,U,mp_bugtrap_forest,hard,hard,1,mp::mp_bugtrap_forest,mp:train
train,sample_000595.npz,/home/zzy/TrajectoryPlanning/distill/data/benchmark/mp/train/sample_005854.npz,mp,bugtrap_forest,U,mp_bugtrap_forest,hard,hard,1,mp::mp_bugtrap_forest,mp:train
train,sample_000596.npz,/home/zzy/TrajectoryPlanning/distill/data/benchmark/mp/train/sample_005856.npz,mp,bugtrap_forest,U,mp_bugtrap_forest,hard,hard,1,mp::mp_bugtrap_forest,mp:train
train,sample_000597.npz,/home/zzy/TrajectoryPlanning/distill/data/benchmark/mp/train/sample_005857.npz,mp,bugtrap_forest,U,mp_bugtrap_forest,hard,hard,1,mp::mp_bugtrap_forest,mp:train
train,sample_000598.npz,/home/zzy/TrajectoryPlanning/distill/data/benchmark/mp/train/sample_005859.npz,mp,bugtrap_forest,U,mp_bugtrap_forest,hard,hard,1,mp::mp_bugtrap_forest,mp:train
train,sample_000599.npz,/home/zzy/TrajectoryPlanning/distill/data/benchmark/mp/train/sample_005860.npz,mp,bugtrap_forest,U,mp_bugtrap_forest,hard,hard,1,mp::mp_bugtrap_forest,mp:train
train,sample_000600.npz,/home/zzy/TrajectoryPlanning/distill/data/benchmark/mp/train/sample_005861.npz,mp,bugtrap_forest,U,mp_bugtrap_forest,hard,hard,1,mp::mp_bugtrap_forest,mp:train
train,sample_000601.npz,/home/zzy/TrajectoryPlanning/distill/data/benchmark/mp/train/sample_005863.npz,mp,bugtrap_forest,U,mp_bugtrap_forest,hard,hard,1,mp::mp_bugtrap_forest,mp:train
train,sample_000602.npz,/home/zzy/TrajectoryPlanning/distill/data/benchmark/mp/train/sample_005866.npz,mp,bugtrap_forest,U,mp_bugtrap_forest,hard,hard,1,mp::mp_bugtrap_forest,mp:train
train,sample_000603.npz,/home/zzy/TrajectoryPlanning/distill/data/benchmark/mp/train/sample_005868.npz,mp,bugtrap_forest,U,mp_bugtrap_forest,hard,hard,1,mp::mp_bugtrap_forest,mp:train
train,sample_000604.npz,/home/zzy/TrajectoryPlanning/distill/data/benchmark/mp/train/sample_005870.npz,mp,bugtrap_forest,U,mp_bugtrap_forest,hard,hard,1,mp::mp_bugtrap_forest,mp:train
train,sample_000605.npz,/home/zzy/TrajectoryPlanning/distill/data/benchmark/mp/train/sample_005872.npz,mp,bugtrap_forest,U,mp_bugtrap_forest,hard,hard,1,mp::mp_bugtrap_forest,mp:train
train,sample_000606.npz,/home/zzy/TrajectoryPlanning/distill/data/benchmark/mp/train/sample_005873.npz,mp,bugtrap_forest,U,mp_bugtrap_forest,hard,hard,1,mp::mp_bugtrap_forest,mp:train
train,sample_000607.npz,/home/zzy/TrajectoryPlanning/distill/data/benchmark/mp/train/sample_005874.npz,mp,bugtrap_forest,U,mp_bugtrap_forest,hard,hard,1,mp::mp_bugtrap_forest,mp:train
train,sample_000608.npz,/home/zzy/TrajectoryPlanning/distill/data/benchmark/mp/train/sample_005875.npz,mp,bugtrap_forest,U,mp_bugtrap_forest,hard,hard,1,mp::mp_bugtrap_forest,mp:train
train,sample_000609.npz,/home/zzy/TrajectoryPlanning/distill/data/benchmark/mp/train/sample_005876.npz,mp,bugtrap_forest,U,mp_bugtrap_forest,hard,hard,1,mp::mp_bugtrap_forest,mp:train
train,sample_000610.npz,/home/zzy/TrajectoryPlanning/distill/data/benchmark/mp/train/sample_005878.npz,mp,bugtrap_forest,U,mp_bugtrap_forest,hard,hard,1,mp::mp_bugtrap_forest,mp:train
train,sample_000611.npz,/home/zzy/TrajectoryPlanning/distill/data/benchmark/mp/train/sample_005880.npz,mp,bugtrap_forest,U,mp_bugtrap_forest,hard,hard,1,mp::mp_bugtrap_forest,mp:train
train,sample_000612.npz,/home/zzy/TrajectoryPlanning/distill/data/benchmark/mp/train/sample_005881.npz,mp,bugtrap_forest,U,mp_bugtrap_forest,hard,hard,1,mp::mp_bugtrap_forest,mp:train
train,sample_000613.npz,/home/zzy/TrajectoryPlanning/distill/data/benchmark/mp/train/sample_005882.npz,mp,bugtrap_forest,U,mp_bugtrap_forest,hard,hard,1,mp::mp_bugtrap_forest,mp:train
train,sample_000614.npz,/home/zzy/TrajectoryPlanning/distill/data/benchmark/mp/train/sample_005883.npz,mp,bugtrap_forest,U,mp_bugtrap_forest,hard,hard,1,mp::mp_bugtrap_forest,mp:train
train,sample_000615.npz,/home/zzy/TrajectoryPlanning/distill/data/benchmark/mp/train/sample_005885.npz,mp,bugtrap_forest,U,mp_bugtrap_forest,hard,hard,1,mp::mp_bugtrap_forest,mp:train
train,sample_000616.npz,/home/zzy/TrajectoryPlanning/distill/data/benchmark/mp/train/sample_005886.npz,mp,bugtrap_forest,U,mp_bugtrap_forest,hard,hard,1,mp::mp_bugtrap_forest,mp:train
train,sample_000617.npz,/home/zzy/TrajectoryPlanning/distill/data/benchmark/mp/train/sample_005888.npz,mp,bugtrap_forest,U,mp_bugtrap_forest,hard,hard,1,mp::mp_bugtrap_forest,mp:train
train,sample_000618.npz,/home/zzy/TrajectoryPlanning/distill/data/benchmark/mp/train/sample_005890.npz,mp,bugtrap_forest,U,mp_bugtrap_forest,hard,hard,1,mp::mp_bugtrap_forest,mp:train
train,sample_000619.npz,/home/zzy/TrajectoryPlanning/distill/data/benchmark/mp/train/sample_005892.npz,mp,bugtrap_forest,U,mp_bugtrap_forest,hard,hard,1,mp::mp_bugtrap_forest,mp:train
train,sample_000620.npz,/home/zzy/TrajectoryPlanning/distill/data/benchmark/mp/train/sample_005896.npz,mp,bugtrap_forest,U,mp_bugtrap_forest,hard,hard,1,mp::mp_bugtrap_forest,mp:train
train,sample_000621.npz,/home/zzy/TrajectoryPlanning/distill/data/benchmark/mp/train/sample_005897.npz,mp,bugtrap_forest,U,mp_bugtrap_forest,hard,hard,1,mp::mp_bugtrap_forest,mp:train
train,sample_000622.npz,/home/zzy/TrajectoryPlanning/distill/data/benchmark/mp/train/sample_005900.npz,mp,bugtrap_forest,U,mp_bugtrap_forest,hard,hard,1,mp::mp_bugtrap_forest,mp:train
train,sample_000623.npz,/home/zzy/TrajectoryPlanning/distill/data/benchmark/mp/train/sample_005901.npz,mp,bugtrap_forest,U,mp_bugtrap_forest,hard,hard,1,mp::mp_bugtrap_forest,mp:train
train,sample_000624.npz,/home/zzy/TrajectoryPlanning/distill/data/benchmark/mp/train/sample_005903.npz,mp,bugtrap_forest,U,mp_bugtrap_forest,hard,hard,1,mp::mp_bugtrap_forest,mp:train
train,sample_000625.npz,/home/zzy/TrajectoryPlanning/distill/data/benchmark/mp/train/sample_005904.npz,mp,bugtrap_forest,U,mp_bugtrap_forest,hard,hard,1,mp::mp_bugtrap_forest,mp:train
train,sample_000626.npz,/home/zzy/TrajectoryPlanning/distill/data/benchmark/mp/train/sample_005906.npz,mp,bugtrap_forest,U,mp_bugtrap_forest,hard,hard,1,mp::mp_bugtrap_forest,mp:train
train,sample_000627.npz,/home/zzy/TrajectoryPlanning/distill/data/benchmark/mp/train/sample_005907.npz,mp,bugtrap_forest,U,mp_bugtrap_forest,hard,hard,1,mp::mp_bugtrap_forest,mp:train
train,sample_000628.npz,/home/zzy/TrajectoryPlanning/distill/data/benchmark/mp/train/sample_005908.npz,mp,bugtrap_forest,U,mp_bugtrap_forest,hard,hard,1,mp::mp_bugtrap_forest,mp:train
train,sample_000629.npz,/home/zzy/TrajectoryPlanning/distill/data/benchmark/mp/train/sample_005911.npz,mp,bugtrap_forest,U,mp_bugtrap_forest,hard,hard,1,mp::mp_bugtrap_forest,mp:train
train,sample_000630.npz,/home/zzy/TrajectoryPlanning/distill/data/benchmark/mp/train/sample_005913.npz,mp,bugtrap_forest,U,mp_bugtrap_forest,hard,hard,1,mp::mp_bugtrap_forest,mp:train
train,sample_000631.npz,/home/zzy/TrajectoryPlanning/distill/data/benchmark/mp/train/sample_005915.npz,mp,bugtrap_forest,U,mp_bugtrap_forest,hard,hard,1,mp::mp_bugtrap_forest,mp:train
train,sample_000632.npz,/home/zzy/TrajectoryPlanning/distill/data/benchmark/mp/train/sample_005919.npz,mp,bugtrap_forest,U,mp_bugtrap_forest,hard,hard,1,mp::mp_bugtrap_forest,mp:train
train,sample_000633.npz,/home/zzy/TrajectoryPlanning/distill/data/benchmark/mp/train/sample_005920.npz,mp,bugtrap_forest,U,mp_bugtrap_forest,hard,hard,1,mp::mp_bugtrap_forest,mp:train
train,sample_000634.npz,/home/zzy/TrajectoryPlanning/distill/data/benchmark/mp/train/sample_005923.npz,mp,bugtrap_forest,U,mp_bugtrap_forest,hard,hard,1,mp::mp_bugtrap_forest,mp:train
train,sample_000635.npz,/home/zzy/TrajectoryPlanning/distill/data/benchmark/mp/train/sample_005926.npz,mp,bugtrap_forest,U,mp_bugtrap_forest,hard,hard,1,mp::mp_bugtrap_forest,mp:train
train,sample_000636.npz,/home/zzy/TrajectoryPlanning/distill/data/benchmark/mp/train/sample_005928.npz,mp,bugtrap_forest,U,mp_bugtrap_forest,hard,hard,1,mp::mp_bugtrap_forest,mp:train
train,sample_000637.npz,/home/zzy/TrajectoryPlanning/distill/data/benchmark/mp/train/sample_005929.npz,mp,bugtrap_forest,U,mp_bugtrap_forest,hard,hard,1,mp::mp_bugtrap_forest,mp:train
train,sample_000638.npz,/home/zzy/TrajectoryPlanning/distill/data/benchmark/mp/train/sample_005930.npz,mp,bugtrap_forest,U,mp_bugtrap_forest,hard,hard,1,mp::mp_bugtrap_forest,mp:train
train,sample_000639.npz,/home/zzy/TrajectoryPlanning/distill/data/benchmark/mp/train/sample_005931.npz,mp,bugtrap_forest,U,mp_bugtrap_forest,hard,hard,1,mp::mp_bugtrap_forest,mp:train
train,sample_000640.npz,/home/zzy/TrajectoryPlanning/distill/data/benchmark/mp/train/sample_005932.npz,mp,bugtrap_forest,U,mp_bugtrap_forest,hard,hard,1,mp::mp_bugtrap_forest,mp:train
train,sample_000641.npz,/home/zzy/TrajectoryPlanning/distill/data/benchmark/mp/train/sample_005933.npz,mp,bugtrap_forest,U,mp_bugtrap_forest,hard,hard,1,mp::mp_bugtrap_forest,mp:train
train,sample_000642.npz,/home/zzy/TrajectoryPlanning/distill/data/benchmark/mp/train/sample_005934.npz,mp,bugtrap_forest,U,mp_bugtrap_forest,hard,hard,1,mp::mp_bugtrap_forest,mp:train
train,sample_000643.npz,/home/zzy/TrajectoryPlanning/distill/data/benchmark/mp/train/sample_005935.npz,mp,bugtrap_forest,U,mp_bugtrap_forest,hard,hard,1,mp::mp_bugtrap_forest,mp:train
train,sample_000644.npz,/home/zzy/TrajectoryPlanning/distill/data/benchmark/mp/train/sample_005936.npz,mp,bugtrap_forest,U,mp_bugtrap_forest,hard,hard,1,mp::mp_bugtrap_forest,mp:train
train,sample_000645.npz,/home/zzy/TrajectoryPlanning/distill/data/benchmark/mp/train/sample_005945.npz,mp,bugtrap_forest,U,mp_bugtrap_forest,hard,hard,1,mp::mp_bugtrap_forest,mp:train
train,sample_000646.npz,/home/zzy/TrajectoryPlanning/distill/data/benchmark/mp/train/sample_005947.npz,mp,bugtrap_forest,U,mp_bugtrap_forest,hard,hard,1,mp::mp_bugtrap_forest,mp:train
train,sample_000647.npz,/home/zzy/TrajectoryPlanning/distill/data/benchmark/mp/train/sample_005949.npz,mp,bugtrap_forest,U,mp_bugtrap_forest,hard,hard,1,mp::mp_bugtrap_forest,mp:train
train,sample_000648.npz,/home/zzy/TrajectoryPlanning/distill/data/benchmark/mp/train/sample_005952.npz,mp,bugtrap_forest,U,mp_bugtrap_forest,hard,hard,1,mp::mp_bugtrap_forest,mp:train
train,sample_000649.npz,/home/zzy/TrajectoryPlanning/distill/data/benchmark/mp/train/sample_005953.npz,mp,bugtrap_forest,U,mp_bugtrap_forest,hard,hard,1,mp::mp_bugtrap_forest,mp:train
train,sample_000650.npz,/home/zzy/TrajectoryPlanning/distill/data/benchmark/mp/train/sample_005956.npz,mp,bugtrap_forest,U,mp_bugtrap_forest,hard,hard,1,mp::mp_bugtrap_forest,mp:train
train,sample_000651.npz,/home/zzy/TrajectoryPlanning/distill/data/benchmark/mp/train/sample_005957.npz,mp,bugtrap_forest,U,mp_bugtrap_forest,hard,hard,1,mp::mp_bugtrap_forest,mp:train
train,sample_000652.npz,/home/zzy/TrajectoryPlanning/distill/data/benchmark/mp/train/sample_005959.npz,mp,bugtrap_forest,U,mp_bugtrap_forest,hard,hard,1,mp::mp_bugtrap_forest,mp:train
train,sample_000653.npz,/home/zzy/TrajectoryPlanning/distill/data/benchmark/mp/train/sample_005961.npz,mp,bugtrap_forest,U,mp_bugtrap_forest,hard,hard,1,mp::mp_bugtrap_forest,mp:train
train,sample_000654.npz,/home/zzy/TrajectoryPlanning/distill/data/benchmark/mp/train/sample_005968.npz,mp,bugtrap_forest,U,mp_bugtrap_forest,hard,hard,1,mp::mp_bugtrap_forest,mp:train
train,sample_000655.npz,/home/zzy/TrajectoryPlanning/distill/data/benchmark/mp/train/sample_005970.npz,mp,bugtrap_forest,U,mp_bugtrap_forest,hard,hard,1,mp::mp_bugtrap_forest,mp:train
train,sample_000656.npz,/home/zzy/TrajectoryPlanning/distill/data/benchmark/mp/train/sample_005971.npz,mp,bugtrap_forest,U,mp_bugtrap_forest,hard,hard,1,mp::mp_bugtrap_forest,mp:train
train,sample_000657.npz,/home/zzy/TrajectoryPlanning/distill/data/benchmark/mp/train/sample_005972.npz,mp,bugtrap_forest,U,mp_bugtrap_forest,hard,hard,1,mp::mp_bugtrap_forest,mp:train
train,sample_000658.npz,/home/zzy/TrajectoryPlanning/distill/data/benchmark/mp/train/sample_005979.npz,mp,bugtrap_forest,U,mp_bugtrap_forest,hard,hard,1,mp::mp_bugtrap_forest,mp:train
train,sample_000659.npz,/home/zzy/TrajectoryPlanning/distill/data/benchmark/mp/train/sample_005984.npz,mp,bugtrap_forest,U,mp_bugtrap_forest,hard,hard,1,mp::mp_bugtrap_forest,mp:train
train,sample_000660.npz,/home/zzy/TrajectoryPlanning/distill/data/benchmark/mp/train/sample_005987.npz,mp,bugtrap_forest,U,mp_bugtrap_forest,hard,hard,1,mp::mp_bugtrap_forest,mp:train
train,sample_000661.npz,/home/zzy/TrajectoryPlanning/distill/data/benchmark/mp/train/sample_005988.npz,mp,bugtrap_forest,U,mp_bugtrap_forest,hard,hard,1,mp::mp_bugtrap_forest,mp:train
train,sample_000662.npz,/home/zzy/TrajectoryPlanning/distill/data/benchmark/mp/train/sample_005990.npz,mp,bugtrap_forest,U,mp_bugtrap_forest,hard,hard,1,mp::mp_bugtrap_forest,mp:train
train,sample_000663.npz,/home/zzy/TrajectoryPlanning/distill/data/benchmark/mp/train/sample_005991.npz,mp,bugtrap_forest,U,mp_bugtrap_forest,hard,hard,1,mp::mp_bugtrap_forest,mp:train
train,sample_000664.npz,/home/zzy/TrajectoryPlanning/distill/data/benchmark/mp/train/sample_005992.npz,mp,bugtrap_forest,U,mp_bugtrap_forest,hard,hard,1,mp::mp_bugtrap_forest,mp:train
train,sample_000665.npz,/home/zzy/TrajectoryPlanning/distill/data/benchmark/mp/train/sample_005996.npz,mp,bugtrap_forest,U,mp_bugtrap_forest,hard,hard,1,mp::mp_bugtrap_forest,mp:train
train,sample_000666.npz,/home/zzy/TrajectoryPlanning/distill/data/benchmark/mp/train/sample_005998.npz,mp,bugtrap_forest,U,mp_bugtrap_forest,hard,hard,1,mp::mp_bugtrap_forest,mp:train
train,sample_000667.npz,/home/zzy/TrajectoryPlanning/distill/data/benchmark/mp/train/sample_005999.npz,mp,bugtrap_forest,U,mp_bugtrap_forest,hard,hard,1,mp::mp_bugtrap_forest,mp:train
train,sample_000668.npz,/home/zzy/TrajectoryPlanning/distill/data/benchmark/mp/train/sample_006004.npz,mp,bugtrap_forest,U,mp_bugtrap_forest,hard,hard,1,mp::mp_bugtrap_forest,mp:train
train,sample_000669.npz,/home/zzy/TrajectoryPlanning/distill/data/benchmark/mp/train/sample_006006.npz,mp,bugtrap_forest,U,mp_bugtrap_forest,hard,hard,1,mp::mp_bugtrap_forest,mp:train
train,sample_000670.npz,/home/zzy/TrajectoryPlanning/distill/data/benchmark/mp/train/sample_006010.npz,mp,bugtrap_forest,U,mp_bugtrap_forest,hard,hard,1,mp::mp_bugtrap_forest,mp:train
train,sample_000671.npz,/home/zzy/TrajectoryPlanning/distill/data/benchmark/mp/train/sample_006011.npz,mp,bugtrap_forest,U,mp_bugtrap_forest,hard,hard,1,mp::mp_bugtrap_forest,mp:train
train,sample_000672.npz,/home/zzy/TrajectoryPlanning/distill/data/benchmark/mp/train/sample_006014.npz,mp,bugtrap_forest,U,mp_bugtrap_forest,hard,hard,1,mp::mp_bugtrap_forest,mp:train
train,sample_000673.npz,/home/zzy/TrajectoryPlanning/distill/data/benchmark/mp/train/sample_006016.npz,mp,bugtrap_forest,U,mp_bugtrap_forest,hard,hard,1,mp::mp_bugtrap_forest,mp:train
train,sample_000674.npz,/home/zzy/TrajectoryPlanning/distill/data/benchmark/mp/train/sample_006020.npz,mp,bugtrap_forest,U,mp_bugtrap_forest,hard,hard,1,mp::mp_bugtrap_forest,mp:train
train,sample_000675.npz,/home/zzy/TrajectoryPlanning/distill/data/benchmark/mp/train/sample_006021.npz,mp,bugtrap_forest,U,mp_bugtrap_forest,hard,hard,1,mp::mp_bugtrap_forest,mp:train
train,sample_000676.npz,/home/zzy/TrajectoryPlanning/distill/data/benchmark/mp/train/sample_006026.npz,mp,bugtrap_forest,U,mp_bugtrap_forest,hard,hard,1,mp::mp_bugtrap_forest,mp:train
train,sample_000677.npz,/home/zzy/TrajectoryPlanning/distill/data/benchmark/mp/train/sample_006028.npz,mp,bugtrap_forest,U,mp_bugtrap_forest,hard,hard,1,mp::mp_bugtrap_forest,mp:train
train,sample_000678.npz,/home/zzy/TrajectoryPlanning/distill/data/benchmark/mp/train/sample_006029.npz,mp,bugtrap_forest,U,mp_bugtrap_forest,hard,hard,1,mp::mp_bugtrap_forest,mp:train
train,sample_000679.npz,/home/zzy/TrajectoryPlanning/distill/data/benchmark/mp/train/sample_006030.npz,mp,bugtrap_forest,U,mp_bugtrap_forest,hard,hard,1,mp::mp_bugtrap_forest,mp:train
train,sample_000680.npz,/home/zzy/TrajectoryPlanning/distill/data/benchmark/mp/train/sample_006036.npz,mp,bugtrap_forest,U,mp_bugtrap_forest,hard,hard,1,mp::mp_bugtrap_forest,mp:train
train,sample_000681.npz,/home/zzy/TrajectoryPlanning/distill/data/benchmark/mp/train/sample_006039.npz,mp,bugtrap_forest,U,mp_bugtrap_forest,hard,hard,1,mp::mp_bugtrap_forest,mp:train
train,sample_000682.npz,/home/zzy/TrajectoryPlanning/distill/data/benchmark/mp/train/sample_006042.npz,mp,bugtrap_forest,U,mp_bugtrap_forest,hard,hard,1,mp::mp_bugtrap_forest,mp:train
train,sample_000683.npz,/home/zzy/TrajectoryPlanning/distill/data/benchmark/mp/train/sample_006043.npz,mp,bugtrap_forest,U,mp_bugtrap_forest,hard,hard,1,mp::mp_bugtrap_forest,mp:train
train,sample_000684.npz,/home/zzy/TrajectoryPlanning/distill/data/benchmark/mp/train/sample_006046.npz,mp,bugtrap_forest,U,mp_bugtrap_forest,hard,hard,1,mp::mp_bugtrap_forest,mp:train
train,sample_000685.npz,/home/zzy/TrajectoryPlanning/distill/data/benchmark/mp/train/sample_006049.npz,mp,bugtrap_forest,U,mp_bugtrap_forest,hard,hard,1,mp::mp_bugtrap_forest,mp:train
train,sample_000686.npz,/home/zzy/TrajectoryPlanning/distill/data/benchmark/mp/train/sample_006052.npz,mp,bugtrap_forest,U,mp_bugtrap_forest,hard,hard,1,mp::mp_bugtrap_forest,mp:train
train,sample_000687.npz,/home/zzy/TrajectoryPlanning/distill/data/benchmark/mp/train/sample_006053.npz,mp,bugtrap_forest,U,mp_bugtrap_forest,hard,hard,1,mp::mp_bugtrap_forest,mp:train
train,sample_000688.npz,/home/zzy/TrajectoryPlanning/distill/data/benchmark/mp/train/sample_006055.npz,mp,bugtrap_forest,U,mp_bugtrap_forest,hard,hard,1,mp::mp_bugtrap_forest,mp:train
train,sample_000689.npz,/home/zzy/TrajectoryPlanning/distill/data/benchmark/mp/train/sample_006058.npz,mp,bugtrap_forest,U,mp_bugtrap_forest,hard,hard,1,mp::mp_bugtrap_forest,mp:train
train,sample_000690.npz,/home/zzy/TrajectoryPlanning/distill/data/benchmark/mp/train/sample_006059.npz,mp,bugtrap_forest,U,mp_bugtrap_forest,hard,hard,1,mp::mp_bugtrap_forest,mp:train
train,sample_000691.npz,/home/zzy/TrajectoryPlanning/distill/data/benchmark/mp/train/sample_006062.npz,mp,bugtrap_forest,U,mp_bugtrap_forest,hard,hard,1,mp::mp_bugtrap_forest,mp:train
train,sample_000692.npz,/home/zzy/TrajectoryPlanning/distill/data/benchmark/mp/train/sample_006063.npz,mp,bugtrap_forest,U,mp_bugtrap_forest,hard,hard,1,mp::mp_bugtrap_forest,mp:train
train,sample_000693.npz,/home/zzy/TrajectoryPlanning/distill/data/benchmark/mp/train/sample_006064.npz,mp,bugtrap_forest,U,mp_bugtrap_forest,hard,hard,1,mp::mp_bugtrap_forest,mp:train
train,sample_000694.npz,/home/zzy/TrajectoryPlanning/distill/data/benchmark/mp/train/sample_006066.npz,mp,bugtrap_forest,U,mp_bugtrap_forest,hard,hard,1,mp::mp_bugtrap_forest,mp:train
train,sample_000695.npz,/home/zzy/TrajectoryPlanning/distill/data/benchmark/mp/train/sample_006069.npz,mp,bugtrap_forest,U,mp_bugtrap_forest,hard,hard,1,mp::mp_bugtrap_forest,mp:train
train,sample_000696.npz,/home/zzy/TrajectoryPlanning/distill/data/benchmark/mp/train/sample_006070.npz,mp,bugtrap_forest,U,mp_bugtrap_forest,hard,hard,1,mp::mp_bugtrap_forest,mp:train
train,sample_000697.npz,/home/zzy/TrajectoryPlanning/distill/data/benchmark/mp/train/sample_006071.npz,mp,bugtrap_forest,U,mp_bugtrap_forest,hard,hard,1,mp::mp_bugtrap_forest,mp:train
train,sample_000698.npz,/home/zzy/TrajectoryPlanning/distill/data/benchmark/mp/train/sample_006072.npz,mp,bugtrap_forest,U,mp_bugtrap_forest,hard,hard,1,mp::mp_bugtrap_forest,mp:train
train,sample_000699.npz,/home/zzy/TrajectoryPlanning/distill/data/benchmark/mp/train/sample_006073.npz,mp,bugtrap_forest,U,mp_bugtrap_forest,hard,hard,1,mp::mp_bugtrap_forest,mp:train
train,sample_000700.npz,/home/zzy/TrajectoryPlanning/distill/data/benchmark/mp/train/sample_006074.npz,mp,bugtrap_forest,U,mp_bugtrap_forest,hard,hard,1,mp::mp_bugtrap_forest,mp:train
train,sample_000701.npz,/home/zzy/TrajectoryPlanning/distill/data/benchmark/mp/train/sample_006077.npz,mp,bugtrap_forest,U,mp_bugtrap_forest,hard,hard,1,mp::mp_bugtrap_forest,mp:train
train,sample_000702.npz,/home/zzy/TrajectoryPlanning/distill/data/benchmark/mp/train/sample_006079.npz,mp,bugtrap_forest,U,mp_bugtrap_forest,hard,hard,1,mp::mp_bugtrap_forest,mp:train
train,sample_000703.npz,/home/zzy/TrajectoryPlanning/distill/data/benchmark/mp/train/sample_006080.npz,mp,bugtrap_forest,U,mp_bugtrap_forest,hard,hard,1,mp::mp_bugtrap_forest,mp:train
train,sample_000704.npz,/home/zzy/TrajectoryPlanning/distill/data/benchmark/mp/train/sample_006081.npz,mp,bugtrap_forest,U,mp_bugtrap_forest,hard,hard,1,mp::mp_bugtrap_forest,mp:train
train,sample_000705.npz,/home/zzy/TrajectoryPlanning/distill/data/benchmark/mp/train/sample_006083.npz,mp,bugtrap_forest,U,mp_bugtrap_forest,hard,hard,1,mp::mp_bugtrap_forest,mp:train
train,sample_000706.npz,/home/zzy/TrajectoryPlanning/distill/data/benchmark/mp/train/sample_006085.npz,mp,bugtrap_forest,U,mp_bugtrap_forest,hard,hard,1,mp::mp_bugtrap_forest,mp:train
train,sample_000707.npz,/home/zzy/TrajectoryPlanning/distill/data/benchmark/mp/train/sample_006088.npz,mp,bugtrap_forest,U,mp_bugtrap_forest,hard,hard,1,mp::mp_bugtrap_forest,mp:train
train,sample_000708.npz,/home/zzy/TrajectoryPlanning/distill/data/benchmark/mp/train/sample_006089.npz,mp,bugtrap_forest,U,mp_bugtrap_forest,hard,hard,1,mp::mp_bugtrap_forest,mp:train
train,sample_000709.npz,/home/zzy/TrajectoryPlanning/distill/data/benchmark/mp/train/sample_006094.npz,mp,bugtrap_forest,U,mp_bugtrap_forest,hard,hard,1,mp::mp_bugtrap_forest,mp:train
train,sample_000710.npz,/home/zzy/TrajectoryPlanning/distill/data/benchmark/mp/train/sample_006097.npz,mp,bugtrap_forest,U,mp_bugtrap_forest,hard,hard,1,mp::mp_bugtrap_forest,mp:train
train,sample_000711.npz,/home/zzy/TrajectoryPlanning/distill/data/benchmark/mp/train/sample_006098.npz,mp,bugtrap_forest,U,mp_bugtrap_forest,hard,hard,1,mp::mp_bugtrap_forest,mp:train
train,sample_000712.npz,/home/zzy/TrajectoryPlanning/distill/data/benchmark/mp/train/sample_006099.npz,mp,bugtrap_forest,U,mp_bugtrap_forest,hard,hard,1,mp::mp_bugtrap_forest,mp:train
train,sample_000713.npz,/home/zzy/TrajectoryPlanning/distill/data/benchmark/mp/train/sample_006103.npz,mp,bugtrap_forest,U,mp_bugtrap_forest,hard,hard,1,mp::mp_bugtrap_forest,mp:train
train,sample_000714.npz,/home/zzy/TrajectoryPlanning/distill/data/benchmark/mp/train/sample_006104.npz,mp,bugtrap_forest,U,mp_bugtrap_forest,hard,hard,1,mp::mp_bugtrap_forest,mp:train
train,sample_000715.npz,/home/zzy/TrajectoryPlanning/distill/data/benchmark/mp/train/sample_006106.npz,mp,bugtrap_forest,U,mp_bugtrap_forest,hard,hard,1,mp::mp_bugtrap_forest,mp:train
train,sample_000716.npz,/home/zzy/TrajectoryPlanning/distill/data/benchmark/mp/train/sample_006107.npz,mp,bugtrap_forest,U,mp_bugtrap_forest,hard,hard,1,mp::mp_bugtrap_forest,mp:train
train,sample_000717.npz,/home/zzy/TrajectoryPlanning/distill/data/benchmark/mp/train/sample_006109.npz,mp,bugtrap_forest,U,mp_bugtrap_forest,hard,hard,1,mp::mp_bugtrap_forest,mp:train
train,sample_000718.npz,/home/zzy/TrajectoryPlanning/distill/data/benchmark/mp/train/sample_006111.npz,mp,bugtrap_forest,U,mp_bugtrap_forest,hard,hard,1,mp::mp_bugtrap_forest,mp:train
train,sample_000719.npz,/home/zzy/TrajectoryPlanning/distill/data/benchmark/mp/train/sample_006113.npz,mp,bugtrap_forest,U,mp_bugtrap_forest,hard,hard,1,mp::mp_bugtrap_forest,mp:train
train,sample_000720.npz,/home/zzy/TrajectoryPlanning/distill/data/benchmark/mp/train/sample_006114.npz,mp,bugtrap_forest,U,mp_bugtrap_forest,hard,hard,1,mp::mp_bugtrap_forest,mp:train
train,sample_000721.npz,/home/zzy/TrajectoryPlanning/distill/data/benchmark/mp/train/sample_006115.npz,mp,bugtrap_forest,U,mp_bugtrap_forest,hard,hard,1,mp::mp_bugtrap_forest,mp:train
train,sample_000722.npz,/home/zzy/TrajectoryPlanning/distill/data/benchmark/mp/train/sample_006116.npz,mp,bugtrap_forest,U,mp_bugtrap_forest,hard,hard,1,mp::mp_bugtrap_forest,mp:train
train,sample_000723.npz,/home/zzy/TrajectoryPlanning/distill/data/benchmark/mp/train/sample_006120.npz,mp,bugtrap_forest,U,mp_bugtrap_forest,hard,hard,1,mp::mp_bugtrap_forest,mp:train
train,sample_000724.npz,/home/zzy/TrajectoryPlanning/distill/data/benchmark/mp/train/sample_006122.npz,mp,bugtrap_forest,U,mp_bugtrap_forest,hard,hard,1,mp::mp_bugtrap_forest,mp:train
train,sample_000725.npz,/home/zzy/TrajectoryPlanning/distill/data/benchmark/mp/train/sample_006125.npz,mp,bugtrap_forest,U,mp_bugtrap_forest,hard,hard,1,mp::mp_bugtrap_forest,mp:train
train,sample_000726.npz,/home/zzy/TrajectoryPlanning/distill/data/benchmark/mp/train/sample_006132.npz,mp,bugtrap_forest,U,mp_bugtrap_forest,hard,hard,1,mp::mp_bugtrap_forest,mp:train
train,sample_000727.npz,/home/zzy/TrajectoryPlanning/distill/data/benchmark/mp/train/sample_006133.npz,mp,bugtrap_forest,U,mp_bugtrap_forest,hard,hard,1,mp::mp_bugtrap_forest,mp:train
train,sample_000728.npz,/home/zzy/TrajectoryPlanning/distill/data/benchmark/mp/train/sample_006135.npz,mp,bugtrap_forest,U,mp_bugtrap_forest,hard,hard,1,mp::mp_bugtrap_forest,mp:train
train,sample_000729.npz,/home/zzy/TrajectoryPlanning/distill/data/benchmark/mp/train/sample_006138.npz,mp,bugtrap_forest,U,mp_bugtrap_forest,hard,hard,1,mp::mp_bugtrap_forest,mp:train
train,sample_000730.npz,/home/zzy/TrajectoryPlanning/distill/data/benchmark/mp/train/sample_006139.npz,mp,bugtrap_forest,U,mp_bugtrap_forest,hard,hard,1,mp::mp_bugtrap_forest,mp:train
train,sample_000731.npz,/home/zzy/TrajectoryPlanning/distill/data/benchmark/mp/train/sample_006141.npz,mp,bugtrap_forest,U,mp_bugtrap_forest,hard,hard,1,mp::mp_bugtrap_forest,mp:train
train,sample_000732.npz,/home/zzy/TrajectoryPlanning/distill/data/benchmark/mp/train/sample_006142.npz,mp,bugtrap_forest,U,mp_bugtrap_forest,hard,hard,1,mp::mp_bugtrap_forest,mp:train
train,sample_000733.npz,/home/zzy/TrajectoryPlanning/distill/data/benchmark/mp/train/sample_006143.npz,mp,bugtrap_forest,U,mp_bugtrap_forest,hard,hard,1,mp::mp_bugtrap_forest,mp:train
train,sample_000734.npz,/home/zzy/TrajectoryPlanning/distill/data/benchmark/mp/train/sample_006144.npz,mp,bugtrap_forest,U,mp_bugtrap_forest,hard,hard,1,mp::mp_bugtrap_forest,mp:train
train,sample_000735.npz,/home/zzy/TrajectoryPlanning/distill/data/benchmark/mp/train/sample_006146.npz,mp,bugtrap_forest,U,mp_bugtrap_forest,hard,hard,1,mp::mp_bugtrap_forest,mp:train
train,sample_000736.npz,/home/zzy/TrajectoryPlanning/distill/data/benchmark/mp/train/sample_006148.npz,mp,bugtrap_forest,U,mp_bugtrap_forest,hard,hard,1,mp::mp_bugtrap_forest,mp:train
train,sample_000737.npz,/home/zzy/TrajectoryPlanning/distill/data/benchmark/mp/train/sample_006154.npz,mp,bugtrap_forest,U,mp_bugtrap_forest,hard,hard,1,mp::mp_bugtrap_forest,mp:train
train,sample_000738.npz,/home/zzy/TrajectoryPlanning/distill/data/benchmark/mp/train/sample_006155.npz,mp,bugtrap_forest,U,mp_bugtrap_forest,hard,hard,1,mp::mp_bugtrap_forest,mp:train
train,sample_000739.npz,/home/zzy/TrajectoryPlanning/distill/data/benchmark/mp/train/sample_006161.npz,mp,bugtrap_forest,U,mp_bugtrap_forest,hard,hard,1,mp::mp_bugtrap_forest,mp:train
train,sample_000740.npz,/home/zzy/TrajectoryPlanning/distill/data/benchmark/mp/train/sample_006167.npz,mp,bugtrap_forest,U,mp_bugtrap_forest,hard,hard,1,mp::mp_bugtrap_forest,mp:train
train,sample_000741.npz,/home/zzy/TrajectoryPlanning/distill/data/benchmark/mp/train/sample_006171.npz,mp,bugtrap_forest,U,mp_bugtrap_forest,hard,hard,1,mp::mp_bugtrap_forest,mp:train
train,sample_000742.npz,/home/zzy/TrajectoryPlanning/distill/data/benchmark/mp/train/sample_006172.npz,mp,bugtrap_forest,U,mp_bugtrap_forest,hard,hard,1,mp::mp_bugtrap_forest,mp:train
train,sample_000743.npz,/home/zzy/TrajectoryPlanning/distill/data/benchmark/mp/train/sample_006176.npz,mp,bugtrap_forest,U,mp_bugtrap_forest,hard,hard,1,mp::mp_bugtrap_forest,mp:train
train,sample_000744.npz,/home/zzy/TrajectoryPlanning/distill/data/benchmark/mp/train/sample_006177.npz,mp,bugtrap_forest,U,mp_bugtrap_forest,hard,hard,1,mp::mp_bugtrap_forest,mp:train
train,sample_000745.npz,/home/zzy/TrajectoryPlanning/distill/data/benchmark/mp/train/sample_006179.npz,mp,bugtrap_forest,U,mp_bugtrap_forest,hard,hard,1,mp::mp_bugtrap_forest,mp:train
train,sample_000746.npz,/home/zzy/TrajectoryPlanning/distill/data/benchmark/mp/train/sample_006181.npz,mp,bugtrap_forest,U,mp_bugtrap_forest,hard,hard,1,mp::mp_bugtrap_forest,mp:train
train,sample_000747.npz,/home/zzy/TrajectoryPlanning/distill/data/benchmark/mp/train/sample_006182.npz,mp,bugtrap_forest,U,mp_bugtrap_forest,hard,hard,1,mp::mp_bugtrap_forest,mp:train
train,sample_000748.npz,/home/zzy/TrajectoryPlanning/distill/data/benchmark/mp/train/sample_006183.npz,mp,bugtrap_forest,U,mp_bugtrap_forest,hard,hard,1,mp::mp_bugtrap_forest,mp:train
train,sample_000749.npz,/home/zzy/TrajectoryPlanning/distill/data/benchmark/mp/train/sample_006184.npz,mp,bugtrap_forest,U,mp_bugtrap_forest,hard,hard,1,mp::mp_bugtrap_forest,mp:train
train,sample_000750.npz,/home/zzy/TrajectoryPlanning/distill/data/benchmark/mp/train/sample_006187.npz,mp,bugtrap_forest,U,mp_bugtrap_forest,hard,hard,1,mp::mp_bugtrap_forest,mp:train
train,sample_000751.npz,/home/zzy/TrajectoryPlanning/distill/data/benchmark/mp/train/sample_006189.npz,mp,bugtrap_forest,U,mp_bugtrap_forest,hard,hard,1,mp::mp_bugtrap_forest,mp:train
train,sample_000752.npz,/home/zzy/TrajectoryPlanning/distill/data/benchmark/mp/train/sample_006190.npz,mp,bugtrap_forest,U,mp_bugtrap_forest,hard,hard,1,mp::mp_bugtrap_forest,mp:train
train,sample_000753.npz,/home/zzy/TrajectoryPlanning/distill/data/benchmark/mp/train/sample_006191.npz,mp,bugtrap_forest,U,mp_bugtrap_forest,hard,hard,1,mp::mp_bugtrap_forest,mp:train
train,sample_000754.npz,/home/zzy/TrajectoryPlanning/distill/data/benchmark/mp/train/sample_006192.npz,mp,bugtrap_forest,U,mp_bugtrap_forest,hard,hard,1,mp::mp_bugtrap_forest,mp:train
train,sample_000755.npz,/home/zzy/TrajectoryPlanning/distill/data/benchmark/mp/train/sample_006193.npz,mp,bugtrap_forest,U,mp_bugtrap_forest,hard,hard,1,mp::mp_bugtrap_forest,mp:train
train,sample_000756.npz,/home/zzy/TrajectoryPlanning/distill/data/benchmark/mp/train/sample_006196.npz,mp,bugtrap_forest,U,mp_bugtrap_forest,hard,hard,1,mp::mp_bugtrap_forest,mp:train
train,sample_000757.npz,/home/zzy/TrajectoryPlanning/distill/data/benchmark/mp/train/sample_006197.npz,mp,bugtrap_forest,U,mp_bugtrap_forest,hard,hard,1,mp::mp_bugtrap_forest,mp:train
train,sample_000758.npz,/home/zzy/TrajectoryPlanning/distill/data/benchmark/mp/train/sample_006198.npz,mp,bugtrap_forest,U,mp_bugtrap_forest,hard,hard,1,mp::mp_bugtrap_forest,mp:train
train,sample_000759.npz,/home/zzy/TrajectoryPlanning/distill/data/benchmark/mp/train/sample_006199.npz,mp,bugtrap_forest,U,mp_bugtrap_forest,hard,hard,1,mp::mp_bugtrap_forest,mp:train
train,sample_000760.npz,/home/zzy/TrajectoryPlanning/distill/data/benchmark/mp/train/sample_006200.npz,mp,bugtrap_forest,U,mp_bugtrap_forest,hard,hard,1,mp::mp_bugtrap_forest,mp:train
train,sample_000761.npz,/home/zzy/TrajectoryPlanning/distill/data/benchmark/mp/train/sample_006203.npz,mp,bugtrap_forest,U,mp_bugtrap_forest,hard,hard,1,mp::mp_bugtrap_forest,mp:train
train,sample_000762.npz,/home/zzy/TrajectoryPlanning/distill/data/benchmark/mp/train/sample_006204.npz,mp,bugtrap_forest,U,mp_bugtrap_forest,hard,hard,1,mp::mp_bugtrap_forest,mp:train
train,sample_000763.npz,/home/zzy/TrajectoryPlanning/distill/data/benchmark/mp/train/sample_006207.npz,mp,bugtrap_forest,U,mp_bugtrap_forest,hard,hard,1,mp::mp_bugtrap_forest,mp:train
train,sample_000764.npz,/home/zzy/TrajectoryPlanning/distill/data/benchmark/mp/train/sample_006214.npz,mp,bugtrap_forest,U,mp_bugtrap_forest,hard,hard,1,mp::mp_bugtrap_forest,mp:train
train,sample_000765.npz,/home/zzy/TrajectoryPlanning/distill/data/benchmark/mp/train/sample_006216.npz,mp,bugtrap_forest,U,mp_bugtrap_forest,hard,hard,1,mp::mp_bugtrap_forest,mp:train
train,sample_000766.npz,/home/zzy/TrajectoryPlanning/distill/data/benchmark/mp/train/sample_006224.npz,mp,bugtrap_forest,U,mp_bugtrap_forest,hard,hard,1,mp::mp_bugtrap_forest,mp:train
train,sample_000767.npz,/home/zzy/TrajectoryPlanning/distill/data/benchmark/mp/train/sample_006225.npz,mp,bugtrap_forest,U,mp_bugtrap_forest,hard,hard,1,mp::mp_bugtrap_forest,mp:train
train,sample_000768.npz,/home/zzy/TrajectoryPlanning/distill/data/benchmark/mp/train/sample_006226.npz,mp,bugtrap_forest,U,mp_bugtrap_forest,hard,hard,1,mp::mp_bugtrap_forest,mp:train
train,sample_000769.npz,/home/zzy/TrajectoryPlanning/distill/data/benchmark/mp/train/sample_006230.npz,mp,bugtrap_forest,U,mp_bugtrap_forest,hard,hard,1,mp::mp_bugtrap_forest,mp:train
train,sample_000770.npz,/home/zzy/TrajectoryPlanning/distill/data/benchmark/mp/train/sample_006231.npz,mp,bugtrap_forest,U,mp_bugtrap_forest,hard,hard,1,mp::mp_bugtrap_forest,mp:train
train,sample_000771.npz,/home/zzy/TrajectoryPlanning/distill/data/benchmark/mp/train/sample_006232.npz,mp,bugtrap_forest,U,mp_bugtrap_forest,hard,hard,1,mp::mp_bugtrap_forest,mp:train
train,sample_000772.npz,/home/zzy/TrajectoryPlanning/distill/data/benchmark/mp/train/sample_006238.npz,mp,bugtrap_forest,U,mp_bugtrap_forest,hard,hard,1,mp::mp_bugtrap_forest,mp:train
train,sample_000773.npz,/home/zzy/TrajectoryPlanning/distill/data/benchmark/mp/train/sample_006242.npz,mp,bugtrap_forest,U,mp_bugtrap_forest,hard,hard,1,mp::mp_bugtrap_forest,mp:train
train,sample_000774.npz,/home/zzy/TrajectoryPlanning/distill/data/benchmark/mp/train/sample_006244.npz,mp,bugtrap_forest,U,mp_bugtrap_forest,hard,hard,1,mp::mp_bugtrap_forest,mp:train
train,sample_000775.npz,/home/zzy/TrajectoryPlanning/distill/data/benchmark/mp/train/sample_006245.npz,mp,bugtrap_forest,U,mp_bugtrap_forest,hard,hard,1,mp::mp_bugtrap_forest,mp:train
train,sample_000776.npz,/home/zzy/TrajectoryPlanning/distill/data/benchmark/mp/train/sample_006247.npz,mp,bugtrap_forest,U,mp_bugtrap_forest,hard,hard,1,mp::mp_bugtrap_forest,mp:train
train,sample_000777.npz,/home/zzy/TrajectoryPlanning/distill/data/benchmark/mp/train/sample_006248.npz,mp,bugtrap_forest,U,mp_bugtrap_forest,hard,hard,1,mp::mp_bugtrap_forest,mp:train
train,sample_000778.npz,/home/zzy/TrajectoryPlanning/distill/data/benchmark/mp/train/sample_006249.npz,mp,bugtrap_forest,U,mp_bugtrap_forest,hard,hard,1,mp::mp_bugtrap_forest,mp:train
train,sample_000779.npz,/home/zzy/TrajectoryPlanning/distill/data/benchmark/mp/train/sample_006250.npz,mp,bugtrap_forest,U,mp_bugtrap_forest,hard,hard,1,mp::mp_bugtrap_forest,mp:train
train,sample_000780.npz,/home/zzy/TrajectoryPlanning/distill/data/benchmark/mp/train/sample_006251.npz,mp,bugtrap_forest,U,mp_bugtrap_forest,hard,hard,1,mp::mp_bugtrap_forest,mp:train
train,sample_000781.npz,/home/zzy/TrajectoryPlanning/distill/data/benchmark/mp/train/sample_006255.npz,mp,bugtrap_forest,U,mp_bugtrap_forest,hard,hard,1,mp::mp_bugtrap_forest,mp:train
train,sample_000782.npz,/home/zzy/TrajectoryPlanning/distill/data/benchmark/mp/train/sample_006258.npz,mp,bugtrap_forest,U,mp_bugtrap_forest,hard,hard,1,mp::mp_bugtrap_forest,mp:train
train,sample_000783.npz,/home/zzy/TrajectoryPlanning/distill/data/benchmark/mp/train/sample_006260.npz,mp,bugtrap_forest,U,mp_bugtrap_forest,hard,hard,1,mp::mp_bugtrap_forest,mp:train
train,sample_000784.npz,/home/zzy/TrajectoryPlanning/distill/data/benchmark/mp/train/sample_006261.npz,mp,bugtrap_forest,U,mp_bugtrap_forest,hard,hard,1,mp::mp_bugtrap_forest,mp:train
train,sample_000785.npz,/home/zzy/TrajectoryPlanning/distill/data/benchmark/mp/train/sample_006262.npz,mp,bugtrap_forest,U,mp_bugtrap_forest,hard,hard,1,mp::mp_bugtrap_forest,mp:train
train,sample_000786.npz,/home/zzy/TrajectoryPlanning/distill/data/benchmark/mp/train/sample_006263.npz,mp,bugtrap_forest,U,mp_bugtrap_forest,hard,hard,1,mp::mp_bugtrap_forest,mp:train
train,sample_000787.npz,/home/zzy/TrajectoryPlanning/distill/data/benchmark/mp/train/sample_006264.npz,mp,bugtrap_forest,U,mp_bugtrap_forest,hard,hard,1,mp::mp_bugtrap_forest,mp:train
train,sample_000788.npz,/home/zzy/TrajectoryPlanning/distill/data/benchmark/mp/train/sample_006266.npz,mp,bugtrap_forest,U,mp_bugtrap_forest,hard,hard,1,mp::mp_bugtrap_forest,mp:train
train,sample_000789.npz,/home/zzy/TrajectoryPlanning/distill/data/benchmark/mp/train/sample_006269.npz,mp,bugtrap_forest,U,mp_bugtrap_forest,hard,hard,1,mp::mp_bugtrap_forest,mp:train
train,sample_000790.npz,/home/zzy/TrajectoryPlanning/distill/data/benchmark/mp/train/sample_006270.npz,mp,bugtrap_forest,U,mp_bugtrap_forest,hard,hard,1,mp::mp_bugtrap_forest,mp:train
train,sample_000791.npz,/home/zzy/TrajectoryPlanning/distill/data/benchmark/mp/train/sample_006271.npz,mp,bugtrap_forest,U,mp_bugtrap_forest,hard,hard,1,mp::mp_bugtrap_forest,mp:train
train,sample_000792.npz,/home/zzy/TrajectoryPlanning/distill/data/benchmark/mp/train/sample_006272.npz,mp,bugtrap_forest,U,mp_bugtrap_forest,hard,hard,1,mp::mp_bugtrap_forest,mp:train
train,sample_000793.npz,/home/zzy/TrajectoryPlanning/distill/data/benchmark/mp/train/sample_006273.npz,mp,bugtrap_forest,U,mp_bugtrap_forest,hard,hard,1,mp::mp_bugtrap_forest,mp:train
train,sample_000794.npz,/home/zzy/TrajectoryPlanning/distill/data/benchmark/mp/train/sample_006274.npz,mp,bugtrap_forest,U,mp_bugtrap_forest,hard,hard,1,mp::mp_bugtrap_forest,mp:train
train,sample_000795.npz,/home/zzy/TrajectoryPlanning/distill/data/benchmark/mp/train/sample_006279.npz,mp,bugtrap_forest,U,mp_bugtrap_forest,hard,hard,1,mp::mp_bugtrap_forest,mp:train
train,sample_000796.npz,/home/zzy/TrajectoryPlanning/distill/data/benchmark/mp/train/sample_006282.npz,mp,bugtrap_forest,U,mp_bugtrap_forest,hard,hard,1,mp::mp_bugtrap_forest,mp:train
train,sample_000797.npz,/home/zzy/TrajectoryPlanning/distill/data/benchmark/mp/train/sample_006284.npz,mp,bugtrap_forest,U,mp_bugtrap_forest,hard,hard,1,mp::mp_bugtrap_forest,mp:train
train,sample_000798.npz,/home/zzy/TrajectoryPlanning/distill/data/benchmark/mp/train/sample_006285.npz,mp,bugtrap_forest,U,mp_bugtrap_forest,hard,hard,1,mp::mp_bugtrap_forest,mp:train
train,sample_000799.npz,/home/zzy/TrajectoryPlanning/distill/data/benchmark/mp/train/sample_006287.npz,mp,bugtrap_forest,U,mp_bugtrap_forest,hard,hard,1,mp::mp_bugtrap_forest,mp:train
train,sample_000800.npz,/home/zzy/TrajectoryPlanning/distill/data/benchmark/mp/train/sample_006288.npz,mp,bugtrap_forest,U,mp_bugtrap_forest,hard,hard,1,mp::mp_bugtrap_forest,mp:train
train,sample_000801.npz,/home/zzy/TrajectoryPlanning/distill/data/benchmark/mp/train/sample_006289.npz,mp,bugtrap_forest,U,mp_bugtrap_forest,hard,hard,1,mp::mp_bugtrap_forest,mp:train
train,sample_000802.npz,/home/zzy/TrajectoryPlanning/distill/data/benchmark/mp/train/sample_006290.npz,mp,bugtrap_forest,U,mp_bugtrap_forest,hard,hard,1,mp::mp_bugtrap_forest,mp:train
train,sample_000803.npz,/home/zzy/TrajectoryPlanning/distill/data/benchmark/mp/train/sample_006291.npz,mp,bugtrap_forest,U,mp_bugtrap_forest,hard,hard,1,mp::mp_bugtrap_forest,mp:train
train,sample_000804.npz,/home/zzy/TrajectoryPlanning/distill/data/benchmark/mp/train/sample_006292.npz,mp,bugtrap_forest,U,mp_bugtrap_forest,hard,hard,1,mp::mp_bugtrap_forest,mp:train
train,sample_000805.npz,/home/zzy/TrajectoryPlanning/distill/data/benchmark/mp/train/sample_006293.npz,mp,bugtrap_forest,U,mp_bugtrap_forest,hard,hard,1,mp::mp_bugtrap_forest,mp:train
train,sample_000806.npz,/home/zzy/TrajectoryPlanning/distill/data/benchmark/mp/train/sample_006294.npz,mp,bugtrap_forest,U,mp_bugtrap_forest,hard,hard,1,mp::mp_bugtrap_forest,mp:train
train,sample_000807.npz,/home/zzy/TrajectoryPlanning/distill/data/benchmark/mp/train/sample_006297.npz,mp,bugtrap_forest,U,mp_bugtrap_forest,hard,hard,1,mp::mp_bugtrap_forest,mp:train
train,sample_000808.npz,/home/zzy/TrajectoryPlanning/distill/data/benchmark/mp/train/sample_006298.npz,mp,bugtrap_forest,U,mp_bugtrap_forest,hard,hard,1,mp::mp_bugtrap_forest,mp:train
train,sample_000809.npz,/home/zzy/TrajectoryPlanning/distill/data/benchmark/mp/train/sample_006299.npz,mp,bugtrap_forest,U,mp_bugtrap_forest,hard,hard,1,mp::mp_bugtrap_forest,mp:train
train,sample_000810.npz,/home/zzy/TrajectoryPlanning/distill/data/benchmark/mp/train/sample_006301.npz,mp,bugtrap_forest,U,mp_bugtrap_forest,hard,hard,1,mp::mp_bugtrap_forest,mp:train
train,sample_000811.npz,/home/zzy/TrajectoryPlanning/distill/data/benchmark/mp/train/sample_006304.npz,mp,bugtrap_forest,U,mp_bugtrap_forest,hard,hard,1,mp::mp_bugtrap_forest,mp:train
train,sample_000812.npz,/home/zzy/TrajectoryPlanning/distill/data/benchmark/mp/train/sample_006305.npz,mp,bugtrap_forest,U,mp_bugtrap_forest,hard,hard,1,mp::mp_bugtrap_forest,mp:train
train,sample_000813.npz,/home/zzy/TrajectoryPlanning/distill/data/benchmark/mp/train/sample_006306.npz,mp,bugtrap_forest,U,mp_bugtrap_forest,hard,hard,1,mp::mp_bugtrap_forest,mp:train
train,sample_000814.npz,/home/zzy/TrajectoryPlanning/distill/data/benchmark/mp/train/sample_006307.npz,mp,bugtrap_forest,U,mp_bugtrap_forest,hard,hard,1,mp::mp_bugtrap_forest,mp:train
train,sample_000815.npz,/home/zzy/TrajectoryPlanning/distill/data/benchmark/mp/train/sample_006309.npz,mp,bugtrap_forest,U,mp_bugtrap_forest,hard,hard,1,mp::mp_bugtrap_forest,mp:train
train,sample_000816.npz,/home/zzy/TrajectoryPlanning/distill/data/benchmark/mp/train/sample_006310.npz,mp,bugtrap_forest,U,mp_bugtrap_forest,hard,hard,1,mp::mp_bugtrap_forest,mp:train
train,sample_000817.npz,/home/zzy/TrajectoryPlanning/distill/data/benchmark/mp/train/sample_006311.npz,mp,bugtrap_forest,U,mp_bugtrap_forest,hard,hard,1,mp::mp_bugtrap_forest,mp:train
train,sample_000818.npz,/home/zzy/TrajectoryPlanning/distill/data/benchmark/mp/train/sample_006312.npz,mp,bugtrap_forest,U,mp_bugtrap_forest,hard,hard,1,mp::mp_bugtrap_forest,mp:train
train,sample_000819.npz,/home/zzy/TrajectoryPlanning/distill/data/benchmark/mp/train/sample_006313.npz,mp,bugtrap_forest,U,mp_bugtrap_forest,hard,hard,1,mp::mp_bugtrap_forest,mp:train
train,sample_000820.npz,/home/zzy/TrajectoryPlanning/distill/data/benchmark/mp/train/sample_006316.npz,mp,bugtrap_forest,U,mp_bugtrap_forest,hard,hard,1,mp::mp_bugtrap_forest,mp:train
train,sample_000821.npz,/home/zzy/TrajectoryPlanning/distill/data/benchmark/mp/train/sample_006317.npz,mp,bugtrap_forest,U,mp_bugtrap_forest,hard,hard,1,mp::mp_bugtrap_forest,mp:train
train,sample_000822.npz,/home/zzy/TrajectoryPlanning/distill/data/benchmark/mp/train/sample_006319.npz,mp,bugtrap_forest,U,mp_bugtrap_forest,hard,hard,1,mp::mp_bugtrap_forest,mp:train
train,sample_000823.npz,/home/zzy/TrajectoryPlanning/distill/data/benchmark/mp/train/sample_006325.npz,mp,bugtrap_forest,U,mp_bugtrap_forest,hard,hard,1,mp::mp_bugtrap_forest,mp:train
train,sample_000824.npz,/home/zzy/TrajectoryPlanning/distill/data/benchmark/mp/train/sample_006327.npz,mp,bugtrap_forest,U,mp_bugtrap_forest,hard,hard,1,mp::mp_bugtrap_forest,mp:train
train,sample_000825.npz,/home/zzy/TrajectoryPlanning/distill/data/benchmark/mp/train/sample_006330.npz,mp,bugtrap_forest,U,mp_bugtrap_forest,hard,hard,1,mp::mp_bugtrap_forest,mp:train
train,sample_000826.npz,/home/zzy/TrajectoryPlanning/distill/data/benchmark/mp/train/sample_006334.npz,mp,bugtrap_forest,U,mp_bugtrap_forest,hard,hard,1,mp::mp_bugtrap_forest,mp:train
train,sample_000827.npz,/home/zzy/TrajectoryPlanning/distill/data/benchmark/mp/train/sample_006335.npz,mp,bugtrap_forest,U,mp_bugtrap_forest,hard,hard,1,mp::mp_bugtrap_forest,mp:train
train,sample_000828.npz,/home/zzy/TrajectoryPlanning/distill/data/benchmark/mp/train/sample_006341.npz,mp,bugtrap_forest,U,mp_bugtrap_forest,hard,hard,1,mp::mp_bugtrap_forest,mp:train
train,sample_000829.npz,/home/zzy/TrajectoryPlanning/distill/data/benchmark/mp/train/sample_006342.npz,mp,bugtrap_forest,U,mp_bugtrap_forest,hard,hard,1,mp::mp_bugtrap_forest,mp:train
train,sample_000830.npz,/home/zzy/TrajectoryPlanning/distill/data/benchmark/mp/train/sample_006344.npz,mp,bugtrap_forest,U,mp_bugtrap_forest,hard,hard,1,mp::mp_bugtrap_forest,mp:train
train,sample_000831.npz,/home/zzy/TrajectoryPlanning/distill/data/benchmark/mp/train/sample_006346.npz,mp,bugtrap_forest,U,mp_bugtrap_forest,hard,hard,1,mp::mp_bugtrap_forest,mp:train
train,sample_000832.npz,/home/zzy/TrajectoryPlanning/distill/data/benchmark/mp/train/sample_006350.npz,mp,bugtrap_forest,U,mp_bugtrap_forest,hard,hard,1,mp::mp_bugtrap_forest,mp:train
train,sample_000833.npz,/home/zzy/TrajectoryPlanning/distill/data/benchmark/mp/train/sample_006351.npz,mp,bugtrap_forest,U,mp_bugtrap_forest,hard,hard,1,mp::mp_bugtrap_forest,mp:train
train,sample_000834.npz,/home/zzy/TrajectoryPlanning/distill/data/benchmark/mp/train/sample_006352.npz,mp,bugtrap_forest,U,mp_bugtrap_forest,hard,hard,1,mp::mp_bugtrap_forest,mp:train
train,sample_000835.npz,/home/zzy/TrajectoryPlanning/distill/data/benchmark/mp/train/sample_006354.npz,mp,bugtrap_forest,U,mp_bugtrap_forest,hard,hard,1,mp::mp_bugtrap_forest,mp:train
train,sample_000836.npz,/home/zzy/TrajectoryPlanning/distill/data/benchmark/mp/train/sample_006359.npz,mp,bugtrap_forest,U,mp_bugtrap_forest,hard,hard,1,mp::mp_bugtrap_forest,mp:train
train,sample_000837.npz,/home/zzy/TrajectoryPlanning/distill/data/benchmark/mp/train/sample_006363.npz,mp,bugtrap_forest,U,mp_bugtrap_forest,hard,hard,1,mp::mp_bugtrap_forest,mp:train
train,sample_000838.npz,/home/zzy/TrajectoryPlanning/distill/data/benchmark/mp/train/sample_006366.npz,mp,bugtrap_forest,U,mp_bugtrap_forest,hard,hard,1,mp::mp_bugtrap_forest,mp:train
train,sample_000839.npz,/home/zzy/TrajectoryPlanning/distill/data/benchmark/mp/train/sample_006369.npz,mp,bugtrap_forest,U,mp_bugtrap_forest,hard,hard,1,mp::mp_bugtrap_forest,mp:train
train,sample_000840.npz,/home/zzy/TrajectoryPlanning/distill/data/benchmark/mp/train/sample_006373.npz,mp,bugtrap_forest,U,mp_bugtrap_forest,hard,hard,1,mp::mp_bugtrap_forest,mp:train
train,sample_000841.npz,/home/zzy/TrajectoryPlanning/distill/data/benchmark/mp/train/sample_006374.npz,mp,bugtrap_forest,U,mp_bugtrap_forest,hard,hard,1,mp::mp_bugtrap_forest,mp:train
train,sample_000842.npz,/home/zzy/TrajectoryPlanning/distill/data/benchmark/mp/train/sample_006375.npz,mp,bugtrap_forest,U,mp_bugtrap_forest,hard,hard,1,mp::mp_bugtrap_forest,mp:train
train,sample_000843.npz,/home/zzy/TrajectoryPlanning/distill/data/benchmark/mp/train/sample_006377.npz,mp,bugtrap_forest,U,mp_bugtrap_forest,hard,hard,1,mp::mp_bugtrap_forest,mp:train
train,sample_000844.npz,/home/zzy/TrajectoryPlanning/distill/data/benchmark/mp/train/sample_006381.npz,mp,bugtrap_forest,U,mp_bugtrap_forest,hard,hard,1,mp::mp_bugtrap_forest,mp:train
train,sample_000845.npz,/home/zzy/TrajectoryPlanning/distill/data/benchmark/mp/train/sample_006382.npz,mp,bugtrap_forest,U,mp_bugtrap_forest,hard,hard,1,mp::mp_bugtrap_forest,mp:train
train,sample_000846.npz,/home/zzy/TrajectoryPlanning/distill/data/benchmark/mp/train/sample_006390.npz,mp,bugtrap_forest,U,mp_bugtrap_forest,hard,hard,1,mp::mp_bugtrap_forest,mp:train
train,sample_000847.npz,/home/zzy/TrajectoryPlanning/distill/data/benchmark/mp/train/sample_006394.npz,mp,bugtrap_forest,U,mp_bugtrap_forest,hard,hard,1,mp::mp_bugtrap_forest,mp:train
train,sample_000848.npz,/home/zzy/TrajectoryPlanning/distill/data/benchmark/mp/train/sample_006395.npz,mp,bugtrap_forest,U,mp_bugtrap_forest,hard,hard,1,mp::mp_bugtrap_forest,mp:train
train,sample_000849.npz,/home/zzy/TrajectoryPlanning/distill/data/benchmark/mp/train/sample_006396.npz,mp,bugtrap_forest,U,mp_bugtrap_forest,hard,hard,1,mp::mp_bugtrap_forest,mp:train
train,sample_000850.npz,/home/zzy/TrajectoryPlanning/distill/data/benchmark/mp/train/sample_006398.npz,mp,bugtrap_forest,U,mp_bugtrap_forest,hard,hard,1,mp::mp_bugtrap_forest,mp:train
train,sample_000851.npz,/home/zzy/TrajectoryPlanning/distill/data/benchmark/mp/test/sample_000000.npz,mp,forest,U,mp_forest,simple,easy,0,,mp:test
train,sample_000852.npz,/home/zzy/TrajectoryPlanning/distill/data/benchmark/mp/train/sample_000000.npz,mp,forest,U,mp_forest,simple,easy,0,,mp:train
train,sample_000853.npz,/home/zzy/TrajectoryPlanning/distill/data/benchmark/mp/test/sample_000001.npz,mp,forest,U,mp_forest,simple,easy,0,,mp:test
train,sample_000854.npz,/home/zzy/TrajectoryPlanning/distill/data/benchmark/mp/train/sample_000001.npz,mp,forest,U,mp_forest,simple,easy,0,,mp:train
train,sample_000855.npz,/home/zzy/TrajectoryPlanning/distill/data/benchmark/mp/test/sample_000002.npz,mp,forest,U,mp_forest,simple,easy,0,,mp:test
train,sample_000856.npz,/home/zzy/TrajectoryPlanning/distill/data/benchmark/mp/train/sample_000002.npz,mp,forest,U,mp_forest,simple,easy,0,,mp:train
train,sample_000857.npz,/home/zzy/TrajectoryPlanning/distill/data/benchmark/mp/train/sample_000003.npz,mp,forest,U,mp_forest,simple,easy,0,,mp:train
train,sample_000858.npz,/home/zzy/TrajectoryPlanning/distill/data/benchmark/mp/test/sample_000003.npz,mp,forest,U,mp_forest,simple,easy,0,,mp:test
train,sample_000859.npz,/home/zzy/TrajectoryPlanning/distill/data/benchmark/mp/train/sample_000004.npz,mp,forest,U,mp_forest,simple,easy,0,,mp:train
train,sample_000860.npz,/home/zzy/TrajectoryPlanning/distill/data/benchmark/mp/test/sample_000004.npz,mp,forest,U,mp_forest,simple,easy,0,,mp:test
train,sample_000861.npz,/home/zzy/TrajectoryPlanning/distill/data/benchmark/mp/test/sample_000005.npz,mp,forest,U,mp_forest,simple,easy,0,,mp:test
train,sample_000862.npz,/home/zzy/TrajectoryPlanning/distill/data/benchmark/mp/test/sample_000007.npz,mp,forest,U,mp_forest,simple,easy,0,,mp:test
train,sample_000863.npz,/home/zzy/TrajectoryPlanning/distill/data/benchmark/mp/train/sample_000008.npz,mp,forest,U,mp_forest,simple,easy,0,,mp:train
train,sample_000864.npz,/home/zzy/TrajectoryPlanning/distill/data/benchmark/mp/test/sample_000008.npz,mp,forest,U,mp_forest,simple,easy,0,,mp:test
train,sample_000865.npz,/home/zzy/TrajectoryPlanning/distill/data/benchmark/mp/train/sample_000010.npz,mp,forest,U,mp_forest,simple,easy,0,,mp:train
train,sample_000866.npz,/home/zzy/TrajectoryPlanning/distill/data/benchmark/mp/train/sample_000011.npz,mp,forest,U,mp_forest,simple,easy,0,,mp:train
train,sample_000867.npz,/home/zzy/TrajectoryPlanning/distill/data/benchmark/mp/test/sample_000011.npz,mp,forest,U,mp_forest,simple,easy,0,,mp:test
train,sample_000868.npz,/home/zzy/TrajectoryPlanning/distill/data/benchmark/mp/train/sample_000013.npz,mp,forest,U,mp_forest,simple,easy,0,,mp:train
train,sample_000869.npz,/home/zzy/TrajectoryPlanning/distill/data/benchmark/mp/test/sample_000015.npz,mp,forest,U,mp_forest,simple,easy,0,,mp:test
train,sample_000870.npz,/home/zzy/TrajectoryPlanning/distill/data/benchmark/mp/train/sample_000016.npz,mp,forest,U,mp_forest,simple,easy,0,,mp:train
train,sample_000871.npz,/home/zzy/TrajectoryPlanning/distill/data/benchmark/mp/test/sample_000016.npz,mp,forest,U,mp_forest,simple,easy,0,,mp:test
train,sample_000872.npz,/home/zzy/TrajectoryPlanning/distill/data/benchmark/mp/test/sample_000017.npz,mp,forest,U,mp_forest,simple,easy,0,,mp:test
train,sample_000873.npz,/home/zzy/TrajectoryPlanning/distill/data/benchmark/mp/train/sample_000017.npz,mp,forest,U,mp_forest,simple,easy,0,,mp:train
train,sample_000874.npz,/home/zzy/TrajectoryPlanning/distill/data/benchmark/mp/test/sample_000018.npz,mp,forest,U,mp_forest,simple,easy,0,,mp:test
train,sample_000875.npz,/home/zzy/TrajectoryPlanning/distill/data/benchmark/mp/train/sample_000018.npz,mp,forest,U,mp_forest,simple,easy,0,,mp:train
train,sample_000876.npz,/home/zzy/TrajectoryPlanning/distill/data/benchmark/mp/train/sample_000020.npz,mp,forest,U,mp_forest,simple,easy,0,,mp:train
train,sample_000877.npz,/home/zzy/TrajectoryPlanning/distill/data/benchmark/mp/test/sample_000021.npz,mp,forest,U,mp_forest,simple,easy,0,,mp:test
train,sample_000878.npz,/home/zzy/TrajectoryPlanning/distill/data/benchmark/mp/train/sample_000021.npz,mp,forest,U,mp_forest,simple,easy,0,,mp:train
train,sample_000879.npz,/home/zzy/TrajectoryPlanning/distill/data/benchmark/mp/test/sample_000023.npz,mp,forest,U,mp_forest,simple,easy,0,,mp:test
train,sample_000880.npz,/home/zzy/TrajectoryPlanning/distill/data/benchmark/mp/train/sample_000023.npz,mp,forest,U,mp_forest,simple,easy,0,,mp:train
train,sample_000881.npz,/home/zzy/TrajectoryPlanning/distill/data/benchmark/mp/train/sample_000024.npz,mp,forest,U,mp_forest,simple,easy,0,,mp:train
train,sample_000882.npz,/home/zzy/TrajectoryPlanning/distill/data/benchmark/mp/test/sample_000024.npz,mp,forest,U,mp_forest,simple,easy,0,,mp:test
train,sample_000883.npz,/home/zzy/TrajectoryPlanning/distill/data/benchmark/mp/test/sample_000025.npz,mp,forest,U,mp_forest,simple,easy,0,,mp:test
train,sample_000884.npz,/home/zzy/TrajectoryPlanning/distill/data/benchmark/mp/train/sample_000029.npz,mp,forest,U,mp_forest,simple,easy,0,,mp:train
train,sample_000885.npz,/home/zzy/TrajectoryPlanning/distill/data/benchmark/mp/test/sample_000030.npz,mp,forest,U,mp_forest,simple,easy,0,,mp:test
train,sample_000886.npz,/home/zzy/TrajectoryPlanning/distill/data/benchmark/mp/test/sample_000031.npz,mp,forest,U,mp_forest,simple,easy,0,,mp:test
train,sample_000887.npz,/home/zzy/TrajectoryPlanning/distill/data/benchmark/mp/train/sample_000031.npz,mp,forest,U,mp_forest,simple,easy,0,,mp:train
train,sample_000888.npz,/home/zzy/TrajectoryPlanning/distill/data/benchmark/mp/train/sample_000032.npz,mp,forest,U,mp_forest,simple,easy,0,,mp:train
train,sample_000889.npz,/home/zzy/TrajectoryPlanning/distill/data/benchmark/mp/train/sample_000033.npz,mp,forest,U,mp_forest,simple,easy,0,,mp:train
train,sample_000890.npz,/home/zzy/TrajectoryPlanning/distill/data/benchmark/mp/test/sample_000034.npz,mp,forest,U,mp_forest,simple,easy,0,,mp:test
train,sample_000891.npz,/home/zzy/TrajectoryPlanning/distill/data/benchmark/mp/train/sample_000036.npz,mp,forest,U,mp_forest,simple,easy,0,,mp:train
train,sample_000892.npz,/home/zzy/TrajectoryPlanning/distill/data/benchmark/mp/test/sample_000037.npz,mp,forest,U,mp_forest,simple,easy,0,,mp:test
train,sample_000893.npz,/home/zzy/TrajectoryPlanning/distill/data/benchmark/mp/test/sample_000038.npz,mp,forest,U,mp_forest,simple,easy,0,,mp:test
train,sample_000894.npz,/home/zzy/TrajectoryPlanning/distill/data/benchmark/mp/train/sample_000038.npz,mp,forest,U,mp_forest,simple,easy,0,,mp:train
train,sample_000895.npz,/home/zzy/TrajectoryPlanning/distill/data/benchmark/mp/test/sample_000039.npz,mp,forest,U,mp_forest,simple,easy,0,,mp:test
train,sample_000896.npz,/home/zzy/TrajectoryPlanning/distill/data/benchmark/mp/test/sample_000040.npz,mp,forest,U,mp_forest,simple,easy,0,,mp:test
train,sample_000897.npz,/home/zzy/TrajectoryPlanning/distill/data/benchmark/mp/test/sample_000041.npz,mp,forest,U,mp_forest,simple,easy,0,,mp:test
train,sample_000898.npz,/home/zzy/TrajectoryPlanning/distill/data/benchmark/mp/train/sample_000042.npz,mp,forest,U,mp_forest,simple,easy,0,,mp:train
train,sample_000899.npz,/home/zzy/TrajectoryPlanning/distill/data/benchmark/mp/train/sample_000043.npz,mp,forest,U,mp_forest,simple,easy,0,,mp:train
train,sample_000900.npz,/home/zzy/TrajectoryPlanning/distill/data/benchmark/mp/train/sample_000045.npz,mp,forest,U,mp_forest,simple,easy,0,,mp:train
train,sample_000901.npz,/home/zzy/TrajectoryPlanning/distill/data/benchmark/mp/train/sample_000046.npz,mp,forest,U,mp_forest,simple,easy,0,,mp:train
train,sample_000902.npz,/home/zzy/TrajectoryPlanning/distill/data/benchmark/mp/train/sample_000047.npz,mp,forest,U,mp_forest,simple,easy,0,,mp:train
train,sample_000903.npz,/home/zzy/TrajectoryPlanning/distill/data/benchmark/mp/train/sample_000048.npz,mp,forest,U,mp_forest,simple,easy,0,,mp:train
train,sample_000904.npz,/home/zzy/TrajectoryPlanning/distill/data/benchmark/mp/train/sample_000049.npz,mp,forest,U,mp_forest,simple,easy,0,,mp:train
train,sample_000905.npz,/home/zzy/TrajectoryPlanning/distill/data/benchmark/mp/test/sample_000050.npz,mp,forest,U,mp_forest,simple,easy,0,,mp:test
train,sample_000906.npz,/home/zzy/TrajectoryPlanning/distill/data/benchmark/mp/train/sample_000050.npz,mp,forest,U,mp_forest,simple,easy,0,,mp:train
train,sample_000907.npz,/home/zzy/TrajectoryPlanning/distill/data/benchmark/mp/train/sample_000051.npz,mp,forest,U,mp_forest,simple,easy,0,,mp:train
train,sample_000908.npz,/home/zzy/TrajectoryPlanning/distill/data/benchmark/mp/train/sample_000052.npz,mp,forest,U,mp_forest,simple,easy,0,,mp:train
train,sample_000909.npz,/home/zzy/TrajectoryPlanning/distill/data/benchmark/mp/test/sample_000053.npz,mp,forest,U,mp_forest,simple,easy,0,,mp:test
train,sample_000910.npz,/home/zzy/TrajectoryPlanning/distill/data/benchmark/mp/test/sample_000054.npz,mp,forest,U,mp_forest,simple,easy,0,,mp:test
train,sample_000911.npz,/home/zzy/TrajectoryPlanning/distill/data/benchmark/mp/train/sample_000054.npz,mp,forest,U,mp_forest,simple,easy,0,,mp:train
train,sample_000912.npz,/home/zzy/TrajectoryPlanning/distill/data/benchmark/mp/train/sample_000055.npz,mp,forest,U,mp_forest,simple,easy,0,,mp:train
train,sample_000913.npz,/home/zzy/TrajectoryPlanning/distill/data/benchmark/mp/test/sample_000055.npz,mp,forest,U,mp_forest,simple,easy,0,,mp:test
train,sample_000914.npz,/home/zzy/TrajectoryPlanning/distill/data/benchmark/mp/train/sample_000056.npz,mp,forest,U,mp_forest,simple,easy,0,,mp:train
train,sample_000915.npz,/home/zzy/TrajectoryPlanning/distill/data/benchmark/mp/test/sample_000056.npz,mp,forest,U,mp_forest,simple,easy,0,,mp:test
train,sample_000916.npz,/home/zzy/TrajectoryPlanning/distill/data/benchmark/mp/test/sample_000057.npz,mp,forest,U,mp_forest,simple,easy,0,,mp:test
train,sample_000917.npz,/home/zzy/TrajectoryPlanning/distill/data/benchmark/mp/train/sample_000058.npz,mp,forest,U,mp_forest,simple,easy,0,,mp:train
train,sample_000918.npz,/home/zzy/TrajectoryPlanning/distill/data/benchmark/mp/train/sample_000059.npz,mp,forest,U,mp_forest,simple,easy,0,,mp:train
train,sample_000919.npz,/home/zzy/TrajectoryPlanning/distill/data/benchmark/mp/test/sample_000059.npz,mp,forest,U,mp_forest,simple,easy,0,,mp:test
train,sample_000920.npz,/home/zzy/TrajectoryPlanning/distill/data/benchmark/mp/test/sample_000060.npz,mp,forest,U,mp_forest,simple,easy,0,,mp:test
train,sample_000921.npz,/home/zzy/TrajectoryPlanning/distill/data/benchmark/mp/train/sample_000061.npz,mp,forest,U,mp_forest,simple,easy,0,,mp:train
train,sample_000922.npz,/home/zzy/TrajectoryPlanning/distill/data/benchmark/mp/test/sample_000061.npz,mp,forest,U,mp_forest,simple,easy,0,,mp:test
train,sample_000923.npz,/home/zzy/TrajectoryPlanning/distill/data/benchmark/mp/test/sample_000062.npz,mp,forest,U,mp_forest,simple,easy,0,,mp:test
train,sample_000924.npz,/home/zzy/TrajectoryPlanning/distill/data/benchmark/mp/test/sample_000063.npz,mp,forest,U,mp_forest,simple,easy,0,,mp:test
train,sample_000925.npz,/home/zzy/TrajectoryPlanning/distill/data/benchmark/mp/test/sample_000064.npz,mp,forest,U,mp_forest,simple,easy,0,,mp:test
train,sample_000926.npz,/home/zzy/TrajectoryPlanning/distill/data/benchmark/mp/train/sample_000064.npz,mp,forest,U,mp_forest,simple,easy,0,,mp:train
train,sample_000927.npz,/home/zzy/TrajectoryPlanning/distill/data/benchmark/mp/train/sample_000065.npz,mp,forest,U,mp_forest,simple,easy,0,,mp:train
train,sample_000928.npz,/home/zzy/TrajectoryPlanning/distill/data/benchmark/mp/test/sample_000066.npz,mp,forest,U,mp_forest,simple,easy,0,,mp:test
train,sample_000929.npz,/home/zzy/TrajectoryPlanning/distill/data/benchmark/mp/test/sample_000068.npz,mp,forest,U,mp_forest,simple,easy,0,,mp:test
train,sample_000930.npz,/home/zzy/TrajectoryPlanning/distill/data/benchmark/mp/train/sample_000069.npz,mp,forest,U,mp_forest,simple,easy,0,,mp:train
train,sample_000931.npz,/home/zzy/TrajectoryPlanning/distill/data/benchmark/mp/train/sample_000070.npz,mp,forest,U,mp_forest,simple,easy,0,,mp:train
train,sample_000932.npz,/home/zzy/TrajectoryPlanning/distill/data/benchmark/mp/train/sample_000071.npz,mp,forest,U,mp_forest,simple,easy,0,,mp:train
train,sample_000933.npz,/home/zzy/TrajectoryPlanning/distill/data/benchmark/mp/test/sample_000071.npz,mp,forest,U,mp_forest,simple,easy,0,,mp:test
train,sample_000934.npz,/home/zzy/TrajectoryPlanning/distill/data/benchmark/mp/train/sample_000074.npz,mp,forest,U,mp_forest,simple,easy,0,,mp:train
train,sample_000935.npz,/home/zzy/TrajectoryPlanning/distill/data/benchmark/mp/train/sample_000075.npz,mp,forest,U,mp_forest,simple,easy,0,,mp:train
train,sample_000936.npz,/home/zzy/TrajectoryPlanning/distill/data/benchmark/mp/test/sample_000076.npz,mp,forest,U,mp_forest,simple,easy,0,,mp:test
train,sample_000937.npz,/home/zzy/TrajectoryPlanning/distill/data/benchmark/mp/train/sample_000077.npz,mp,forest,U,mp_forest,simple,easy,0,,mp:train
train,sample_000938.npz,/home/zzy/TrajectoryPlanning/distill/data/benchmark/mp/test/sample_000079.npz,mp,forest,U,mp_forest,simple,easy,0,,mp:test
train,sample_000939.npz,/home/zzy/TrajectoryPlanning/distill/data/benchmark/mp/train/sample_000080.npz,mp,forest,U,mp_forest,simple,easy,0,,mp:train
train,sample_000940.npz,/home/zzy/TrajectoryPlanning/distill/data/benchmark/mp/train/sample_000081.npz,mp,forest,U,mp_forest,simple,easy,0,,mp:train
train,sample_000941.npz,/home/zzy/TrajectoryPlanning/distill/data/benchmark/mp/test/sample_000082.npz,mp,forest,U,mp_forest,simple,easy,0,,mp:test
train,sample_000942.npz,/home/zzy/TrajectoryPlanning/distill/data/benchmark/mp/test/sample_000083.npz,mp,forest,U,mp_forest,simple,easy,0,,mp:test
train,sample_000943.npz,/home/zzy/TrajectoryPlanning/distill/data/benchmark/mp/train/sample_000083.npz,mp,forest,U,mp_forest,simple,easy,0,,mp:train
train,sample_000944.npz,/home/zzy/TrajectoryPlanning/distill/data/benchmark/mp/train/sample_000085.npz,mp,forest,U,mp_forest,simple,easy,0,,mp:train
train,sample_000945.npz,/home/zzy/TrajectoryPlanning/distill/data/benchmark/mp/test/sample_000085.npz,mp,forest,U,mp_forest,simple,easy,0,,mp:test
train,sample_000946.npz,/home/zzy/TrajectoryPlanning/distill/data/benchmark/mp/train/sample_000086.npz,mp,forest,U,mp_forest,simple,easy,0,,mp:train
train,sample_000947.npz,/home/zzy/TrajectoryPlanning/distill/data/benchmark/mp/train/sample_000087.npz,mp,forest,U,mp_forest,simple,easy,0,,mp:train
train,sample_000948.npz,/home/zzy/TrajectoryPlanning/distill/data/benchmark/mp/test/sample_000088.npz,mp,forest,U,mp_forest,simple,easy,0,,mp:test
train,sample_000949.npz,/home/zzy/TrajectoryPlanning/distill/data/benchmark/mp/test/sample_000090.npz,mp,forest,U,mp_forest,simple,easy,0,,mp:test
train,sample_000950.npz,/home/zzy/TrajectoryPlanning/distill/data/benchmark/mp/test/sample_000091.npz,mp,forest,U,mp_forest,simple,easy,0,,mp:test
train,sample_000951.npz,/home/zzy/TrajectoryPlanning/distill/data/benchmark/mp/train/sample_000092.npz,mp,forest,U,mp_forest,simple,easy,0,,mp:train
train,sample_000952.npz,/home/zzy/TrajectoryPlanning/distill/data/benchmark/mp/test/sample_000092.npz,mp,forest,U,mp_forest,simple,easy,0,,mp:test
train,sample_000953.npz,/home/zzy/TrajectoryPlanning/distill/data/benchmark/mp/test/sample_000093.npz,mp,forest,U,mp_forest,simple,easy,0,,mp:test
train,sample_000954.npz,/home/zzy/TrajectoryPlanning/distill/data/benchmark/mp/train/sample_000094.npz,mp,forest,U,mp_forest,simple,easy,0,,mp:train
train,sample_000955.npz,/home/zzy/TrajectoryPlanning/distill/data/benchmark/mp/test/sample_000094.npz,mp,forest,U,mp_forest,simple,easy,0,,mp:test
train,sample_000956.npz,/home/zzy/TrajectoryPlanning/distill/data/benchmark/mp/train/sample_000095.npz,mp,forest,U,mp_forest,simple,easy,0,,mp:train
train,sample_000957.npz,/home/zzy/TrajectoryPlanning/distill/data/benchmark/mp/test/sample_000095.npz,mp,forest,U,mp_forest,simple,easy,0,,mp:test
train,sample_000958.npz,/home/zzy/TrajectoryPlanning/distill/data/benchmark/mp/train/sample_000096.npz,mp,forest,U,mp_forest,simple,easy,0,,mp:train
train,sample_000959.npz,/home/zzy/TrajectoryPlanning/distill/data/benchmark/mp/test/sample_000096.npz,mp,forest,U,mp_forest,simple,easy,0,,mp:test
train,sample_000960.npz,/home/zzy/TrajectoryPlanning/distill/data/benchmark/mp/train/sample_000097.npz,mp,forest,U,mp_forest,simple,easy,0,,mp:train
train,sample_000961.npz,/home/zzy/TrajectoryPlanning/distill/data/benchmark/mp/train/sample_000098.npz,mp,forest,U,mp_forest,simple,easy,0,,mp:train
train,sample_000962.npz,/home/zzy/TrajectoryPlanning/distill/data/benchmark/mp/test/sample_000098.npz,mp,forest,U,mp_forest,simple,easy,0,,mp:test
train,sample_000963.npz,/home/zzy/TrajectoryPlanning/distill/data/benchmark/mp/train/sample_000099.npz,mp,forest,U,mp_forest,simple,easy,0,,mp:train
train,sample_000964.npz,/home/zzy/TrajectoryPlanning/distill/data/benchmark/mp/train/sample_000103.npz,mp,forest,U,mp_forest,simple,easy,0,,mp:train
train,sample_000965.npz,/home/zzy/TrajectoryPlanning/distill/data/benchmark/mp/train/sample_000105.npz,mp,forest,U,mp_forest,simple,easy,0,,mp:train
train,sample_000966.npz,/home/zzy/TrajectoryPlanning/distill/data/benchmark/mp/train/sample_000106.npz,mp,forest,U,mp_forest,simple,easy,0,,mp:train
train,sample_000967.npz,/home/zzy/TrajectoryPlanning/distill/data/benchmark/mp/train/sample_000108.npz,mp,forest,U,mp_forest,simple,easy,0,,mp:train
train,sample_000968.npz,/home/zzy/TrajectoryPlanning/distill/data/benchmark/mp/train/sample_000110.npz,mp,forest,U,mp_forest,simple,easy,0,,mp:train
train,sample_000969.npz,/home/zzy/TrajectoryPlanning/distill/data/benchmark/mp/train/sample_000111.npz,mp,forest,U,mp_forest,simple,easy,0,,mp:train
train,sample_000970.npz,/home/zzy/TrajectoryPlanning/distill/data/benchmark/mp/train/sample_000113.npz,mp,forest,U,mp_forest,simple,easy,0,,mp:train
train,sample_000971.npz,/home/zzy/TrajectoryPlanning/distill/data/benchmark/mp/train/sample_000117.npz,mp,forest,U,mp_forest,simple,easy,0,,mp:train
train,sample_000972.npz,/home/zzy/TrajectoryPlanning/distill/data/benchmark/mp/train/sample_000118.npz,mp,forest,U,mp_forest,simple,easy,0,,mp:train
train,sample_000973.npz,/home/zzy/TrajectoryPlanning/distill/data/benchmark/mp/train/sample_000120.npz,mp,forest,U,mp_forest,simple,easy,0,,mp:train
train,sample_000974.npz,/home/zzy/TrajectoryPlanning/distill/data/benchmark/mp/train/sample_000122.npz,mp,forest,U,mp_forest,simple,easy,0,,mp:train
train,sample_000975.npz,/home/zzy/TrajectoryPlanning/distill/data/benchmark/mp/train/sample_000123.npz,mp,forest,U,mp_forest,simple,easy,0,,mp:train
train,sample_000976.npz,/home/zzy/TrajectoryPlanning/distill/data/benchmark/mp/train/sample_000125.npz,mp,forest,U,mp_forest,simple,easy,0,,mp:train
train,sample_000977.npz,/home/zzy/TrajectoryPlanning/distill/data/benchmark/mp/train/sample_000130.npz,mp,forest,U,mp_forest,simple,easy,0,,mp:train
train,sample_000978.npz,/home/zzy/TrajectoryPlanning/distill/data/benchmark/mp/train/sample_000133.npz,mp,forest,U,mp_forest,simple,easy,0,,mp:train
train,sample_000979.npz,/home/zzy/TrajectoryPlanning/distill/data/benchmark/mp/train/sample_000134.npz,mp,forest,U,mp_forest,simple,easy,0,,mp:train
train,sample_000980.npz,/home/zzy/TrajectoryPlanning/distill/data/benchmark/mp/train/sample_000137.npz,mp,forest,U,mp_forest,simple,easy,0,,mp:train
train,sample_000981.npz,/home/zzy/TrajectoryPlanning/distill/data/benchmark/mp/train/sample_000140.npz,mp,forest,U,mp_forest,simple,easy,0,,mp:train
train,sample_000982.npz,/home/zzy/TrajectoryPlanning/distill/data/benchmark/mp/train/sample_000141.npz,mp,forest,U,mp_forest,simple,easy,0,,mp:train
train,sample_000983.npz,/home/zzy/TrajectoryPlanning/distill/data/benchmark/mp/train/sample_000143.npz,mp,forest,U,mp_forest,simple,easy,0,,mp:train
train,sample_000984.npz,/home/zzy/TrajectoryPlanning/distill/data/benchmark/mp/train/sample_000144.npz,mp,forest,U,mp_forest,simple,easy,0,,mp:train
train,sample_000985.npz,/home/zzy/TrajectoryPlanning/distill/data/benchmark/mp/train/sample_000145.npz,mp,forest,U,mp_forest,simple,easy,0,,mp:train
train,sample_000986.npz,/home/zzy/TrajectoryPlanning/distill/data/benchmark/mp/train/sample_000151.npz,mp,forest,U,mp_forest,simple,easy,0,,mp:train
train,sample_000987.npz,/home/zzy/TrajectoryPlanning/distill/data/benchmark/mp/train/sample_000152.npz,mp,forest,U,mp_forest,simple,easy,0,,mp:train
train,sample_000988.npz,/home/zzy/TrajectoryPlanning/distill/data/benchmark/mp/train/sample_000153.npz,mp,forest,U,mp_forest,simple,easy,0,,mp:train
train,sample_000989.npz,/home/zzy/TrajectoryPlanning/distill/data/benchmark/mp/train/sample_000154.npz,mp,forest,U,mp_forest,simple,easy,0,,mp:train
train,sample_000990.npz,/home/zzy/TrajectoryPlanning/distill/data/benchmark/mp/train/sample_000156.npz,mp,forest,U,mp_forest,simple,easy,0,,mp:train
train,sample_000991.npz,/home/zzy/TrajectoryPlanning/distill/data/benchmark/mp/train/sample_000157.npz,mp,forest,U,mp_forest,simple,easy,0,,mp:train
train,sample_000992.npz,/home/zzy/TrajectoryPlanning/distill/data/benchmark/mp/train/sample_000158.npz,mp,forest,U,mp_forest,simple,easy,0,,mp:train
train,sample_000993.npz,/home/zzy/TrajectoryPlanning/distill/data/benchmark/mp/train/sample_000160.npz,mp,forest,U,mp_forest,simple,easy,0,,mp:train
train,sample_000994.npz,/home/zzy/TrajectoryPlanning/distill/data/benchmark/mp/train/sample_000161.npz,mp,forest,U,mp_forest,simple,easy,0,,mp:train
train,sample_000995.npz,/home/zzy/TrajectoryPlanning/distill/data/benchmark/mp/train/sample_000163.npz,mp,forest,U,mp_forest,simple,easy,0,,mp:train
train,sample_000996.npz,/home/zzy/TrajectoryPlanning/distill/data/benchmark/mp/train/sample_000168.npz,mp,forest,U,mp_forest,simple,easy,0,,mp:train
train,sample_000997.npz,/home/zzy/TrajectoryPlanning/distill/data/benchmark/mp/train/sample_000169.npz,mp,forest,U,mp_forest,simple,easy,0,,mp:train
train,sample_000998.npz,/home/zzy/TrajectoryPlanning/distill/data/benchmark/mp/train/sample_000171.npz,mp,forest,U,mp_forest,simple,easy,0,,mp:train
train,sample_000999.npz,/home/zzy/TrajectoryPlanning/distill/data/benchmark/mp/train/sample_000172.npz,mp,forest,U,mp_forest,simple,easy,0,,mp:train
train,sample_001000.npz,/home/zzy/TrajectoryPlanning/distill/data/benchmark/mp/train/sample_000175.npz,mp,forest,U,mp_forest,simple,easy,0,,mp:train
train,sample_001001.npz,/home/zzy/TrajectoryPlanning/distill/data/benchmark/mp/train/sample_000177.npz,mp,forest,U,mp_forest,simple,easy,0,,mp:train
train,sample_001002.npz,/home/zzy/TrajectoryPlanning/distill/data/benchmark/mp/train/sample_000180.npz,mp,forest,U,mp_forest,simple,easy,0,,mp:train
train,sample_001003.npz,/home/zzy/TrajectoryPlanning/distill/data/benchmark/mp/train/sample_000181.npz,mp,forest,U,mp_forest,simple,easy,0,,mp:train
train,sample_001004.npz,/home/zzy/TrajectoryPlanning/distill/data/benchmark/mp/train/sample_000188.npz,mp,forest,U,mp_forest,simple,easy,0,,mp:train
train,sample_001005.npz,/home/zzy/TrajectoryPlanning/distill/data/benchmark/mp/train/sample_000195.npz,mp,forest,U,mp_forest,simple,easy,0,,mp:train
train,sample_001006.npz,/home/zzy/TrajectoryPlanning/distill/data/benchmark/mp/train/sample_000203.npz,mp,forest,U,mp_forest,simple,easy,0,,mp:train
train,sample_001007.npz,/home/zzy/TrajectoryPlanning/distill/data/benchmark/mp/train/sample_000204.npz,mp,forest,U,mp_forest,simple,easy,0,,mp:train
train,sample_001008.npz,/home/zzy/TrajectoryPlanning/distill/data/benchmark/mp/train/sample_000206.npz,mp,forest,U,mp_forest,simple,easy,0,,mp:train
train,sample_001009.npz,/home/zzy/TrajectoryPlanning/distill/data/benchmark/mp/train/sample_000211.npz,mp,forest,U,mp_forest,simple,easy,0,,mp:train
train,sample_001010.npz,/home/zzy/TrajectoryPlanning/distill/data/benchmark/mp/train/sample_000215.npz,mp,forest,U,mp_forest,simple,easy,0,,mp:train
train,sample_001011.npz,/home/zzy/TrajectoryPlanning/distill/data/benchmark/mp/train/sample_000223.npz,mp,forest,U,mp_forest,simple,easy,0,,mp:train
train,sample_001012.npz,/home/zzy/TrajectoryPlanning/distill/data/benchmark/mp/train/sample_000224.npz,mp,forest,U,mp_forest,simple,easy,0,,mp:train
train,sample_001013.npz,/home/zzy/TrajectoryPlanning/distill/data/benchmark/mp/train/sample_000226.npz,mp,forest,U,mp_forest,simple,easy,0,,mp:train
train,sample_001014.npz,/home/zzy/TrajectoryPlanning/distill/data/benchmark/mp/train/sample_000227.npz,mp,forest,U,mp_forest,simple,easy,0,,mp:train
train,sample_001015.npz,/home/zzy/TrajectoryPlanning/distill/data/benchmark/mp/train/sample_000230.npz,mp,forest,U,mp_forest,simple,easy,0,,mp:train
train,sample_001016.npz,/home/zzy/TrajectoryPlanning/distill/data/benchmark/mp/train/sample_000231.npz,mp,forest,U,mp_forest,simple,easy,0,,mp:train
train,sample_001017.npz,/home/zzy/TrajectoryPlanning/distill/data/benchmark/mp/train/sample_000235.npz,mp,forest,U,mp_forest,simple,easy,0,,mp:train
train,sample_001018.npz,/home/zzy/TrajectoryPlanning/distill/data/benchmark/mp/train/sample_000237.npz,mp,forest,U,mp_forest,simple,easy,0,,mp:train
train,sample_001019.npz,/home/zzy/TrajectoryPlanning/distill/data/benchmark/mp/train/sample_000238.npz,mp,forest,U,mp_forest,simple,easy,0,,mp:train
train,sample_001020.npz,/home/zzy/TrajectoryPlanning/distill/data/benchmark/mp/train/sample_000240.npz,mp,forest,U,mp_forest,simple,easy,0,,mp:train
train,sample_001021.npz,/home/zzy/TrajectoryPlanning/distill/data/benchmark/mp/train/sample_000242.npz,mp,forest,U,mp_forest,simple,easy,0,,mp:train
train,sample_001022.npz,/home/zzy/TrajectoryPlanning/distill/data/benchmark/mp/train/sample_000243.npz,mp,forest,U,mp_forest,simple,easy,0,,mp:train
train,sample_001023.npz,/home/zzy/TrajectoryPlanning/distill/data/benchmark/mp/train/sample_000245.npz,mp,forest,U,mp_forest,simple,easy,0,,mp:train
train,sample_001024.npz,/home/zzy/TrajectoryPlanning/distill/data/benchmark/mp/train/sample_000246.npz,mp,forest,U,mp_forest,simple,easy,0,,mp:train
train,sample_001025.npz,/home/zzy/TrajectoryPlanning/distill/data/benchmark/mp/train/sample_000247.npz,mp,forest,U,mp_forest,simple,easy,0,,mp:train
train,sample_001026.npz,/home/zzy/TrajectoryPlanning/distill/data/benchmark/mp/train/sample_000248.npz,mp,forest,U,mp_forest,simple,easy,0,,mp:train
train,sample_001027.npz,/home/zzy/TrajectoryPlanning/distill/data/benchmark/mp/train/sample_000250.npz,mp,forest,U,mp_forest,simple,easy,0,,mp:train
train,sample_001028.npz,/home/zzy/TrajectoryPlanning/distill/data/benchmark/mp/train/sample_000254.npz,mp,forest,U,mp_forest,simple,easy,0,,mp:train
train,sample_001029.npz,/home/zzy/TrajectoryPlanning/distill/data/benchmark/mp/train/sample_000255.npz,mp,forest,U,mp_forest,simple,easy,0,,mp:train
train,sample_001030.npz,/home/zzy/TrajectoryPlanning/distill/data/benchmark/mp/train/sample_000257.npz,mp,forest,U,mp_forest,simple,easy,0,,mp:train
train,sample_001031.npz,/home/zzy/TrajectoryPlanning/distill/data/benchmark/mp/train/sample_000258.npz,mp,forest,U,mp_forest,simple,easy,0,,mp:train
train,sample_001032.npz,/home/zzy/TrajectoryPlanning/distill/data/benchmark/mp/train/sample_000260.npz,mp,forest,U,mp_forest,simple,easy,0,,mp:train
train,sample_001033.npz,/home/zzy/TrajectoryPlanning/distill/data/benchmark/mp/train/sample_000261.npz,mp,forest,U,mp_forest,simple,easy,0,,mp:train
train,sample_001034.npz,/home/zzy/TrajectoryPlanning/distill/data/benchmark/mp/train/sample_000262.npz,mp,forest,U,mp_forest,simple,easy,0,,mp:train
train,sample_001035.npz,/home/zzy/TrajectoryPlanning/distill/data/benchmark/mp/train/sample_000263.npz,mp,forest,U,mp_forest,simple,easy,0,,mp:train
train,sample_001036.npz,/home/zzy/TrajectoryPlanning/distill/data/benchmark/mp/train/sample_000266.npz,mp,forest,U,mp_forest,simple,easy,0,,mp:train
train,sample_001037.npz,/home/zzy/TrajectoryPlanning/distill/data/benchmark/mp/train/sample_000267.npz,mp,forest,U,mp_forest,simple,easy,0,,mp:train
train,sample_001038.npz,/home/zzy/TrajectoryPlanning/distill/data/benchmark/mp/train/sample_000268.npz,mp,forest,U,mp_forest,simple,easy,0,,mp:train
train,sample_001039.npz,/home/zzy/TrajectoryPlanning/distill/data/benchmark/mp/train/sample_000269.npz,mp,forest,U,mp_forest,simple,easy,0,,mp:train
train,sample_001040.npz,/home/zzy/TrajectoryPlanning/distill/data/benchmark/mp/train/sample_000271.npz,mp,forest,U,mp_forest,simple,easy,0,,mp:train
train,sample_001041.npz,/home/zzy/TrajectoryPlanning/distill/data/benchmark/mp/train/sample_000272.npz,mp,forest,U,mp_forest,simple,easy,0,,mp:train
train,sample_001042.npz,/home/zzy/TrajectoryPlanning/distill/data/benchmark/mp/train/sample_000275.npz,mp,forest,U,mp_forest,simple,easy,0,,mp:train
train,sample_001043.npz,/home/zzy/TrajectoryPlanning/distill/data/benchmark/mp/train/sample_000277.npz,mp,forest,U,mp_forest,simple,easy,0,,mp:train
train,sample_001044.npz,/home/zzy/TrajectoryPlanning/distill/data/benchmark/mp/train/sample_000279.npz,mp,forest,U,mp_forest,simple,easy,0,,mp:train
train,sample_001045.npz,/home/zzy/TrajectoryPlanning/distill/data/benchmark/mp/train/sample_000281.npz,mp,forest,U,mp_forest,simple,easy,0,,mp:train
train,sample_001046.npz,/home/zzy/TrajectoryPlanning/distill/data/benchmark/mp/train/sample_000284.npz,mp,forest,U,mp_forest,simple,easy,0,,mp:train
train,sample_001047.npz,/home/zzy/TrajectoryPlanning/distill/data/benchmark/mp/train/sample_000287.npz,mp,forest,U,mp_forest,simple,easy,0,,mp:train
train,sample_001048.npz,/home/zzy/TrajectoryPlanning/distill/data/benchmark/mp/train/sample_000289.npz,mp,forest,U,mp_forest,simple,easy,0,,mp:train
train,sample_001049.npz,/home/zzy/TrajectoryPlanning/distill/data/benchmark/mp/train/sample_000293.npz,mp,forest,U,mp_forest,simple,easy,0,,mp:train
train,sample_001050.npz,/home/zzy/TrajectoryPlanning/distill/data/benchmark/mp/train/sample_000294.npz,mp,forest,U,mp_forest,simple,easy,0,,mp:train
train,sample_001051.npz,/home/zzy/TrajectoryPlanning/distill/data/benchmark/mp/train/sample_000295.npz,mp,forest,U,mp_forest,simple,easy,0,,mp:train
train,sample_001052.npz,/home/zzy/TrajectoryPlanning/distill/data/benchmark/mp/train/sample_000296.npz,mp,forest,U,mp_forest,simple,easy,0,,mp:train
train,sample_001053.npz,/home/zzy/TrajectoryPlanning/distill/data/benchmark/mp/train/sample_000297.npz,mp,forest,U,mp_forest,simple,easy,0,,mp:train
train,sample_001054.npz,/home/zzy/TrajectoryPlanning/distill/data/benchmark/mp/train/sample_000298.npz,mp,forest,U,mp_forest,simple,easy,0,,mp:train
train,sample_001055.npz,/home/zzy/TrajectoryPlanning/distill/data/benchmark/mp/train/sample_000300.npz,mp,forest,U,mp_forest,simple,easy,0,,mp:train
train,sample_001056.npz,/home/zzy/TrajectoryPlanning/distill/data/benchmark/mp/train/sample_000304.npz,mp,forest,U,mp_forest,simple,easy,0,,mp:train
train,sample_001057.npz,/home/zzy/TrajectoryPlanning/distill/data/benchmark/mp/train/sample_000305.npz,mp,forest,U,mp_forest,simple,easy,0,,mp:train
train,sample_001058.npz,/home/zzy/TrajectoryPlanning/distill/data/benchmark/mp/train/sample_000310.npz,mp,forest,U,mp_forest,simple,easy,0,,mp:train
train,sample_001059.npz,/home/zzy/TrajectoryPlanning/distill/data/benchmark/mp/train/sample_000311.npz,mp,forest,U,mp_forest,simple,easy,0,,mp:train
train,sample_001060.npz,/home/zzy/TrajectoryPlanning/distill/data/benchmark/mp/train/sample_000312.npz,mp,forest,U,mp_forest,simple,easy,0,,mp:train
train,sample_001061.npz,/home/zzy/TrajectoryPlanning/distill/data/benchmark/mp/train/sample_000313.npz,mp,forest,U,mp_forest,simple,easy,0,,mp:train
train,sample_001062.npz,/home/zzy/TrajectoryPlanning/distill/data/benchmark/mp/train/sample_000317.npz,mp,forest,U,mp_forest,simple,easy,0,,mp:train
train,sample_001063.npz,/home/zzy/TrajectoryPlanning/distill/data/benchmark/mp/train/sample_000318.npz,mp,forest,U,mp_forest,simple,easy,0,,mp:train
train,sample_001064.npz,/home/zzy/TrajectoryPlanning/distill/data/benchmark/mp/train/sample_000320.npz,mp,forest,U,mp_forest,simple,easy,0,,mp:train
train,sample_001065.npz,/home/zzy/TrajectoryPlanning/distill/data/benchmark/mp/train/sample_000323.npz,mp,forest,U,mp_forest,simple,easy,0,,mp:train
train,sample_001066.npz,/home/zzy/TrajectoryPlanning/distill/data/benchmark/mp/train/sample_000325.npz,mp,forest,U,mp_forest,simple,easy,0,,mp:train
train,sample_001067.npz,/home/zzy/TrajectoryPlanning/distill/data/benchmark/mp/train/sample_000330.npz,mp,forest,U,mp_forest,simple,easy,0,,mp:train
train,sample_001068.npz,/home/zzy/TrajectoryPlanning/distill/data/benchmark/mp/train/sample_000332.npz,mp,forest,U,mp_forest,simple,easy,0,,mp:train
train,sample_001069.npz,/home/zzy/TrajectoryPlanning/distill/data/benchmark/mp/train/sample_000333.npz,mp,forest,U,mp_forest,simple,easy,0,,mp:train
train,sample_001070.npz,/home/zzy/TrajectoryPlanning/distill/data/benchmark/mp/train/sample_000335.npz,mp,forest,U,mp_forest,simple,easy,0,,mp:train
train,sample_001071.npz,/home/zzy/TrajectoryPlanning/distill/data/benchmark/mp/train/sample_000336.npz,mp,forest,U,mp_forest,simple,easy,0,,mp:train
train,sample_001072.npz,/home/zzy/TrajectoryPlanning/distill/data/benchmark/mp/train/sample_000338.npz,mp,forest,U,mp_forest,simple,easy,0,,mp:train
train,sample_001073.npz,/home/zzy/TrajectoryPlanning/distill/data/benchmark/mp/train/sample_000341.npz,mp,forest,U,mp_forest,simple,easy,0,,mp:train
train,sample_001074.npz,/home/zzy/TrajectoryPlanning/distill/data/benchmark/mp/train/sample_000342.npz,mp,forest,U,mp_forest,simple,easy,0,,mp:train
train,sample_001075.npz,/home/zzy/TrajectoryPlanning/distill/data/benchmark/mp/train/sample_000345.npz,mp,forest,U,mp_forest,simple,easy,0,,mp:train
train,sample_001076.npz,/home/zzy/TrajectoryPlanning/distill/data/benchmark/mp/train/sample_000346.npz,mp,forest,U,mp_forest,simple,easy,0,,mp:train
train,sample_001077.npz,/home/zzy/TrajectoryPlanning/distill/data/benchmark/mp/train/sample_000347.npz,mp,forest,U,mp_forest,simple,easy,0,,mp:train
train,sample_001078.npz,/home/zzy/TrajectoryPlanning/distill/data/benchmark/mp/train/sample_000348.npz,mp,forest,U,mp_forest,simple,easy,0,,mp:train
train,sample_001079.npz,/home/zzy/TrajectoryPlanning/distill/data/benchmark/mp/train/sample_000351.npz,mp,forest,U,mp_forest,simple,easy,0,,mp:train
train,sample_001080.npz,/home/zzy/TrajectoryPlanning/distill/data/benchmark/mp/train/sample_000352.npz,mp,forest,U,mp_forest,simple,easy,0,,mp:train
train,sample_001081.npz,/home/zzy/TrajectoryPlanning/distill/data/benchmark/mp/train/sample_000356.npz,mp,forest,U,mp_forest,simple,easy,0,,mp:train
train,sample_001082.npz,/home/zzy/TrajectoryPlanning/distill/data/benchmark/mp/train/sample_000359.npz,mp,forest,U,mp_forest,simple,easy,0,,mp:train
train,sample_001083.npz,/home/zzy/TrajectoryPlanning/distill/data/benchmark/mp/train/sample_000361.npz,mp,forest,U,mp_forest,simple,easy,0,,mp:train
train,sample_001084.npz,/home/zzy/TrajectoryPlanning/distill/data/benchmark/mp/train/sample_000363.npz,mp,forest,U,mp_forest,simple,easy,0,,mp:train
train,sample_001085.npz,/home/zzy/TrajectoryPlanning/distill/data/benchmark/mp/train/sample_000365.npz,mp,forest,U,mp_forest,simple,easy,0,,mp:train
train,sample_001086.npz,/home/zzy/TrajectoryPlanning/distill/data/benchmark/mp/train/sample_000368.npz,mp,forest,U,mp_forest,simple,easy,0,,mp:train
train,sample_001087.npz,/home/zzy/TrajectoryPlanning/distill/data/benchmark/mp/train/sample_000369.npz,mp,forest,U,mp_forest,simple,easy,0,,mp:train
train,sample_001088.npz,/home/zzy/TrajectoryPlanning/distill/data/benchmark/mp/train/sample_000372.npz,mp,forest,U,mp_forest,simple,easy,0,,mp:train
train,sample_001089.npz,/home/zzy/TrajectoryPlanning/distill/data/benchmark/mp/train/sample_000373.npz,mp,forest,U,mp_forest,simple,easy,0,,mp:train
train,sample_001090.npz,/home/zzy/TrajectoryPlanning/distill/data/benchmark/mp/train/sample_000374.npz,mp,forest,U,mp_forest,simple,easy,0,,mp:train
train,sample_001091.npz,/home/zzy/TrajectoryPlanning/distill/data/benchmark/mp/train/sample_000375.npz,mp,forest,U,mp_forest,simple,easy,0,,mp:train
train,sample_001092.npz,/home/zzy/TrajectoryPlanning/distill/data/benchmark/mp/train/sample_000377.npz,mp,forest,U,mp_forest,simple,easy,0,,mp:train
train,sample_001093.npz,/home/zzy/TrajectoryPlanning/distill/data/benchmark/mp/train/sample_000378.npz,mp,forest,U,mp_forest,simple,easy,0,,mp:train
train,sample_001094.npz,/home/zzy/TrajectoryPlanning/distill/data/benchmark/mp/train/sample_000379.npz,mp,forest,U,mp_forest,simple,easy,0,,mp:train
train,sample_001095.npz,/home/zzy/TrajectoryPlanning/distill/data/benchmark/mp/train/sample_000382.npz,mp,forest,U,mp_forest,simple,easy,0,,mp:train
train,sample_001096.npz,/home/zzy/TrajectoryPlanning/distill/data/benchmark/mp/train/sample_000383.npz,mp,forest,U,mp_forest,simple,easy,0,,mp:train
train,sample_001097.npz,/home/zzy/TrajectoryPlanning/distill/data/benchmark/mp/train/sample_000385.npz,mp,forest,U,mp_forest,simple,easy,0,,mp:train
train,sample_001098.npz,/home/zzy/TrajectoryPlanning/distill/data/benchmark/mp/train/sample_000387.npz,mp,forest,U,mp_forest,simple,easy,0,,mp:train
train,sample_001099.npz,/home/zzy/TrajectoryPlanning/distill/data/benchmark/mp/train/sample_000389.npz,mp,forest,U,mp_forest,simple,easy,0,,mp:train
train,sample_001100.npz,/home/zzy/TrajectoryPlanning/distill/data/benchmark/mp/train/sample_000397.npz,mp,forest,U,mp_forest,simple,easy,0,,mp:train
train,sample_001101.npz,/home/zzy/TrajectoryPlanning/distill/data/benchmark/mp/train/sample_000398.npz,mp,forest,U,mp_forest,simple,easy,0,,mp:train
train,sample_001102.npz,/home/zzy/TrajectoryPlanning/distill/data/benchmark/mp/train/sample_000402.npz,mp,forest,U,mp_forest,simple,easy,0,,mp:train
train,sample_001103.npz,/home/zzy/TrajectoryPlanning/distill/data/benchmark/mp/train/sample_000403.npz,mp,forest,U,mp_forest,simple,easy,0,,mp:train
train,sample_001104.npz,/home/zzy/TrajectoryPlanning/distill/data/benchmark/mp/train/sample_000404.npz,mp,forest,U,mp_forest,simple,easy,0,,mp:train
train,sample_001105.npz,/home/zzy/TrajectoryPlanning/distill/data/benchmark/mp/train/sample_000405.npz,mp,forest,U,mp_forest,simple,easy,0,,mp:train
train,sample_001106.npz,/home/zzy/TrajectoryPlanning/distill/data/benchmark/mp/train/sample_000406.npz,mp,forest,U,mp_forest,simple,easy,0,,mp:train
train,sample_001107.npz,/home/zzy/TrajectoryPlanning/distill/data/benchmark/mp/train/sample_000407.npz,mp,forest,U,mp_forest,simple,easy,0,,mp:train
train,sample_001108.npz,/home/zzy/TrajectoryPlanning/distill/data/benchmark/mp/train/sample_000408.npz,mp,forest,U,mp_forest,simple,easy,0,,mp:train
train,sample_001109.npz,/home/zzy/TrajectoryPlanning/distill/data/benchmark/mp/train/sample_000409.npz,mp,forest,U,mp_forest,simple,easy,0,,mp:train
train,sample_001110.npz,/home/zzy/TrajectoryPlanning/distill/data/benchmark/mp/train/sample_000410.npz,mp,forest,U,mp_forest,simple,easy,0,,mp:train
train,sample_001111.npz,/home/zzy/TrajectoryPlanning/distill/data/benchmark/mp/train/sample_000420.npz,mp,forest,U,mp_forest,simple,easy,0,,mp:train
train,sample_001112.npz,/home/zzy/TrajectoryPlanning/distill/data/benchmark/mp/train/sample_000426.npz,mp,forest,U,mp_forest,simple,easy,0,,mp:train
train,sample_001113.npz,/home/zzy/TrajectoryPlanning/distill/data/benchmark/mp/train/sample_000427.npz,mp,forest,U,mp_forest,simple,easy,0,,mp:train
train,sample_001114.npz,/home/zzy/TrajectoryPlanning/distill/data/benchmark/mp/train/sample_000428.npz,mp,forest,U,mp_forest,simple,easy,0,,mp:train
train,sample_001115.npz,/home/zzy/TrajectoryPlanning/distill/data/benchmark/mp/train/sample_000430.npz,mp,forest,U,mp_forest,simple,easy,0,,mp:train
train,sample_001116.npz,/home/zzy/TrajectoryPlanning/distill/data/benchmark/mp/train/sample_000431.npz,mp,forest,U,mp_forest,simple,easy,0,,mp:train
train,sample_001117.npz,/home/zzy/TrajectoryPlanning/distill/data/benchmark/mp/train/sample_000433.npz,mp,forest,U,mp_forest,simple,easy,0,,mp:train
train,sample_001118.npz,/home/zzy/TrajectoryPlanning/distill/data/benchmark/mp/train/sample_000434.npz,mp,forest,U,mp_forest,simple,easy,0,,mp:train
train,sample_001119.npz,/home/zzy/TrajectoryPlanning/distill/data/benchmark/mp/train/sample_000437.npz,mp,forest,U,mp_forest,simple,easy,0,,mp:train
train,sample_001120.npz,/home/zzy/TrajectoryPlanning/distill/data/benchmark/mp/train/sample_000438.npz,mp,forest,U,mp_forest,simple,easy,0,,mp:train
train,sample_001121.npz,/home/zzy/TrajectoryPlanning/distill/data/benchmark/mp/train/sample_000439.npz,mp,forest,U,mp_forest,simple,easy,0,,mp:train
train,sample_001122.npz,/home/zzy/TrajectoryPlanning/distill/data/benchmark/mp/train/sample_000442.npz,mp,forest,U,mp_forest,simple,easy,0,,mp:train
train,sample_001123.npz,/home/zzy/TrajectoryPlanning/distill/data/benchmark/mp/train/sample_000444.npz,mp,forest,U,mp_forest,simple,easy,0,,mp:train
train,sample_001124.npz,/home/zzy/TrajectoryPlanning/distill/data/benchmark/mp/train/sample_000448.npz,mp,forest,U,mp_forest,simple,easy,0,,mp:train
train,sample_001125.npz,/home/zzy/TrajectoryPlanning/distill/data/benchmark/mp/train/sample_000449.npz,mp,forest,U,mp_forest,simple,easy,0,,mp:train
train,sample_001126.npz,/home/zzy/TrajectoryPlanning/distill/data/benchmark/mp/train/sample_000452.npz,mp,forest,U,mp_forest,simple,easy,0,,mp:train
train,sample_001127.npz,/home/zzy/TrajectoryPlanning/distill/data/benchmark/mp/train/sample_000453.npz,mp,forest,U,mp_forest,simple,easy,0,,mp:train
train,sample_001128.npz,/home/zzy/TrajectoryPlanning/distill/data/benchmark/mp/train/sample_000454.npz,mp,forest,U,mp_forest,simple,easy,0,,mp:train
train,sample_001129.npz,/home/zzy/TrajectoryPlanning/distill/data/benchmark/mp/train/sample_000455.npz,mp,forest,U,mp_forest,simple,easy,0,,mp:train
train,sample_001130.npz,/home/zzy/TrajectoryPlanning/distill/data/benchmark/mp/train/sample_000456.npz,mp,forest,U,mp_forest,simple,easy,0,,mp:train
train,sample_001131.npz,/home/zzy/TrajectoryPlanning/distill/data/benchmark/mp/train/sample_000457.npz,mp,forest,U,mp_forest,simple,easy,0,,mp:train
train,sample_001132.npz,/home/zzy/TrajectoryPlanning/distill/data/benchmark/mp/train/sample_000459.npz,mp,forest,U,mp_forest,simple,easy,0,,mp:train
train,sample_001133.npz,/home/zzy/TrajectoryPlanning/distill/data/benchmark/mp/train/sample_000461.npz,mp,forest,U,mp_forest,simple,easy,0,,mp:train
train,sample_001134.npz,/home/zzy/TrajectoryPlanning/distill/data/benchmark/mp/train/sample_000464.npz,mp,forest,U,mp_forest,simple,easy,0,,mp:train
train,sample_001135.npz,/home/zzy/TrajectoryPlanning/distill/data/benchmark/mp/train/sample_000467.npz,mp,forest,U,mp_forest,simple,easy,0,,mp:train
train,sample_001136.npz,/home/zzy/TrajectoryPlanning/distill/data/benchmark/mp/train/sample_000468.npz,mp,forest,U,mp_forest,simple,easy,0,,mp:train
train,sample_001137.npz,/home/zzy/TrajectoryPlanning/distill/data/benchmark/mp/train/sample_000472.npz,mp,forest,U,mp_forest,simple,easy,0,,mp:train
train,sample_001138.npz,/home/zzy/TrajectoryPlanning/distill/data/benchmark/mp/train/sample_000474.npz,mp,forest,U,mp_forest,simple,easy,0,,mp:train
train,sample_001139.npz,/home/zzy/TrajectoryPlanning/distill/data/benchmark/mp/train/sample_000477.npz,mp,forest,U,mp_forest,simple,easy,0,,mp:train
train,sample_001140.npz,/home/zzy/TrajectoryPlanning/distill/data/benchmark/mp/train/sample_000478.npz,mp,forest,U,mp_forest,simple,easy,0,,mp:train
train,sample_001141.npz,/home/zzy/TrajectoryPlanning/distill/data/benchmark/mp/train/sample_000479.npz,mp,forest,U,mp_forest,simple,easy,0,,mp:train
train,sample_001142.npz,/home/zzy/TrajectoryPlanning/distill/data/benchmark/mp/train/sample_000480.npz,mp,forest,U,mp_forest,simple,easy,0,,mp:train
train,sample_001143.npz,/home/zzy/TrajectoryPlanning/distill/data/benchmark/mp/train/sample_000481.npz,mp,forest,U,mp_forest,simple,easy,0,,mp:train
train,sample_001144.npz,/home/zzy/TrajectoryPlanning/distill/data/benchmark/mp/train/sample_000482.npz,mp,forest,U,mp_forest,simple,easy,0,,mp:train
train,sample_001145.npz,/home/zzy/TrajectoryPlanning/distill/data/benchmark/mp/train/sample_000483.npz,mp,forest,U,mp_forest,simple,easy,0,,mp:train
train,sample_001146.npz,/home/zzy/TrajectoryPlanning/distill/data/benchmark/mp/train/sample_000484.npz,mp,forest,U,mp_forest,simple,easy,0,,mp:train
train,sample_001147.npz,/home/zzy/TrajectoryPlanning/distill/data/benchmark/mp/train/sample_000487.npz,mp,forest,U,mp_forest,simple,easy,0,,mp:train
train,sample_001148.npz,/home/zzy/TrajectoryPlanning/distill/data/benchmark/mp/train/sample_000489.npz,mp,forest,U,mp_forest,simple,easy,0,,mp:train
train,sample_001149.npz,/home/zzy/TrajectoryPlanning/distill/data/benchmark/mp/train/sample_000495.npz,mp,forest,U,mp_forest,simple,easy,0,,mp:train
train,sample_001150.npz,/home/zzy/TrajectoryPlanning/distill/data/benchmark/mp/train/sample_000497.npz,mp,forest,U,mp_forest,simple,easy,0,,mp:train
train,sample_001151.npz,/home/zzy/TrajectoryPlanning/distill/data/benchmark/mp/train/sample_000502.npz,mp,forest,U,mp_forest,simple,easy,0,,mp:train
train,sample_001152.npz,/home/zzy/TrajectoryPlanning/distill/data/benchmark/mp/train/sample_000504.npz,mp,forest,U,mp_forest,simple,easy,0,,mp:train
train,sample_001153.npz,/home/zzy/TrajectoryPlanning/distill/data/benchmark/mp/train/sample_000507.npz,mp,forest,U,mp_forest,simple,easy,0,,mp:train
train,sample_001154.npz,/home/zzy/TrajectoryPlanning/distill/data/benchmark/mp/train/sample_000508.npz,mp,forest,U,mp_forest,simple,easy,0,,mp:train
train,sample_001155.npz,/home/zzy/TrajectoryPlanning/distill/data/benchmark/mp/train/sample_000509.npz,mp,forest,U,mp_forest,simple,easy,0,,mp:train
train,sample_001156.npz,/home/zzy/TrajectoryPlanning/distill/data/benchmark/mp/train/sample_000511.npz,mp,forest,U,mp_forest,simple,easy,0,,mp:train
train,sample_001157.npz,/home/zzy/TrajectoryPlanning/distill/data/benchmark/mp/train/sample_000512.npz,mp,forest,U,mp_forest,simple,easy,0,,mp:train
train,sample_001158.npz,/home/zzy/TrajectoryPlanning/distill/data/benchmark/mp/train/sample_000513.npz,mp,forest,U,mp_forest,simple,easy,0,,mp:train
train,sample_001159.npz,/home/zzy/TrajectoryPlanning/distill/data/benchmark/mp/train/sample_000516.npz,mp,forest,U,mp_forest,simple,easy,0,,mp:train
train,sample_001160.npz,/home/zzy/TrajectoryPlanning/distill/data/benchmark/mp/train/sample_000517.npz,mp,forest,U,mp_forest,simple,easy,0,,mp:train
train,sample_001161.npz,/home/zzy/TrajectoryPlanning/distill/data/benchmark/mp/train/sample_000518.npz,mp,forest,U,mp_forest,simple,easy,0,,mp:train
train,sample_001162.npz,/home/zzy/TrajectoryPlanning/distill/data/benchmark/mp/train/sample_000519.npz,mp,forest,U,mp_forest,simple,easy,0,,mp:train
train,sample_001163.npz,/home/zzy/TrajectoryPlanning/distill/data/benchmark/mp/train/sample_000523.npz,mp,forest,U,mp_forest,simple,easy,0,,mp:train
train,sample_001164.npz,/home/zzy/TrajectoryPlanning/distill/data/benchmark/mp/train/sample_000525.npz,mp,forest,U,mp_forest,simple,easy,0,,mp:train
train,sample_001165.npz,/home/zzy/TrajectoryPlanning/distill/data/benchmark/mp/train/sample_000526.npz,mp,forest,U,mp_forest,simple,easy,0,,mp:train
train,sample_001166.npz,/home/zzy/TrajectoryPlanning/distill/data/benchmark/mp/train/sample_000527.npz,mp,forest,U,mp_forest,simple,easy,0,,mp:train
train,sample_001167.npz,/home/zzy/TrajectoryPlanning/distill/data/benchmark/mp/train/sample_000528.npz,mp,forest,U,mp_forest,simple,easy,0,,mp:train
train,sample_001168.npz,/home/zzy/TrajectoryPlanning/distill/data/benchmark/mp/train/sample_000529.npz,mp,forest,U,mp_forest,simple,easy,0,,mp:train
train,sample_001169.npz,/home/zzy/TrajectoryPlanning/distill/data/benchmark/mp/train/sample_000530.npz,mp,forest,U,mp_forest,simple,easy,0,,mp:train
train,sample_001170.npz,/home/zzy/TrajectoryPlanning/distill/data/benchmark/mp/train/sample_000532.npz,mp,forest,U,mp_forest,simple,easy,0,,mp:train
train,sample_001171.npz,/home/zzy/TrajectoryPlanning/distill/data/benchmark/mp/train/sample_000535.npz,mp,forest,U,mp_forest,simple,easy,0,,mp:train
train,sample_001172.npz,/home/zzy/TrajectoryPlanning/distill/data/benchmark/mp/train/sample_000536.npz,mp,forest,U,mp_forest,simple,easy,0,,mp:train
train,sample_001173.npz,/home/zzy/TrajectoryPlanning/distill/data/benchmark/mp/train/sample_000537.npz,mp,forest,U,mp_forest,simple,easy,0,,mp:train
train,sample_001174.npz,/home/zzy/TrajectoryPlanning/distill/data/benchmark/mp/train/sample_000539.npz,mp,forest,U,mp_forest,simple,easy,0,,mp:train
train,sample_001175.npz,/home/zzy/TrajectoryPlanning/distill/data/benchmark/mp/train/sample_000540.npz,mp,forest,U,mp_forest,simple,easy,0,,mp:train
train,sample_001176.npz,/home/zzy/TrajectoryPlanning/distill/data/benchmark/mp/train/sample_000544.npz,mp,forest,U,mp_forest,simple,easy,0,,mp:train
train,sample_001177.npz,/home/zzy/TrajectoryPlanning/distill/data/benchmark/mp/train/sample_000545.npz,mp,forest,U,mp_forest,simple,easy,0,,mp:train
train,sample_001178.npz,/home/zzy/TrajectoryPlanning/distill/data/benchmark/mp/train/sample_000546.npz,mp,forest,U,mp_forest,simple,easy,0,,mp:train
train,sample_001179.npz,/home/zzy/TrajectoryPlanning/distill/data/benchmark/mp/train/sample_000547.npz,mp,forest,U,mp_forest,simple,easy,0,,mp:train
train,sample_001180.npz,/home/zzy/TrajectoryPlanning/distill/data/benchmark/mp/train/sample_000548.npz,mp,forest,U,mp_forest,simple,easy,0,,mp:train
train,sample_001181.npz,/home/zzy/TrajectoryPlanning/distill/data/benchmark/mp/train/sample_000549.npz,mp,forest,U,mp_forest,simple,easy,0,,mp:train
train,sample_001182.npz,/home/zzy/TrajectoryPlanning/distill/data/benchmark/mp/train/sample_000550.npz,mp,forest,U,mp_forest,simple,easy,0,,mp:train
train,sample_001183.npz,/home/zzy/TrajectoryPlanning/distill/data/benchmark/mp/train/sample_000553.npz,mp,forest,U,mp_forest,simple,easy,0,,mp:train
train,sample_001184.npz,/home/zzy/TrajectoryPlanning/distill/data/benchmark/mp/train/sample_000554.npz,mp,forest,U,mp_forest,simple,easy,0,,mp:train
train,sample_001185.npz,/home/zzy/TrajectoryPlanning/distill/data/benchmark/mp/train/sample_000557.npz,mp,forest,U,mp_forest,simple,easy,0,,mp:train
train,sample_001186.npz,/home/zzy/TrajectoryPlanning/distill/data/benchmark/mp/train/sample_000559.npz,mp,forest,U,mp_forest,simple,easy,0,,mp:train
train,sample_001187.npz,/home/zzy/TrajectoryPlanning/distill/data/benchmark/mp/train/sample_000560.npz,mp,forest,U,mp_forest,simple,easy,0,,mp:train
train,sample_001188.npz,/home/zzy/TrajectoryPlanning/distill/data/benchmark/mp/train/sample_000563.npz,mp,forest,U,mp_forest,simple,easy,0,,mp:train
train,sample_001189.npz,/home/zzy/TrajectoryPlanning/distill/data/benchmark/mp/train/sample_000564.npz,mp,forest,U,mp_forest,simple,easy,0,,mp:train
train,sample_001190.npz,/home/zzy/TrajectoryPlanning/distill/data/benchmark/mp/train/sample_000568.npz,mp,forest,U,mp_forest,simple,easy,0,,mp:train
train,sample_001191.npz,/home/zzy/TrajectoryPlanning/distill/data/benchmark/mp/train/sample_000571.npz,mp,forest,U,mp_forest,simple,easy,0,,mp:train
train,sample_001192.npz,/home/zzy/TrajectoryPlanning/distill/data/benchmark/mp/train/sample_000573.npz,mp,forest,U,mp_forest,simple,easy,0,,mp:train
train,sample_001193.npz,/home/zzy/TrajectoryPlanning/distill/data/benchmark/mp/train/sample_000575.npz,mp,forest,U,mp_forest,simple,easy,0,,mp:train
train,sample_001194.npz,/home/zzy/TrajectoryPlanning/distill/data/benchmark/mp/train/sample_000576.npz,mp,forest,U,mp_forest,simple,easy,0,,mp:train
train,sample_001195.npz,/home/zzy/TrajectoryPlanning/distill/data/benchmark/mp/train/sample_000577.npz,mp,forest,U,mp_forest,simple,easy,0,,mp:train
train,sample_001196.npz,/home/zzy/TrajectoryPlanning/distill/data/benchmark/mp/train/sample_000579.npz,mp,forest,U,mp_forest,simple,easy,0,,mp:train
train,sample_001197.npz,/home/zzy/TrajectoryPlanning/distill/data/benchmark/mp/train/sample_000580.npz,mp,forest,U,mp_forest,simple,easy,0,,mp:train
train,sample_001198.npz,/home/zzy/TrajectoryPlanning/distill/data/benchmark/mp/train/sample_000582.npz,mp,forest,U,mp_forest,simple,easy,0,,mp:train
train,sample_001199.npz,/home/zzy/TrajectoryPlanning/distill/data/benchmark/mp/train/sample_000583.npz,mp,forest,U,mp_forest,simple,easy,0,,mp:train
train,sample_001200.npz,/home/zzy/TrajectoryPlanning/distill/data/benchmark/mp/train/sample_000584.npz,mp,forest,U,mp_forest,simple,easy,0,,mp:train
train,sample_001201.npz,/home/zzy/TrajectoryPlanning/distill/data/benchmark/mp/train/sample_000585.npz,mp,forest,U,mp_forest,simple,easy,0,,mp:train
train,sample_001202.npz,/home/zzy/TrajectoryPlanning/distill/data/benchmark/mp/train/sample_000586.npz,mp,forest,U,mp_forest,simple,easy,0,,mp:train
train,sample_001203.npz,/home/zzy/TrajectoryPlanning/distill/data/benchmark/mp/train/sample_000587.npz,mp,forest,U,mp_forest,simple,easy,0,,mp:train
train,sample_001204.npz,/home/zzy/TrajectoryPlanning/distill/data/benchmark/mp/train/sample_000589.npz,mp,forest,U,mp_forest,simple,easy,0,,mp:train
train,sample_001205.npz,/home/zzy/TrajectoryPlanning/distill/data/benchmark/mp/train/sample_000591.npz,mp,forest,U,mp_forest,simple,easy,0,,mp:train
train,sample_001206.npz,/home/zzy/TrajectoryPlanning/distill/data/benchmark/mp/train/sample_000592.npz,mp,forest,U,mp_forest,simple,easy,0,,mp:train
train,sample_001207.npz,/home/zzy/TrajectoryPlanning/distill/data/benchmark/mp/train/sample_000593.npz,mp,forest,U,mp_forest,simple,easy,0,,mp:train
train,sample_001208.npz,/home/zzy/TrajectoryPlanning/distill/data/benchmark/mp/train/sample_000597.npz,mp,forest,U,mp_forest,simple,easy,0,,mp:train
train,sample_001209.npz,/home/zzy/TrajectoryPlanning/distill/data/benchmark/mp/train/sample_000598.npz,mp,forest,U,mp_forest,simple,easy,0,,mp:train
train,sample_001210.npz,/home/zzy/TrajectoryPlanning/distill/data/benchmark/mp/train/sample_000601.npz,mp,forest,U,mp_forest,simple,easy,0,,mp:train
train,sample_001211.npz,/home/zzy/TrajectoryPlanning/distill/data/benchmark/mp/train/sample_000602.npz,mp,forest,U,mp_forest,simple,easy,0,,mp:train
train,sample_001212.npz,/home/zzy/TrajectoryPlanning/distill/data/benchmark/mp/train/sample_000603.npz,mp,forest,U,mp_forest,simple,easy,0,,mp:train
train,sample_001213.npz,/home/zzy/TrajectoryPlanning/distill/data/benchmark/mp/train/sample_000610.npz,mp,forest,U,mp_forest,simple,easy,0,,mp:train
train,sample_001214.npz,/home/zzy/TrajectoryPlanning/distill/data/benchmark/mp/train/sample_000611.npz,mp,forest,U,mp_forest,simple,easy,0,,mp:train
train,sample_001215.npz,/home/zzy/TrajectoryPlanning/distill/data/benchmark/mp/train/sample_000616.npz,mp,forest,U,mp_forest,simple,easy,0,,mp:train
train,sample_001216.npz,/home/zzy/TrajectoryPlanning/distill/data/benchmark/mp/train/sample_000620.npz,mp,forest,U,mp_forest,simple,easy,0,,mp:train
train,sample_001217.npz,/home/zzy/TrajectoryPlanning/distill/data/benchmark/mp/train/sample_000621.npz,mp,forest,U,mp_forest,simple,easy,0,,mp:train
train,sample_001218.npz,/home/zzy/TrajectoryPlanning/distill/data/benchmark/mp/train/sample_000623.npz,mp,forest,U,mp_forest,simple,easy,0,,mp:train
train,sample_001219.npz,/home/zzy/TrajectoryPlanning/distill/data/benchmark/mp/train/sample_000624.npz,mp,forest,U,mp_forest,simple,easy,0,,mp:train
train,sample_001220.npz,/home/zzy/TrajectoryPlanning/distill/data/benchmark/mp/train/sample_000626.npz,mp,forest,U,mp_forest,simple,easy,0,,mp:train
train,sample_001221.npz,/home/zzy/TrajectoryPlanning/distill/data/benchmark/mp/train/sample_000628.npz,mp,forest,U,mp_forest,simple,easy,0,,mp:train
train,sample_001222.npz,/home/zzy/TrajectoryPlanning/distill/data/benchmark/mp/train/sample_000629.npz,mp,forest,U,mp_forest,simple,easy,0,,mp:train
train,sample_001223.npz,/home/zzy/TrajectoryPlanning/distill/data/benchmark/mp/train/sample_000630.npz,mp,forest,U,mp_forest,simple,easy,0,,mp:train
train,sample_001224.npz,/home/zzy/TrajectoryPlanning/distill/data/benchmark/mp/train/sample_000633.npz,mp,forest,U,mp_forest,simple,easy,0,,mp:train
train,sample_001225.npz,/home/zzy/TrajectoryPlanning/distill/data/benchmark/mp/train/sample_000635.npz,mp,forest,U,mp_forest,simple,easy,0,,mp:train
train,sample_001226.npz,/home/zzy/TrajectoryPlanning/distill/data/benchmark/mp/train/sample_000639.npz,mp,forest,U,mp_forest,simple,easy,0,,mp:train
train,sample_001227.npz,/home/zzy/TrajectoryPlanning/distill/data/benchmark/mp/train/sample_000640.npz,mp,forest,U,mp_forest,simple,easy,0,,mp:train
train,sample_001228.npz,/home/zzy/TrajectoryPlanning/distill/data/benchmark/mp/train/sample_000641.npz,mp,forest,U,mp_forest,simple,easy,0,,mp:train
train,sample_001229.npz,/home/zzy/TrajectoryPlanning/distill/data/benchmark/mp/train/sample_000643.npz,mp,forest,U,mp_forest,simple,easy,0,,mp:train
train,sample_001230.npz,/home/zzy/TrajectoryPlanning/distill/data/benchmark/mp/train/sample_000644.npz,mp,forest,U,mp_forest,simple,easy,0,,mp:train
train,sample_001231.npz,/home/zzy/TrajectoryPlanning/distill/data/benchmark/mp/train/sample_000645.npz,mp,forest,U,mp_forest,simple,easy,0,,mp:train
train,sample_001232.npz,/home/zzy/TrajectoryPlanning/distill/data/benchmark/mp/train/sample_000646.npz,mp,forest,U,mp_forest,simple,easy,0,,mp:train
train,sample_001233.npz,/home/zzy/TrajectoryPlanning/distill/data/benchmark/mp/train/sample_000647.npz,mp,forest,U,mp_forest,simple,easy,0,,mp:train
train,sample_001234.npz,/home/zzy/TrajectoryPlanning/distill/data/benchmark/mp/train/sample_000648.npz,mp,forest,U,mp_forest,simple,easy,0,,mp:train
train,sample_001235.npz,/home/zzy/TrajectoryPlanning/distill/data/benchmark/mp/train/sample_000651.npz,mp,forest,U,mp_forest,simple,easy,0,,mp:train
train,sample_001236.npz,/home/zzy/TrajectoryPlanning/distill/data/benchmark/mp/train/sample_000655.npz,mp,forest,U,mp_forest,simple,easy,0,,mp:train
train,sample_001237.npz,/home/zzy/TrajectoryPlanning/distill/data/benchmark/mp/train/sample_000656.npz,mp,forest,U,mp_forest,simple,easy,0,,mp:train
train,sample_001238.npz,/home/zzy/TrajectoryPlanning/distill/data/benchmark/mp/train/sample_000659.npz,mp,forest,U,mp_forest,simple,easy,0,,mp:train
train,sample_001239.npz,/home/zzy/TrajectoryPlanning/distill/data/benchmark/mp/train/sample_000668.npz,mp,forest,U,mp_forest,simple,easy,0,,mp:train
train,sample_001240.npz,/home/zzy/TrajectoryPlanning/distill/data/benchmark/mp/train/sample_000670.npz,mp,forest,U,mp_forest,simple,easy,0,,mp:train
train,sample_001241.npz,/home/zzy/TrajectoryPlanning/distill/data/benchmark/mp/train/sample_000674.npz,mp,forest,U,mp_forest,simple,easy,0,,mp:train
train,sample_001242.npz,/home/zzy/TrajectoryPlanning/distill/data/benchmark/mp/train/sample_000680.npz,mp,forest,U,mp_forest,simple,easy,0,,mp:train
train,sample_001243.npz,/home/zzy/TrajectoryPlanning/distill/data/benchmark/mp/train/sample_000683.npz,mp,forest,U,mp_forest,simple,easy,0,,mp:train
train,sample_001244.npz,/home/zzy/TrajectoryPlanning/distill/data/benchmark/mp/train/sample_000686.npz,mp,forest,U,mp_forest,simple,easy,0,,mp:train
train,sample_001245.npz,/home/zzy/TrajectoryPlanning/distill/data/benchmark/mp/train/sample_000687.npz,mp,forest,U,mp_forest,simple,easy,0,,mp:train
train,sample_001246.npz,/home/zzy/TrajectoryPlanning/distill/data/benchmark/mp/train/sample_000688.npz,mp,forest,U,mp_forest,simple,easy,0,,mp:train
train,sample_001247.npz,/home/zzy/TrajectoryPlanning/distill/data/benchmark/mp/train/sample_000691.npz,mp,forest,U,mp_forest,simple,easy,0,,mp:train
train,sample_001248.npz,/home/zzy/TrajectoryPlanning/distill/data/benchmark/mp/train/sample_000692.npz,mp,forest,U,mp_forest,simple,easy,0,,mp:train
train,sample_001249.npz,/home/zzy/TrajectoryPlanning/distill/data/benchmark/mp/train/sample_000696.npz,mp,forest,U,mp_forest,simple,easy,0,,mp:train
train,sample_001250.npz,/home/zzy/TrajectoryPlanning/distill/data/benchmark/mp/train/sample_000699.npz,mp,forest,U,mp_forest,simple,easy,0,,mp:train
train,sample_001251.npz,/home/zzy/TrajectoryPlanning/distill/data/benchmark/mp/train/sample_000701.npz,mp,forest,U,mp_forest,simple,easy,0,,mp:train
train,sample_001252.npz,/home/zzy/TrajectoryPlanning/distill/data/benchmark/mp/train/sample_000702.npz,mp,forest,U,mp_forest,simple,easy,0,,mp:train
train,sample_001253.npz,/home/zzy/TrajectoryPlanning/distill/data/benchmark/mp/train/sample_000705.npz,mp,forest,U,mp_forest,simple,easy,0,,mp:train
train,sample_001254.npz,/home/zzy/TrajectoryPlanning/distill/data/benchmark/mp/train/sample_000706.npz,mp,forest,U,mp_forest,simple,easy,0,,mp:train
train,sample_001255.npz,/home/zzy/TrajectoryPlanning/distill/data/benchmark/mp/train/sample_000708.npz,mp,forest,U,mp_forest,simple,easy,0,,mp:train
train,sample_001256.npz,/home/zzy/TrajectoryPlanning/distill/data/benchmark/mp/train/sample_000710.npz,mp,forest,U,mp_forest,simple,easy,0,,mp:train
train,sample_001257.npz,/home/zzy/TrajectoryPlanning/distill/data/benchmark/mp/train/sample_000712.npz,mp,forest,U,mp_forest,simple,easy,0,,mp:train
train,sample_001258.npz,/home/zzy/TrajectoryPlanning/distill/data/benchmark/mp/train/sample_000713.npz,mp,forest,U,mp_forest,simple,easy,0,,mp:train
train,sample_001259.npz,/home/zzy/TrajectoryPlanning/distill/data/benchmark/mp/train/sample_000718.npz,mp,forest,U,mp_forest,simple,easy,0,,mp:train
train,sample_001260.npz,/home/zzy/TrajectoryPlanning/distill/data/benchmark/mp/train/sample_000719.npz,mp,forest,U,mp_forest,simple,easy,0,,mp:train
train,sample_001261.npz,/home/zzy/TrajectoryPlanning/distill/data/benchmark/mp/train/sample_000720.npz,mp,forest,U,mp_forest,simple,easy,0,,mp:train
train,sample_001262.npz,/home/zzy/TrajectoryPlanning/distill/data/benchmark/mp/train/sample_000723.npz,mp,forest,U,mp_forest,simple,easy,0,,mp:train
train,sample_001263.npz,/home/zzy/TrajectoryPlanning/distill/data/benchmark/mp/train/sample_000727.npz,mp,forest,U,mp_forest,simple,easy,0,,mp:train
train,sample_001264.npz,/home/zzy/TrajectoryPlanning/distill/data/benchmark/mp/train/sample_000729.npz,mp,forest,U,mp_forest,simple,easy,0,,mp:train
train,sample_001265.npz,/home/zzy/TrajectoryPlanning/distill/data/benchmark/mp/train/sample_000731.npz,mp,forest,U,mp_forest,simple,easy,0,,mp:train
train,sample_001266.npz,/home/zzy/TrajectoryPlanning/distill/data/benchmark/mp/train/sample_000734.npz,mp,forest,U,mp_forest,simple,easy,0,,mp:train
train,sample_001267.npz,/home/zzy/TrajectoryPlanning/distill/data/benchmark/mp/train/sample_000735.npz,mp,forest,U,mp_forest,simple,easy,0,,mp:train
train,sample_001268.npz,/home/zzy/TrajectoryPlanning/distill/data/benchmark/mp/train/sample_000737.npz,mp,forest,U,mp_forest,simple,easy,0,,mp:train
train,sample_001269.npz,/home/zzy/TrajectoryPlanning/distill/data/benchmark/mp/train/sample_000740.npz,mp,forest,U,mp_forest,simple,easy,0,,mp:train
train,sample_001270.npz,/home/zzy/TrajectoryPlanning/distill/data/benchmark/mp/train/sample_000743.npz,mp,forest,U,mp_forest,simple,easy,0,,mp:train
train,sample_001271.npz,/home/zzy/TrajectoryPlanning/distill/data/benchmark/mp/train/sample_000745.npz,mp,forest,U,mp_forest,simple,easy,0,,mp:train
train,sample_001272.npz,/home/zzy/TrajectoryPlanning/distill/data/benchmark/mp/train/sample_000746.npz,mp,forest,U,mp_forest,simple,easy,0,,mp:train
train,sample_001273.npz,/home/zzy/TrajectoryPlanning/distill/data/benchmark/mp/train/sample_000748.npz,mp,forest,U,mp_forest,simple,easy,0,,mp:train
train,sample_001274.npz,/home/zzy/TrajectoryPlanning/distill/data/benchmark/mp/train/sample_000749.npz,mp,forest,U,mp_forest,simple,easy,0,,mp:train
train,sample_001275.npz,/home/zzy/TrajectoryPlanning/distill/data/benchmark/mp/train/sample_000751.npz,mp,forest,U,mp_forest,simple,easy,0,,mp:train
train,sample_001276.npz,/home/zzy/TrajectoryPlanning/distill/data/benchmark/mp/train/sample_000752.npz,mp,forest,U,mp_forest,simple,easy,0,,mp:train
train,sample_001277.npz,/home/zzy/TrajectoryPlanning/distill/data/benchmark/mp/train/sample_000753.npz,mp,forest,U,mp_forest,simple,easy,0,,mp:train
train,sample_001278.npz,/home/zzy/TrajectoryPlanning/distill/data/benchmark/mp/train/sample_000756.npz,mp,forest,U,mp_forest,simple,easy,0,,mp:train
train,sample_001279.npz,/home/zzy/TrajectoryPlanning/distill/data/benchmark/mp/train/sample_000757.npz,mp,forest,U,mp_forest,simple,easy,0,,mp:train
train,sample_001280.npz,/home/zzy/TrajectoryPlanning/distill/data/benchmark/mp/train/sample_000758.npz,mp,forest,U,mp_forest,simple,easy,0,,mp:train
train,sample_001281.npz,/home/zzy/TrajectoryPlanning/distill/data/benchmark/mp/train/sample_000761.npz,mp,forest,U,mp_forest,simple,easy,0,,mp:train
train,sample_001282.npz,/home/zzy/TrajectoryPlanning/distill/data/benchmark/mp/train/sample_000763.npz,mp,forest,U,mp_forest,simple,easy,0,,mp:train
train,sample_001283.npz,/home/zzy/TrajectoryPlanning/distill/data/benchmark/mp/train/sample_000764.npz,mp,forest,U,mp_forest,simple,easy,0,,mp:train
train,sample_001284.npz,/home/zzy/TrajectoryPlanning/distill/data/benchmark/mp/train/sample_000767.npz,mp,forest,U,mp_forest,simple,easy,0,,mp:train
train,sample_001285.npz,/home/zzy/TrajectoryPlanning/distill/data/benchmark/mp/train/sample_000768.npz,mp,forest,U,mp_forest,simple,easy,0,,mp:train
train,sample_001286.npz,/home/zzy/TrajectoryPlanning/distill/data/benchmark/mp/train/sample_000770.npz,mp,forest,U,mp_forest,simple,easy,0,,mp:train
train,sample_001287.npz,/home/zzy/TrajectoryPlanning/distill/data/benchmark/mp/train/sample_000771.npz,mp,forest,U,mp_forest,simple,easy,0,,mp:train
train,sample_001288.npz,/home/zzy/TrajectoryPlanning/distill/data/benchmark/mp/train/sample_000773.npz,mp,forest,U,mp_forest,simple,easy,0,,mp:train
train,sample_001289.npz,/home/zzy/TrajectoryPlanning/distill/data/benchmark/mp/train/sample_000774.npz,mp,forest,U,mp_forest,simple,easy,0,,mp:train
train,sample_001290.npz,/home/zzy/TrajectoryPlanning/distill/data/benchmark/mp/train/sample_000775.npz,mp,forest,U,mp_forest,simple,easy,0,,mp:train
train,sample_001291.npz,/home/zzy/TrajectoryPlanning/distill/data/benchmark/mp/train/sample_000777.npz,mp,forest,U,mp_forest,simple,easy,0,,mp:train
train,sample_001292.npz,/home/zzy/TrajectoryPlanning/distill/data/benchmark/mp/train/sample_000780.npz,mp,forest,U,mp_forest,simple,easy,0,,mp:train
train,sample_001293.npz,/home/zzy/TrajectoryPlanning/distill/data/benchmark/mp/train/sample_000782.npz,mp,forest,U,mp_forest,simple,easy,0,,mp:train
train,sample_001294.npz,/home/zzy/TrajectoryPlanning/distill/data/benchmark/mp/train/sample_000784.npz,mp,forest,U,mp_forest,simple,easy,0,,mp:train
train,sample_001295.npz,/home/zzy/TrajectoryPlanning/distill/data/benchmark/mp/train/sample_000785.npz,mp,forest,U,mp_forest,simple,easy,0,,mp:train
train,sample_001296.npz,/home/zzy/TrajectoryPlanning/distill/data/benchmark/mp/train/sample_000787.npz,mp,forest,U,mp_forest,simple,easy,0,,mp:train
train,sample_001297.npz,/home/zzy/TrajectoryPlanning/distill/data/benchmark/mp/train/sample_000792.npz,mp,forest,U,mp_forest,simple,easy,0,,mp:train
train,sample_001298.npz,/home/zzy/TrajectoryPlanning/distill/data/benchmark/mp/test/sample_000400.npz,mp,gaps_and_forest,U,mp_gaps_and_forest,hard,hard,0,,mp:test
train,sample_001299.npz,/home/zzy/TrajectoryPlanning/distill/data/benchmark/mp/test/sample_000402.npz,mp,gaps_and_forest,U,mp_gaps_and_forest,hard,hard,0,,mp:test
train,sample_001300.npz,/home/zzy/TrajectoryPlanning/distill/data/benchmark/mp/test/sample_000403.npz,mp,gaps_and_forest,U,mp_gaps_and_forest,hard,hard,0,,mp:test
train,sample_001301.npz,/home/zzy/TrajectoryPlanning/distill/data/benchmark/mp/test/sample_000404.npz,mp,gaps_and_forest,U,mp_gaps_and_forest,hard,hard,0,,mp:test
train,sample_001302.npz,/home/zzy/TrajectoryPlanning/distill/data/benchmark/mp/test/sample_000408.npz,mp,gaps_and_forest,U,mp_gaps_and_forest,hard,hard,0,,mp:test
train,sample_001303.npz,/home/zzy/TrajectoryPlanning/distill/data/benchmark/mp/test/sample_000411.npz,mp,gaps_and_forest,U,mp_gaps_and_forest,hard,hard,0,,mp:test
train,sample_001304.npz,/home/zzy/TrajectoryPlanning/distill/data/benchmark/mp/test/sample_000412.npz,mp,gaps_and_forest,U,mp_gaps_and_forest,hard,hard,0,,mp:test
train,sample_001305.npz,/home/zzy/TrajectoryPlanning/distill/data/benchmark/mp/test/sample_000413.npz,mp,gaps_and_forest,U,mp_gaps_and_forest,hard,hard,0,,mp:test
train,sample_001306.npz,/home/zzy/TrajectoryPlanning/distill/data/benchmark/mp/test/sample_000416.npz,mp,gaps_and_forest,U,mp_gaps_and_forest,hard,hard,0,,mp:test
train,sample_001307.npz,/home/zzy/TrajectoryPlanning/distill/data/benchmark/mp/test/sample_000417.npz,mp,gaps_and_forest,U,mp_gaps_and_forest,hard,hard,0,,mp:test
train,sample_001308.npz,/home/zzy/TrajectoryPlanning/distill/data/benchmark/mp/test/sample_000419.npz,mp,gaps_and_forest,U,mp_gaps_and_forest,hard,hard,0,,mp:test
train,sample_001309.npz,/home/zzy/TrajectoryPlanning/distill/data/benchmark/mp/test/sample_000421.npz,mp,gaps_and_forest,U,mp_gaps_and_forest,hard,hard,0,,mp:test
train,sample_001310.npz,/home/zzy/TrajectoryPlanning/distill/data/benchmark/mp/test/sample_000423.npz,mp,gaps_and_forest,U,mp_gaps_and_forest,hard,hard,0,,mp:test
train,sample_001311.npz,/home/zzy/TrajectoryPlanning/distill/data/benchmark/mp/test/sample_000424.npz,mp,gaps_and_forest,U,mp_gaps_and_forest,hard,hard,0,,mp:test
train,sample_001312.npz,/home/zzy/TrajectoryPlanning/distill/data/benchmark/mp/test/sample_000426.npz,mp,gaps_and_forest,U,mp_gaps_and_forest,hard,hard,0,,mp:test
train,sample_001313.npz,/home/zzy/TrajectoryPlanning/distill/data/benchmark/mp/test/sample_000428.npz,mp,gaps_and_forest,U,mp_gaps_and_forest,hard,hard,0,,mp:test
train,sample_001314.npz,/home/zzy/TrajectoryPlanning/distill/data/benchmark/mp/test/sample_000429.npz,mp,gaps_and_forest,U,mp_gaps_and_forest,hard,hard,0,,mp:test
train,sample_001315.npz,/home/zzy/TrajectoryPlanning/distill/data/benchmark/mp/test/sample_000430.npz,mp,gaps_and_forest,U,mp_gaps_and_forest,hard,hard,0,,mp:test
train,sample_001316.npz,/home/zzy/TrajectoryPlanning/distill/data/benchmark/mp/test/sample_000435.npz,mp,gaps_and_forest,U,mp_gaps_and_forest,hard,hard,0,,mp:test
train,sample_001317.npz,/home/zzy/TrajectoryPlanning/distill/data/benchmark/mp/test/sample_000436.npz,mp,gaps_and_forest,U,mp_gaps_and_forest,hard,hard,0,,mp:test
train,sample_001318.npz,/home/zzy/TrajectoryPlanning/distill/data/benchmark/mp/test/sample_000440.npz,mp,gaps_and_forest,U,mp_gaps_and_forest,hard,hard,0,,mp:test
train,sample_001319.npz,/home/zzy/TrajectoryPlanning/distill/data/benchmark/mp/test/sample_000441.npz,mp,gaps_and_forest,U,mp_gaps_and_forest,hard,hard,0,,mp:test
train,sample_001320.npz,/home/zzy/TrajectoryPlanning/distill/data/benchmark/mp/test/sample_000442.npz,mp,gaps_and_forest,U,mp_gaps_and_forest,hard,hard,0,,mp:test
train,sample_001321.npz,/home/zzy/TrajectoryPlanning/distill/data/benchmark/mp/test/sample_000444.npz,mp,gaps_and_forest,U,mp_gaps_and_forest,hard,hard,0,,mp:test
train,sample_001322.npz,/home/zzy/TrajectoryPlanning/distill/data/benchmark/mp/test/sample_000449.npz,mp,gaps_and_forest,U,mp_gaps_and_forest,hard,hard,0,,mp:test
train,sample_001323.npz,/home/zzy/TrajectoryPlanning/distill/data/benchmark/mp/test/sample_000453.npz,mp,gaps_and_forest,U,mp_gaps_and_forest,hard,hard,0,,mp:test
train,sample_001324.npz,/home/zzy/TrajectoryPlanning/distill/data/benchmark/mp/test/sample_000456.npz,mp,gaps_and_forest,U,mp_gaps_and_forest,hard,hard,0,,mp:test
train,sample_001325.npz,/home/zzy/TrajectoryPlanning/distill/data/benchmark/mp/test/sample_000458.npz,mp,gaps_and_forest,U,mp_gaps_and_forest,hard,hard,0,,mp:test
train,sample_001326.npz,/home/zzy/TrajectoryPlanning/distill/data/benchmark/mp/test/sample_000459.npz,mp,gaps_and_forest,U,mp_gaps_and_forest,hard,hard,0,,mp:test
train,sample_001327.npz,/home/zzy/TrajectoryPlanning/distill/data/benchmark/mp/test/sample_000461.npz,mp,gaps_and_forest,U,mp_gaps_and_forest,hard,hard,0,,mp:test
train,sample_001328.npz,/home/zzy/TrajectoryPlanning/distill/data/benchmark/mp/test/sample_000464.npz,mp,gaps_and_forest,U,mp_gaps_and_forest,hard,hard,0,,mp:test
train,sample_001329.npz,/home/zzy/TrajectoryPlanning/distill/data/benchmark/mp/test/sample_000465.npz,mp,gaps_and_forest,U,mp_gaps_and_forest,hard,hard,0,,mp:test
train,sample_001330.npz,/home/zzy/TrajectoryPlanning/distill/data/benchmark/mp/test/sample_000469.npz,mp,gaps_and_forest,U,mp_gaps_and_forest,hard,hard,0,,mp:test
train,sample_001331.npz,/home/zzy/TrajectoryPlanning/distill/data/benchmark/mp/test/sample_000471.npz,mp,gaps_and_forest,U,mp_gaps_and_forest,hard,hard,0,,mp:test
train,sample_001332.npz,/home/zzy/TrajectoryPlanning/distill/data/benchmark/mp/test/sample_000476.npz,mp,gaps_and_forest,U,mp_gaps_and_forest,hard,hard,0,,mp:test
train,sample_001333.npz,/home/zzy/TrajectoryPlanning/distill/data/benchmark/mp/test/sample_000480.npz,mp,gaps_and_forest,U,mp_gaps_and_forest,hard,hard,0,,mp:test
train,sample_001334.npz,/home/zzy/TrajectoryPlanning/distill/data/benchmark/mp/test/sample_000487.npz,mp,gaps_and_forest,U,mp_gaps_and_forest,hard,hard,0,,mp:test
train,sample_001335.npz,/home/zzy/TrajectoryPlanning/distill/data/benchmark/mp/test/sample_000488.npz,mp,gaps_and_forest,U,mp_gaps_and_forest,hard,hard,0,,mp:test
train,sample_001336.npz,/home/zzy/TrajectoryPlanning/distill/data/benchmark/mp/test/sample_000489.npz,mp,gaps_and_forest,U,mp_gaps_and_forest,hard,hard,0,,mp:test
train,sample_001337.npz,/home/zzy/TrajectoryPlanning/distill/data/benchmark/mp/test/sample_000492.npz,mp,gaps_and_forest,U,mp_gaps_and_forest,hard,hard,0,,mp:test
train,sample_001338.npz,/home/zzy/TrajectoryPlanning/distill/data/benchmark/mp/test/sample_000493.npz,mp,gaps_and_forest,U,mp_gaps_and_forest,hard,hard,0,,mp:test
train,sample_001339.npz,/home/zzy/TrajectoryPlanning/distill/data/benchmark/mp/test/sample_000494.npz,mp,gaps_and_forest,U,mp_gaps_and_forest,hard,hard,0,,mp:test
train,sample_001340.npz,/home/zzy/TrajectoryPlanning/distill/data/benchmark/mp/test/sample_000495.npz,mp,gaps_and_forest,U,mp_gaps_and_forest,hard,hard,0,,mp:test
train,sample_001341.npz,/home/zzy/TrajectoryPlanning/distill/data/benchmark/mp/test/sample_000496.npz,mp,gaps_and_forest,U,mp_gaps_and_forest,hard,hard,0,,mp:test
train,sample_001342.npz,/home/zzy/TrajectoryPlanning/distill/data/benchmark/mp/test/sample_000497.npz,mp,gaps_and_forest,U,mp_gaps_and_forest,hard,hard,0,,mp:test
train,sample_001343.npz,/home/zzy/TrajectoryPlanning/distill/data/benchmark/mp/test/sample_000499.npz,mp,gaps_and_forest,U,mp_gaps_and_forest,hard,hard,0,,mp:test
train,sample_001344.npz,/home/zzy/TrajectoryPlanning/distill/data/benchmark/mp/train/sample_003203.npz,mp,gaps_and_forest,U,mp_gaps_and_forest,hard,hard,0,,mp:train
train,sample_001345.npz,/home/zzy/TrajectoryPlanning/distill/data/benchmark/mp/train/sample_003204.npz,mp,gaps_and_forest,U,mp_gaps_and_forest,hard,hard,0,,mp:train
train,sample_001346.npz,/home/zzy/TrajectoryPlanning/distill/data/benchmark/mp/train/sample_003206.npz,mp,gaps_and_forest,U,mp_gaps_and_forest,hard,hard,0,,mp:train
train,sample_001347.npz,/home/zzy/TrajectoryPlanning/distill/data/benchmark/mp/train/sample_003207.npz,mp,gaps_and_forest,U,mp_gaps_and_forest,hard,hard,0,,mp:train
train,sample_001348.npz,/home/zzy/TrajectoryPlanning/distill/data/benchmark/mp/train/sample_003208.npz,mp,gaps_and_forest,U,mp_gaps_and_forest,hard,hard,0,,mp:train
train,sample_001349.npz,/home/zzy/TrajectoryPlanning/distill/data/benchmark/mp/train/sample_003211.npz,mp,gaps_and_forest,U,mp_gaps_and_forest,hard,hard,0,,mp:train
train,sample_001350.npz,/home/zzy/TrajectoryPlanning/distill/data/benchmark/mp/train/sample_003215.npz,mp,gaps_and_forest,U,mp_gaps_and_forest,hard,hard,0,,mp:train
train,sample_001351.npz,/home/zzy/TrajectoryPlanning/distill/data/benchmark/mp/train/sample_003220.npz,mp,gaps_and_forest,U,mp_gaps_and_forest,hard,hard,0,,mp:train
train,sample_001352.npz,/home/zzy/TrajectoryPlanning/distill/data/benchmark/mp/train/sample_003224.npz,mp,gaps_and_forest,U,mp_gaps_and_forest,hard,hard,0,,mp:train
train,sample_001353.npz,/home/zzy/TrajectoryPlanning/distill/data/benchmark/mp/train/sample_003226.npz,mp,gaps_and_forest,U,mp_gaps_and_forest,hard,hard,0,,mp:train
train,sample_001354.npz,/home/zzy/TrajectoryPlanning/distill/data/benchmark/mp/train/sample_003227.npz,mp,gaps_and_forest,U,mp_gaps_and_forest,hard,hard,0,,mp:train
train,sample_001355.npz,/home/zzy/TrajectoryPlanning/distill/data/benchmark/mp/train/sample_003228.npz,mp,gaps_and_forest,U,mp_gaps_and_forest,hard,hard,0,,mp:train
train,sample_001356.npz,/home/zzy/TrajectoryPlanning/distill/data/benchmark/mp/train/sample_003229.npz,mp,gaps_and_forest,U,mp_gaps_and_forest,hard,hard,0,,mp:train
train,sample_001357.npz,/home/zzy/TrajectoryPlanning/distill/data/benchmark/mp/train/sample_003232.npz,mp,gaps_and_forest,U,mp_gaps_and_forest,hard,hard,0,,mp:train
train,sample_001358.npz,/home/zzy/TrajectoryPlanning/distill/data/benchmark/mp/train/sample_003235.npz,mp,gaps_and_forest,U,mp_gaps_and_forest,hard,hard,0,,mp:train
train,sample_001359.npz,/home/zzy/TrajectoryPlanning/distill/data/benchmark/mp/train/sample_003239.npz,mp,gaps_and_forest,U,mp_gaps_and_forest,hard,hard,0,,mp:train
train,sample_001360.npz,/home/zzy/TrajectoryPlanning/distill/data/benchmark/mp/train/sample_003241.npz,mp,gaps_and_forest,U,mp_gaps_and_forest,hard,hard,0,,mp:train
train,sample_001361.npz,/home/zzy/TrajectoryPlanning/distill/data/benchmark/mp/train/sample_003242.npz,mp,gaps_and_forest,U,mp_gaps_and_forest,hard,hard,0,,mp:train
train,sample_001362.npz,/home/zzy/TrajectoryPlanning/distill/data/benchmark/mp/train/sample_003245.npz,mp,gaps_and_forest,U,mp_gaps_and_forest,hard,hard,0,,mp:train
train,sample_001363.npz,/home/zzy/TrajectoryPlanning/distill/data/benchmark/mp/train/sample_003247.npz,mp,gaps_and_forest,U,mp_gaps_and_forest,hard,hard,0,,mp:train
train,sample_001364.npz,/home/zzy/TrajectoryPlanning/distill/data/benchmark/mp/train/sample_003248.npz,mp,gaps_and_forest,U,mp_gaps_and_forest,hard,hard,0,,mp:train
train,sample_001365.npz,/home/zzy/TrajectoryPlanning/distill/data/benchmark/mp/train/sample_003249.npz,mp,gaps_and_forest,U,mp_gaps_and_forest,hard,hard,0,,mp:train
train,sample_001366.npz,/home/zzy/TrajectoryPlanning/distill/data/benchmark/mp/train/sample_003250.npz,mp,gaps_and_forest,U,mp_gaps_and_forest,hard,hard,0,,mp:train
train,sample_001367.npz,/home/zzy/TrajectoryPlanning/distill/data/benchmark/mp/train/sample_003252.npz,mp,gaps_and_forest,U,mp_gaps_and_forest,hard,hard,0,,mp:train
train,sample_001368.npz,/home/zzy/TrajectoryPlanning/distill/data/benchmark/mp/train/sample_003253.npz,mp,gaps_and_forest,U,mp_gaps_and_forest,hard,hard,0,,mp:train
train,sample_001369.npz,/home/zzy/TrajectoryPlanning/distill/data/benchmark/mp/train/sample_003256.npz,mp,gaps_and_forest,U,mp_gaps_and_forest,hard,hard,0,,mp:train
train,sample_001370.npz,/home/zzy/TrajectoryPlanning/distill/data/benchmark/mp/train/sample_003262.npz,mp,gaps_and_forest,U,mp_gaps_and_forest,hard,hard,0,,mp:train
train,sample_001371.npz,/home/zzy/TrajectoryPlanning/distill/data/benchmark/mp/train/sample_003263.npz,mp,gaps_and_forest,U,mp_gaps_and_forest,hard,hard,0,,mp:train
train,sample_001372.npz,/home/zzy/TrajectoryPlanning/distill/data/benchmark/mp/train/sample_003264.npz,mp,gaps_and_forest,U,mp_gaps_and_forest,hard,hard,0,,mp:train
train,sample_001373.npz,/home/zzy/TrajectoryPlanning/distill/data/benchmark/mp/train/sample_003265.npz,mp,gaps_and_forest,U,mp_gaps_and_forest,hard,hard,0,,mp:train
train,sample_001374.npz,/home/zzy/TrajectoryPlanning/distill/data/benchmark/mp/train/sample_003266.npz,mp,gaps_and_forest,U,mp_gaps_and_forest,hard,hard,0,,mp:train
train,sample_001375.npz,/home/zzy/TrajectoryPlanning/distill/data/benchmark/mp/train/sample_003267.npz,mp,gaps_and_forest,U,mp_gaps_and_forest,hard,hard,0,,mp:train
train,sample_001376.npz,/home/zzy/TrajectoryPlanning/distill/data/benchmark/mp/train/sample_003274.npz,mp,gaps_and_forest,U,mp_gaps_and_forest,hard,hard,0,,mp:train
train,sample_001377.npz,/home/zzy/TrajectoryPlanning/distill/data/benchmark/mp/train/sample_003275.npz,mp,gaps_and_forest,U,mp_gaps_and_forest,hard,hard,0,,mp:train
train,sample_001378.npz,/home/zzy/TrajectoryPlanning/distill/data/benchmark/mp/train/sample_003276.npz,mp,gaps_and_forest,U,mp_gaps_and_forest,hard,hard,0,,mp:train
train,sample_001379.npz,/home/zzy/TrajectoryPlanning/distill/data/benchmark/mp/train/sample_003279.npz,mp,gaps_and_forest,U,mp_gaps_and_forest,hard,hard,0,,mp:train
train,sample_001380.npz,/home/zzy/TrajectoryPlanning/distill/data/benchmark/mp/train/sample_003280.npz,mp,gaps_and_forest,U,mp_gaps_and_forest,hard,hard,0,,mp:train
train,sample_001381.npz,/home/zzy/TrajectoryPlanning/distill/data/benchmark/mp/train/sample_003283.npz,mp,gaps_and_forest,U,mp_gaps_and_forest,hard,hard,0,,mp:train
train,sample_001382.npz,/home/zzy/TrajectoryPlanning/distill/data/benchmark/mp/train/sample_003289.npz,mp,gaps_and_forest,U,mp_gaps_and_forest,hard,hard,0,,mp:train
train,sample_001383.npz,/home/zzy/TrajectoryPlanning/distill/data/benchmark/mp/train/sample_003290.npz,mp,gaps_and_forest,U,mp_gaps_and_forest,hard,hard,0,,mp:train
train,sample_001384.npz,/home/zzy/TrajectoryPlanning/distill/data/benchmark/mp/train/sample_003292.npz,mp,gaps_and_forest,U,mp_gaps_and_forest,hard,hard,0,,mp:train
train,sample_001385.npz,/home/zzy/TrajectoryPlanning/distill/data/benchmark/mp/train/sample_003293.npz,mp,gaps_and_forest,U,mp_gaps_and_forest,hard,hard,0,,mp:train
train,sample_001386.npz,/home/zzy/TrajectoryPlanning/distill/data/benchmark/mp/train/sample_003295.npz,mp,gaps_and_forest,U,mp_gaps_and_forest,hard,hard,0,,mp:train
train,sample_001387.npz,/home/zzy/TrajectoryPlanning/distill/data/benchmark/mp/train/sample_003298.npz,mp,gaps_and_forest,U,mp_gaps_and_forest,hard,hard,0,,mp:train
train,sample_001388.npz,/home/zzy/TrajectoryPlanning/distill/data/benchmark/mp/train/sample_003299.npz,mp,gaps_and_forest,U,mp_gaps_and_forest,hard,hard,0,,mp:train
train,sample_001389.npz,/home/zzy/TrajectoryPlanning/distill/data/benchmark/mp/train/sample_003300.npz,mp,gaps_and_forest,U,mp_gaps_and_forest,hard,hard,0,,mp:train
train,sample_001390.npz,/home/zzy/TrajectoryPlanning/distill/data/benchmark/mp/train/sample_003301.npz,mp,gaps_and_forest,U,mp_gaps_and_forest,hard,hard,0,,mp:train
train,sample_001391.npz,/home/zzy/TrajectoryPlanning/distill/data/benchmark/mp/train/sample_003302.npz,mp,gaps_and_forest,U,mp_gaps_and_forest,hard,hard,0,,mp:train
train,sample_001392.npz,/home/zzy/TrajectoryPlanning/distill/data/benchmark/mp/train/sample_003303.npz,mp,gaps_and_forest,U,mp_gaps_and_forest,hard,hard,0,,mp:train
train,sample_001393.npz,/home/zzy/TrajectoryPlanning/distill/data/benchmark/mp/train/sample_003306.npz,mp,gaps_and_forest,U,mp_gaps_and_forest,hard,hard,0,,mp:train
train,sample_001394.npz,/home/zzy/TrajectoryPlanning/distill/data/benchmark/mp/train/sample_003307.npz,mp,gaps_and_forest,U,mp_gaps_and_forest,hard,hard,0,,mp:train
train,sample_001395.npz,/home/zzy/TrajectoryPlanning/distill/data/benchmark/mp/train/sample_003308.npz,mp,gaps_and_forest,U,mp_gaps_and_forest,hard,hard,0,,mp:train
train,sample_001396.npz,/home/zzy/TrajectoryPlanning/distill/data/benchmark/mp/train/sample_003309.npz,mp,gaps_and_forest,U,mp_gaps_and_forest,hard,hard,0,,mp:train
train,sample_001397.npz,/home/zzy/TrajectoryPlanning/distill/data/benchmark/mp/train/sample_003310.npz,mp,gaps_and_forest,U,mp_gaps_and_forest,hard,hard,0,,mp:train
train,sample_001398.npz,/home/zzy/TrajectoryPlanning/distill/data/benchmark/mp/train/sample_003311.npz,mp,gaps_and_forest,U,mp_gaps_and_forest,hard,hard,0,,mp:train
train,sample_001399.npz,/home/zzy/TrajectoryPlanning/distill/data/benchmark/mp/train/sample_003312.npz,mp,gaps_and_forest,U,mp_gaps_and_forest,hard,hard,0,,mp:train
train,sample_001400.npz,/home/zzy/TrajectoryPlanning/distill/data/benchmark/mp/train/sample_003313.npz,mp,gaps_and_forest,U,mp_gaps_and_forest,hard,hard,0,,mp:train
train,sample_001401.npz,/home/zzy/TrajectoryPlanning/distill/data/benchmark/mp/train/sample_003314.npz,mp,gaps_and_forest,U,mp_gaps_and_forest,hard,hard,0,,mp:train
train,sample_001402.npz,/home/zzy/TrajectoryPlanning/distill/data/benchmark/mp/train/sample_003318.npz,mp,gaps_and_forest,U,mp_gaps_and_forest,hard,hard,0,,mp:train
train,sample_001403.npz,/home/zzy/TrajectoryPlanning/distill/data/benchmark/mp/train/sample_003320.npz,mp,gaps_and_forest,U,mp_gaps_and_forest,hard,hard,0,,mp:train
train,sample_001404.npz,/home/zzy/TrajectoryPlanning/distill/data/benchmark/mp/train/sample_003321.npz,mp,gaps_and_forest,U,mp_gaps_and_forest,hard,hard,0,,mp:train
train,sample_001405.npz,/home/zzy/TrajectoryPlanning/distill/data/benchmark/mp/train/sample_003323.npz,mp,gaps_and_forest,U,mp_gaps_and_forest,hard,hard,0,,mp:train
train,sample_001406.npz,/home/zzy/TrajectoryPlanning/distill/data/benchmark/mp/train/sample_003324.npz,mp,gaps_and_forest,U,mp_gaps_and_forest,hard,hard,0,,mp:train
train,sample_001407.npz,/home/zzy/TrajectoryPlanning/distill/data/benchmark/mp/train/sample_003326.npz,mp,gaps_and_forest,U,mp_gaps_and_forest,hard,hard,0,,mp:train
train,sample_001408.npz,/home/zzy/TrajectoryPlanning/distill/data/benchmark/mp/train/sample_003329.npz,mp,gaps_and_forest,U,mp_gaps_and_forest,hard,hard,0,,mp:train
train,sample_001409.npz,/home/zzy/TrajectoryPlanning/distill/data/benchmark/mp/train/sample_003330.npz,mp,gaps_and_forest,U,mp_gaps_and_forest,hard,hard,0,,mp:train
train,sample_001410.npz,/home/zzy/TrajectoryPlanning/distill/data/benchmark/mp/train/sample_003332.npz,mp,gaps_and_forest,U,mp_gaps_and_forest,hard,hard,0,,mp:train
train,sample_001411.npz,/home/zzy/TrajectoryPlanning/distill/data/benchmark/mp/train/sample_003335.npz,mp,gaps_and_forest,U,mp_gaps_and_forest,hard,hard,0,,mp:train
train,sample_001412.npz,/home/zzy/TrajectoryPlanning/distill/data/benchmark/mp/train/sample_003336.npz,mp,gaps_and_forest,U,mp_gaps_and_forest,hard,hard,0,,mp:train
train,sample_001413.npz,/home/zzy/TrajectoryPlanning/distill/data/benchmark/mp/train/sample_003339.npz,mp,gaps_and_forest,U,mp_gaps_and_forest,hard,hard,0,,mp:train
train,sample_001414.npz,/home/zzy/TrajectoryPlanning/distill/data/benchmark/mp/train/sample_003340.npz,mp,gaps_and_forest,U,mp_gaps_and_forest,hard,hard,0,,mp:train
train,sample_001415.npz,/home/zzy/TrajectoryPlanning/distill/data/benchmark/mp/train/sample_003341.npz,mp,gaps_and_forest,U,mp_gaps_and_forest,hard,hard,0,,mp:train
train,sample_001416.npz,/home/zzy/TrajectoryPlanning/distill/data/benchmark/mp/train/sample_003344.npz,mp,gaps_and_forest,U,mp_gaps_and_forest,hard,hard,0,,mp:train
train,sample_001417.npz,/home/zzy/TrajectoryPlanning/distill/data/benchmark/mp/train/sample_003351.npz,mp,gaps_and_forest,U,mp_gaps_and_forest,hard,hard,0,,mp:train
train,sample_001418.npz,/home/zzy/TrajectoryPlanning/distill/data/benchmark/mp/train/sample_003352.npz,mp,gaps_and_forest,U,mp_gaps_and_forest,hard,hard,0,,mp:train
train,sample_001419.npz,/home/zzy/TrajectoryPlanning/distill/data/benchmark/mp/train/sample_003353.npz,mp,gaps_and_forest,U,mp_gaps_and_forest,hard,hard,0,,mp:train
train,sample_001420.npz,/home/zzy/TrajectoryPlanning/distill/data/benchmark/mp/train/sample_003354.npz,mp,gaps_and_forest,U,mp_gaps_and_forest,hard,hard,0,,mp:train
train,sample_001421.npz,/home/zzy/TrajectoryPlanning/distill/data/benchmark/mp/train/sample_003355.npz,mp,gaps_and_forest,U,mp_gaps_and_forest,hard,hard,0,,mp:train
train,sample_001422.npz,/home/zzy/TrajectoryPlanning/distill/data/benchmark/mp/train/sample_003357.npz,mp,gaps_and_forest,U,mp_gaps_and_forest,hard,hard,0,,mp:train
train,sample_001423.npz,/home/zzy/TrajectoryPlanning/distill/data/benchmark/mp/train/sample_003358.npz,mp,gaps_and_forest,U,mp_gaps_and_forest,hard,hard,0,,mp:train
train,sample_001424.npz,/home/zzy/TrajectoryPlanning/distill/data/benchmark/mp/train/sample_003362.npz,mp,gaps_and_forest,U,mp_gaps_and_forest,hard,hard,0,,mp:train
train,sample_001425.npz,/home/zzy/TrajectoryPlanning/distill/data/benchmark/mp/train/sample_003363.npz,mp,gaps_and_forest,U,mp_gaps_and_forest,hard,hard,0,,mp:train
train,sample_001426.npz,/home/zzy/TrajectoryPlanning/distill/data/benchmark/mp/train/sample_003364.npz,mp,gaps_and_forest,U,mp_gaps_and_forest,hard,hard,0,,mp:train
train,sample_001427.npz,/home/zzy/TrajectoryPlanning/distill/data/benchmark/mp/train/sample_003370.npz,mp,gaps_and_forest,U,mp_gaps_and_forest,hard,hard,0,,mp:train
train,sample_001428.npz,/home/zzy/TrajectoryPlanning/distill/data/benchmark/mp/train/sample_003372.npz,mp,gaps_and_forest,U,mp_gaps_and_forest,hard,hard,0,,mp:train
train,sample_001429.npz,/home/zzy/TrajectoryPlanning/distill/data/benchmark/mp/train/sample_003373.npz,mp,gaps_and_forest,U,mp_gaps_and_forest,hard,hard,0,,mp:train
train,sample_001430.npz,/home/zzy/TrajectoryPlanning/distill/data/benchmark/mp/train/sample_003376.npz,mp,gaps_and_forest,U,mp_gaps_and_forest,hard,hard,0,,mp:train
train,sample_001431.npz,/home/zzy/TrajectoryPlanning/distill/data/benchmark/mp/train/sample_003377.npz,mp,gaps_and_forest,U,mp_gaps_and_forest,hard,hard,0,,mp:train
train,sample_001432.npz,/home/zzy/TrajectoryPlanning/distill/data/benchmark/mp/train/sample_003378.npz,mp,gaps_and_forest,U,mp_gaps_and_forest,hard,hard,0,,mp:train
train,sample_001433.npz,/home/zzy/TrajectoryPlanning/distill/data/benchmark/mp/train/sample_003379.npz,mp,gaps_and_forest,U,mp_gaps_and_forest,hard,hard,0,,mp:train
train,sample_001434.npz,/home/zzy/TrajectoryPlanning/distill/data/benchmark/mp/train/sample_003380.npz,mp,gaps_and_forest,U,mp_gaps_and_forest,hard,hard,0,,mp:train
train,sample_001435.npz,/home/zzy/TrajectoryPlanning/distill/data/benchmark/mp/train/sample_003381.npz,mp,gaps_and_forest,U,mp_gaps_and_forest,hard,hard,0,,mp:train
train,sample_001436.npz,/home/zzy/TrajectoryPlanning/distill/data/benchmark/mp/train/sample_003384.npz,mp,gaps_and_forest,U,mp_gaps_and_forest,hard,hard,0,,mp:train
train,sample_001437.npz,/home/zzy/TrajectoryPlanning/distill/data/benchmark/mp/train/sample_003389.npz,mp,gaps_and_forest,U,mp_gaps_and_forest,hard,hard,0,,mp:train
train,sample_001438.npz,/home/zzy/TrajectoryPlanning/distill/data/benchmark/mp/train/sample_003391.npz,mp,gaps_and_forest,U,mp_gaps_and_forest,hard,hard,0,,mp:train
train,sample_001439.npz,/home/zzy/TrajectoryPlanning/distill/data/benchmark/mp/train/sample_003395.npz,mp,gaps_and_forest,U,mp_gaps_and_forest,hard,hard,0,,mp:train
train,sample_001440.npz,/home/zzy/TrajectoryPlanning/distill/data/benchmark/mp/train/sample_003396.npz,mp,gaps_and_forest,U,mp_gaps_and_forest,hard,hard,0,,mp:train
train,sample_001441.npz,/home/zzy/TrajectoryPlanning/distill/data/benchmark/mp/train/sample_003401.npz,mp,gaps_and_forest,U,mp_gaps_and_forest,hard,hard,0,,mp:train
train,sample_001442.npz,/home/zzy/TrajectoryPlanning/distill/data/benchmark/mp/train/sample_003404.npz,mp,gaps_and_forest,U,mp_gaps_and_forest,hard,hard,0,,mp:train
train,sample_001443.npz,/home/zzy/TrajectoryPlanning/distill/data/benchmark/mp/train/sample_003405.npz,mp,gaps_and_forest,U,mp_gaps_and_forest,hard,hard,0,,mp:train
train,sample_001444.npz,/home/zzy/TrajectoryPlanning/distill/data/benchmark/mp/train/sample_003407.npz,mp,gaps_and_forest,U,mp_gaps_and_forest,hard,hard,0,,mp:train
train,sample_001445.npz,/home/zzy/TrajectoryPlanning/distill/data/benchmark/mp/train/sample_003408.npz,mp,gaps_and_forest,U,mp_gaps_and_forest,hard,hard,0,,mp:train
train,sample_001446.npz,/home/zzy/TrajectoryPlanning/distill/data/benchmark/mp/train/sample_003412.npz,mp,gaps_and_forest,U,mp_gaps_and_forest,hard,hard,0,,mp:train
train,sample_001447.npz,/home/zzy/TrajectoryPlanning/distill/data/benchmark/mp/train/sample_003416.npz,mp,gaps_and_forest,U,mp_gaps_and_forest,hard,hard,0,,mp:train
train,sample_001448.npz,/home/zzy/TrajectoryPlanning/distill/data/benchmark/mp/train/sample_003417.npz,mp,gaps_and_forest,U,mp_gaps_and_forest,hard,hard,0,,mp:train
train,sample_001449.npz,/home/zzy/TrajectoryPlanning/distill/data/benchmark/mp/train/sample_003420.npz,mp,gaps_and_forest,U,mp_gaps_and_forest,hard,hard,0,,mp:train
train,sample_001450.npz,/home/zzy/TrajectoryPlanning/distill/data/benchmark/mp/train/sample_003422.npz,mp,gaps_and_forest,U,mp_gaps_and_forest,hard,hard,0,,mp:train
train,sample_001451.npz,/home/zzy/TrajectoryPlanning/distill/data/benchmark/mp/train/sample_003424.npz,mp,gaps_and_forest,U,mp_gaps_and_forest,hard,hard,0,,mp:train
train,sample_001452.npz,/home/zzy/TrajectoryPlanning/distill/data/benchmark/mp/train/sample_003425.npz,mp,gaps_and_forest,U,mp_gaps_and_forest,hard,hard,0,,mp:train
train,sample_001453.npz,/home/zzy/TrajectoryPlanning/distill/data/benchmark/mp/train/sample_003426.npz,mp,gaps_and_forest,U,mp_gaps_and_forest,hard,hard,0,,mp:train
train,sample_001454.npz,/home/zzy/TrajectoryPlanning/distill/data/benchmark/mp/train/sample_003427.npz,mp,gaps_and_forest,U,mp_gaps_and_forest,hard,hard,0,,mp:train
train,sample_001455.npz,/home/zzy/TrajectoryPlanning/distill/data/benchmark/mp/train/sample_003429.npz,mp,gaps_and_forest,U,mp_gaps_and_forest,hard,hard,0,,mp:train
train,sample_001456.npz,/home/zzy/TrajectoryPlanning/distill/data/benchmark/mp/train/sample_003430.npz,mp,gaps_and_forest,U,mp_gaps_and_forest,hard,hard,0,,mp:train
train,sample_001457.npz,/home/zzy/TrajectoryPlanning/distill/data/benchmark/mp/train/sample_003433.npz,mp,gaps_and_forest,U,mp_gaps_and_forest,hard,hard,0,,mp:train
train,sample_001458.npz,/home/zzy/TrajectoryPlanning/distill/data/benchmark/mp/train/sample_003437.npz,mp,gaps_and_forest,U,mp_gaps_and_forest,hard,hard,0,,mp:train
train,sample_001459.npz,/home/zzy/TrajectoryPlanning/distill/data/benchmark/mp/train/sample_003442.npz,mp,gaps_and_forest,U,mp_gaps_and_forest,hard,hard,0,,mp:train
train,sample_001460.npz,/home/zzy/TrajectoryPlanning/distill/data/benchmark/mp/train/sample_003443.npz,mp,gaps_and_forest,U,mp_gaps_and_forest,hard,hard,0,,mp:train
train,sample_001461.npz,/home/zzy/TrajectoryPlanning/distill/data/benchmark/mp/train/sample_003444.npz,mp,gaps_and_forest,U,mp_gaps_and_forest,hard,hard,0,,mp:train
train,sample_001462.npz,/home/zzy/TrajectoryPlanning/distill/data/benchmark/mp/train/sample_003445.npz,mp,gaps_and_forest,U,mp_gaps_and_forest,hard,hard,0,,mp:train
train,sample_001463.npz,/home/zzy/TrajectoryPlanning/distill/data/benchmark/mp/train/sample_003446.npz,mp,gaps_and_forest,U,mp_gaps_and_forest,hard,hard,0,,mp:train
train,sample_001464.npz,/home/zzy/TrajectoryPlanning/distill/data/benchmark/mp/train/sample_003449.npz,mp,gaps_and_forest,U,mp_gaps_and_forest,hard,hard,0,,mp:train
train,sample_001465.npz,/home/zzy/TrajectoryPlanning/distill/data/benchmark/mp/train/sample_003450.npz,mp,gaps_and_forest,U,mp_gaps_and_forest,hard,hard,0,,mp:train
train,sample_001466.npz,/home/zzy/TrajectoryPlanning/distill/data/benchmark/mp/train/sample_003451.npz,mp,gaps_and_forest,U,mp_gaps_and_forest,hard,hard,0,,mp:train
train,sample_001467.npz,/home/zzy/TrajectoryPlanning/distill/data/benchmark/mp/train/sample_003452.npz,mp,gaps_and_forest,U,mp_gaps_and_forest,hard,hard,0,,mp:train
train,sample_001468.npz,/home/zzy/TrajectoryPlanning/distill/data/benchmark/mp/train/sample_003457.npz,mp,gaps_and_forest,U,mp_gaps_and_forest,hard,hard,0,,mp:train
train,sample_001469.npz,/home/zzy/TrajectoryPlanning/distill/data/benchmark/mp/train/sample_003460.npz,mp,gaps_and_forest,U,mp_gaps_and_forest,hard,hard,0,,mp:train
train,sample_001470.npz,/home/zzy/TrajectoryPlanning/distill/data/benchmark/mp/train/sample_003462.npz,mp,gaps_and_forest,U,mp_gaps_and_forest,hard,hard,0,,mp:train
train,sample_001471.npz,/home/zzy/TrajectoryPlanning/distill/data/benchmark/mp/train/sample_003463.npz,mp,gaps_and_forest,U,mp_gaps_and_forest,hard,hard,0,,mp:train
train,sample_001472.npz,/home/zzy/TrajectoryPlanning/distill/data/benchmark/mp/train/sample_003465.npz,mp,gaps_and_forest,U,mp_gaps_and_forest,hard,hard,0,,mp:train
train,sample_001473.npz,/home/zzy/TrajectoryPlanning/distill/data/benchmark/mp/train/sample_003466.npz,mp,gaps_and_forest,U,mp_gaps_and_forest,hard,hard,0,,mp:train
train,sample_001474.npz,/home/zzy/TrajectoryPlanning/distill/data/benchmark/mp/train/sample_003472.npz,mp,gaps_and_forest,U,mp_gaps_and_forest,hard,hard,0,,mp:train
train,sample_001475.npz,/home/zzy/TrajectoryPlanning/distill/data/benchmark/mp/train/sample_003473.npz,mp,gaps_and_forest,U,mp_gaps_and_forest,hard,hard,0,,mp:train
train,sample_001476.npz,/home/zzy/TrajectoryPlanning/distill/data/benchmark/mp/train/sample_003474.npz,mp,gaps_and_forest,U,mp_gaps_and_forest,hard,hard,0,,mp:train
train,sample_001477.npz,/home/zzy/TrajectoryPlanning/distill/data/benchmark/mp/train/sample_003475.npz,mp,gaps_and_forest,U,mp_gaps_and_forest,hard,hard,0,,mp:train
train,sample_001478.npz,/home/zzy/TrajectoryPlanning/distill/data/benchmark/mp/train/sample_003477.npz,mp,gaps_and_forest,U,mp_gaps_and_forest,hard,hard,0,,mp:train
train,sample_001479.npz,/home/zzy/TrajectoryPlanning/distill/data/benchmark/mp/train/sample_003478.npz,mp,gaps_and_forest,U,mp_gaps_and_forest,hard,hard,0,,mp:train
train,sample_001480.npz,/home/zzy/TrajectoryPlanning/distill/data/benchmark/mp/train/sample_003482.npz,mp,gaps_and_forest,U,mp_gaps_and_forest,hard,hard,0,,mp:train
train,sample_001481.npz,/home/zzy/TrajectoryPlanning/distill/data/benchmark/mp/train/sample_003484.npz,mp,gaps_and_forest,U,mp_gaps_and_forest,hard,hard,0,,mp:train
train,sample_001482.npz,/home/zzy/TrajectoryPlanning/distill/data/benchmark/mp/train/sample_003493.npz,mp,gaps_and_forest,U,mp_gaps_and_forest,hard,hard,0,,mp:train
train,sample_001483.npz,/home/zzy/TrajectoryPlanning/distill/data/benchmark/mp/train/sample_003495.npz,mp,gaps_and_forest,U,mp_gaps_and_forest,hard,hard,0,,mp:train
train,sample_001484.npz,/home/zzy/TrajectoryPlanning/distill/data/benchmark/mp/train/sample_003496.npz,mp,gaps_and_forest,U,mp_gaps_and_forest,hard,hard,0,,mp:train
train,sample_001485.npz,/home/zzy/TrajectoryPlanning/distill/data/benchmark/mp/train/sample_003498.npz,mp,gaps_and_forest,U,mp_gaps_and_forest,hard,hard,0,,mp:train
train,sample_001486.npz,/home/zzy/TrajectoryPlanning/distill/data/benchmark/mp/train/sample_003499.npz,mp,gaps_and_forest,U,mp_gaps_and_forest,hard,hard,0,,mp:train
train,sample_001487.npz,/home/zzy/TrajectoryPlanning/distill/data/benchmark/mp/train/sample_003500.npz,mp,gaps_and_forest,U,mp_gaps_and_forest,hard,hard,0,,mp:train
train,sample_001488.npz,/home/zzy/TrajectoryPlanning/distill/data/benchmark/mp/train/sample_003501.npz,mp,gaps_and_forest,U,mp_gaps_and_forest,hard,hard,0,,mp:train
train,sample_001489.npz,/home/zzy/TrajectoryPlanning/distill/data/benchmark/mp/train/sample_003503.npz,mp,gaps_and_forest,U,mp_gaps_and_forest,hard,hard,0,,mp:train
train,sample_001490.npz,/home/zzy/TrajectoryPlanning/distill/data/benchmark/mp/train/sample_003508.npz,mp,gaps_and_forest,U,mp_gaps_and_forest,hard,hard,0,,mp:train
train,sample_001491.npz,/home/zzy/TrajectoryPlanning/distill/data/benchmark/mp/train/sample_003511.npz,mp,gaps_and_forest,U,mp_gaps_and_forest,hard,hard,0,,mp:train
train,sample_001492.npz,/home/zzy/TrajectoryPlanning/distill/data/benchmark/mp/train/sample_003513.npz,mp,gaps_and_forest,U,mp_gaps_and_forest,hard,hard,0,,mp:train
train,sample_001493.npz,/home/zzy/TrajectoryPlanning/distill/data/benchmark/mp/train/sample_003518.npz,mp,gaps_and_forest,U,mp_gaps_and_forest,hard,hard,0,,mp:train
train,sample_001494.npz,/home/zzy/TrajectoryPlanning/distill/data/benchmark/mp/train/sample_003519.npz,mp,gaps_and_forest,U,mp_gaps_and_forest,hard,hard,0,,mp:train
train,sample_001495.npz,/home/zzy/TrajectoryPlanning/distill/data/benchmark/mp/train/sample_003521.npz,mp,gaps_and_forest,U,mp_gaps_and_forest,hard,hard,0,,mp:train
train,sample_001496.npz,/home/zzy/TrajectoryPlanning/distill/data/benchmark/mp/train/sample_003522.npz,mp,gaps_and_forest,U,mp_gaps_and_forest,hard,hard,0,,mp:train
train,sample_001497.npz,/home/zzy/TrajectoryPlanning/distill/data/benchmark/mp/train/sample_003524.npz,mp,gaps_and_forest,U,mp_gaps_and_forest,hard,hard,0,,mp:train
train,sample_001498.npz,/home/zzy/TrajectoryPlanning/distill/data/benchmark/mp/train/sample_003530.npz,mp,gaps_and_forest,U,mp_gaps_and_forest,hard,hard,0,,mp:train
train,sample_001499.npz,/home/zzy/TrajectoryPlanning/distill/data/benchmark/mp/train/sample_003532.npz,mp,gaps_and_forest,U,mp_gaps_and_forest,hard,hard,0,,mp:train
train,sample_001500.npz,/home/zzy/TrajectoryPlanning/distill/data/benchmark/mp/train/sample_003533.npz,mp,gaps_and_forest,U,mp_gaps_and_forest,hard,hard,0,,mp:train
train,sample_001501.npz,/home/zzy/TrajectoryPlanning/distill/data/benchmark/mp/train/sample_003534.npz,mp,gaps_and_forest,U,mp_gaps_and_forest,hard,hard,0,,mp:train
train,sample_001502.npz,/home/zzy/TrajectoryPlanning/distill/data/benchmark/mp/train/sample_003536.npz,mp,gaps_and_forest,U,mp_gaps_and_forest,hard,hard,0,,mp:train
train,sample_001503.npz,/home/zzy/TrajectoryPlanning/distill/data/benchmark/mp/train/sample_003538.npz,mp,gaps_and_forest,U,mp_gaps_and_forest,hard,hard,0,,mp:train
train,sample_001504.npz,/home/zzy/TrajectoryPlanning/distill/data/benchmark/mp/train/sample_003541.npz,mp,gaps_and_forest,U,mp_gaps_and_forest,hard,hard,0,,mp:train
train,sample_001505.npz,/home/zzy/TrajectoryPlanning/distill/data/benchmark/mp/train/sample_003544.npz,mp,gaps_and_forest,U,mp_gaps_and_forest,hard,hard,0,,mp:train
train,sample_001506.npz,/home/zzy/TrajectoryPlanning/distill/data/benchmark/mp/train/sample_003547.npz,mp,gaps_and_forest,U,mp_gaps_and_forest,hard,hard,0,,mp:train
train,sample_001507.npz,/home/zzy/TrajectoryPlanning/distill/data/benchmark/mp/train/sample_003548.npz,mp,gaps_and_forest,U,mp_gaps_and_forest,hard,hard,0,,mp:train
train,sample_001508.npz,/home/zzy/TrajectoryPlanning/distill/data/benchmark/mp/train/sample_003550.npz,mp,gaps_and_forest,U,mp_gaps_and_forest,hard,hard,0,,mp:train
train,sample_001509.npz,/home/zzy/TrajectoryPlanning/distill/data/benchmark/mp/train/sample_003553.npz,mp,gaps_and_forest,U,mp_gaps_and_forest,hard,hard,0,,mp:train
train,sample_001510.npz,/home/zzy/TrajectoryPlanning/distill/data/benchmark/mp/train/sample_003559.npz,mp,gaps_and_forest,U,mp_gaps_and_forest,hard,hard,0,,mp:train
train,sample_001511.npz,/home/zzy/TrajectoryPlanning/distill/data/benchmark/mp/train/sample_003560.npz,mp,gaps_and_forest,U,mp_gaps_and_forest,hard,hard,0,,mp:train
train,sample_001512.npz,/home/zzy/TrajectoryPlanning/distill/data/benchmark/mp/train/sample_003561.npz,mp,gaps_and_forest,U,mp_gaps_and_forest,hard,hard,0,,mp:train
train,sample_001513.npz,/home/zzy/TrajectoryPlanning/distill/data/benchmark/mp/train/sample_003563.npz,mp,gaps_and_forest,U,mp_gaps_and_forest,hard,hard,0,,mp:train
train,sample_001514.npz,/home/zzy/TrajectoryPlanning/distill/data/benchmark/mp/train/sample_003565.npz,mp,gaps_and_forest,U,mp_gaps_and_forest,hard,hard,0,,mp:train
train,sample_001515.npz,/home/zzy/TrajectoryPlanning/distill/data/benchmark/mp/train/sample_003568.npz,mp,gaps_and_forest,U,mp_gaps_and_forest,hard,hard,0,,mp:train
train,sample_001516.npz,/home/zzy/TrajectoryPlanning/distill/data/benchmark/mp/train/sample_003571.npz,mp,gaps_and_forest,U,mp_gaps_and_forest,hard,hard,0,,mp:train
train,sample_001517.npz,/home/zzy/TrajectoryPlanning/distill/data/benchmark/mp/train/sample_003572.npz,mp,gaps_and_forest,U,mp_gaps_and_forest,hard,hard,0,,mp:train
train,sample_001518.npz,/home/zzy/TrajectoryPlanning/distill/data/benchmark/mp/train/sample_003573.npz,mp,gaps_and_forest,U,mp_gaps_and_forest,hard,hard,0,,mp:train
train,sample_001519.npz,/home/zzy/TrajectoryPlanning/distill/data/benchmark/mp/train/sample_003574.npz,mp,gaps_and_forest,U,mp_gaps_and_forest,hard,hard,0,,mp:train
train,sample_001520.npz,/home/zzy/TrajectoryPlanning/distill/data/benchmark/mp/train/sample_003577.npz,mp,gaps_and_forest,U,mp_gaps_and_forest,hard,hard,0,,mp:train
train,sample_001521.npz,/home/zzy/TrajectoryPlanning/distill/data/benchmark/mp/train/sample_003580.npz,mp,gaps_and_forest,U,mp_gaps_and_forest,hard,hard,0,,mp:train
train,sample_001522.npz,/home/zzy/TrajectoryPlanning/distill/data/benchmark/mp/train/sample_003581.npz,mp,gaps_and_forest,U,mp_gaps_and_forest,hard,hard,0,,mp:train
train,sample_001523.npz,/home/zzy/TrajectoryPlanning/distill/data/benchmark/mp/train/sample_003585.npz,mp,gaps_and_forest,U,mp_gaps_and_forest,hard,hard,0,,mp:train
train,sample_001524.npz,/home/zzy/TrajectoryPlanning/distill/data/benchmark/mp/train/sample_003586.npz,mp,gaps_and_forest,U,mp_gaps_and_forest,hard,hard,0,,mp:train
train,sample_001525.npz,/home/zzy/TrajectoryPlanning/distill/data/benchmark/mp/train/sample_003588.npz,mp,gaps_and_forest,U,mp_gaps_and_forest,hard,hard,0,,mp:train
train,sample_001526.npz,/home/zzy/TrajectoryPlanning/distill/data/benchmark/mp/train/sample_003589.npz,mp,gaps_and_forest,U,mp_gaps_and_forest,hard,hard,0,,mp:train
train,sample_001527.npz,/home/zzy/TrajectoryPlanning/distill/data/benchmark/mp/train/sample_003595.npz,mp,gaps_and_forest,U,mp_gaps_and_forest,hard,hard,0,,mp:train
train,sample_001528.npz,/home/zzy/TrajectoryPlanning/distill/data/benchmark/mp/train/sample_003596.npz,mp,gaps_and_forest,U,mp_gaps_and_forest,hard,hard,0,,mp:train
train,sample_001529.npz,/home/zzy/TrajectoryPlanning/distill/data/benchmark/mp/train/sample_003600.npz,mp,gaps_and_forest,U,mp_gaps_and_forest,hard,hard,0,,mp:train
train,sample_001530.npz,/home/zzy/TrajectoryPlanning/distill/data/benchmark/mp/train/sample_003603.npz,mp,gaps_and_forest,U,mp_gaps_and_forest,hard,hard,0,,mp:train
train,sample_001531.npz,/home/zzy/TrajectoryPlanning/distill/data/benchmark/mp/train/sample_003604.npz,mp,gaps_and_forest,U,mp_gaps_and_forest,hard,hard,0,,mp:train
train,sample_001532.npz,/home/zzy/TrajectoryPlanning/distill/data/benchmark/mp/train/sample_003605.npz,mp,gaps_and_forest,U,mp_gaps_and_forest,hard,hard,0,,mp:train
train,sample_001533.npz,/home/zzy/TrajectoryPlanning/distill/data/benchmark/mp/train/sample_003607.npz,mp,gaps_and_forest,U,mp_gaps_and_forest,hard,hard,0,,mp:train
train,sample_001534.npz,/home/zzy/TrajectoryPlanning/distill/data/benchmark/mp/train/sample_003608.npz,mp,gaps_and_forest,U,mp_gaps_and_forest,hard,hard,0,,mp:train
train,sample_001535.npz,/home/zzy/TrajectoryPlanning/distill/data/benchmark/mp/train/sample_003609.npz,mp,gaps_and_forest,U,mp_gaps_and_forest,hard,hard,0,,mp:train
train,sample_001536.npz,/home/zzy/TrajectoryPlanning/distill/data/benchmark/mp/train/sample_003613.npz,mp,gaps_and_forest,U,mp_gaps_and_forest,hard,hard,0,,mp:train
train,sample_001537.npz,/home/zzy/TrajectoryPlanning/distill/data/benchmark/mp/train/sample_003614.npz,mp,gaps_and_forest,U,mp_gaps_and_forest,hard,hard,0,,mp:train
train,sample_001538.npz,/home/zzy/TrajectoryPlanning/distill/data/benchmark/mp/train/sample_003616.npz,mp,gaps_and_forest,U,mp_gaps_and_forest,hard,hard,0,,mp:train
train,sample_001539.npz,/home/zzy/TrajectoryPlanning/distill/data/benchmark/mp/train/sample_003619.npz,mp,gaps_and_forest,U,mp_gaps_and_forest,hard,hard,0,,mp:train
train,sample_001540.npz,/home/zzy/TrajectoryPlanning/distill/data/benchmark/mp/train/sample_003620.npz,mp,gaps_and_forest,U,mp_gaps_and_forest,hard,hard,0,,mp:train
train,sample_001541.npz,/home/zzy/TrajectoryPlanning/distill/data/benchmark/mp/train/sample_003623.npz,mp,gaps_and_forest,U,mp_gaps_and_forest,hard,hard,0,,mp:train
train,sample_001542.npz,/home/zzy/TrajectoryPlanning/distill/data/benchmark/mp/train/sample_003625.npz,mp,gaps_and_forest,U,mp_gaps_and_forest,hard,hard,0,,mp:train
train,sample_001543.npz,/home/zzy/TrajectoryPlanning/distill/data/benchmark/mp/train/sample_003626.npz,mp,gaps_and_forest,U,mp_gaps_and_forest,hard,hard,0,,mp:train
train,sample_001544.npz,/home/zzy/TrajectoryPlanning/distill/data/benchmark/mp/train/sample_003630.npz,mp,gaps_and_forest,U,mp_gaps_and_forest,hard,hard,0,,mp:train
train,sample_001545.npz,/home/zzy/TrajectoryPlanning/distill/data/benchmark/mp/train/sample_003632.npz,mp,gaps_and_forest,U,mp_gaps_and_forest,hard,hard,0,,mp:train
train,sample_001546.npz,/home/zzy/TrajectoryPlanning/distill/data/benchmark/mp/train/sample_003636.npz,mp,gaps_and_forest,U,mp_gaps_and_forest,hard,hard,0,,mp:train
train,sample_001547.npz,/home/zzy/TrajectoryPlanning/distill/data/benchmark/mp/train/sample_003638.npz,mp,gaps_and_forest,U,mp_gaps_and_forest,hard,hard,0,,mp:train
train,sample_001548.npz,/home/zzy/TrajectoryPlanning/distill/data/benchmark/mp/train/sample_003639.npz,mp,gaps_and_forest,U,mp_gaps_and_forest,hard,hard,0,,mp:train
train,sample_001549.npz,/home/zzy/TrajectoryPlanning/distill/data/benchmark/mp/train/sample_003641.npz,mp,gaps_and_forest,U,mp_gaps_and_forest,hard,hard,0,,mp:train
train,sample_001550.npz,/home/zzy/TrajectoryPlanning/distill/data/benchmark/mp/train/sample_003643.npz,mp,gaps_and_forest,U,mp_gaps_and_forest,hard,hard,0,,mp:train
train,sample_001551.npz,/home/zzy/TrajectoryPlanning/distill/data/benchmark/mp/train/sample_003645.npz,mp,gaps_and_forest,U,mp_gaps_and_forest,hard,hard,0,,mp:train
train,sample_001552.npz,/home/zzy/TrajectoryPlanning/distill/data/benchmark/mp/train/sample_003649.npz,mp,gaps_and_forest,U,mp_gaps_and_forest,hard,hard,0,,mp:train
train,sample_001553.npz,/home/zzy/TrajectoryPlanning/distill/data/benchmark/mp/train/sample_003652.npz,mp,gaps_and_forest,U,mp_gaps_and_forest,hard,hard,0,,mp:train
train,sample_001554.npz,/home/zzy/TrajectoryPlanning/distill/data/benchmark/mp/train/sample_003654.npz,mp,gaps_and_forest,U,mp_gaps_and_forest,hard,hard,0,,mp:train
train,sample_001555.npz,/home/zzy/TrajectoryPlanning/distill/data/benchmark/mp/train/sample_003655.npz,mp,gaps_and_forest,U,mp_gaps_and_forest,hard,hard,0,,mp:train
train,sample_001556.npz,/home/zzy/TrajectoryPlanning/distill/data/benchmark/mp/train/sample_003658.npz,mp,gaps_and_forest,U,mp_gaps_and_forest,hard,hard,0,,mp:train
train,sample_001557.npz,/home/zzy/TrajectoryPlanning/distill/data/benchmark/mp/train/sample_003659.npz,mp,gaps_and_forest,U,mp_gaps_and_forest,hard,hard,0,,mp:train
train,sample_001558.npz,/home/zzy/TrajectoryPlanning/distill/data/benchmark/mp/train/sample_003660.npz,mp,gaps_and_forest,U,mp_gaps_and_forest,hard,hard,0,,mp:train
train,sample_001559.npz,/home/zzy/TrajectoryPlanning/distill/data/benchmark/mp/train/sample_003662.npz,mp,gaps_and_forest,U,mp_gaps_and_forest,hard,hard,0,,mp:train
train,sample_001560.npz,/home/zzy/TrajectoryPlanning/distill/data/benchmark/mp/train/sample_003663.npz,mp,gaps_and_forest,U,mp_gaps_and_forest,hard,hard,0,,mp:train
train,sample_001561.npz,/home/zzy/TrajectoryPlanning/distill/data/benchmark/mp/train/sample_003666.npz,mp,gaps_and_forest,U,mp_gaps_and_forest,hard,hard,0,,mp:train
train,sample_001562.npz,/home/zzy/TrajectoryPlanning/distill/data/benchmark/mp/train/sample_003667.npz,mp,gaps_and_forest,U,mp_gaps_and_forest,hard,hard,0,,mp:train
train,sample_001563.npz,/home/zzy/TrajectoryPlanning/distill/data/benchmark/mp/train/sample_003670.npz,mp,gaps_and_forest,U,mp_gaps_and_forest,hard,hard,0,,mp:train
train,sample_001564.npz,/home/zzy/TrajectoryPlanning/distill/data/benchmark/mp/train/sample_003672.npz,mp,gaps_and_forest,U,mp_gaps_and_forest,hard,hard,0,,mp:train
train,sample_001565.npz,/home/zzy/TrajectoryPlanning/distill/data/benchmark/mp/train/sample_003673.npz,mp,gaps_and_forest,U,mp_gaps_and_forest,hard,hard,0,,mp:train
train,sample_001566.npz,/home/zzy/TrajectoryPlanning/distill/data/benchmark/mp/train/sample_003674.npz,mp,gaps_and_forest,U,mp_gaps_and_forest,hard,hard,0,,mp:train
train,sample_001567.npz,/home/zzy/TrajectoryPlanning/distill/data/benchmark/mp/train/sample_003675.npz,mp,gaps_and_forest,U,mp_gaps_and_forest,hard,hard,0,,mp:train
train,sample_001568.npz,/home/zzy/TrajectoryPlanning/distill/data/benchmark/mp/train/sample_003677.npz,mp,gaps_and_forest,U,mp_gaps_and_forest,hard,hard,0,,mp:train
train,sample_001569.npz,/home/zzy/TrajectoryPlanning/distill/data/benchmark/mp/train/sample_003678.npz,mp,gaps_and_forest,U,mp_gaps_and_forest,hard,hard,0,,mp:train
train,sample_001570.npz,/home/zzy/TrajectoryPlanning/distill/data/benchmark/mp/train/sample_003681.npz,mp,gaps_and_forest,U,mp_gaps_and_forest,hard,hard,0,,mp:train
train,sample_001571.npz,/home/zzy/TrajectoryPlanning/distill/data/benchmark/mp/train/sample_003685.npz,mp,gaps_and_forest,U,mp_gaps_and_forest,hard,hard,0,,mp:train
train,sample_001572.npz,/home/zzy/TrajectoryPlanning/distill/data/benchmark/mp/train/sample_003686.npz,mp,gaps_and_forest,U,mp_gaps_and_forest,hard,hard,0,,mp:train
train,sample_001573.npz,/home/zzy/TrajectoryPlanning/distill/data/benchmark/mp/train/sample_003688.npz,mp,gaps_and_forest,U,mp_gaps_and_forest,hard,hard,0,,mp:train
train,sample_001574.npz,/home/zzy/TrajectoryPlanning/distill/data/benchmark/mp/train/sample_003689.npz,mp,gaps_and_forest,U,mp_gaps_and_forest,hard,hard,0,,mp:train
train,sample_001575.npz,/home/zzy/TrajectoryPlanning/distill/data/benchmark/mp/train/sample_003692.npz,mp,gaps_and_forest,U,mp_gaps_and_forest,hard,hard,0,,mp:train
train,sample_001576.npz,/home/zzy/TrajectoryPlanning/distill/data/benchmark/mp/train/sample_003693.npz,mp,gaps_and_forest,U,mp_gaps_and_forest,hard,hard,0,,mp:train
train,sample_001577.npz,/home/zzy/TrajectoryPlanning/distill/data/benchmark/mp/train/sample_003694.npz,mp,gaps_and_forest,U,mp_gaps_and_forest,hard,hard,0,,mp:train
train,sample_001578.npz,/home/zzy/TrajectoryPlanning/distill/data/benchmark/mp/train/sample_003696.npz,mp,gaps_and_forest,U,mp_gaps_and_forest,hard,hard,0,,mp:train
train,sample_001579.npz,/home/zzy/TrajectoryPlanning/distill/data/benchmark/mp/train/sample_003697.npz,mp,gaps_and_forest,U,mp_gaps_and_forest,hard,hard,0,,mp:train
train,sample_001580.npz,/home/zzy/TrajectoryPlanning/distill/data/benchmark/mp/train/sample_003700.npz,mp,gaps_and_forest,U,mp_gaps_and_forest,hard,hard,0,,mp:train
train,sample_001581.npz,/home/zzy/TrajectoryPlanning/distill/data/benchmark/mp/train/sample_003701.npz,mp,gaps_and_forest,U,mp_gaps_and_forest,hard,hard,0,,mp:train
train,sample_001582.npz,/home/zzy/TrajectoryPlanning/distill/data/benchmark/mp/train/sample_003702.npz,mp,gaps_and_forest,U,mp_gaps_and_forest,hard,hard,0,,mp:train
train,sample_001583.npz,/home/zzy/TrajectoryPlanning/distill/data/benchmark/mp/train/sample_003705.npz,mp,gaps_and_forest,U,mp_gaps_and_forest,hard,hard,0,,mp:train
train,sample_001584.npz,/home/zzy/TrajectoryPlanning/distill/data/benchmark/mp/train/sample_003712.npz,mp,gaps_and_forest,U,mp_gaps_and_forest,hard,hard,0,,mp:train
train,sample_001585.npz,/home/zzy/TrajectoryPlanning/distill/data/benchmark/mp/train/sample_003713.npz,mp,gaps_and_forest,U,mp_gaps_and_forest,hard,hard,0,,mp:train
train,sample_001586.npz,/home/zzy/TrajectoryPlanning/distill/data/benchmark/mp/train/sample_003720.npz,mp,gaps_and_forest,U,mp_gaps_and_forest,hard,hard,0,,mp:train
train,sample_001587.npz,/home/zzy/TrajectoryPlanning/distill/data/benchmark/mp/train/sample_003721.npz,mp,gaps_and_forest,U,mp_gaps_and_forest,hard,hard,0,,mp:train
train,sample_001588.npz,/home/zzy/TrajectoryPlanning/distill/data/benchmark/mp/train/sample_003723.npz,mp,gaps_and_forest,U,mp_gaps_and_forest,hard,hard,0,,mp:train
train,sample_001589.npz,/home/zzy/TrajectoryPlanning/distill/data/benchmark/mp/train/sample_003724.npz,mp,gaps_and_forest,U,mp_gaps_and_forest,hard,hard,0,,mp:train
train,sample_001590.npz,/home/zzy/TrajectoryPlanning/distill/data/benchmark/mp/train/sample_003732.npz,mp,gaps_and_forest,U,mp_gaps_and_forest,hard,hard,0,,mp:train
train,sample_001591.npz,/home/zzy/TrajectoryPlanning/distill/data/benchmark/mp/train/sample_003737.npz,mp,gaps_and_forest,U,mp_gaps_and_forest,hard,hard,0,,mp:train
train,sample_001592.npz,/home/zzy/TrajectoryPlanning/distill/data/benchmark/mp/train/sample_003738.npz,mp,gaps_and_forest,U,mp_gaps_and_forest,hard,hard,0,,mp:train
train,sample_001593.npz,/home/zzy/TrajectoryPlanning/distill/data/benchmark/mp/train/sample_003740.npz,mp,gaps_and_forest,U,mp_gaps_and_forest,hard,hard,0,,mp:train
train,sample_001594.npz,/home/zzy/TrajectoryPlanning/distill/data/benchmark/mp/train/sample_003742.npz,mp,gaps_and_forest,U,mp_gaps_and_forest,hard,hard,0,,mp:train
train,sample_001595.npz,/home/zzy/TrajectoryPlanning/distill/data/benchmark/mp/train/sample_003743.npz,mp,gaps_and_forest,U,mp_gaps_and_forest,hard,hard,0,,mp:train
train,sample_001596.npz,/home/zzy/TrajectoryPlanning/distill/data/benchmark/mp/train/sample_003744.npz,mp,gaps_and_forest,U,mp_gaps_and_forest,hard,hard,0,,mp:train
train,sample_001597.npz,/home/zzy/TrajectoryPlanning/distill/data/benchmark/mp/train/sample_003745.npz,mp,gaps_and_forest,U,mp_gaps_and_forest,hard,hard,0,,mp:train
train,sample_001598.npz,/home/zzy/TrajectoryPlanning/distill/data/benchmark/mp/train/sample_003747.npz,mp,gaps_and_forest,U,mp_gaps_and_forest,hard,hard,0,,mp:train
train,sample_001599.npz,/home/zzy/TrajectoryPlanning/distill/data/benchmark/mp/train/sample_003749.npz,mp,gaps_and_forest,U,mp_gaps_and_forest,hard,hard,0,,mp:train
train,sample_001600.npz,/home/zzy/TrajectoryPlanning/distill/data/benchmark/mp/train/sample_003751.npz,mp,gaps_and_forest,U,mp_gaps_and_forest,hard,hard,0,,mp:train
train,sample_001601.npz,/home/zzy/TrajectoryPlanning/distill/data/benchmark/mp/train/sample_003753.npz,mp,gaps_and_forest,U,mp_gaps_and_forest,hard,hard,0,,mp:train
train,sample_001602.npz,/home/zzy/TrajectoryPlanning/distill/data/benchmark/mp/train/sample_003765.npz,mp,gaps_and_forest,U,mp_gaps_and_forest,hard,hard,0,,mp:train
train,sample_001603.npz,/home/zzy/TrajectoryPlanning/distill/data/benchmark/mp/train/sample_003768.npz,mp,gaps_and_forest,U,mp_gaps_and_forest,hard,hard,0,,mp:train
train,sample_001604.npz,/home/zzy/TrajectoryPlanning/distill/data/benchmark/mp/train/sample_003770.npz,mp,gaps_and_forest,U,mp_gaps_and_forest,hard,hard,0,,mp:train
train,sample_001605.npz,/home/zzy/TrajectoryPlanning/distill/data/benchmark/mp/train/sample_003771.npz,mp,gaps_and_forest,U,mp_gaps_and_forest,hard,hard,0,,mp:train
train,sample_001606.npz,/home/zzy/TrajectoryPlanning/distill/data/benchmark/mp/train/sample_003772.npz,mp,gaps_and_forest,U,mp_gaps_and_forest,hard,hard,0,,mp:train
train,sample_001607.npz,/home/zzy/TrajectoryPlanning/distill/data/benchmark/mp/train/sample_003775.npz,mp,gaps_and_forest,U,mp_gaps_and_forest,hard,hard,0,,mp:train
train,sample_001608.npz,/home/zzy/TrajectoryPlanning/distill/data/benchmark/mp/train/sample_003777.npz,mp,gaps_and_forest,U,mp_gaps_and_forest,hard,hard,0,,mp:train
train,sample_001609.npz,/home/zzy/TrajectoryPlanning/distill/data/benchmark/mp/train/sample_003778.npz,mp,gaps_and_forest,U,mp_gaps_and_forest,hard,hard,0,,mp:train
train,sample_001610.npz,/home/zzy/TrajectoryPlanning/distill/data/benchmark/mp/train/sample_003780.npz,mp,gaps_and_forest,U,mp_gaps_and_forest,hard,hard,0,,mp:train
train,sample_001611.npz,/home/zzy/TrajectoryPlanning/distill/data/benchmark/mp/train/sample_003782.npz,mp,gaps_and_forest,U,mp_gaps_and_forest,hard,hard,0,,mp:train
train,sample_001612.npz,/home/zzy/TrajectoryPlanning/distill/data/benchmark/mp/train/sample_003788.npz,mp,gaps_and_forest,U,mp_gaps_and_forest,hard,hard,0,,mp:train
train,sample_001613.npz,/home/zzy/TrajectoryPlanning/distill/data/benchmark/mp/train/sample_003789.npz,mp,gaps_and_forest,U,mp_gaps_and_forest,hard,hard,0,,mp:train
train,sample_001614.npz,/home/zzy/TrajectoryPlanning/distill/data/benchmark/mp/train/sample_003790.npz,mp,gaps_and_forest,U,mp_gaps_and_forest,hard,hard,0,,mp:train
train,sample_001615.npz,/home/zzy/TrajectoryPlanning/distill/data/benchmark/mp/train/sample_003791.npz,mp,gaps_and_forest,U,mp_gaps_and_forest,hard,hard,0,,mp:train
train,sample_001616.npz,/home/zzy/TrajectoryPlanning/distill/data/benchmark/mp/train/sample_003793.npz,mp,gaps_and_forest,U,mp_gaps_and_forest,hard,hard,0,,mp:train
train,sample_001617.npz,/home/zzy/TrajectoryPlanning/distill/data/benchmark/mp/train/sample_003794.npz,mp,gaps_and_forest,U,mp_gaps_and_forest,hard,hard,0,,mp:train
train,sample_001618.npz,/home/zzy/TrajectoryPlanning/distill/data/benchmark/mp/train/sample_003797.npz,mp,gaps_and_forest,U,mp_gaps_and_forest,hard,hard,0,,mp:train
train,sample_001619.npz,/home/zzy/TrajectoryPlanning/distill/data/benchmark/mp/train/sample_003798.npz,mp,gaps_and_forest,U,mp_gaps_and_forest,hard,hard,0,,mp:train
train,sample_001620.npz,/home/zzy/TrajectoryPlanning/distill/data/benchmark/mp/train/sample_003801.npz,mp,gaps_and_forest,U,mp_gaps_and_forest,hard,hard,0,,mp:train
train,sample_001621.npz,/home/zzy/TrajectoryPlanning/distill/data/benchmark/mp/train/sample_003806.npz,mp,gaps_and_forest,U,mp_gaps_and_forest,hard,hard,0,,mp:train
train,sample_001622.npz,/home/zzy/TrajectoryPlanning/distill/data/benchmark/mp/train/sample_003808.npz,mp,gaps_and_forest,U,mp_gaps_and_forest,hard,hard,0,,mp:train
train,sample_001623.npz,/home/zzy/TrajectoryPlanning/distill/data/benchmark/mp/train/sample_003810.npz,mp,gaps_and_forest,U,mp_gaps_and_forest,hard,hard,0,,mp:train
train,sample_001624.npz,/home/zzy/TrajectoryPlanning/distill/data/benchmark/mp/train/sample_003812.npz,mp,gaps_and_forest,U,mp_gaps_and_forest,hard,hard,0,,mp:train
train,sample_001625.npz,/home/zzy/TrajectoryPlanning/distill/data/benchmark/mp/train/sample_003816.npz,mp,gaps_and_forest,U,mp_gaps_and_forest,hard,hard,0,,mp:train
train,sample_001626.npz,/home/zzy/TrajectoryPlanning/distill/data/benchmark/mp/train/sample_003818.npz,mp,gaps_and_forest,U,mp_gaps_and_forest,hard,hard,0,,mp:train
train,sample_001627.npz,/home/zzy/TrajectoryPlanning/distill/data/benchmark/mp/train/sample_003819.npz,mp,gaps_and_forest,U,mp_gaps_and_forest,hard,hard,0,,mp:train
train,sample_001628.npz,/home/zzy/TrajectoryPlanning/distill/data/benchmark/mp/train/sample_003820.npz,mp,gaps_and_forest,U,mp_gaps_and_forest,hard,hard,0,,mp:train
train,sample_001629.npz,/home/zzy/TrajectoryPlanning/distill/data/benchmark/mp/train/sample_003821.npz,mp,gaps_and_forest,U,mp_gaps_and_forest,hard,hard,0,,mp:train
train,sample_001630.npz,/home/zzy/TrajectoryPlanning/distill/data/benchmark/mp/train/sample_003822.npz,mp,gaps_and_forest,U,mp_gaps_and_forest,hard,hard,0,,mp:train
train,sample_001631.npz,/home/zzy/TrajectoryPlanning/distill/data/benchmark/mp/train/sample_003824.npz,mp,gaps_and_forest,U,mp_gaps_and_forest,hard,hard,0,,mp:train
train,sample_001632.npz,/home/zzy/TrajectoryPlanning/distill/data/benchmark/mp/train/sample_003825.npz,mp,gaps_and_forest,U,mp_gaps_and_forest,hard,hard,0,,mp:train
train,sample_001633.npz,/home/zzy/TrajectoryPlanning/distill/data/benchmark/mp/train/sample_003827.npz,mp,gaps_and_forest,U,mp_gaps_and_forest,hard,hard,0,,mp:train
train,sample_001634.npz,/home/zzy/TrajectoryPlanning/distill/data/benchmark/mp/train/sample_003828.npz,mp,gaps_and_forest,U,mp_gaps_and_forest,hard,hard,0,,mp:train
train,sample_001635.npz,/home/zzy/TrajectoryPlanning/distill/data/benchmark/mp/train/sample_003830.npz,mp,gaps_and_forest,U,mp_gaps_and_forest,hard,hard,0,,mp:train
train,sample_001636.npz,/home/zzy/TrajectoryPlanning/distill/data/benchmark/mp/train/sample_003831.npz,mp,gaps_and_forest,U,mp_gaps_and_forest,hard,hard,0,,mp:train
train,sample_001637.npz,/home/zzy/TrajectoryPlanning/distill/data/benchmark/mp/train/sample_003832.npz,mp,gaps_and_forest,U,mp_gaps_and_forest,hard,hard,0,,mp:train
train,sample_001638.npz,/home/zzy/TrajectoryPlanning/distill/data/benchmark/mp/train/sample_003837.npz,mp,gaps_and_forest,U,mp_gaps_and_forest,hard,hard,0,,mp:train
train,sample_001639.npz,/home/zzy/TrajectoryPlanning/distill/data/benchmark/mp/train/sample_003839.npz,mp,gaps_and_forest,U,mp_gaps_and_forest,hard,hard,0,,mp:train
train,sample_001640.npz,/home/zzy/TrajectoryPlanning/distill/data/benchmark/mp/train/sample_003843.npz,mp,gaps_and_forest,U,mp_gaps_and_forest,hard,hard,0,,mp:train
train,sample_001641.npz,/home/zzy/TrajectoryPlanning/distill/data/benchmark/mp/train/sample_003844.npz,mp,gaps_and_forest,U,mp_gaps_and_forest,hard,hard,0,,mp:train
train,sample_001642.npz,/home/zzy/TrajectoryPlanning/distill/data/benchmark/mp/train/sample_003845.npz,mp,gaps_and_forest,U,mp_gaps_and_forest,hard,hard,0,,mp:train
train,sample_001643.npz,/home/zzy/TrajectoryPlanning/distill/data/benchmark/mp/train/sample_003847.npz,mp,gaps_and_forest,U,mp_gaps_and_forest,hard,hard,0,,mp:train
train,sample_001644.npz,/home/zzy/TrajectoryPlanning/distill/data/benchmark/mp/train/sample_003848.npz,mp,gaps_and_forest,U,mp_gaps_and_forest,hard,hard,0,,mp:train
train,sample_001645.npz,/home/zzy/TrajectoryPlanning/distill/data/benchmark/mp/train/sample_003849.npz,mp,gaps_and_forest,U,mp_gaps_and_forest,hard,hard,0,,mp:train
train,sample_001646.npz,/home/zzy/TrajectoryPlanning/distill/data/benchmark/mp/train/sample_003850.npz,mp,gaps_and_forest,U,mp_gaps_and_forest,hard,hard,0,,mp:train
train,sample_001647.npz,/home/zzy/TrajectoryPlanning/distill/data/benchmark/mp/train/sample_003856.npz,mp,gaps_and_forest,U,mp_gaps_and_forest,hard,hard,0,,mp:train
train,sample_001648.npz,/home/zzy/TrajectoryPlanning/distill/data/benchmark/mp/train/sample_003862.npz,mp,gaps_and_forest,U,mp_gaps_and_forest,hard,hard,0,,mp:train
train,sample_001649.npz,/home/zzy/TrajectoryPlanning/distill/data/benchmark/mp/train/sample_003864.npz,mp,gaps_and_forest,U,mp_gaps_and_forest,hard,hard,0,,mp:train
train,sample_001650.npz,/home/zzy/TrajectoryPlanning/distill/data/benchmark/mp/train/sample_003866.npz,mp,gaps_and_forest,U,mp_gaps_and_forest,hard,hard,0,,mp:train
train,sample_001651.npz,/home/zzy/TrajectoryPlanning/distill/data/benchmark/mp/train/sample_003868.npz,mp,gaps_and_forest,U,mp_gaps_and_forest,hard,hard,0,,mp:train
train,sample_001652.npz,/home/zzy/TrajectoryPlanning/distill/data/benchmark/mp/train/sample_003869.npz,mp,gaps_and_forest,U,mp_gaps_and_forest,hard,hard,0,,mp:train
train,sample_001653.npz,/home/zzy/TrajectoryPlanning/distill/data/benchmark/mp/train/sample_003870.npz,mp,gaps_and_forest,U,mp_gaps_and_forest,hard,hard,0,,mp:train
train,sample_001654.npz,/home/zzy/TrajectoryPlanning/distill/data/benchmark/mp/train/sample_003873.npz,mp,gaps_and_forest,U,mp_gaps_and_forest,hard,hard,0,,mp:train
train,sample_001655.npz,/home/zzy/TrajectoryPlanning/distill/data/benchmark/mp/train/sample_003875.npz,mp,gaps_and_forest,U,mp_gaps_and_forest,hard,hard,0,,mp:train
train,sample_001656.npz,/home/zzy/TrajectoryPlanning/distill/data/benchmark/mp/train/sample_003876.npz,mp,gaps_and_forest,U,mp_gaps_and_forest,hard,hard,0,,mp:train
train,sample_001657.npz,/home/zzy/TrajectoryPlanning/distill/data/benchmark/mp/train/sample_003877.npz,mp,gaps_and_forest,U,mp_gaps_and_forest,hard,hard,0,,mp:train
train,sample_001658.npz,/home/zzy/TrajectoryPlanning/distill/data/benchmark/mp/train/sample_003878.npz,mp,gaps_and_forest,U,mp_gaps_and_forest,hard,hard,0,,mp:train
train,sample_001659.npz,/home/zzy/TrajectoryPlanning/distill/data/benchmark/mp/train/sample_003879.npz,mp,gaps_and_forest,U,mp_gaps_and_forest,hard,hard,0,,mp:train
train,sample_001660.npz,/home/zzy/TrajectoryPlanning/distill/data/benchmark/mp/train/sample_003880.npz,mp,gaps_and_forest,U,mp_gaps_and_forest,hard,hard,0,,mp:train
train,sample_001661.npz,/home/zzy/TrajectoryPlanning/distill/data/benchmark/mp/train/sample_003882.npz,mp,gaps_and_forest,U,mp_gaps_and_forest,hard,hard,0,,mp:train
train,sample_001662.npz,/home/zzy/TrajectoryPlanning/distill/data/benchmark/mp/train/sample_003884.npz,mp,gaps_and_forest,U,mp_gaps_and_forest,hard,hard,0,,mp:train
train,sample_001663.npz,/home/zzy/TrajectoryPlanning/distill/data/benchmark/mp/train/sample_003886.npz,mp,gaps_and_forest,U,mp_gaps_and_forest,hard,hard,0,,mp:train
train,sample_001664.npz,/home/zzy/TrajectoryPlanning/distill/data/benchmark/mp/train/sample_003887.npz,mp,gaps_and_forest,U,mp_gaps_and_forest,hard,hard,0,,mp:train
train,sample_001665.npz,/home/zzy/TrajectoryPlanning/distill/data/benchmark/mp/train/sample_003888.npz,mp,gaps_and_forest,U,mp_gaps_and_forest,hard,hard,0,,mp:train
train,sample_001666.npz,/home/zzy/TrajectoryPlanning/distill/data/benchmark/mp/train/sample_003889.npz,mp,gaps_and_forest,U,mp_gaps_and_forest,hard,hard,0,,mp:train
train,sample_001667.npz,/home/zzy/TrajectoryPlanning/distill/data/benchmark/mp/train/sample_003891.npz,mp,gaps_and_forest,U,mp_gaps_and_forest,hard,hard,0,,mp:train
train,sample_001668.npz,/home/zzy/TrajectoryPlanning/distill/data/benchmark/mp/train/sample_003892.npz,mp,gaps_and_forest,U,mp_gaps_and_forest,hard,hard,0,,mp:train
train,sample_001669.npz,/home/zzy/TrajectoryPlanning/distill/data/benchmark/mp/train/sample_003893.npz,mp,gaps_and_forest,U,mp_gaps_and_forest,hard,hard,0,,mp:train
train,sample_001670.npz,/home/zzy/TrajectoryPlanning/distill/data/benchmark/mp/train/sample_003895.npz,mp,gaps_and_forest,U,mp_gaps_and_forest,hard,hard,0,,mp:train
train,sample_001671.npz,/home/zzy/TrajectoryPlanning/distill/data/benchmark/mp/train/sample_003897.npz,mp,gaps_and_forest,U,mp_gaps_and_forest,hard,hard,0,,mp:train
train,sample_001672.npz,/home/zzy/TrajectoryPlanning/distill/data/benchmark/mp/train/sample_003898.npz,mp,gaps_and_forest,U,mp_gaps_and_forest,hard,hard,0,,mp:train
train,sample_001673.npz,/home/zzy/TrajectoryPlanning/distill/data/benchmark/mp/train/sample_003899.npz,mp,gaps_and_forest,U,mp_gaps_and_forest,hard,hard,0,,mp:train
train,sample_001674.npz,/home/zzy/TrajectoryPlanning/distill/data/benchmark/mp/train/sample_003902.npz,mp,gaps_and_forest,U,mp_gaps_and_forest,hard,hard,0,,mp:train
train,sample_001675.npz,/home/zzy/TrajectoryPlanning/distill/data/benchmark/mp/train/sample_003903.npz,mp,gaps_and_forest,U,mp_gaps_and_forest,hard,hard,0,,mp:train
train,sample_001676.npz,/home/zzy/TrajectoryPlanning/distill/data/benchmark/mp/train/sample_003904.npz,mp,gaps_and_forest,U,mp_gaps_and_forest,hard,hard,0,,mp:train
train,sample_001677.npz,/home/zzy/TrajectoryPlanning/distill/data/benchmark/mp/train/sample_003905.npz,mp,gaps_and_forest,U,mp_gaps_and_forest,hard,hard,0,,mp:train
train,sample_001678.npz,/home/zzy/TrajectoryPlanning/distill/data/benchmark/mp/train/sample_003906.npz,mp,gaps_and_forest,U,mp_gaps_and_forest,hard,hard,0,,mp:train
train,sample_001679.npz,/home/zzy/TrajectoryPlanning/distill/data/benchmark/mp/train/sample_003907.npz,mp,gaps_and_forest,U,mp_gaps_and_forest,hard,hard,0,,mp:train
train,sample_001680.npz,/home/zzy/TrajectoryPlanning/distill/data/benchmark/mp/train/sample_003908.npz,mp,gaps_and_forest,U,mp_gaps_and_forest,hard,hard,0,,mp:train
train,sample_001681.npz,/home/zzy/TrajectoryPlanning/distill/data/benchmark/mp/train/sample_003912.npz,mp,gaps_and_forest,U,mp_gaps_and_forest,hard,hard,0,,mp:train
train,sample_001682.npz,/home/zzy/TrajectoryPlanning/distill/data/benchmark/mp/train/sample_003919.npz,mp,gaps_and_forest,U,mp_gaps_and_forest,hard,hard,0,,mp:train
train,sample_001683.npz,/home/zzy/TrajectoryPlanning/distill/data/benchmark/mp/train/sample_003921.npz,mp,gaps_and_forest,U,mp_gaps_and_forest,hard,hard,0,,mp:train
train,sample_001684.npz,/home/zzy/TrajectoryPlanning/distill/data/benchmark/mp/train/sample_003922.npz,mp,gaps_and_forest,U,mp_gaps_and_forest,hard,hard,0,,mp:train
train,sample_001685.npz,/home/zzy/TrajectoryPlanning/distill/data/benchmark/mp/train/sample_003926.npz,mp,gaps_and_forest,U,mp_gaps_and_forest,hard,hard,0,,mp:train
train,sample_001686.npz,/home/zzy/TrajectoryPlanning/distill/data/benchmark/mp/train/sample_003927.npz,mp,gaps_and_forest,U,mp_gaps_and_forest,hard,hard,0,,mp:train
train,sample_001687.npz,/home/zzy/TrajectoryPlanning/distill/data/benchmark/mp/train/sample_003928.npz,mp,gaps_and_forest,U,mp_gaps_and_forest,hard,hard,0,,mp:train
train,sample_001688.npz,/home/zzy/TrajectoryPlanning/distill/data/benchmark/mp/train/sample_003929.npz,mp,gaps_and_forest,U,mp_gaps_and_forest,hard,hard,0,,mp:train
train,sample_001689.npz,/home/zzy/TrajectoryPlanning/distill/data/benchmark/mp/train/sample_003931.npz,mp,gaps_and_forest,U,mp_gaps_and_forest,hard,hard,0,,mp:train
train,sample_001690.npz,/home/zzy/TrajectoryPlanning/distill/data/benchmark/mp/train/sample_003937.npz,mp,gaps_and_forest,U,mp_gaps_and_forest,hard,hard,0,,mp:train
train,sample_001691.npz,/home/zzy/TrajectoryPlanning/distill/data/benchmark/mp/train/sample_003938.npz,mp,gaps_and_forest,U,mp_gaps_and_forest,hard,hard,0,,mp:train
train,sample_001692.npz,/home/zzy/TrajectoryPlanning/distill/data/benchmark/mp/train/sample_003944.npz,mp,gaps_and_forest,U,mp_gaps_and_forest,hard,hard,0,,mp:train
train,sample_001693.npz,/home/zzy/TrajectoryPlanning/distill/data/benchmark/mp/train/sample_003947.npz,mp,gaps_and_forest,U,mp_gaps_and_forest,hard,hard,0,,mp:train
train,sample_001694.npz,/home/zzy/TrajectoryPlanning/distill/data/benchmark/mp/train/sample_003948.npz,mp,gaps_and_forest,U,mp_gaps_and_forest,hard,hard,0,,mp:train
train,sample_001695.npz,/home/zzy/TrajectoryPlanning/distill/data/benchmark/mp/train/sample_003950.npz,mp,gaps_and_forest,U,mp_gaps_and_forest,hard,hard,0,,mp:train
train,sample_001696.npz,/home/zzy/TrajectoryPlanning/distill/data/benchmark/mp/train/sample_003952.npz,mp,gaps_and_forest,U,mp_gaps_and_forest,hard,hard,0,,mp:train
train,sample_001697.npz,/home/zzy/TrajectoryPlanning/distill/data/benchmark/mp/train/sample_003953.npz,mp,gaps_and_forest,U,mp_gaps_and_forest,hard,hard,0,,mp:train
train,sample_001698.npz,/home/zzy/TrajectoryPlanning/distill/data/benchmark/mp/train/sample_003954.npz,mp,gaps_and_forest,U,mp_gaps_and_forest,hard,hard,0,,mp:train
train,sample_001699.npz,/home/zzy/TrajectoryPlanning/distill/data/benchmark/mp/train/sample_003955.npz,mp,gaps_and_forest,U,mp_gaps_and_forest,hard,hard,0,,mp:train
train,sample_001700.npz,/home/zzy/TrajectoryPlanning/distill/data/benchmark/mp/train/sample_003957.npz,mp,gaps_and_forest,U,mp_gaps_and_forest,hard,hard,0,,mp:train
train,sample_001701.npz,/home/zzy/TrajectoryPlanning/distill/data/benchmark/mp/train/sample_003958.npz,mp,gaps_and_forest,U,mp_gaps_and_forest,hard,hard,0,,mp:train
train,sample_001702.npz,/home/zzy/TrajectoryPlanning/distill/data/benchmark/mp/train/sample_003960.npz,mp,gaps_and_forest,U,mp_gaps_and_forest,hard,hard,0,,mp:train
train,sample_001703.npz,/home/zzy/TrajectoryPlanning/distill/data/benchmark/mp/train/sample_003963.npz,mp,gaps_and_forest,U,mp_gaps_and_forest,hard,hard,0,,mp:train
train,sample_001704.npz,/home/zzy/TrajectoryPlanning/distill/data/benchmark/mp/train/sample_003968.npz,mp,gaps_and_forest,U,mp_gaps_and_forest,hard,hard,0,,mp:train
train,sample_001705.npz,/home/zzy/TrajectoryPlanning/distill/data/benchmark/mp/train/sample_003969.npz,mp,gaps_and_forest,U,mp_gaps_and_forest,hard,hard,0,,mp:train
train,sample_001706.npz,/home/zzy/TrajectoryPlanning/distill/data/benchmark/mp/train/sample_003972.npz,mp,gaps_and_forest,U,mp_gaps_and_forest,hard,hard,0,,mp:train
train,sample_001707.npz,/home/zzy/TrajectoryPlanning/distill/data/benchmark/mp/train/sample_003974.npz,mp,gaps_and_forest,U,mp_gaps_and_forest,hard,hard,0,,mp:train
train,sample_001708.npz,/home/zzy/TrajectoryPlanning/distill/data/benchmark/mp/train/sample_003975.npz,mp,gaps_and_forest,U,mp_gaps_and_forest,hard,hard,0,,mp:train
train,sample_001709.npz,/home/zzy/TrajectoryPlanning/distill/data/benchmark/mp/train/sample_003977.npz,mp,gaps_and_forest,U,mp_gaps_and_forest,hard,hard,0,,mp:train
train,sample_001710.npz,/home/zzy/TrajectoryPlanning/distill/data/benchmark/mp/train/sample_003978.npz,mp,gaps_and_forest,U,mp_gaps_and_forest,hard,hard,0,,mp:train
train,sample_001711.npz,/home/zzy/TrajectoryPlanning/distill/data/benchmark/mp/train/sample_003979.npz,mp,gaps_and_forest,U,mp_gaps_and_forest,hard,hard,0,,mp:train
train,sample_001712.npz,/home/zzy/TrajectoryPlanning/distill/data/benchmark/mp/train/sample_003981.npz,mp,gaps_and_forest,U,mp_gaps_and_forest,hard,hard,0,,mp:train
train,sample_001713.npz,/home/zzy/TrajectoryPlanning/distill/data/benchmark/mp/train/sample_003982.npz,mp,gaps_and_forest,U,mp_gaps_and_forest,hard,hard,0,,mp:train
train,sample_001714.npz,/home/zzy/TrajectoryPlanning/distill/data/benchmark/mp/train/sample_003983.npz,mp,gaps_and_forest,U,mp_gaps_and_forest,hard,hard,0,,mp:train
train,sample_001715.npz,/home/zzy/TrajectoryPlanning/distill/data/benchmark/mp/train/sample_003984.npz,mp,gaps_and_forest,U,mp_gaps_and_forest,hard,hard,0,,mp:train
train,sample_001716.npz,/home/zzy/TrajectoryPlanning/distill/data/benchmark/mp/train/sample_003987.npz,mp,gaps_and_forest,U,mp_gaps_and_forest,hard,hard,0,,mp:train
train,sample_001717.npz,/home/zzy/TrajectoryPlanning/distill/data/benchmark/mp/train/sample_003988.npz,mp,gaps_and_forest,U,mp_gaps_and_forest,hard,hard,0,,mp:train
train,sample_001718.npz,/home/zzy/TrajectoryPlanning/distill/data/benchmark/mp/train/sample_003989.npz,mp,gaps_and_forest,U,mp_gaps_and_forest,hard,hard,0,,mp:train
train,sample_001719.npz,/home/zzy/TrajectoryPlanning/distill/data/benchmark/mp/train/sample_003990.npz,mp,gaps_and_forest,U,mp_gaps_and_forest,hard,hard,0,,mp:train
train,sample_001720.npz,/home/zzy/TrajectoryPlanning/distill/data/benchmark/mp/train/sample_003992.npz,mp,gaps_and_forest,U,mp_gaps_and_forest,hard,hard,0,,mp:train
train,sample_001721.npz,/home/zzy/TrajectoryPlanning/distill/data/benchmark/mp/train/sample_003993.npz,mp,gaps_and_forest,U,mp_gaps_and_forest,hard,hard,0,,mp:train
train,sample_001722.npz,/home/zzy/TrajectoryPlanning/distill/data/benchmark/mp/train/sample_003994.npz,mp,gaps_and_forest,U,mp_gaps_and_forest,hard,hard,0,,mp:train
train,sample_001723.npz,/home/zzy/TrajectoryPlanning/distill/data/benchmark/mp/train/sample_003998.npz,mp,gaps_and_forest,U,mp_gaps_and_forest,hard,hard,0,,mp:train
train,sample_001724.npz,/home/zzy/TrajectoryPlanning/distill/data/benchmark/mp/train/sample_003999.npz,mp,gaps_and_forest,U,mp_gaps_and_forest,hard,hard,0,,mp:train
train,sample_001725.npz,/home/zzy/TrajectoryPlanning/distill/data/benchmark/mp/test/sample_000107.npz,mp,mazes,U,mp_mazes,hard,hard,1,mp::mp_mazes,mp:test
train,sample_001726.npz,/home/zzy/TrajectoryPlanning/distill/data/benchmark/mp/test/sample_000108.npz,mp,mazes,U,mp_mazes,hard,hard,1,mp::mp_mazes,mp:test
train,sample_001727.npz,/home/zzy/TrajectoryPlanning/distill/data/benchmark/mp/test/sample_000111.npz,mp,mazes,U,mp_mazes,hard,hard,1,mp::mp_mazes,mp:test
train,sample_001728.npz,/home/zzy/TrajectoryPlanning/distill/data/benchmark/mp/test/sample_000112.npz,mp,mazes,U,mp_mazes,hard,hard,1,mp::mp_mazes,mp:test
train,sample_001729.npz,/home/zzy/TrajectoryPlanning/distill/data/benchmark/mp/test/sample_000113.npz,mp,mazes,U,mp_mazes,hard,hard,1,mp::mp_mazes,mp:test
train,sample_001730.npz,/home/zzy/TrajectoryPlanning/distill/data/benchmark/mp/test/sample_000118.npz,mp,mazes,U,mp_mazes,hard,hard,1,mp::mp_mazes,mp:test
train,sample_001731.npz,/home/zzy/TrajectoryPlanning/distill/data/benchmark/mp/test/sample_000120.npz,mp,mazes,U,mp_mazes,hard,hard,1,mp::mp_mazes,mp:test
train,sample_001732.npz,/home/zzy/TrajectoryPlanning/distill/data/benchmark/mp/test/sample_000121.npz,mp,mazes,U,mp_mazes,hard,hard,1,mp::mp_mazes,mp:test
train,sample_001733.npz,/home/zzy/TrajectoryPlanning/distill/data/benchmark/mp/test/sample_000123.npz,mp,mazes,U,mp_mazes,hard,hard,1,mp::mp_mazes,mp:test
train,sample_001734.npz,/home/zzy/TrajectoryPlanning/distill/data/benchmark/mp/test/sample_000125.npz,mp,mazes,U,mp_mazes,hard,hard,1,mp::mp_mazes,mp:test
train,sample_001735.npz,/home/zzy/TrajectoryPlanning/distill/data/benchmark/mp/test/sample_000126.npz,mp,mazes,U,mp_mazes,hard,hard,1,mp::mp_mazes,mp:test
train,sample_001736.npz,/home/zzy/TrajectoryPlanning/distill/data/benchmark/mp/test/sample_000127.npz,mp,mazes,U,mp_mazes,hard,hard,1,mp::mp_mazes,mp:test
train,sample_001737.npz,/home/zzy/TrajectoryPlanning/distill/data/benchmark/mp/test/sample_000128.npz,mp,mazes,U,mp_mazes,hard,hard,1,mp::mp_mazes,mp:test
train,sample_001738.npz,/home/zzy/TrajectoryPlanning/distill/data/benchmark/mp/test/sample_000129.npz,mp,mazes,U,mp_mazes,hard,hard,1,mp::mp_mazes,mp:test
train,sample_001739.npz,/home/zzy/TrajectoryPlanning/distill/data/benchmark/mp/test/sample_000130.npz,mp,mazes,U,mp_mazes,hard,hard,1,mp::mp_mazes,mp:test
train,sample_001740.npz,/home/zzy/TrajectoryPlanning/distill/data/benchmark/mp/test/sample_000133.npz,mp,mazes,U,mp_mazes,hard,hard,1,mp::mp_mazes,mp:test
train,sample_001741.npz,/home/zzy/TrajectoryPlanning/distill/data/benchmark/mp/test/sample_000136.npz,mp,mazes,U,mp_mazes,hard,hard,1,mp::mp_mazes,mp:test
train,sample_001742.npz,/home/zzy/TrajectoryPlanning/distill/data/benchmark/mp/test/sample_000137.npz,mp,mazes,U,mp_mazes,hard,hard,1,mp::mp_mazes,mp:test
train,sample_001743.npz,/home/zzy/TrajectoryPlanning/distill/data/benchmark/mp/test/sample_000138.npz,mp,mazes,U,mp_mazes,hard,hard,1,mp::mp_mazes,mp:test
train,sample_001744.npz,/home/zzy/TrajectoryPlanning/distill/data/benchmark/mp/test/sample_000139.npz,mp,mazes,U,mp_mazes,hard,hard,1,mp::mp_mazes,mp:test
train,sample_001745.npz,/home/zzy/TrajectoryPlanning/distill/data/benchmark/mp/test/sample_000140.npz,mp,mazes,U,mp_mazes,hard,hard,1,mp::mp_mazes,mp:test
train,sample_001746.npz,/home/zzy/TrajectoryPlanning/distill/data/benchmark/mp/test/sample_000143.npz,mp,mazes,U,mp_mazes,hard,hard,1,mp::mp_mazes,mp:test
train,sample_001747.npz,/home/zzy/TrajectoryPlanning/distill/data/benchmark/mp/test/sample_000145.npz,mp,mazes,U,mp_mazes,hard,hard,1,mp::mp_mazes,mp:test
train,sample_001748.npz,/home/zzy/TrajectoryPlanning/distill/data/benchmark/mp/test/sample_000146.npz,mp,mazes,U,mp_mazes,hard,hard,1,mp::mp_mazes,mp:test
train,sample_001749.npz,/home/zzy/TrajectoryPlanning/distill/data/benchmark/mp/test/sample_000147.npz,mp,mazes,U,mp_mazes,hard,hard,1,mp::mp_mazes,mp:test
train,sample_001750.npz,/home/zzy/TrajectoryPlanning/distill/data/benchmark/mp/test/sample_000148.npz,mp,mazes,U,mp_mazes,hard,hard,1,mp::mp_mazes,mp:test
train,sample_001751.npz,/home/zzy/TrajectoryPlanning/distill/data/benchmark/mp/test/sample_000150.npz,mp,mazes,U,mp_mazes,hard,hard,1,mp::mp_mazes,mp:test
train,sample_001752.npz,/home/zzy/TrajectoryPlanning/distill/data/benchmark/mp/test/sample_000156.npz,mp,mazes,U,mp_mazes,hard,hard,1,mp::mp_mazes,mp:test
train,sample_001753.npz,/home/zzy/TrajectoryPlanning/distill/data/benchmark/mp/test/sample_000157.npz,mp,mazes,U,mp_mazes,hard,hard,1,mp::mp_mazes,mp:test
train,sample_001754.npz,/home/zzy/TrajectoryPlanning/distill/data/benchmark/mp/test/sample_000160.npz,mp,mazes,U,mp_mazes,hard,hard,1,mp::mp_mazes,mp:test
train,sample_001755.npz,/home/zzy/TrajectoryPlanning/distill/data/benchmark/mp/test/sample_000161.npz,mp,mazes,U,mp_mazes,hard,hard,1,mp::mp_mazes,mp:test
train,sample_001756.npz,/home/zzy/TrajectoryPlanning/distill/data/benchmark/mp/test/sample_000165.npz,mp,mazes,U,mp_mazes,hard,hard,1,mp::mp_mazes,mp:test
train,sample_001757.npz,/home/zzy/TrajectoryPlanning/distill/data/benchmark/mp/test/sample_000166.npz,mp,mazes,U,mp_mazes,hard,hard,1,mp::mp_mazes,mp:test
train,sample_001758.npz,/home/zzy/TrajectoryPlanning/distill/data/benchmark/mp/test/sample_000167.npz,mp,mazes,U,mp_mazes,hard,hard,1,mp::mp_mazes,mp:test
train,sample_001759.npz,/home/zzy/TrajectoryPlanning/distill/data/benchmark/mp/test/sample_000168.npz,mp,mazes,U,mp_mazes,hard,hard,1,mp::mp_mazes,mp:test
train,sample_001760.npz,/home/zzy/TrajectoryPlanning/distill/data/benchmark/mp/test/sample_000169.npz,mp,mazes,U,mp_mazes,hard,hard,1,mp::mp_mazes,mp:test
train,sample_001761.npz,/home/zzy/TrajectoryPlanning/distill/data/benchmark/mp/test/sample_000172.npz,mp,mazes,U,mp_mazes,hard,hard,1,mp::mp_mazes,mp:test
train,sample_001762.npz,/home/zzy/TrajectoryPlanning/distill/data/benchmark/mp/test/sample_000173.npz,mp,mazes,U,mp_mazes,hard,hard,1,mp::mp_mazes,mp:test
train,sample_001763.npz,/home/zzy/TrajectoryPlanning/distill/data/benchmark/mp/test/sample_000176.npz,mp,mazes,U,mp_mazes,hard,hard,1,mp::mp_mazes,mp:test
train,sample_001764.npz,/home/zzy/TrajectoryPlanning/distill/data/benchmark/mp/test/sample_000181.npz,mp,mazes,U,mp_mazes,hard,hard,1,mp::mp_mazes,mp:test
train,sample_001765.npz,/home/zzy/TrajectoryPlanning/distill/data/benchmark/mp/test/sample_000184.npz,mp,mazes,U,mp_mazes,hard,hard,1,mp::mp_mazes,mp:test
train,sample_001766.npz,/home/zzy/TrajectoryPlanning/distill/data/benchmark/mp/test/sample_000187.npz,mp,mazes,U,mp_mazes,hard,hard,1,mp::mp_mazes,mp:test
train,sample_001767.npz,/home/zzy/TrajectoryPlanning/distill/data/benchmark/mp/test/sample_000190.npz,mp,mazes,U,mp_mazes,hard,hard,1,mp::mp_mazes,mp:test
train,sample_001768.npz,/home/zzy/TrajectoryPlanning/distill/data/benchmark/mp/test/sample_000191.npz,mp,mazes,U,mp_mazes,hard,hard,1,mp::mp_mazes,mp:test
train,sample_001769.npz,/home/zzy/TrajectoryPlanning/distill/data/benchmark/mp/test/sample_000194.npz,mp,mazes,U,mp_mazes,hard,hard,1,mp::mp_mazes,mp:test
train,sample_001770.npz,/home/zzy/TrajectoryPlanning/distill/data/benchmark/mp/test/sample_000196.npz,mp,mazes,U,mp_mazes,hard,hard,1,mp::mp_mazes,mp:test
train,sample_001771.npz,/home/zzy/TrajectoryPlanning/distill/data/benchmark/mp/test/sample_000197.npz,mp,mazes,U,mp_mazes,hard,hard,1,mp::mp_mazes,mp:test
train,sample_001772.npz,/home/zzy/TrajectoryPlanning/distill/data/benchmark/mp/test/sample_000199.npz,mp,mazes,U,mp_mazes,hard,hard,1,mp::mp_mazes,mp:test
train,sample_001773.npz,/home/zzy/TrajectoryPlanning/distill/data/benchmark/mp/train/sample_000801.npz,mp,mazes,U,mp_mazes,hard,hard,1,mp::mp_mazes,mp:train
train,sample_001774.npz,/home/zzy/TrajectoryPlanning/distill/data/benchmark/mp/train/sample_000802.npz,mp,mazes,U,mp_mazes,hard,hard,1,mp::mp_mazes,mp:train
train,sample_001775.npz,/home/zzy/TrajectoryPlanning/distill/data/benchmark/mp/train/sample_000803.npz,mp,mazes,U,mp_mazes,hard,hard,1,mp::mp_mazes,mp:train
train,sample_001776.npz,/home/zzy/TrajectoryPlanning/distill/data/benchmark/mp/train/sample_000804.npz,mp,mazes,U,mp_mazes,hard,hard,1,mp::mp_mazes,mp:train
train,sample_001777.npz,/home/zzy/TrajectoryPlanning/distill/data/benchmark/mp/train/sample_000805.npz,mp,mazes,U,mp_mazes,hard,hard,1,mp::mp_mazes,mp:train
train,sample_001778.npz,/home/zzy/TrajectoryPlanning/distill/data/benchmark/mp/train/sample_000807.npz,mp,mazes,U,mp_mazes,hard,hard,1,mp::mp_mazes,mp:train
train,sample_001779.npz,/home/zzy/TrajectoryPlanning/distill/data/benchmark/mp/train/sample_000808.npz,mp,mazes,U,mp_mazes,hard,hard,1,mp::mp_mazes,mp:train
train,sample_001780.npz,/home/zzy/TrajectoryPlanning/distill/data/benchmark/mp/train/sample_000810.npz,mp,mazes,U,mp_mazes,hard,hard,1,mp::mp_mazes,mp:train
train,sample_001781.npz,/home/zzy/TrajectoryPlanning/distill/data/benchmark/mp/train/sample_000811.npz,mp,mazes,U,mp_mazes,hard,hard,1,mp::mp_mazes,mp:train
train,sample_001782.npz,/home/zzy/TrajectoryPlanning/distill/data/benchmark/mp/train/sample_000814.npz,mp,mazes,U,mp_mazes,hard,hard,1,mp::mp_mazes,mp:train
train,sample_001783.npz,/home/zzy/TrajectoryPlanning/distill/data/benchmark/mp/train/sample_000815.npz,mp,mazes,U,mp_mazes,hard,hard,1,mp::mp_mazes,mp:train
train,sample_001784.npz,/home/zzy/TrajectoryPlanning/distill/data/benchmark/mp/train/sample_000817.npz,mp,mazes,U,mp_mazes,hard,hard,1,mp::mp_mazes,mp:train
train,sample_001785.npz,/home/zzy/TrajectoryPlanning/distill/data/benchmark/mp/train/sample_000818.npz,mp,mazes,U,mp_mazes,hard,hard,1,mp::mp_mazes,mp:train
train,sample_001786.npz,/home/zzy/TrajectoryPlanning/distill/data/benchmark/mp/train/sample_000819.npz,mp,mazes,U,mp_mazes,hard,hard,1,mp::mp_mazes,mp:train
train,sample_001787.npz,/home/zzy/TrajectoryPlanning/distill/data/benchmark/mp/train/sample_000821.npz,mp,mazes,U,mp_mazes,hard,hard,1,mp::mp_mazes,mp:train
train,sample_001788.npz,/home/zzy/TrajectoryPlanning/distill/data/benchmark/mp/train/sample_000823.npz,mp,mazes,U,mp_mazes,hard,hard,1,mp::mp_mazes,mp:train
train,sample_001789.npz,/home/zzy/TrajectoryPlanning/distill/data/benchmark/mp/train/sample_000825.npz,mp,mazes,U,mp_mazes,hard,hard,1,mp::mp_mazes,mp:train
train,sample_001790.npz,/home/zzy/TrajectoryPlanning/distill/data/benchmark/mp/train/sample_000831.npz,mp,mazes,U,mp_mazes,hard,hard,1,mp::mp_mazes,mp:train
train,sample_001791.npz,/home/zzy/TrajectoryPlanning/distill/data/benchmark/mp/train/sample_000833.npz,mp,mazes,U,mp_mazes,hard,hard,1,mp::mp_mazes,mp:train
train,sample_001792.npz,/home/zzy/TrajectoryPlanning/distill/data/benchmark/mp/train/sample_000838.npz,mp,mazes,U,mp_mazes,hard,hard,1,mp::mp_mazes,mp:train
train,sample_001793.npz,/home/zzy/TrajectoryPlanning/distill/data/benchmark/mp/train/sample_000841.npz,mp,mazes,U,mp_mazes,hard,hard,1,mp::mp_mazes,mp:train
train,sample_001794.npz,/home/zzy/TrajectoryPlanning/distill/data/benchmark/mp/train/sample_000844.npz,mp,mazes,U,mp_mazes,hard,hard,1,mp::mp_mazes,mp:train
train,sample_001795.npz,/home/zzy/TrajectoryPlanning/distill/data/benchmark/mp/train/sample_000845.npz,mp,mazes,U,mp_mazes,hard,hard,1,mp::mp_mazes,mp:train
train,sample_001796.npz,/home/zzy/TrajectoryPlanning/distill/data/benchmark/mp/train/sample_000846.npz,mp,mazes,U,mp_mazes,hard,hard,1,mp::mp_mazes,mp:train
train,sample_001797.npz,/home/zzy/TrajectoryPlanning/distill/data/benchmark/mp/train/sample_000848.npz,mp,mazes,U,mp_mazes,hard,hard,1,mp::mp_mazes,mp:train
train,sample_001798.npz,/home/zzy/TrajectoryPlanning/distill/data/benchmark/mp/train/sample_000849.npz,mp,mazes,U,mp_mazes,hard,hard,1,mp::mp_mazes,mp:train
train,sample_001799.npz,/home/zzy/TrajectoryPlanning/distill/data/benchmark/mp/train/sample_000851.npz,mp,mazes,U,mp_mazes,hard,hard,1,mp::mp_mazes,mp:train
train,sample_001800.npz,/home/zzy/TrajectoryPlanning/distill/data/benchmark/mp/train/sample_000854.npz,mp,mazes,U,mp_mazes,hard,hard,1,mp::mp_mazes,mp:train
train,sample_001801.npz,/home/zzy/TrajectoryPlanning/distill/data/benchmark/mp/train/sample_000859.npz,mp,mazes,U,mp_mazes,hard,hard,1,mp::mp_mazes,mp:train
train,sample_001802.npz,/home/zzy/TrajectoryPlanning/distill/data/benchmark/mp/train/sample_000860.npz,mp,mazes,U,mp_mazes,hard,hard,1,mp::mp_mazes,mp:train
train,sample_001803.npz,/home/zzy/TrajectoryPlanning/distill/data/benchmark/mp/train/sample_000862.npz,mp,mazes,U,mp_mazes,hard,hard,1,mp::mp_mazes,mp:train
train,sample_001804.npz,/home/zzy/TrajectoryPlanning/distill/data/benchmark/mp/train/sample_000864.npz,mp,mazes,U,mp_mazes,hard,hard,1,mp::mp_mazes,mp:train
train,sample_001805.npz,/home/zzy/TrajectoryPlanning/distill/data/benchmark/mp/train/sample_000865.npz,mp,mazes,U,mp_mazes,hard,hard,1,mp::mp_mazes,mp:train
train,sample_001806.npz,/home/zzy/TrajectoryPlanning/distill/data/benchmark/mp/train/sample_000867.npz,mp,mazes,U,mp_mazes,hard,hard,1,mp::mp_mazes,mp:train
train,sample_001807.npz,/home/zzy/TrajectoryPlanning/distill/data/benchmark/mp/train/sample_000868.npz,mp,mazes,U,mp_mazes,hard,hard,1,mp::mp_mazes,mp:train
train,sample_001808.npz,/home/zzy/TrajectoryPlanning/distill/data/benchmark/mp/train/sample_000869.npz,mp,mazes,U,mp_mazes,hard,hard,1,mp::mp_mazes,mp:train
train,sample_001809.npz,/home/zzy/TrajectoryPlanning/distill/data/benchmark/mp/train/sample_000870.npz,mp,mazes,U,mp_mazes,hard,hard,1,mp::mp_mazes,mp:train
train,sample_001810.npz,/home/zzy/TrajectoryPlanning/distill/data/benchmark/mp/train/sample_000871.npz,mp,mazes,U,mp_mazes,hard,hard,1,mp::mp_mazes,mp:train
train,sample_001811.npz,/home/zzy/TrajectoryPlanning/distill/data/benchmark/mp/train/sample_000878.npz,mp,mazes,U,mp_mazes,hard,hard,1,mp::mp_mazes,mp:train
train,sample_001812.npz,/home/zzy/TrajectoryPlanning/distill/data/benchmark/mp/train/sample_000883.npz,mp,mazes,U,mp_mazes,hard,hard,1,mp::mp_mazes,mp:train
train,sample_001813.npz,/home/zzy/TrajectoryPlanning/distill/data/benchmark/mp/train/sample_000884.npz,mp,mazes,U,mp_mazes,hard,hard,1,mp::mp_mazes,mp:train
train,sample_001814.npz,/home/zzy/TrajectoryPlanning/distill/data/benchmark/mp/train/sample_000885.npz,mp,mazes,U,mp_mazes,hard,hard,1,mp::mp_mazes,mp:train
train,sample_001815.npz,/home/zzy/TrajectoryPlanning/distill/data/benchmark/mp/train/sample_000886.npz,mp,mazes,U,mp_mazes,hard,hard,1,mp::mp_mazes,mp:train
train,sample_001816.npz,/home/zzy/TrajectoryPlanning/distill/data/benchmark/mp/train/sample_000887.npz,mp,mazes,U,mp_mazes,hard,hard,1,mp::mp_mazes,mp:train
train,sample_001817.npz,/home/zzy/TrajectoryPlanning/distill/data/benchmark/mp/train/sample_000888.npz,mp,mazes,U,mp_mazes,hard,hard,1,mp::mp_mazes,mp:train
train,sample_001818.npz,/home/zzy/TrajectoryPlanning/distill/data/benchmark/mp/train/sample_000889.npz,mp,mazes,U,mp_mazes,hard,hard,1,mp::mp_mazes,mp:train
train,sample_001819.npz,/home/zzy/TrajectoryPlanning/distill/data/benchmark/mp/train/sample_000894.npz,mp,mazes,U,mp_mazes,hard,hard,1,mp::mp_mazes,mp:train
train,sample_001820.npz,/home/zzy/TrajectoryPlanning/distill/data/benchmark/mp/train/sample_000897.npz,mp,mazes,U,mp_mazes,hard,hard,1,mp::mp_mazes,mp:train
train,sample_001821.npz,/home/zzy/TrajectoryPlanning/distill/data/benchmark/mp/train/sample_000900.npz,mp,mazes,U,mp_mazes,hard,hard,1,mp::mp_mazes,mp:train
train,sample_001822.npz,/home/zzy/TrajectoryPlanning/distill/data/benchmark/mp/train/sample_000904.npz,mp,mazes,U,mp_mazes,hard,hard,1,mp::mp_mazes,mp:train
train,sample_001823.npz,/home/zzy/TrajectoryPlanning/distill/data/benchmark/mp/train/sample_000905.npz,mp,mazes,U,mp_mazes,hard,hard,1,mp::mp_mazes,mp:train
train,sample_001824.npz,/home/zzy/TrajectoryPlanning/distill/data/benchmark/mp/train/sample_000908.npz,mp,mazes,U,mp_mazes,hard,hard,1,mp::mp_mazes,mp:train
train,sample_001825.npz,/home/zzy/TrajectoryPlanning/distill/data/benchmark/mp/train/sample_000909.npz,mp,mazes,U,mp_mazes,hard,hard,1,mp::mp_mazes,mp:train
train,sample_001826.npz,/home/zzy/TrajectoryPlanning/distill/data/benchmark/mp/train/sample_000910.npz,mp,mazes,U,mp_mazes,hard,hard,1,mp::mp_mazes,mp:train
train,sample_001827.npz,/home/zzy/TrajectoryPlanning/distill/data/benchmark/mp/train/sample_000912.npz,mp,mazes,U,mp_mazes,hard,hard,1,mp::mp_mazes,mp:train
train,sample_001828.npz,/home/zzy/TrajectoryPlanning/distill/data/benchmark/mp/train/sample_000913.npz,mp,mazes,U,mp_mazes,hard,hard,1,mp::mp_mazes,mp:train
train,sample_001829.npz,/home/zzy/TrajectoryPlanning/distill/data/benchmark/mp/train/sample_000914.npz,mp,mazes,U,mp_mazes,hard,hard,1,mp::mp_mazes,mp:train
train,sample_001830.npz,/home/zzy/TrajectoryPlanning/distill/data/benchmark/mp/train/sample_000915.npz,mp,mazes,U,mp_mazes,hard,hard,1,mp::mp_mazes,mp:train
train,sample_001831.npz,/home/zzy/TrajectoryPlanning/distill/data/benchmark/mp/train/sample_000919.npz,mp,mazes,U,mp_mazes,hard,hard,1,mp::mp_mazes,mp:train
train,sample_001832.npz,/home/zzy/TrajectoryPlanning/distill/data/benchmark/mp/train/sample_000920.npz,mp,mazes,U,mp_mazes,hard,hard,1,mp::mp_mazes,mp:train
train,sample_001833.npz,/home/zzy/TrajectoryPlanning/distill/data/benchmark/mp/train/sample_000921.npz,mp,mazes,U,mp_mazes,hard,hard,1,mp::mp_mazes,mp:train
train,sample_001834.npz,/home/zzy/TrajectoryPlanning/distill/data/benchmark/mp/train/sample_000924.npz,mp,mazes,U,mp_mazes,hard,hard,1,mp::mp_mazes,mp:train
train,sample_001835.npz,/home/zzy/TrajectoryPlanning/distill/data/benchmark/mp/train/sample_000926.npz,mp,mazes,U,mp_mazes,hard,hard,1,mp::mp_mazes,mp:train
train,sample_001836.npz,/home/zzy/TrajectoryPlanning/distill/data/benchmark/mp/train/sample_000928.npz,mp,mazes,U,mp_mazes,hard,hard,1,mp::mp_mazes,mp:train
train,sample_001837.npz,/home/zzy/TrajectoryPlanning/distill/data/benchmark/mp/train/sample_000930.npz,mp,mazes,U,mp_mazes,hard,hard,1,mp::mp_mazes,mp:train
train,sample_001838.npz,/home/zzy/TrajectoryPlanning/distill/data/benchmark/mp/train/sample_000933.npz,mp,mazes,U,mp_mazes,hard,hard,1,mp::mp_mazes,mp:train
train,sample_001839.npz,/home/zzy/TrajectoryPlanning/distill/data/benchmark/mp/train/sample_000935.npz,mp,mazes,U,mp_mazes,hard,hard,1,mp::mp_mazes,mp:train
train,sample_001840.npz,/home/zzy/TrajectoryPlanning/distill/data/benchmark/mp/train/sample_000936.npz,mp,mazes,U,mp_mazes,hard,hard,1,mp::mp_mazes,mp:train
train,sample_001841.npz,/home/zzy/TrajectoryPlanning/distill/data/benchmark/mp/train/sample_000940.npz,mp,mazes,U,mp_mazes,hard,hard,1,mp::mp_mazes,mp:train
train,sample_001842.npz,/home/zzy/TrajectoryPlanning/distill/data/benchmark/mp/train/sample_000942.npz,mp,mazes,U,mp_mazes,hard,hard,1,mp::mp_mazes,mp:train
train,sample_001843.npz,/home/zzy/TrajectoryPlanning/distill/data/benchmark/mp/train/sample_000943.npz,mp,mazes,U,mp_mazes,hard,hard,1,mp::mp_mazes,mp:train
train,sample_001844.npz,/home/zzy/TrajectoryPlanning/distill/data/benchmark/mp/train/sample_000944.npz,mp,mazes,U,mp_mazes,hard,hard,1,mp::mp_mazes,mp:train
train,sample_001845.npz,/home/zzy/TrajectoryPlanning/distill/data/benchmark/mp/train/sample_000945.npz,mp,mazes,U,mp_mazes,hard,hard,1,mp::mp_mazes,mp:train
train,sample_001846.npz,/home/zzy/TrajectoryPlanning/distill/data/benchmark/mp/train/sample_000950.npz,mp,mazes,U,mp_mazes,hard,hard,1,mp::mp_mazes,mp:train
train,sample_001847.npz,/home/zzy/TrajectoryPlanning/distill/data/benchmark/mp/train/sample_000952.npz,mp,mazes,U,mp_mazes,hard,hard,1,mp::mp_mazes,mp:train
train,sample_001848.npz,/home/zzy/TrajectoryPlanning/distill/data/benchmark/mp/train/sample_000953.npz,mp,mazes,U,mp_mazes,hard,hard,1,mp::mp_mazes,mp:train
train,sample_001849.npz,/home/zzy/TrajectoryPlanning/distill/data/benchmark/mp/train/sample_000954.npz,mp,mazes,U,mp_mazes,hard,hard,1,mp::mp_mazes,mp:train
train,sample_001850.npz,/home/zzy/TrajectoryPlanning/distill/data/benchmark/mp/train/sample_000960.npz,mp,mazes,U,mp_mazes,hard,hard,1,mp::mp_mazes,mp:train
train,sample_001851.npz,/home/zzy/TrajectoryPlanning/distill/data/benchmark/mp/train/sample_000965.npz,mp,mazes,U,mp_mazes,hard,hard,1,mp::mp_mazes,mp:train
train,sample_001852.npz,/home/zzy/TrajectoryPlanning/distill/data/benchmark/mp/train/sample_000967.npz,mp,mazes,U,mp_mazes,hard,hard,1,mp::mp_mazes,mp:train
train,sample_001853.npz,/home/zzy/TrajectoryPlanning/distill/data/benchmark/mp/train/sample_000968.npz,mp,mazes,U,mp_mazes,hard,hard,1,mp::mp_mazes,mp:train
train,sample_001854.npz,/home/zzy/TrajectoryPlanning/distill/data/benchmark/mp/train/sample_000970.npz,mp,mazes,U,mp_mazes,hard,hard,1,mp::mp_mazes,mp:train
train,sample_001855.npz,/home/zzy/TrajectoryPlanning/distill/data/benchmark/mp/train/sample_000973.npz,mp,mazes,U,mp_mazes,hard,hard,1,mp::mp_mazes,mp:train
train,sample_001856.npz,/home/zzy/TrajectoryPlanning/distill/data/benchmark/mp/train/sample_000977.npz,mp,mazes,U,mp_mazes,hard,hard,1,mp::mp_mazes,mp:train
train,sample_001857.npz,/home/zzy/TrajectoryPlanning/distill/data/benchmark/mp/train/sample_000978.npz,mp,mazes,U,mp_mazes,hard,hard,1,mp::mp_mazes,mp:train
train,sample_001858.npz,/home/zzy/TrajectoryPlanning/distill/data/benchmark/mp/train/sample_000982.npz,mp,mazes,U,mp_mazes,hard,hard,1,mp::mp_mazes,mp:train
train,sample_001859.npz,/home/zzy/TrajectoryPlanning/distill/data/benchmark/mp/train/sample_000983.npz,mp,mazes,U,mp_mazes,hard,hard,1,mp::mp_mazes,mp:train
train,sample_001860.npz,/home/zzy/TrajectoryPlanning/distill/data/benchmark/mp/train/sample_000984.npz,mp,mazes,U,mp_mazes,hard,hard,1,mp::mp_mazes,mp:train
train,sample_001861.npz,/home/zzy/TrajectoryPlanning/distill/data/benchmark/mp/train/sample_000985.npz,mp,mazes,U,mp_mazes,hard,hard,1,mp::mp_mazes,mp:train
train,sample_001862.npz,/home/zzy/TrajectoryPlanning/distill/data/benchmark/mp/train/sample_000988.npz,mp,mazes,U,mp_mazes,hard,hard,1,mp::mp_mazes,mp:train
train,sample_001863.npz,/home/zzy/TrajectoryPlanning/distill/data/benchmark/mp/train/sample_000990.npz,mp,mazes,U,mp_mazes,hard,hard,1,mp::mp_mazes,mp:train
train,sample_001864.npz,/home/zzy/TrajectoryPlanning/distill/data/benchmark/mp/train/sample_000996.npz,mp,mazes,U,mp_mazes,hard,hard,1,mp::mp_mazes,mp:train
train,sample_001865.npz,/home/zzy/TrajectoryPlanning/distill/data/benchmark/mp/train/sample_000999.npz,mp,mazes,U,mp_mazes,hard,hard,1,mp::mp_mazes,mp:train
train,sample_001866.npz,/home/zzy/TrajectoryPlanning/distill/data/benchmark/mp/train/sample_001001.npz,mp,mazes,U,mp_mazes,hard,hard,1,mp::mp_mazes,mp:train
train,sample_001867.npz,/home/zzy/TrajectoryPlanning/distill/data/benchmark/mp/train/sample_001002.npz,mp,mazes,U,mp_mazes,hard,hard,1,mp::mp_mazes,mp:train
train,sample_001868.npz,/home/zzy/TrajectoryPlanning/distill/data/benchmark/mp/train/sample_001003.npz,mp,mazes,U,mp_mazes,hard,hard,1,mp::mp_mazes,mp:train
train,sample_001869.npz,/home/zzy/TrajectoryPlanning/distill/data/benchmark/mp/train/sample_001005.npz,mp,mazes,U,mp_mazes,hard,hard,1,mp::mp_mazes,mp:train
train,sample_001870.npz,/home/zzy/TrajectoryPlanning/distill/data/benchmark/mp/train/sample_001011.npz,mp,mazes,U,mp_mazes,hard,hard,1,mp::mp_mazes,mp:train
train,sample_001871.npz,/home/zzy/TrajectoryPlanning/distill/data/benchmark/mp/train/sample_001012.npz,mp,mazes,U,mp_mazes,hard,hard,1,mp::mp_mazes,mp:train
train,sample_001872.npz,/home/zzy/TrajectoryPlanning/distill/data/benchmark/mp/train/sample_001013.npz,mp,mazes,U,mp_mazes,hard,hard,1,mp::mp_mazes,mp:train
train,sample_001873.npz,/home/zzy/TrajectoryPlanning/distill/data/benchmark/mp/train/sample_001014.npz,mp,mazes,U,mp_mazes,hard,hard,1,mp::mp_mazes,mp:train
train,sample_001874.npz,/home/zzy/TrajectoryPlanning/distill/data/benchmark/mp/train/sample_001015.npz,mp,mazes,U,mp_mazes,hard,hard,1,mp::mp_mazes,mp:train
train,sample_001875.npz,/home/zzy/TrajectoryPlanning/distill/data/benchmark/mp/train/sample_001016.npz,mp,mazes,U,mp_mazes,hard,hard,1,mp::mp_mazes,mp:train
train,sample_001876.npz,/home/zzy/TrajectoryPlanning/distill/data/benchmark/mp/train/sample_001022.npz,mp,mazes,U,mp_mazes,hard,hard,1,mp::mp_mazes,mp:train
train,sample_001877.npz,/home/zzy/TrajectoryPlanning/distill/data/benchmark/mp/train/sample_001023.npz,mp,mazes,U,mp_mazes,hard,hard,1,mp::mp_mazes,mp:train
train,sample_001878.npz,/home/zzy/TrajectoryPlanning/distill/data/benchmark/mp/train/sample_001025.npz,mp,mazes,U,mp_mazes,hard,hard,1,mp::mp_mazes,mp:train
train,sample_001879.npz,/home/zzy/TrajectoryPlanning/distill/data/benchmark/mp/train/sample_001026.npz,mp,mazes,U,mp_mazes,hard,hard,1,mp::mp_mazes,mp:train
train,sample_001880.npz,/home/zzy/TrajectoryPlanning/distill/data/benchmark/mp/train/sample_001029.npz,mp,mazes,U,mp_mazes,hard,hard,1,mp::mp_mazes,mp:train
train,sample_001881.npz,/home/zzy/TrajectoryPlanning/distill/data/benchmark/mp/train/sample_001032.npz,mp,mazes,U,mp_mazes,hard,hard,1,mp::mp_mazes,mp:train
train,sample_001882.npz,/home/zzy/TrajectoryPlanning/distill/data/benchmark/mp/train/sample_001039.npz,mp,mazes,U,mp_mazes,hard,hard,1,mp::mp_mazes,mp:train
train,sample_001883.npz,/home/zzy/TrajectoryPlanning/distill/data/benchmark/mp/train/sample_001043.npz,mp,mazes,U,mp_mazes,hard,hard,1,mp::mp_mazes,mp:train
train,sample_001884.npz,/home/zzy/TrajectoryPlanning/distill/data/benchmark/mp/train/sample_001044.npz,mp,mazes,U,mp_mazes,hard,hard,1,mp::mp_mazes,mp:train
train,sample_001885.npz,/home/zzy/TrajectoryPlanning/distill/data/benchmark/mp/train/sample_001049.npz,mp,mazes,U,mp_mazes,hard,hard,1,mp::mp_mazes,mp:train
train,sample_001886.npz,/home/zzy/TrajectoryPlanning/distill/data/benchmark/mp/train/sample_001051.npz,mp,mazes,U,mp_mazes,hard,hard,1,mp::mp_mazes,mp:train
train,sample_001887.npz,/home/zzy/TrajectoryPlanning/distill/data/benchmark/mp/train/sample_001052.npz,mp,mazes,U,mp_mazes,hard,hard,1,mp::mp_mazes,mp:train
train,sample_001888.npz,/home/zzy/TrajectoryPlanning/distill/data/benchmark/mp/train/sample_001056.npz,mp,mazes,U,mp_mazes,hard,hard,1,mp::mp_mazes,mp:train
train,sample_001889.npz,/home/zzy/TrajectoryPlanning/distill/data/benchmark/mp/train/sample_001060.npz,mp,mazes,U,mp_mazes,hard,hard,1,mp::mp_mazes,mp:train
train,sample_001890.npz,/home/zzy/TrajectoryPlanning/distill/data/benchmark/mp/train/sample_001063.npz,mp,mazes,U,mp_mazes,hard,hard,1,mp::mp_mazes,mp:train
train,sample_001891.npz,/home/zzy/TrajectoryPlanning/distill/data/benchmark/mp/train/sample_001065.npz,mp,mazes,U,mp_mazes,hard,hard,1,mp::mp_mazes,mp:train
train,sample_001892.npz,/home/zzy/TrajectoryPlanning/distill/data/benchmark/mp/train/sample_001067.npz,mp,mazes,U,mp_mazes,hard,hard,1,mp::mp_mazes,mp:train
train,sample_001893.npz,/home/zzy/TrajectoryPlanning/distill/data/benchmark/mp/train/sample_001068.npz,mp,mazes,U,mp_mazes,hard,hard,1,mp::mp_mazes,mp:train
train,sample_001894.npz,/home/zzy/TrajectoryPlanning/distill/data/benchmark/mp/train/sample_001070.npz,mp,mazes,U,mp_mazes,hard,hard,1,mp::mp_mazes,mp:train
train,sample_001895.npz,/home/zzy/TrajectoryPlanning/distill/data/benchmark/mp/train/sample_001071.npz,mp,mazes,U,mp_mazes,hard,hard,1,mp::mp_mazes,mp:train
train,sample_001896.npz,/home/zzy/TrajectoryPlanning/distill/data/benchmark/mp/train/sample_001072.npz,mp,mazes,U,mp_mazes,hard,hard,1,mp::mp_mazes,mp:train
train,sample_001897.npz,/home/zzy/TrajectoryPlanning/distill/data/benchmark/mp/train/sample_001073.npz,mp,mazes,U,mp_mazes,hard,hard,1,mp::mp_mazes,mp:train
train,sample_001898.npz,/home/zzy/TrajectoryPlanning/distill/data/benchmark/mp/train/sample_001075.npz,mp,mazes,U,mp_mazes,hard,hard,1,mp::mp_mazes,mp:train
train,sample_001899.npz,/home/zzy/TrajectoryPlanning/distill/data/benchmark/mp/train/sample_001078.npz,mp,mazes,U,mp_mazes,hard,hard,1,mp::mp_mazes,mp:train
train,sample_001900.npz,/home/zzy/TrajectoryPlanning/distill/data/benchmark/mp/train/sample_001080.npz,mp,mazes,U,mp_mazes,hard,hard,1,mp::mp_mazes,mp:train
train,sample_001901.npz,/home/zzy/TrajectoryPlanning/distill/data/benchmark/mp/train/sample_001081.npz,mp,mazes,U,mp_mazes,hard,hard,1,mp::mp_mazes,mp:train
train,sample_001902.npz,/home/zzy/TrajectoryPlanning/distill/data/benchmark/mp/train/sample_001088.npz,mp,mazes,U,mp_mazes,hard,hard,1,mp::mp_mazes,mp:train
train,sample_001903.npz,/home/zzy/TrajectoryPlanning/distill/data/benchmark/mp/train/sample_001094.npz,mp,mazes,U,mp_mazes,hard,hard,1,mp::mp_mazes,mp:train
train,sample_001904.npz,/home/zzy/TrajectoryPlanning/distill/data/benchmark/mp/train/sample_001096.npz,mp,mazes,U,mp_mazes,hard,hard,1,mp::mp_mazes,mp:train
train,sample_001905.npz,/home/zzy/TrajectoryPlanning/distill/data/benchmark/mp/train/sample_001100.npz,mp,mazes,U,mp_mazes,hard,hard,1,mp::mp_mazes,mp:train
train,sample_001906.npz,/home/zzy/TrajectoryPlanning/distill/data/benchmark/mp/train/sample_001101.npz,mp,mazes,U,mp_mazes,hard,hard,1,mp::mp_mazes,mp:train
train,sample_001907.npz,/home/zzy/TrajectoryPlanning/distill/data/benchmark/mp/train/sample_001103.npz,mp,mazes,U,mp_mazes,hard,hard,1,mp::mp_mazes,mp:train
train,sample_001908.npz,/home/zzy/TrajectoryPlanning/distill/data/benchmark/mp/train/sample_001104.npz,mp,mazes,U,mp_mazes,hard,hard,1,mp::mp_mazes,mp:train
train,sample_001909.npz,/home/zzy/TrajectoryPlanning/distill/data/benchmark/mp/train/sample_001105.npz,mp,mazes,U,mp_mazes,hard,hard,1,mp::mp_mazes,mp:train
train,sample_001910.npz,/home/zzy/TrajectoryPlanning/distill/data/benchmark/mp/train/sample_001106.npz,mp,mazes,U,mp_mazes,hard,hard,1,mp::mp_mazes,mp:train
train,sample_001911.npz,/home/zzy/TrajectoryPlanning/distill/data/benchmark/mp/train/sample_001108.npz,mp,mazes,U,mp_mazes,hard,hard,1,mp::mp_mazes,mp:train
train,sample_001912.npz,/home/zzy/TrajectoryPlanning/distill/data/benchmark/mp/train/sample_001109.npz,mp,mazes,U,mp_mazes,hard,hard,1,mp::mp_mazes,mp:train
train,sample_001913.npz,/home/zzy/TrajectoryPlanning/distill/data/benchmark/mp/train/sample_001111.npz,mp,mazes,U,mp_mazes,hard,hard,1,mp::mp_mazes,mp:train
train,sample_001914.npz,/home/zzy/TrajectoryPlanning/distill/data/benchmark/mp/train/sample_001114.npz,mp,mazes,U,mp_mazes,hard,hard,1,mp::mp_mazes,mp:train
train,sample_001915.npz,/home/zzy/TrajectoryPlanning/distill/data/benchmark/mp/train/sample_001115.npz,mp,mazes,U,mp_mazes,hard,hard,1,mp::mp_mazes,mp:train
train,sample_001916.npz,/home/zzy/TrajectoryPlanning/distill/data/benchmark/mp/train/sample_001116.npz,mp,mazes,U,mp_mazes,hard,hard,1,mp::mp_mazes,mp:train
train,sample_001917.npz,/home/zzy/TrajectoryPlanning/distill/data/benchmark/mp/train/sample_001117.npz,mp,mazes,U,mp_mazes,hard,hard,1,mp::mp_mazes,mp:train
train,sample_001918.npz,/home/zzy/TrajectoryPlanning/distill/data/benchmark/mp/train/sample_001118.npz,mp,mazes,U,mp_mazes,hard,hard,1,mp::mp_mazes,mp:train
train,sample_001919.npz,/home/zzy/TrajectoryPlanning/distill/data/benchmark/mp/train/sample_001119.npz,mp,mazes,U,mp_mazes,hard,hard,1,mp::mp_mazes,mp:train
train,sample_001920.npz,/home/zzy/TrajectoryPlanning/distill/data/benchmark/mp/train/sample_001120.npz,mp,mazes,U,mp_mazes,hard,hard,1,mp::mp_mazes,mp:train
train,sample_001921.npz,/home/zzy/TrajectoryPlanning/distill/data/benchmark/mp/train/sample_001121.npz,mp,mazes,U,mp_mazes,hard,hard,1,mp::mp_mazes,mp:train
train,sample_001922.npz,/home/zzy/TrajectoryPlanning/distill/data/benchmark/mp/train/sample_001122.npz,mp,mazes,U,mp_mazes,hard,hard,1,mp::mp_mazes,mp:train
train,sample_001923.npz,/home/zzy/TrajectoryPlanning/distill/data/benchmark/mp/train/sample_001124.npz,mp,mazes,U,mp_mazes,hard,hard,1,mp::mp_mazes,mp:train
train,sample_001924.npz,/home/zzy/TrajectoryPlanning/distill/data/benchmark/mp/train/sample_001125.npz,mp,mazes,U,mp_mazes,hard,hard,1,mp::mp_mazes,mp:train
train,sample_001925.npz,/home/zzy/TrajectoryPlanning/distill/data/benchmark/mp/train/sample_001128.npz,mp,mazes,U,mp_mazes,hard,hard,1,mp::mp_mazes,mp:train
train,sample_001926.npz,/home/zzy/TrajectoryPlanning/distill/data/benchmark/mp/train/sample_001129.npz,mp,mazes,U,mp_mazes,hard,hard,1,mp::mp_mazes,mp:train
train,sample_001927.npz,/home/zzy/TrajectoryPlanning/distill/data/benchmark/mp/train/sample_001133.npz,mp,mazes,U,mp_mazes,hard,hard,1,mp::mp_mazes,mp:train
train,sample_001928.npz,/home/zzy/TrajectoryPlanning/distill/data/benchmark/mp/train/sample_001134.npz,mp,mazes,U,mp_mazes,hard,hard,1,mp::mp_mazes,mp:train
train,sample_001929.npz,/home/zzy/TrajectoryPlanning/distill/data/benchmark/mp/train/sample_001135.npz,mp,mazes,U,mp_mazes,hard,hard,1,mp::mp_mazes,mp:train
train,sample_001930.npz,/home/zzy/TrajectoryPlanning/distill/data/benchmark/mp/train/sample_001136.npz,mp,mazes,U,mp_mazes,hard,hard,1,mp::mp_mazes,mp:train
train,sample_001931.npz,/home/zzy/TrajectoryPlanning/distill/data/benchmark/mp/train/sample_001140.npz,mp,mazes,U,mp_mazes,hard,hard,1,mp::mp_mazes,mp:train
train,sample_001932.npz,/home/zzy/TrajectoryPlanning/distill/data/benchmark/mp/train/sample_001145.npz,mp,mazes,U,mp_mazes,hard,hard,1,mp::mp_mazes,mp:train
train,sample_001933.npz,/home/zzy/TrajectoryPlanning/distill/data/benchmark/mp/train/sample_001148.npz,mp,mazes,U,mp_mazes,hard,hard,1,mp::mp_mazes,mp:train
train,sample_001934.npz,/home/zzy/TrajectoryPlanning/distill/data/benchmark/mp/train/sample_001149.npz,mp,mazes,U,mp_mazes,hard,hard,1,mp::mp_mazes,mp:train
train,sample_001935.npz,/home/zzy/TrajectoryPlanning/distill/data/benchmark/mp/train/sample_001150.npz,mp,mazes,U,mp_mazes,hard,hard,1,mp::mp_mazes,mp:train
train,sample_001936.npz,/home/zzy/TrajectoryPlanning/distill/data/benchmark/mp/train/sample_001152.npz,mp,mazes,U,mp_mazes,hard,hard,1,mp::mp_mazes,mp:train
train,sample_001937.npz,/home/zzy/TrajectoryPlanning/distill/data/benchmark/mp/train/sample_001155.npz,mp,mazes,U,mp_mazes,hard,hard,1,mp::mp_mazes,mp:train
train,sample_001938.npz,/home/zzy/TrajectoryPlanning/distill/data/benchmark/mp/train/sample_001157.npz,mp,mazes,U,mp_mazes,hard,hard,1,mp::mp_mazes,mp:train
train,sample_001939.npz,/home/zzy/TrajectoryPlanning/distill/data/benchmark/mp/train/sample_001160.npz,mp,mazes,U,mp_mazes,hard,hard,1,mp::mp_mazes,mp:train
train,sample_001940.npz,/home/zzy/TrajectoryPlanning/distill/data/benchmark/mp/train/sample_001161.npz,mp,mazes,U,mp_mazes,hard,hard,1,mp::mp_mazes,mp:train
train,sample_001941.npz,/home/zzy/TrajectoryPlanning/distill/data/benchmark/mp/train/sample_001162.npz,mp,mazes,U,mp_mazes,hard,hard,1,mp::mp_mazes,mp:train
train,sample_001942.npz,/home/zzy/TrajectoryPlanning/distill/data/benchmark/mp/train/sample_001164.npz,mp,mazes,U,mp_mazes,hard,hard,1,mp::mp_mazes,mp:train
train,sample_001943.npz,/home/zzy/TrajectoryPlanning/distill/data/benchmark/mp/train/sample_001165.npz,mp,mazes,U,mp_mazes,hard,hard,1,mp::mp_mazes,mp:train
train,sample_001944.npz,/home/zzy/TrajectoryPlanning/distill/data/benchmark/mp/train/sample_001166.npz,mp,mazes,U,mp_mazes,hard,hard,1,mp::mp_mazes,mp:train
train,sample_001945.npz,/home/zzy/TrajectoryPlanning/distill/data/benchmark/mp/train/sample_001167.npz,mp,mazes,U,mp_mazes,hard,hard,1,mp::mp_mazes,mp:train
train,sample_001946.npz,/home/zzy/TrajectoryPlanning/distill/data/benchmark/mp/train/sample_001168.npz,mp,mazes,U,mp_mazes,hard,hard,1,mp::mp_mazes,mp:train
train,sample_001947.npz,/home/zzy/TrajectoryPlanning/distill/data/benchmark/mp/train/sample_001169.npz,mp,mazes,U,mp_mazes,hard,hard,1,mp::mp_mazes,mp:train
train,sample_001948.npz,/home/zzy/TrajectoryPlanning/distill/data/benchmark/mp/train/sample_001173.npz,mp,mazes,U,mp_mazes,hard,hard,1,mp::mp_mazes,mp:train
train,sample_001949.npz,/home/zzy/TrajectoryPlanning/distill/data/benchmark/mp/train/sample_001174.npz,mp,mazes,U,mp_mazes,hard,hard,1,mp::mp_mazes,mp:train
train,sample_001950.npz,/home/zzy/TrajectoryPlanning/distill/data/benchmark/mp/train/sample_001180.npz,mp,mazes,U,mp_mazes,hard,hard,1,mp::mp_mazes,mp:train
train,sample_001951.npz,/home/zzy/TrajectoryPlanning/distill/data/benchmark/mp/train/sample_001181.npz,mp,mazes,U,mp_mazes,hard,hard,1,mp::mp_mazes,mp:train
train,sample_001952.npz,/home/zzy/TrajectoryPlanning/distill/data/benchmark/mp/train/sample_001183.npz,mp,mazes,U,mp_mazes,hard,hard,1,mp::mp_mazes,mp:train
train,sample_001953.npz,/home/zzy/TrajectoryPlanning/distill/data/benchmark/mp/train/sample_001187.npz,mp,mazes,U,mp_mazes,hard,hard,1,mp::mp_mazes,mp:train
train,sample_001954.npz,/home/zzy/TrajectoryPlanning/distill/data/benchmark/mp/train/sample_001188.npz,mp,mazes,U,mp_mazes,hard,hard,1,mp::mp_mazes,mp:train
train,sample_001955.npz,/home/zzy/TrajectoryPlanning/distill/data/benchmark/mp/train/sample_001189.npz,mp,mazes,U,mp_mazes,hard,hard,1,mp::mp_mazes,mp:train
train,sample_001956.npz,/home/zzy/TrajectoryPlanning/distill/data/benchmark/mp/train/sample_001190.npz,mp,mazes,U,mp_mazes,hard,hard,1,mp::mp_mazes,mp:train
train,sample_001957.npz,/home/zzy/TrajectoryPlanning/distill/data/benchmark/mp/train/sample_001192.npz,mp,mazes,U,mp_mazes,hard,hard,1,mp::mp_mazes,mp:train
train,sample_001958.npz,/home/zzy/TrajectoryPlanning/distill/data/benchmark/mp/train/sample_001193.npz,mp,mazes,U,mp_mazes,hard,hard,1,mp::mp_mazes,mp:train
train,sample_001959.npz,/home/zzy/TrajectoryPlanning/distill/data/benchmark/mp/train/sample_001195.npz,mp,mazes,U,mp_mazes,hard,hard,1,mp::mp_mazes,mp:train
train,sample_001960.npz,/home/zzy/TrajectoryPlanning/distill/data/benchmark/mp/train/sample_001196.npz,mp,mazes,U,mp_mazes,hard,hard,1,mp::mp_mazes,mp:train
train,sample_001961.npz,/home/zzy/TrajectoryPlanning/distill/data/benchmark/mp/train/sample_001197.npz,mp,mazes,U,mp_mazes,hard,hard,1,mp::mp_mazes,mp:train
train,sample_001962.npz,/home/zzy/TrajectoryPlanning/distill/data/benchmark/mp/train/sample_001200.npz,mp,mazes,U,mp_mazes,hard,hard,1,mp::mp_mazes,mp:train
train,sample_001963.npz,/home/zzy/TrajectoryPlanning/distill/data/benchmark/mp/train/sample_001201.npz,mp,mazes,U,mp_mazes,hard,hard,1,mp::mp_mazes,mp:train
train,sample_001964.npz,/home/zzy/TrajectoryPlanning/distill/data/benchmark/mp/train/sample_001202.npz,mp,mazes,U,mp_mazes,hard,hard,1,mp::mp_mazes,mp:train
train,sample_001965.npz,/home/zzy/TrajectoryPlanning/distill/data/benchmark/mp/train/sample_001205.npz,mp,mazes,U,mp_mazes,hard,hard,1,mp::mp_mazes,mp:train
train,sample_001966.npz,/home/zzy/TrajectoryPlanning/distill/data/benchmark/mp/train/sample_001207.npz,mp,mazes,U,mp_mazes,hard,hard,1,mp::mp_mazes,mp:train
train,sample_001967.npz,/home/zzy/TrajectoryPlanning/distill/data/benchmark/mp/train/sample_001209.npz,mp,mazes,U,mp_mazes,hard,hard,1,mp::mp_mazes,mp:train
train,sample_001968.npz,/home/zzy/TrajectoryPlanning/distill/data/benchmark/mp/train/sample_001213.npz,mp,mazes,U,mp_mazes,hard,hard,1,mp::mp_mazes,mp:train
train,sample_001969.npz,/home/zzy/TrajectoryPlanning/distill/data/benchmark/mp/train/sample_001220.npz,mp,mazes,U,mp_mazes,hard,hard,1,mp::mp_mazes,mp:train
train,sample_001970.npz,/home/zzy/TrajectoryPlanning/distill/data/benchmark/mp/train/sample_001221.npz,mp,mazes,U,mp_mazes,hard,hard,1,mp::mp_mazes,mp:train
train,sample_001971.npz,/home/zzy/TrajectoryPlanning/distill/data/benchmark/mp/train/sample_001222.npz,mp,mazes,U,mp_mazes,hard,hard,1,mp::mp_mazes,mp:train
train,sample_001972.npz,/home/zzy/TrajectoryPlanning/distill/data/benchmark/mp/train/sample_001224.npz,mp,mazes,U,mp_mazes,hard,hard,1,mp::mp_mazes,mp:train
train,sample_001973.npz,/home/zzy/TrajectoryPlanning/distill/data/benchmark/mp/train/sample_001225.npz,mp,mazes,U,mp_mazes,hard,hard,1,mp::mp_mazes,mp:train
train,sample_001974.npz,/home/zzy/TrajectoryPlanning/distill/data/benchmark/mp/train/sample_001234.npz,mp,mazes,U,mp_mazes,hard,hard,1,mp::mp_mazes,mp:train
train,sample_001975.npz,/home/zzy/TrajectoryPlanning/distill/data/benchmark/mp/train/sample_001237.npz,mp,mazes,U,mp_mazes,hard,hard,1,mp::mp_mazes,mp:train
train,sample_001976.npz,/home/zzy/TrajectoryPlanning/distill/data/benchmark/mp/train/sample_001238.npz,mp,mazes,U,mp_mazes,hard,hard,1,mp::mp_mazes,mp:train
train,sample_001977.npz,/home/zzy/TrajectoryPlanning/distill/data/benchmark/mp/train/sample_001239.npz,mp,mazes,U,mp_mazes,hard,hard,1,mp::mp_mazes,mp:train
train,sample_001978.npz,/home/zzy/TrajectoryPlanning/distill/data/benchmark/mp/train/sample_001240.npz,mp,mazes,U,mp_mazes,hard,hard,1,mp::mp_mazes,mp:train
train,sample_001979.npz,/home/zzy/TrajectoryPlanning/distill/data/benchmark/mp/train/sample_001241.npz,mp,mazes,U,mp_mazes,hard,hard,1,mp::mp_mazes,mp:train
train,sample_001980.npz,/home/zzy/TrajectoryPlanning/distill/data/benchmark/mp/train/sample_001242.npz,mp,mazes,U,mp_mazes,hard,hard,1,mp::mp_mazes,mp:train
train,sample_001981.npz,/home/zzy/TrajectoryPlanning/distill/data/benchmark/mp/train/sample_001243.npz,mp,mazes,U,mp_mazes,hard,hard,1,mp::mp_mazes,mp:train
train,sample_001982.npz,/home/zzy/TrajectoryPlanning/distill/data/benchmark/mp/train/sample_001246.npz,mp,mazes,U,mp_mazes,hard,hard,1,mp::mp_mazes,mp:train
train,sample_001983.npz,/home/zzy/TrajectoryPlanning/distill/data/benchmark/mp/train/sample_001251.npz,mp,mazes,U,mp_mazes,hard,hard,1,mp::mp_mazes,mp:train
train,sample_001984.npz,/home/zzy/TrajectoryPlanning/distill/data/benchmark/mp/train/sample_001255.npz,mp,mazes,U,mp_mazes,hard,hard,1,mp::mp_mazes,mp:train
train,sample_001985.npz,/home/zzy/TrajectoryPlanning/distill/data/benchmark/mp/train/sample_001258.npz,mp,mazes,U,mp_mazes,hard,hard,1,mp::mp_mazes,mp:train
train,sample_001986.npz,/home/zzy/TrajectoryPlanning/distill/data/benchmark/mp/train/sample_001260.npz,mp,mazes,U,mp_mazes,hard,hard,1,mp::mp_mazes,mp:train
train,sample_001987.npz,/home/zzy/TrajectoryPlanning/distill/data/benchmark/mp/train/sample_001263.npz,mp,mazes,U,mp_mazes,hard,hard,1,mp::mp_mazes,mp:train
train,sample_001988.npz,/home/zzy/TrajectoryPlanning/distill/data/benchmark/mp/train/sample_001264.npz,mp,mazes,U,mp_mazes,hard,hard,1,mp::mp_mazes,mp:train
train,sample_001989.npz,/home/zzy/TrajectoryPlanning/distill/data/benchmark/mp/train/sample_001266.npz,mp,mazes,U,mp_mazes,hard,hard,1,mp::mp_mazes,mp:train
train,sample_001990.npz,/home/zzy/TrajectoryPlanning/distill/data/benchmark/mp/train/sample_001268.npz,mp,mazes,U,mp_mazes,hard,hard,1,mp::mp_mazes,mp:train
train,sample_001991.npz,/home/zzy/TrajectoryPlanning/distill/data/benchmark/mp/train/sample_001269.npz,mp,mazes,U,mp_mazes,hard,hard,1,mp::mp_mazes,mp:train
train,sample_001992.npz,/home/zzy/TrajectoryPlanning/distill/data/benchmark/mp/train/sample_001270.npz,mp,mazes,U,mp_mazes,hard,hard,1,mp::mp_mazes,mp:train
train,sample_001993.npz,/home/zzy/TrajectoryPlanning/distill/data/benchmark/mp/train/sample_001271.npz,mp,mazes,U,mp_mazes,hard,hard,1,mp::mp_mazes,mp:train
train,sample_001994.npz,/home/zzy/TrajectoryPlanning/distill/data/benchmark/mp/train/sample_001273.npz,mp,mazes,U,mp_mazes,hard,hard,1,mp::mp_mazes,mp:train
train,sample_001995.npz,/home/zzy/TrajectoryPlanning/distill/data/benchmark/mp/train/sample_001274.npz,mp,mazes,U,mp_mazes,hard,hard,1,mp::mp_mazes,mp:train
train,sample_001996.npz,/home/zzy/TrajectoryPlanning/distill/data/benchmark/mp/train/sample_001280.npz,mp,mazes,U,mp_mazes,hard,hard,1,mp::mp_mazes,mp:train
train,sample_001997.npz,/home/zzy/TrajectoryPlanning/distill/data/benchmark/mp/train/sample_001281.npz,mp,mazes,U,mp_mazes,hard,hard,1,mp::mp_mazes,mp:train
train,sample_001998.npz,/home/zzy/TrajectoryPlanning/distill/data/benchmark/mp/train/sample_001282.npz,mp,mazes,U,mp_mazes,hard,hard,1,mp::mp_mazes,mp:train
train,sample_001999.npz,/home/zzy/TrajectoryPlanning/distill/data/benchmark/mp/train/sample_001285.npz,mp,mazes,U,mp_mazes,hard,hard,1,mp::mp_mazes,mp:train
train,sample_002000.npz,/home/zzy/TrajectoryPlanning/distill/data/benchmark/mp/train/sample_001286.npz,mp,mazes,U,mp_mazes,hard,hard,1,mp::mp_mazes,mp:train
train,sample_002001.npz,/home/zzy/TrajectoryPlanning/distill/data/benchmark/mp/train/sample_001287.npz,mp,mazes,U,mp_mazes,hard,hard,1,mp::mp_mazes,mp:train
train,sample_002002.npz,/home/zzy/TrajectoryPlanning/distill/data/benchmark/mp/train/sample_001289.npz,mp,mazes,U,mp_mazes,hard,hard,1,mp::mp_mazes,mp:train
train,sample_002003.npz,/home/zzy/TrajectoryPlanning/distill/data/benchmark/mp/train/sample_001293.npz,mp,mazes,U,mp_mazes,hard,hard,1,mp::mp_mazes,mp:train
train,sample_002004.npz,/home/zzy/TrajectoryPlanning/distill/data/benchmark/mp/train/sample_001295.npz,mp,mazes,U,mp_mazes,hard,hard,1,mp::mp_mazes,mp:train
train,sample_002005.npz,/home/zzy/TrajectoryPlanning/distill/data/benchmark/mp/train/sample_001299.npz,mp,mazes,U,mp_mazes,hard,hard,1,mp::mp_mazes,mp:train
train,sample_002006.npz,/home/zzy/TrajectoryPlanning/distill/data/benchmark/mp/train/sample_001300.npz,mp,mazes,U,mp_mazes,hard,hard,1,mp::mp_mazes,mp:train
train,sample_002007.npz,/home/zzy/TrajectoryPlanning/distill/data/benchmark/mp/train/sample_001302.npz,mp,mazes,U,mp_mazes,hard,hard,1,mp::mp_mazes,mp:train
train,sample_002008.npz,/home/zzy/TrajectoryPlanning/distill/data/benchmark/mp/train/sample_001305.npz,mp,mazes,U,mp_mazes,hard,hard,1,mp::mp_mazes,mp:train
train,sample_002009.npz,/home/zzy/TrajectoryPlanning/distill/data/benchmark/mp/train/sample_001309.npz,mp,mazes,U,mp_mazes,hard,hard,1,mp::mp_mazes,mp:train
train,sample_002010.npz,/home/zzy/TrajectoryPlanning/distill/data/benchmark/mp/train/sample_001311.npz,mp,mazes,U,mp_mazes,hard,hard,1,mp::mp_mazes,mp:train
train,sample_002011.npz,/home/zzy/TrajectoryPlanning/distill/data/benchmark/mp/train/sample_001314.npz,mp,mazes,U,mp_mazes,hard,hard,1,mp::mp_mazes,mp:train
train,sample_002012.npz,/home/zzy/TrajectoryPlanning/distill/data/benchmark/mp/train/sample_001316.npz,mp,mazes,U,mp_mazes,hard,hard,1,mp::mp_mazes,mp:train
train,sample_002013.npz,/home/zzy/TrajectoryPlanning/distill/data/benchmark/mp/train/sample_001318.npz,mp,mazes,U,mp_mazes,hard,hard,1,mp::mp_mazes,mp:train
train,sample_002014.npz,/home/zzy/TrajectoryPlanning/distill/data/benchmark/mp/train/sample_001319.npz,mp,mazes,U,mp_mazes,hard,hard,1,mp::mp_mazes,mp:train
train,sample_002015.npz,/home/zzy/TrajectoryPlanning/distill/data/benchmark/mp/train/sample_001320.npz,mp,mazes,U,mp_mazes,hard,hard,1,mp::mp_mazes,mp:train
train,sample_002016.npz,/home/zzy/TrajectoryPlanning/distill/data/benchmark/mp/train/sample_001325.npz,mp,mazes,U,mp_mazes,hard,hard,1,mp::mp_mazes,mp:train
train,sample_002017.npz,/home/zzy/TrajectoryPlanning/distill/data/benchmark/mp/train/sample_001327.npz,mp,mazes,U,mp_mazes,hard,hard,1,mp::mp_mazes,mp:train
train,sample_002018.npz,/home/zzy/TrajectoryPlanning/distill/data/benchmark/mp/train/sample_001328.npz,mp,mazes,U,mp_mazes,hard,hard,1,mp::mp_mazes,mp:train
train,sample_002019.npz,/home/zzy/TrajectoryPlanning/distill/data/benchmark/mp/train/sample_001329.npz,mp,mazes,U,mp_mazes,hard,hard,1,mp::mp_mazes,mp:train
train,sample_002020.npz,/home/zzy/TrajectoryPlanning/distill/data/benchmark/mp/train/sample_001330.npz,mp,mazes,U,mp_mazes,hard,hard,1,mp::mp_mazes,mp:train
train,sample_002021.npz,/home/zzy/TrajectoryPlanning/distill/data/benchmark/mp/train/sample_001344.npz,mp,mazes,U,mp_mazes,hard,hard,1,mp::mp_mazes,mp:train
train,sample_002022.npz,/home/zzy/TrajectoryPlanning/distill/data/benchmark/mp/train/sample_001345.npz,mp,mazes,U,mp_mazes,hard,hard,1,mp::mp_mazes,mp:train
train,sample_002023.npz,/home/zzy/TrajectoryPlanning/distill/data/benchmark/mp/train/sample_001347.npz,mp,mazes,U,mp_mazes,hard,hard,1,mp::mp_mazes,mp:train
train,sample_002024.npz,/home/zzy/TrajectoryPlanning/distill/data/benchmark/mp/train/sample_001349.npz,mp,mazes,U,mp_mazes,hard,hard,1,mp::mp_mazes,mp:train
train,sample_002025.npz,/home/zzy/TrajectoryPlanning/distill/data/benchmark/mp/train/sample_001351.npz,mp,mazes,U,mp_mazes,hard,hard,1,mp::mp_mazes,mp:train
train,sample_002026.npz,/home/zzy/TrajectoryPlanning/distill/data/benchmark/mp/train/sample_001353.npz,mp,mazes,U,mp_mazes,hard,hard,1,mp::mp_mazes,mp:train
train,sample_002027.npz,/home/zzy/TrajectoryPlanning/distill/data/benchmark/mp/train/sample_001355.npz,mp,mazes,U,mp_mazes,hard,hard,1,mp::mp_mazes,mp:train
train,sample_002028.npz,/home/zzy/TrajectoryPlanning/distill/data/benchmark/mp/train/sample_001358.npz,mp,mazes,U,mp_mazes,hard,hard,1,mp::mp_mazes,mp:train
train,sample_002029.npz,/home/zzy/TrajectoryPlanning/distill/data/benchmark/mp/train/sample_001364.npz,mp,mazes,U,mp_mazes,hard,hard,1,mp::mp_mazes,mp:train
train,sample_002030.npz,/home/zzy/TrajectoryPlanning/distill/data/benchmark/mp/train/sample_001370.npz,mp,mazes,U,mp_mazes,hard,hard,1,mp::mp_mazes,mp:train
train,sample_002031.npz,/home/zzy/TrajectoryPlanning/distill/data/benchmark/mp/train/sample_001373.npz,mp,mazes,U,mp_mazes,hard,hard,1,mp::mp_mazes,mp:train
train,sample_002032.npz,/home/zzy/TrajectoryPlanning/distill/data/benchmark/mp/train/sample_001380.npz,mp,mazes,U,mp_mazes,hard,hard,1,mp::mp_mazes,mp:train
train,sample_002033.npz,/home/zzy/TrajectoryPlanning/distill/data/benchmark/mp/train/sample_001381.npz,mp,mazes,U,mp_mazes,hard,hard,1,mp::mp_mazes,mp:train
train,sample_002034.npz,/home/zzy/TrajectoryPlanning/distill/data/benchmark/mp/train/sample_001382.npz,mp,mazes,U,mp_mazes,hard,hard,1,mp::mp_mazes,mp:train
train,sample_002035.npz,/home/zzy/TrajectoryPlanning/distill/data/benchmark/mp/train/sample_001385.npz,mp,mazes,U,mp_mazes,hard,hard,1,mp::mp_mazes,mp:train
train,sample_002036.npz,/home/zzy/TrajectoryPlanning/distill/data/benchmark/mp/train/sample_001388.npz,mp,mazes,U,mp_mazes,hard,hard,1,mp::mp_mazes,mp:train
train,sample_002037.npz,/home/zzy/TrajectoryPlanning/distill/data/benchmark/mp/train/sample_001389.npz,mp,mazes,U,mp_mazes,hard,hard,1,mp::mp_mazes,mp:train
train,sample_002038.npz,/home/zzy/TrajectoryPlanning/distill/data/benchmark/mp/train/sample_001392.npz,mp,mazes,U,mp_mazes,hard,hard,1,mp::mp_mazes,mp:train
train,sample_002039.npz,/home/zzy/TrajectoryPlanning/distill/data/benchmark/mp/train/sample_001393.npz,mp,mazes,U,mp_mazes,hard,hard,1,mp::mp_mazes,mp:train
train,sample_002040.npz,/home/zzy/TrajectoryPlanning/distill/data/benchmark/mp/train/sample_001394.npz,mp,mazes,U,mp_mazes,hard,hard,1,mp::mp_mazes,mp:train
train,sample_002041.npz,/home/zzy/TrajectoryPlanning/distill/data/benchmark/mp/train/sample_001395.npz,mp,mazes,U,mp_mazes,hard,hard,1,mp::mp_mazes,mp:train
train,sample_002042.npz,/home/zzy/TrajectoryPlanning/distill/data/benchmark/mp/train/sample_001396.npz,mp,mazes,U,mp_mazes,hard,hard,1,mp::mp_mazes,mp:train
train,sample_002043.npz,/home/zzy/TrajectoryPlanning/distill/data/benchmark/mp/train/sample_001401.npz,mp,mazes,U,mp_mazes,hard,hard,1,mp::mp_mazes,mp:train
train,sample_002044.npz,/home/zzy/TrajectoryPlanning/distill/data/benchmark/mp/train/sample_001411.npz,mp,mazes,U,mp_mazes,hard,hard,1,mp::mp_mazes,mp:train
train,sample_002045.npz,/home/zzy/TrajectoryPlanning/distill/data/benchmark/mp/train/sample_001412.npz,mp,mazes,U,mp_mazes,hard,hard,1,mp::mp_mazes,mp:train
train,sample_002046.npz,/home/zzy/TrajectoryPlanning/distill/data/benchmark/mp/train/sample_001413.npz,mp,mazes,U,mp_mazes,hard,hard,1,mp::mp_mazes,mp:train
train,sample_002047.npz,/home/zzy/TrajectoryPlanning/distill/data/benchmark/mp/train/sample_001414.npz,mp,mazes,U,mp_mazes,hard,hard,1,mp::mp_mazes,mp:train
train,sample_002048.npz,/home/zzy/TrajectoryPlanning/distill/data/benchmark/mp/train/sample_001420.npz,mp,mazes,U,mp_mazes,hard,hard,1,mp::mp_mazes,mp:train
train,sample_002049.npz,/home/zzy/TrajectoryPlanning/distill/data/benchmark/mp/train/sample_001421.npz,mp,mazes,U,mp_mazes,hard,hard,1,mp::mp_mazes,mp:train
train,sample_002050.npz,/home/zzy/TrajectoryPlanning/distill/data/benchmark/mp/train/sample_001423.npz,mp,mazes,U,mp_mazes,hard,hard,1,mp::mp_mazes,mp:train
train,sample_002051.npz,/home/zzy/TrajectoryPlanning/distill/data/benchmark/mp/train/sample_001424.npz,mp,mazes,U,mp_mazes,hard,hard,1,mp::mp_mazes,mp:train
train,sample_002052.npz,/home/zzy/TrajectoryPlanning/distill/data/benchmark/mp/train/sample_001431.npz,mp,mazes,U,mp_mazes,hard,hard,1,mp::mp_mazes,mp:train
train,sample_002053.npz,/home/zzy/TrajectoryPlanning/distill/data/benchmark/mp/train/sample_001434.npz,mp,mazes,U,mp_mazes,hard,hard,1,mp::mp_mazes,mp:train
train,sample_002054.npz,/home/zzy/TrajectoryPlanning/distill/data/benchmark/mp/train/sample_001435.npz,mp,mazes,U,mp_mazes,hard,hard,1,mp::mp_mazes,mp:train
train,sample_002055.npz,/home/zzy/TrajectoryPlanning/distill/data/benchmark/mp/train/sample_001436.npz,mp,mazes,U,mp_mazes,hard,hard,1,mp::mp_mazes,mp:train
train,sample_002056.npz,/home/zzy/TrajectoryPlanning/distill/data/benchmark/mp/train/sample_001438.npz,mp,mazes,U,mp_mazes,hard,hard,1,mp::mp_mazes,mp:train
train,sample_002057.npz,/home/zzy/TrajectoryPlanning/distill/data/benchmark/mp/train/sample_001439.npz,mp,mazes,U,mp_mazes,hard,hard,1,mp::mp_mazes,mp:train
train,sample_002058.npz,/home/zzy/TrajectoryPlanning/distill/data/benchmark/mp/train/sample_001440.npz,mp,mazes,U,mp_mazes,hard,hard,1,mp::mp_mazes,mp:train
train,sample_002059.npz,/home/zzy/TrajectoryPlanning/distill/data/benchmark/mp/train/sample_001441.npz,mp,mazes,U,mp_mazes,hard,hard,1,mp::mp_mazes,mp:train
train,sample_002060.npz,/home/zzy/TrajectoryPlanning/distill/data/benchmark/mp/train/sample_001444.npz,mp,mazes,U,mp_mazes,hard,hard,1,mp::mp_mazes,mp:train
train,sample_002061.npz,/home/zzy/TrajectoryPlanning/distill/data/benchmark/mp/train/sample_001450.npz,mp,mazes,U,mp_mazes,hard,hard,1,mp::mp_mazes,mp:train
train,sample_002062.npz,/home/zzy/TrajectoryPlanning/distill/data/benchmark/mp/train/sample_001453.npz,mp,mazes,U,mp_mazes,hard,hard,1,mp::mp_mazes,mp:train
train,sample_002063.npz,/home/zzy/TrajectoryPlanning/distill/data/benchmark/mp/train/sample_001455.npz,mp,mazes,U,mp_mazes,hard,hard,1,mp::mp_mazes,mp:train
train,sample_002064.npz,/home/zzy/TrajectoryPlanning/distill/data/benchmark/mp/train/sample_001457.npz,mp,mazes,U,mp_mazes,hard,hard,1,mp::mp_mazes,mp:train
train,sample_002065.npz,/home/zzy/TrajectoryPlanning/distill/data/benchmark/mp/train/sample_001461.npz,mp,mazes,U,mp_mazes,hard,hard,1,mp::mp_mazes,mp:train
train,sample_002066.npz,/home/zzy/TrajectoryPlanning/distill/data/benchmark/mp/train/sample_001462.npz,mp,mazes,U,mp_mazes,hard,hard,1,mp::mp_mazes,mp:train
train,sample_002067.npz,/home/zzy/TrajectoryPlanning/distill/data/benchmark/mp/train/sample_001465.npz,mp,mazes,U,mp_mazes,hard,hard,1,mp::mp_mazes,mp:train
train,sample_002068.npz,/home/zzy/TrajectoryPlanning/distill/data/benchmark/mp/train/sample_001466.npz,mp,mazes,U,mp_mazes,hard,hard,1,mp::mp_mazes,mp:train
train,sample_002069.npz,/home/zzy/TrajectoryPlanning/distill/data/benchmark/mp/train/sample_001467.npz,mp,mazes,U,mp_mazes,hard,hard,1,mp::mp_mazes,mp:train
train,sample_002070.npz,/home/zzy/TrajectoryPlanning/distill/data/benchmark/mp/train/sample_001468.npz,mp,mazes,U,mp_mazes,hard,hard,1,mp::mp_mazes,mp:train
train,sample_002071.npz,/home/zzy/TrajectoryPlanning/distill/data/benchmark/mp/train/sample_001469.npz,mp,mazes,U,mp_mazes,hard,hard,1,mp::mp_mazes,mp:train
train,sample_002072.npz,/home/zzy/TrajectoryPlanning/distill/data/benchmark/mp/train/sample_001470.npz,mp,mazes,U,mp_mazes,hard,hard,1,mp::mp_mazes,mp:train
train,sample_002073.npz,/home/zzy/TrajectoryPlanning/distill/data/benchmark/mp/train/sample_001474.npz,mp,mazes,U,mp_mazes,hard,hard,1,mp::mp_mazes,mp:train
train,sample_002074.npz,/home/zzy/TrajectoryPlanning/distill/data/benchmark/mp/train/sample_001476.npz,mp,mazes,U,mp_mazes,hard,hard,1,mp::mp_mazes,mp:train
train,sample_002075.npz,/home/zzy/TrajectoryPlanning/distill/data/benchmark/mp/train/sample_001478.npz,mp,mazes,U,mp_mazes,hard,hard,1,mp::mp_mazes,mp:train
train,sample_002076.npz,/home/zzy/TrajectoryPlanning/distill/data/benchmark/mp/train/sample_001480.npz,mp,mazes,U,mp_mazes,hard,hard,1,mp::mp_mazes,mp:train
train,sample_002077.npz,/home/zzy/TrajectoryPlanning/distill/data/benchmark/mp/train/sample_001483.npz,mp,mazes,U,mp_mazes,hard,hard,1,mp::mp_mazes,mp:train
train,sample_002078.npz,/home/zzy/TrajectoryPlanning/distill/data/benchmark/mp/train/sample_001484.npz,mp,mazes,U,mp_mazes,hard,hard,1,mp::mp_mazes,mp:train
train,sample_002079.npz,/home/zzy/TrajectoryPlanning/distill/data/benchmark/mp/train/sample_001485.npz,mp,mazes,U,mp_mazes,hard,hard,1,mp::mp_mazes,mp:train
train,sample_002080.npz,/home/zzy/TrajectoryPlanning/distill/data/benchmark/mp/train/sample_001489.npz,mp,mazes,U,mp_mazes,hard,hard,1,mp::mp_mazes,mp:train
train,sample_002081.npz,/home/zzy/TrajectoryPlanning/distill/data/benchmark/mp/train/sample_001495.npz,mp,mazes,U,mp_mazes,hard,hard,1,mp::mp_mazes,mp:train
train,sample_002082.npz,/home/zzy/TrajectoryPlanning/distill/data/benchmark/mp/train/sample_001496.npz,mp,mazes,U,mp_mazes,hard,hard,1,mp::mp_mazes,mp:train
train,sample_002083.npz,/home/zzy/TrajectoryPlanning/distill/data/benchmark/mp/train/sample_001497.npz,mp,mazes,U,mp_mazes,hard,hard,1,mp::mp_mazes,mp:train
train,sample_002084.npz,/home/zzy/TrajectoryPlanning/distill/data/benchmark/mp/train/sample_001498.npz,mp,mazes,U,mp_mazes,hard,hard,1,mp::mp_mazes,mp:train
train,sample_002085.npz,/home/zzy/TrajectoryPlanning/distill/data/benchmark/mp/train/sample_001499.npz,mp,mazes,U,mp_mazes,hard,hard,1,mp::mp_mazes,mp:train
train,sample_002086.npz,/home/zzy/TrajectoryPlanning/distill/data/benchmark/mp/train/sample_001500.npz,mp,mazes,U,mp_mazes,hard,hard,1,mp::mp_mazes,mp:train
train,sample_002087.npz,/home/zzy/TrajectoryPlanning/distill/data/benchmark/mp/train/sample_001502.npz,mp,mazes,U,mp_mazes,hard,hard,1,mp::mp_mazes,mp:train
train,sample_002088.npz,/home/zzy/TrajectoryPlanning/distill/data/benchmark/mp/train/sample_001503.npz,mp,mazes,U,mp_mazes,hard,hard,1,mp::mp_mazes,mp:train
train,sample_002089.npz,/home/zzy/TrajectoryPlanning/distill/data/benchmark/mp/train/sample_001505.npz,mp,mazes,U,mp_mazes,hard,hard,1,mp::mp_mazes,mp:train
train,sample_002090.npz,/home/zzy/TrajectoryPlanning/distill/data/benchmark/mp/train/sample_001507.npz,mp,mazes,U,mp_mazes,hard,hard,1,mp::mp_mazes,mp:train
train,sample_002091.npz,/home/zzy/TrajectoryPlanning/distill/data/benchmark/mp/train/sample_001508.npz,mp,mazes,U,mp_mazes,hard,hard,1,mp::mp_mazes,mp:train
train,sample_002092.npz,/home/zzy/TrajectoryPlanning/distill/data/benchmark/mp/train/sample_001509.npz,mp,mazes,U,mp_mazes,hard,hard,1,mp::mp_mazes,mp:train
train,sample_002093.npz,/home/zzy/TrajectoryPlanning/distill/data/benchmark/mp/train/sample_001512.npz,mp,mazes,U,mp_mazes,hard,hard,1,mp::mp_mazes,mp:train
train,sample_002094.npz,/home/zzy/TrajectoryPlanning/distill/data/benchmark/mp/train/sample_001520.npz,mp,mazes,U,mp_mazes,hard,hard,1,mp::mp_mazes,mp:train
train,sample_002095.npz,/home/zzy/TrajectoryPlanning/distill/data/benchmark/mp/train/sample_001522.npz,mp,mazes,U,mp_mazes,hard,hard,1,mp::mp_mazes,mp:train
train,sample_002096.npz,/home/zzy/TrajectoryPlanning/distill/data/benchmark/mp/train/sample_001523.npz,mp,mazes,U,mp_mazes,hard,hard,1,mp::mp_mazes,mp:train
train,sample_002097.npz,/home/zzy/TrajectoryPlanning/distill/data/benchmark/mp/train/sample_001524.npz,mp,mazes,U,mp_mazes,hard,hard,1,mp::mp_mazes,mp:train
train,sample_002098.npz,/home/zzy/TrajectoryPlanning/distill/data/benchmark/mp/train/sample_001526.npz,mp,mazes,U,mp_mazes,hard,hard,1,mp::mp_mazes,mp:train
train,sample_002099.npz,/home/zzy/TrajectoryPlanning/distill/data/benchmark/mp/train/sample_001527.npz,mp,mazes,U,mp_mazes,hard,hard,1,mp::mp_mazes,mp:train
train,sample_002100.npz,/home/zzy/TrajectoryPlanning/distill/data/benchmark/mp/train/sample_001529.npz,mp,mazes,U,mp_mazes,hard,hard,1,mp::mp_mazes,mp:train
train,sample_002101.npz,/home/zzy/TrajectoryPlanning/distill/data/benchmark/mp/train/sample_001536.npz,mp,mazes,U,mp_mazes,hard,hard,1,mp::mp_mazes,mp:train
train,sample_002102.npz,/home/zzy/TrajectoryPlanning/distill/data/benchmark/mp/train/sample_001537.npz,mp,mazes,U,mp_mazes,hard,hard,1,mp::mp_mazes,mp:train
train,sample_002103.npz,/home/zzy/TrajectoryPlanning/distill/data/benchmark/mp/train/sample_001540.npz,mp,mazes,U,mp_mazes,hard,hard,1,mp::mp_mazes,mp:train
train,sample_002104.npz,/home/zzy/TrajectoryPlanning/distill/data/benchmark/mp/train/sample_001543.npz,mp,mazes,U,mp_mazes,hard,hard,1,mp::mp_mazes,mp:train
train,sample_002105.npz,/home/zzy/TrajectoryPlanning/distill/data/benchmark/mp/train/sample_001547.npz,mp,mazes,U,mp_mazes,hard,hard,1,mp::mp_mazes,mp:train
train,sample_002106.npz,/home/zzy/TrajectoryPlanning/distill/data/benchmark/mp/train/sample_001548.npz,mp,mazes,U,mp_mazes,hard,hard,1,mp::mp_mazes,mp:train
train,sample_002107.npz,/home/zzy/TrajectoryPlanning/distill/data/benchmark/mp/train/sample_001551.npz,mp,mazes,U,mp_mazes,hard,hard,1,mp::mp_mazes,mp:train
train,sample_002108.npz,/home/zzy/TrajectoryPlanning/distill/data/benchmark/mp/train/sample_001552.npz,mp,mazes,U,mp_mazes,hard,hard,1,mp::mp_mazes,mp:train
train,sample_002109.npz,/home/zzy/TrajectoryPlanning/distill/data/benchmark/mp/train/sample_001554.npz,mp,mazes,U,mp_mazes,hard,hard,1,mp::mp_mazes,mp:train
train,sample_002110.npz,/home/zzy/TrajectoryPlanning/distill/data/benchmark/mp/train/sample_001555.npz,mp,mazes,U,mp_mazes,hard,hard,1,mp::mp_mazes,mp:train
train,sample_002111.npz,/home/zzy/TrajectoryPlanning/distill/data/benchmark/mp/train/sample_001558.npz,mp,mazes,U,mp_mazes,hard,hard,1,mp::mp_mazes,mp:train
train,sample_002112.npz,/home/zzy/TrajectoryPlanning/distill/data/benchmark/mp/train/sample_001559.npz,mp,mazes,U,mp_mazes,hard,hard,1,mp::mp_mazes,mp:train
train,sample_002113.npz,/home/zzy/TrajectoryPlanning/distill/data/benchmark/mp/train/sample_001560.npz,mp,mazes,U,mp_mazes,hard,hard,1,mp::mp_mazes,mp:train
train,sample_002114.npz,/home/zzy/TrajectoryPlanning/distill/data/benchmark/mp/train/sample_001561.npz,mp,mazes,U,mp_mazes,hard,hard,1,mp::mp_mazes,mp:train
train,sample_002115.npz,/home/zzy/TrajectoryPlanning/distill/data/benchmark/mp/train/sample_001564.npz,mp,mazes,U,mp_mazes,hard,hard,1,mp::mp_mazes,mp:train
train,sample_002116.npz,/home/zzy/TrajectoryPlanning/distill/data/benchmark/mp/train/sample_001566.npz,mp,mazes,U,mp_mazes,hard,hard,1,mp::mp_mazes,mp:train
train,sample_002117.npz,/home/zzy/TrajectoryPlanning/distill/data/benchmark/mp/train/sample_001568.npz,mp,mazes,U,mp_mazes,hard,hard,1,mp::mp_mazes,mp:train
train,sample_002118.npz,/home/zzy/TrajectoryPlanning/distill/data/benchmark/mp/train/sample_001569.npz,mp,mazes,U,mp_mazes,hard,hard,1,mp::mp_mazes,mp:train
train,sample_002119.npz,/home/zzy/TrajectoryPlanning/distill/data/benchmark/mp/train/sample_001570.npz,mp,mazes,U,mp_mazes,hard,hard,1,mp::mp_mazes,mp:train
train,sample_002120.npz,/home/zzy/TrajectoryPlanning/distill/data/benchmark/mp/train/sample_001571.npz,mp,mazes,U,mp_mazes,hard,hard,1,mp::mp_mazes,mp:train
train,sample_002121.npz,/home/zzy/TrajectoryPlanning/distill/data/benchmark/mp/train/sample_001573.npz,mp,mazes,U,mp_mazes,hard,hard,1,mp::mp_mazes,mp:train
train,sample_002122.npz,/home/zzy/TrajectoryPlanning/distill/data/benchmark/mp/train/sample_001577.npz,mp,mazes,U,mp_mazes,hard,hard,1,mp::mp_mazes,mp:train
train,sample_002123.npz,/home/zzy/TrajectoryPlanning/distill/data/benchmark/mp/train/sample_001579.npz,mp,mazes,U,mp_mazes,hard,hard,1,mp::mp_mazes,mp:train
train,sample_002124.npz,/home/zzy/TrajectoryPlanning/distill/data/benchmark/mp/train/sample_001580.npz,mp,mazes,U,mp_mazes,hard,hard,1,mp::mp_mazes,mp:train
train,sample_002125.npz,/home/zzy/TrajectoryPlanning/distill/data/benchmark/mp/train/sample_001581.npz,mp,mazes,U,mp_mazes,hard,hard,1,mp::mp_mazes,mp:train
train,sample_002126.npz,/home/zzy/TrajectoryPlanning/distill/data/benchmark/mp/train/sample_001583.npz,mp,mazes,U,mp_mazes,hard,hard,1,mp::mp_mazes,mp:train
train,sample_002127.npz,/home/zzy/TrajectoryPlanning/distill/data/benchmark/mp/train/sample_001586.npz,mp,mazes,U,mp_mazes,hard,hard,1,mp::mp_mazes,mp:train
train,sample_002128.npz,/home/zzy/TrajectoryPlanning/distill/data/benchmark/mp/train/sample_001588.npz,mp,mazes,U,mp_mazes,hard,hard,1,mp::mp_mazes,mp:train
train,sample_002129.npz,/home/zzy/TrajectoryPlanning/distill/data/benchmark/mp/train/sample_001589.npz,mp,mazes,U,mp_mazes,hard,hard,1,mp::mp_mazes,mp:train
train,sample_002130.npz,/home/zzy/TrajectoryPlanning/distill/data/benchmark/mp/train/sample_001599.npz,mp,mazes,U,mp_mazes,hard,hard,1,mp::mp_mazes,mp:train
train,sample_002131.npz,/home/zzy/TrajectoryPlanning/distill/data/benchmark/mp/test/sample_000600.npz,mp,multiple_bugtraps,U,mp_multiple_bugtraps,hard,hard,0,,mp:test
train,sample_002132.npz,/home/zzy/TrajectoryPlanning/distill/data/benchmark/mp/test/sample_000606.npz,mp,multiple_bugtraps,U,mp_multiple_bugtraps,hard,hard,0,,mp:test
train,sample_002133.npz,/home/zzy/TrajectoryPlanning/distill/data/benchmark/mp/test/sample_000614.npz,mp,multiple_bugtraps,U,mp_multiple_bugtraps,hard,hard,0,,mp:test
train,sample_002134.npz,/home/zzy/TrajectoryPlanning/distill/data/benchmark/mp/test/sample_000616.npz,mp,multiple_bugtraps,U,mp_multiple_bugtraps,hard,hard,0,,mp:test
train,sample_002135.npz,/home/zzy/TrajectoryPlanning/distill/data/benchmark/mp/test/sample_000619.npz,mp,multiple_bugtraps,U,mp_multiple_bugtraps,hard,hard,0,,mp:test
train,sample_002136.npz,/home/zzy/TrajectoryPlanning/distill/data/benchmark/mp/test/sample_000620.npz,mp,multiple_bugtraps,U,mp_multiple_bugtraps,hard,hard,0,,mp:test
train,sample_002137.npz,/home/zzy/TrajectoryPlanning/distill/data/benchmark/mp/test/sample_000624.npz,mp,multiple_bugtraps,U,mp_multiple_bugtraps,hard,hard,0,,mp:test
train,sample_002138.npz,/home/zzy/TrajectoryPlanning/distill/data/benchmark/mp/test/sample_000626.npz,mp,multiple_bugtraps,U,mp_multiple_bugtraps,hard,hard,0,,mp:test
train,sample_002139.npz,/home/zzy/TrajectoryPlanning/distill/data/benchmark/mp/test/sample_000632.npz,mp,multiple_bugtraps,U,mp_multiple_bugtraps,hard,hard,0,,mp:test
train,sample_002140.npz,/home/zzy/TrajectoryPlanning/distill/data/benchmark/mp/test/sample_000636.npz,mp,multiple_bugtraps,U,mp_multiple_bugtraps,hard,hard,0,,mp:test
train,sample_002141.npz,/home/zzy/TrajectoryPlanning/distill/data/benchmark/mp/test/sample_000638.npz,mp,multiple_bugtraps,U,mp_multiple_bugtraps,hard,hard,0,,mp:test
train,sample_002142.npz,/home/zzy/TrajectoryPlanning/distill/data/benchmark/mp/test/sample_000639.npz,mp,multiple_bugtraps,U,mp_multiple_bugtraps,hard,hard,0,,mp:test
train,sample_002143.npz,/home/zzy/TrajectoryPlanning/distill/data/benchmark/mp/test/sample_000641.npz,mp,multiple_bugtraps,U,mp_multiple_bugtraps,hard,hard,0,,mp:test
train,sample_002144.npz,/home/zzy/TrajectoryPlanning/distill/data/benchmark/mp/test/sample_000643.npz,mp,multiple_bugtraps,U,mp_multiple_bugtraps,hard,hard,0,,mp:test
train,sample_002145.npz,/home/zzy/TrajectoryPlanning/distill/data/benchmark/mp/test/sample_000646.npz,mp,multiple_bugtraps,U,mp_multiple_bugtraps,hard,hard,0,,mp:test
train,sample_002146.npz,/home/zzy/TrajectoryPlanning/distill/data/benchmark/mp/test/sample_000647.npz,mp,multiple_bugtraps,U,mp_multiple_bugtraps,hard,hard,0,,mp:test
train,sample_002147.npz,/home/zzy/TrajectoryPlanning/distill/data/benchmark/mp/test/sample_000649.npz,mp,multiple_bugtraps,U,mp_multiple_bugtraps,hard,hard,0,,mp:test
train,sample_002148.npz,/home/zzy/TrajectoryPlanning/distill/data/benchmark/mp/test/sample_000650.npz,mp,multiple_bugtraps,U,mp_multiple_bugtraps,hard,hard,0,,mp:test
train,sample_002149.npz,/home/zzy/TrajectoryPlanning/distill/data/benchmark/mp/test/sample_000652.npz,mp,multiple_bugtraps,U,mp_multiple_bugtraps,hard,hard,0,,mp:test
train,sample_002150.npz,/home/zzy/TrajectoryPlanning/distill/data/benchmark/mp/test/sample_000654.npz,mp,multiple_bugtraps,U,mp_multiple_bugtraps,hard,hard,0,,mp:test
train,sample_002151.npz,/home/zzy/TrajectoryPlanning/distill/data/benchmark/mp/test/sample_000658.npz,mp,multiple_bugtraps,U,mp_multiple_bugtraps,hard,hard,0,,mp:test
train,sample_002152.npz,/home/zzy/TrajectoryPlanning/distill/data/benchmark/mp/test/sample_000660.npz,mp,multiple_bugtraps,U,mp_multiple_bugtraps,hard,hard,0,,mp:test
train,sample_002153.npz,/home/zzy/TrajectoryPlanning/distill/data/benchmark/mp/test/sample_000662.npz,mp,multiple_bugtraps,U,mp_multiple_bugtraps,hard,hard,0,,mp:test
train,sample_002154.npz,/home/zzy/TrajectoryPlanning/distill/data/benchmark/mp/test/sample_000664.npz,mp,multiple_bugtraps,U,mp_multiple_bugtraps,hard,hard,0,,mp:test
train,sample_002155.npz,/home/zzy/TrajectoryPlanning/distill/data/benchmark/mp/test/sample_000665.npz,mp,multiple_bugtraps,U,mp_multiple_bugtraps,hard,hard,0,,mp:test
train,sample_002156.npz,/home/zzy/TrajectoryPlanning/distill/data/benchmark/mp/test/sample_000668.npz,mp,multiple_bugtraps,U,mp_multiple_bugtraps,hard,hard,0,,mp:test
train,sample_002157.npz,/home/zzy/TrajectoryPlanning/distill/data/benchmark/mp/test/sample_000672.npz,mp,multiple_bugtraps,U,mp_multiple_bugtraps,hard,hard,0,,mp:test
train,sample_002158.npz,/home/zzy/TrajectoryPlanning/distill/data/benchmark/mp/test/sample_000673.npz,mp,multiple_bugtraps,U,mp_multiple_bugtraps,hard,hard,0,,mp:test
train,sample_002159.npz,/home/zzy/TrajectoryPlanning/distill/data/benchmark/mp/test/sample_000674.npz,mp,multiple_bugtraps,U,mp_multiple_bugtraps,hard,hard,0,,mp:test
train,sample_002160.npz,/home/zzy/TrajectoryPlanning/distill/data/benchmark/mp/test/sample_000675.npz,mp,multiple_bugtraps,U,mp_multiple_bugtraps,hard,hard,0,,mp:test
train,sample_002161.npz,/home/zzy/TrajectoryPlanning/distill/data/benchmark/mp/test/sample_000677.npz,mp,multiple_bugtraps,U,mp_multiple_bugtraps,hard,hard,0,,mp:test
train,sample_002162.npz,/home/zzy/TrajectoryPlanning/distill/data/benchmark/mp/test/sample_000679.npz,mp,multiple_bugtraps,U,mp_multiple_bugtraps,hard,hard,0,,mp:test
train,sample_002163.npz,/home/zzy/TrajectoryPlanning/distill/data/benchmark/mp/test/sample_000680.npz,mp,multiple_bugtraps,U,mp_multiple_bugtraps,hard,hard,0,,mp:test
train,sample_002164.npz,/home/zzy/TrajectoryPlanning/distill/data/benchmark/mp/test/sample_000681.npz,mp,multiple_bugtraps,U,mp_multiple_bugtraps,hard,hard,0,,mp:test
train,sample_002165.npz,/home/zzy/TrajectoryPlanning/distill/data/benchmark/mp/test/sample_000682.npz,mp,multiple_bugtraps,U,mp_multiple_bugtraps,hard,hard,0,,mp:test
train,sample_002166.npz,/home/zzy/TrajectoryPlanning/distill/data/benchmark/mp/test/sample_000683.npz,mp,multiple_bugtraps,U,mp_multiple_bugtraps,hard,hard,0,,mp:test
train,sample_002167.npz,/home/zzy/TrajectoryPlanning/distill/data/benchmark/mp/test/sample_000685.npz,mp,multiple_bugtraps,U,mp_multiple_bugtraps,hard,hard,0,,mp:test
train,sample_002168.npz,/home/zzy/TrajectoryPlanning/distill/data/benchmark/mp/test/sample_000688.npz,mp,multiple_bugtraps,U,mp_multiple_bugtraps,hard,hard,0,,mp:test
train,sample_002169.npz,/home/zzy/TrajectoryPlanning/distill/data/benchmark/mp/test/sample_000690.npz,mp,multiple_bugtraps,U,mp_multiple_bugtraps,hard,hard,0,,mp:test
train,sample_002170.npz,/home/zzy/TrajectoryPlanning/distill/data/benchmark/mp/test/sample_000692.npz,mp,multiple_bugtraps,U,mp_multiple_bugtraps,hard,hard,0,,mp:test
train,sample_002171.npz,/home/zzy/TrajectoryPlanning/distill/data/benchmark/mp/test/sample_000694.npz,mp,multiple_bugtraps,U,mp_multiple_bugtraps,hard,hard,0,,mp:test
train,sample_002172.npz,/home/zzy/TrajectoryPlanning/distill/data/benchmark/mp/test/sample_000695.npz,mp,multiple_bugtraps,U,mp_multiple_bugtraps,hard,hard,0,,mp:test
train,sample_002173.npz,/home/zzy/TrajectoryPlanning/distill/data/benchmark/mp/test/sample_000696.npz,mp,multiple_bugtraps,U,mp_multiple_bugtraps,hard,hard,0,,mp:test
train,sample_002174.npz,/home/zzy/TrajectoryPlanning/distill/data/benchmark/mp/train/sample_004802.npz,mp,multiple_bugtraps,U,mp_multiple_bugtraps,hard,hard,0,,mp:train
train,sample_002175.npz,/home/zzy/TrajectoryPlanning/distill/data/benchmark/mp/train/sample_004805.npz,mp,multiple_bugtraps,U,mp_multiple_bugtraps,hard,hard,0,,mp:train
train,sample_002176.npz,/home/zzy/TrajectoryPlanning/distill/data/benchmark/mp/train/sample_004806.npz,mp,multiple_bugtraps,U,mp_multiple_bugtraps,hard,hard,0,,mp:train
train,sample_002177.npz,/home/zzy/TrajectoryPlanning/distill/data/benchmark/mp/train/sample_004807.npz,mp,multiple_bugtraps,U,mp_multiple_bugtraps,hard,hard,0,,mp:train
train,sample_002178.npz,/home/zzy/TrajectoryPlanning/distill/data/benchmark/mp/train/sample_004809.npz,mp,multiple_bugtraps,U,mp_multiple_bugtraps,hard,hard,0,,mp:train
train,sample_002179.npz,/home/zzy/TrajectoryPlanning/distill/data/benchmark/mp/train/sample_004811.npz,mp,multiple_bugtraps,U,mp_multiple_bugtraps,hard,hard,0,,mp:train
train,sample_002180.npz,/home/zzy/TrajectoryPlanning/distill/data/benchmark/mp/train/sample_004813.npz,mp,multiple_bugtraps,U,mp_multiple_bugtraps,hard,hard,0,,mp:train
train,sample_002181.npz,/home/zzy/TrajectoryPlanning/distill/data/benchmark/mp/train/sample_004814.npz,mp,multiple_bugtraps,U,mp_multiple_bugtraps,hard,hard,0,,mp:train
train,sample_002182.npz,/home/zzy/TrajectoryPlanning/distill/data/benchmark/mp/train/sample_004815.npz,mp,multiple_bugtraps,U,mp_multiple_bugtraps,hard,hard,0,,mp:train
train,sample_002183.npz,/home/zzy/TrajectoryPlanning/distill/data/benchmark/mp/train/sample_004816.npz,mp,multiple_bugtraps,U,mp_multiple_bugtraps,hard,hard,0,,mp:train
train,sample_002184.npz,/home/zzy/TrajectoryPlanning/distill/data/benchmark/mp/train/sample_004817.npz,mp,multiple_bugtraps,U,mp_multiple_bugtraps,hard,hard,0,,mp:train
train,sample_002185.npz,/home/zzy/TrajectoryPlanning/distill/data/benchmark/mp/train/sample_004822.npz,mp,multiple_bugtraps,U,mp_multiple_bugtraps,hard,hard,0,,mp:train
train,sample_002186.npz,/home/zzy/TrajectoryPlanning/distill/data/benchmark/mp/train/sample_004825.npz,mp,multiple_bugtraps,U,mp_multiple_bugtraps,hard,hard,0,,mp:train
train,sample_002187.npz,/home/zzy/TrajectoryPlanning/distill/data/benchmark/mp/train/sample_004826.npz,mp,multiple_bugtraps,U,mp_multiple_bugtraps,hard,hard,0,,mp:train
train,sample_002188.npz,/home/zzy/TrajectoryPlanning/distill/data/benchmark/mp/train/sample_004827.npz,mp,multiple_bugtraps,U,mp_multiple_bugtraps,hard,hard,0,,mp:train
train,sample_002189.npz,/home/zzy/TrajectoryPlanning/distill/data/benchmark/mp/train/sample_004828.npz,mp,multiple_bugtraps,U,mp_multiple_bugtraps,hard,hard,0,,mp:train
train,sample_002190.npz,/home/zzy/TrajectoryPlanning/distill/data/benchmark/mp/train/sample_004830.npz,mp,multiple_bugtraps,U,mp_multiple_bugtraps,hard,hard,0,,mp:train
train,sample_002191.npz,/home/zzy/TrajectoryPlanning/distill/data/benchmark/mp/train/sample_004832.npz,mp,multiple_bugtraps,U,mp_multiple_bugtraps,hard,hard,0,,mp:train
train,sample_002192.npz,/home/zzy/TrajectoryPlanning/distill/data/benchmark/mp/train/sample_004838.npz,mp,multiple_bugtraps,U,mp_multiple_bugtraps,hard,hard,0,,mp:train
train,sample_002193.npz,/home/zzy/TrajectoryPlanning/distill/data/benchmark/mp/train/sample_004841.npz,mp,multiple_bugtraps,U,mp_multiple_bugtraps,hard,hard,0,,mp:train
train,sample_002194.npz,/home/zzy/TrajectoryPlanning/distill/data/benchmark/mp/train/sample_004843.npz,mp,multiple_bugtraps,U,mp_multiple_bugtraps,hard,hard,0,,mp:train
train,sample_002195.npz,/home/zzy/TrajectoryPlanning/distill/data/benchmark/mp/train/sample_004844.npz,mp,multiple_bugtraps,U,mp_multiple_bugtraps,hard,hard,0,,mp:train
train,sample_002196.npz,/home/zzy/TrajectoryPlanning/distill/data/benchmark/mp/train/sample_004845.npz,mp,multiple_bugtraps,U,mp_multiple_bugtraps,hard,hard,0,,mp:train
train,sample_002197.npz,/home/zzy/TrajectoryPlanning/distill/data/benchmark/mp/train/sample_004849.npz,mp,multiple_bugtraps,U,mp_multiple_bugtraps,hard,hard,0,,mp:train
train,sample_002198.npz,/home/zzy/TrajectoryPlanning/distill/data/benchmark/mp/train/sample_004853.npz,mp,multiple_bugtraps,U,mp_multiple_bugtraps,hard,hard,0,,mp:train
train,sample_002199.npz,/home/zzy/TrajectoryPlanning/distill/data/benchmark/mp/train/sample_004858.npz,mp,multiple_bugtraps,U,mp_multiple_bugtraps,hard,hard,0,,mp:train
train,sample_002200.npz,/home/zzy/TrajectoryPlanning/distill/data/benchmark/mp/train/sample_004859.npz,mp,multiple_bugtraps,U,mp_multiple_bugtraps,hard,hard,0,,mp:train
train,sample_002201.npz,/home/zzy/TrajectoryPlanning/distill/data/benchmark/mp/train/sample_004860.npz,mp,multiple_bugtraps,U,mp_multiple_bugtraps,hard,hard,0,,mp:train
train,sample_002202.npz,/home/zzy/TrajectoryPlanning/distill/data/benchmark/mp/train/sample_004861.npz,mp,multiple_bugtraps,U,mp_multiple_bugtraps,hard,hard,0,,mp:train
train,sample_002203.npz,/home/zzy/TrajectoryPlanning/distill/data/benchmark/mp/train/sample_004862.npz,mp,multiple_bugtraps,U,mp_multiple_bugtraps,hard,hard,0,,mp:train
train,sample_002204.npz,/home/zzy/TrajectoryPlanning/distill/data/benchmark/mp/train/sample_004863.npz,mp,multiple_bugtraps,U,mp_multiple_bugtraps,hard,hard,0,,mp:train
train,sample_002205.npz,/home/zzy/TrajectoryPlanning/distill/data/benchmark/mp/train/sample_004864.npz,mp,multiple_bugtraps,U,mp_multiple_bugtraps,hard,hard,0,,mp:train
train,sample_002206.npz,/home/zzy/TrajectoryPlanning/distill/data/benchmark/mp/train/sample_004866.npz,mp,multiple_bugtraps,U,mp_multiple_bugtraps,hard,hard,0,,mp:train
train,sample_002207.npz,/home/zzy/TrajectoryPlanning/distill/data/benchmark/mp/train/sample_004869.npz,mp,multiple_bugtraps,U,mp_multiple_bugtraps,hard,hard,0,,mp:train
train,sample_002208.npz,/home/zzy/TrajectoryPlanning/distill/data/benchmark/mp/train/sample_004871.npz,mp,multiple_bugtraps,U,mp_multiple_bugtraps,hard,hard,0,,mp:train
train,sample_002209.npz,/home/zzy/TrajectoryPlanning/distill/data/benchmark/mp/train/sample_004873.npz,mp,multiple_bugtraps,U,mp_multiple_bugtraps,hard,hard,0,,mp:train
train,sample_002210.npz,/home/zzy/TrajectoryPlanning/distill/data/benchmark/mp/train/sample_004874.npz,mp,multiple_bugtraps,U,mp_multiple_bugtraps,hard,hard,0,,mp:train
train,sample_002211.npz,/home/zzy/TrajectoryPlanning/distill/data/benchmark/mp/train/sample_004876.npz,mp,multiple_bugtraps,U,mp_multiple_bugtraps,hard,hard,0,,mp:train
train,sample_002212.npz,/home/zzy/TrajectoryPlanning/distill/data/benchmark/mp/train/sample_004878.npz,mp,multiple_bugtraps,U,mp_multiple_bugtraps,hard,hard,0,,mp:train
train,sample_002213.npz,/home/zzy/TrajectoryPlanning/distill/data/benchmark/mp/train/sample_004882.npz,mp,multiple_bugtraps,U,mp_multiple_bugtraps,hard,hard,0,,mp:train
train,sample_002214.npz,/home/zzy/TrajectoryPlanning/distill/data/benchmark/mp/train/sample_004883.npz,mp,multiple_bugtraps,U,mp_multiple_bugtraps,hard,hard,0,,mp:train
train,sample_002215.npz,/home/zzy/TrajectoryPlanning/distill/data/benchmark/mp/train/sample_004884.npz,mp,multiple_bugtraps,U,mp_multiple_bugtraps,hard,hard,0,,mp:train
train,sample_002216.npz,/home/zzy/TrajectoryPlanning/distill/data/benchmark/mp/train/sample_004885.npz,mp,multiple_bugtraps,U,mp_multiple_bugtraps,hard,hard,0,,mp:train
train,sample_002217.npz,/home/zzy/TrajectoryPlanning/distill/data/benchmark/mp/train/sample_004886.npz,mp,multiple_bugtraps,U,mp_multiple_bugtraps,hard,hard,0,,mp:train
train,sample_002218.npz,/home/zzy/TrajectoryPlanning/distill/data/benchmark/mp/train/sample_004887.npz,mp,multiple_bugtraps,U,mp_multiple_bugtraps,hard,hard,0,,mp:train
train,sample_002219.npz,/home/zzy/TrajectoryPlanning/distill/data/benchmark/mp/train/sample_004888.npz,mp,multiple_bugtraps,U,mp_multiple_bugtraps,hard,hard,0,,mp:train
train,sample_002220.npz,/home/zzy/TrajectoryPlanning/distill/data/benchmark/mp/train/sample_004889.npz,mp,multiple_bugtraps,U,mp_multiple_bugtraps,hard,hard,0,,mp:train
train,sample_002221.npz,/home/zzy/TrajectoryPlanning/distill/data/benchmark/mp/train/sample_004893.npz,mp,multiple_bugtraps,U,mp_multiple_bugtraps,hard,hard,0,,mp:train
train,sample_002222.npz,/home/zzy/TrajectoryPlanning/distill/data/benchmark/mp/train/sample_004897.npz,mp,multiple_bugtraps,U,mp_multiple_bugtraps,hard,hard,0,,mp:train
train,sample_002223.npz,/home/zzy/TrajectoryPlanning/distill/data/benchmark/mp/train/sample_004898.npz,mp,multiple_bugtraps,U,mp_multiple_bugtraps,hard,hard,0,,mp:train
train,sample_002224.npz,/home/zzy/TrajectoryPlanning/distill/data/benchmark/mp/train/sample_004899.npz,mp,multiple_bugtraps,U,mp_multiple_bugtraps,hard,hard,0,,mp:train
train,sample_002225.npz,/home/zzy/TrajectoryPlanning/distill/data/benchmark/mp/train/sample_004902.npz,mp,multiple_bugtraps,U,mp_multiple_bugtraps,hard,hard,0,,mp:train
train,sample_002226.npz,/home/zzy/TrajectoryPlanning/distill/data/benchmark/mp/train/sample_004907.npz,mp,multiple_bugtraps,U,mp_multiple_bugtraps,hard,hard,0,,mp:train
train,sample_002227.npz,/home/zzy/TrajectoryPlanning/distill/data/benchmark/mp/train/sample_004908.npz,mp,multiple_bugtraps,U,mp_multiple_bugtraps,hard,hard,0,,mp:train
train,sample_002228.npz,/home/zzy/TrajectoryPlanning/distill/data/benchmark/mp/train/sample_004910.npz,mp,multiple_bugtraps,U,mp_multiple_bugtraps,hard,hard,0,,mp:train
train,sample_002229.npz,/home/zzy/TrajectoryPlanning/distill/data/benchmark/mp/train/sample_004914.npz,mp,multiple_bugtraps,U,mp_multiple_bugtraps,hard,hard,0,,mp:train
train,sample_002230.npz,/home/zzy/TrajectoryPlanning/distill/data/benchmark/mp/train/sample_004915.npz,mp,multiple_bugtraps,U,mp_multiple_bugtraps,hard,hard,0,,mp:train
train,sample_002231.npz,/home/zzy/TrajectoryPlanning/distill/data/benchmark/mp/train/sample_004916.npz,mp,multiple_bugtraps,U,mp_multiple_bugtraps,hard,hard,0,,mp:train
train,sample_002232.npz,/home/zzy/TrajectoryPlanning/distill/data/benchmark/mp/train/sample_004917.npz,mp,multiple_bugtraps,U,mp_multiple_bugtraps,hard,hard,0,,mp:train
train,sample_002233.npz,/home/zzy/TrajectoryPlanning/distill/data/benchmark/mp/train/sample_004924.npz,mp,multiple_bugtraps,U,mp_multiple_bugtraps,hard,hard,0,,mp:train
train,sample_002234.npz,/home/zzy/TrajectoryPlanning/distill/data/benchmark/mp/train/sample_004925.npz,mp,multiple_bugtraps,U,mp_multiple_bugtraps,hard,hard,0,,mp:train
train,sample_002235.npz,/home/zzy/TrajectoryPlanning/distill/data/benchmark/mp/train/sample_004926.npz,mp,multiple_bugtraps,U,mp_multiple_bugtraps,hard,hard,0,,mp:train
train,sample_002236.npz,/home/zzy/TrajectoryPlanning/distill/data/benchmark/mp/train/sample_004929.npz,mp,multiple_bugtraps,U,mp_multiple_bugtraps,hard,hard,0,,mp:train
train,sample_002237.npz,/home/zzy/TrajectoryPlanning/distill/data/benchmark/mp/train/sample_004931.npz,mp,multiple_bugtraps,U,mp_multiple_bugtraps,hard,hard,0,,mp:train
train,sample_002238.npz,/home/zzy/TrajectoryPlanning/distill/data/benchmark/mp/train/sample_004932.npz,mp,multiple_bugtraps,U,mp_multiple_bugtraps,hard,hard,0,,mp:train
train,sample_002239.npz,/home/zzy/TrajectoryPlanning/distill/data/benchmark/mp/train/sample_004936.npz,mp,multiple_bugtraps,U,mp_multiple_bugtraps,hard,hard,0,,mp:train
train,sample_002240.npz,/home/zzy/TrajectoryPlanning/distill/data/benchmark/mp/train/sample_004938.npz,mp,multiple_bugtraps,U,mp_multiple_bugtraps,hard,hard,0,,mp:train
train,sample_002241.npz,/home/zzy/TrajectoryPlanning/distill/data/benchmark/mp/train/sample_004939.npz,mp,multiple_bugtraps,U,mp_multiple_bugtraps,hard,hard,0,,mp:train
train,sample_002242.npz,/home/zzy/TrajectoryPlanning/distill/data/benchmark/mp/train/sample_004941.npz,mp,multiple_bugtraps,U,mp_multiple_bugtraps,hard,hard,0,,mp:train
train,sample_002243.npz,/home/zzy/TrajectoryPlanning/distill/data/benchmark/mp/train/sample_004942.npz,mp,multiple_bugtraps,U,mp_multiple_bugtraps,hard,hard,0,,mp:train
train,sample_002244.npz,/home/zzy/TrajectoryPlanning/distill/data/benchmark/mp/train/sample_004947.npz,mp,multiple_bugtraps,U,mp_multiple_bugtraps,hard,hard,0,,mp:train
train,sample_002245.npz,/home/zzy/TrajectoryPlanning/distill/data/benchmark/mp/train/sample_004948.npz,mp,multiple_bugtraps,U,mp_multiple_bugtraps,hard,hard,0,,mp:train
train,sample_002246.npz,/home/zzy/TrajectoryPlanning/distill/data/benchmark/mp/train/sample_004949.npz,mp,multiple_bugtraps,U,mp_multiple_bugtraps,hard,hard,0,,mp:train
train,sample_002247.npz,/home/zzy/TrajectoryPlanning/distill/data/benchmark/mp/train/sample_004952.npz,mp,multiple_bugtraps,U,mp_multiple_bugtraps,hard,hard,0,,mp:train
train,sample_002248.npz,/home/zzy/TrajectoryPlanning/distill/data/benchmark/mp/train/sample_004958.npz,mp,multiple_bugtraps,U,mp_multiple_bugtraps,hard,hard,0,,mp:train
train,sample_002249.npz,/home/zzy/TrajectoryPlanning/distill/data/benchmark/mp/train/sample_004960.npz,mp,multiple_bugtraps,U,mp_multiple_bugtraps,hard,hard,0,,mp:train
train,sample_002250.npz,/home/zzy/TrajectoryPlanning/distill/data/benchmark/mp/train/sample_004961.npz,mp,multiple_bugtraps,U,mp_multiple_bugtraps,hard,hard,0,,mp:train
train,sample_002251.npz,/home/zzy/TrajectoryPlanning/distill/data/benchmark/mp/train/sample_004965.npz,mp,multiple_bugtraps,U,mp_multiple_bugtraps,hard,hard,0,,mp:train
train,sample_002252.npz,/home/zzy/TrajectoryPlanning/distill/data/benchmark/mp/train/sample_004967.npz,mp,multiple_bugtraps,U,mp_multiple_bugtraps,hard,hard,0,,mp:train
train,sample_002253.npz,/home/zzy/TrajectoryPlanning/distill/data/benchmark/mp/train/sample_004968.npz,mp,multiple_bugtraps,U,mp_multiple_bugtraps,hard,hard,0,,mp:train
train,sample_002254.npz,/home/zzy/TrajectoryPlanning/distill/data/benchmark/mp/train/sample_004969.npz,mp,multiple_bugtraps,U,mp_multiple_bugtraps,hard,hard,0,,mp:train
train,sample_002255.npz,/home/zzy/TrajectoryPlanning/distill/data/benchmark/mp/train/sample_004970.npz,mp,multiple_bugtraps,U,mp_multiple_bugtraps,hard,hard,0,,mp:train
train,sample_002256.npz,/home/zzy/TrajectoryPlanning/distill/data/benchmark/mp/train/sample_004971.npz,mp,multiple_bugtraps,U,mp_multiple_bugtraps,hard,hard,0,,mp:train
train,sample_002257.npz,/home/zzy/TrajectoryPlanning/distill/data/benchmark/mp/train/sample_004975.npz,mp,multiple_bugtraps,U,mp_multiple_bugtraps,hard,hard,0,,mp:train
train,sample_002258.npz,/home/zzy/TrajectoryPlanning/distill/data/benchmark/mp/train/sample_004978.npz,mp,multiple_bugtraps,U,mp_multiple_bugtraps,hard,hard,0,,mp:train
train,sample_002259.npz,/home/zzy/TrajectoryPlanning/distill/data/benchmark/mp/train/sample_004983.npz,mp,multiple_bugtraps,U,mp_multiple_bugtraps,hard,hard,0,,mp:train
train,sample_002260.npz,/home/zzy/TrajectoryPlanning/distill/data/benchmark/mp/train/sample_004984.npz,mp,multiple_bugtraps,U,mp_multiple_bugtraps,hard,hard,0,,mp:train
train,sample_002261.npz,/home/zzy/TrajectoryPlanning/distill/data/benchmark/mp/train/sample_004985.npz,mp,multiple_bugtraps,U,mp_multiple_bugtraps,hard,hard,0,,mp:train
train,sample_002262.npz,/home/zzy/TrajectoryPlanning/distill/data/benchmark/mp/train/sample_004986.npz,mp,multiple_bugtraps,U,mp_multiple_bugtraps,hard,hard,0,,mp:train
train,sample_002263.npz,/home/zzy/TrajectoryPlanning/distill/data/benchmark/mp/train/sample_004988.npz,mp,multiple_bugtraps,U,mp_multiple_bugtraps,hard,hard,0,,mp:train
train,sample_002264.npz,/home/zzy/TrajectoryPlanning/distill/data/benchmark/mp/train/sample_004989.npz,mp,multiple_bugtraps,U,mp_multiple_bugtraps,hard,hard,0,,mp:train
train,sample_002265.npz,/home/zzy/TrajectoryPlanning/distill/data/benchmark/mp/train/sample_004990.npz,mp,multiple_bugtraps,U,mp_multiple_bugtraps,hard,hard,0,,mp:train
train,sample_002266.npz,/home/zzy/TrajectoryPlanning/distill/data/benchmark/mp/train/sample_004991.npz,mp,multiple_bugtraps,U,mp_multiple_bugtraps,hard,hard,0,,mp:train
train,sample_002267.npz,/home/zzy/TrajectoryPlanning/distill/data/benchmark/mp/train/sample_004993.npz,mp,multiple_bugtraps,U,mp_multiple_bugtraps,hard,hard,0,,mp:train
train,sample_002268.npz,/home/zzy/TrajectoryPlanning/distill/data/benchmark/mp/train/sample_004995.npz,mp,multiple_bugtraps,U,mp_multiple_bugtraps,hard,hard,0,,mp:train
train,sample_002269.npz,/home/zzy/TrajectoryPlanning/distill/data/benchmark/mp/train/sample_004999.npz,mp,multiple_bugtraps,U,mp_multiple_bugtraps,hard,hard,0,,mp:train
train,sample_002270.npz,/home/zzy/TrajectoryPlanning/distill/data/benchmark/mp/train/sample_005004.npz,mp,multiple_bugtraps,U,mp_multiple_bugtraps,hard,hard,0,,mp:train
train,sample_002271.npz,/home/zzy/TrajectoryPlanning/distill/data/benchmark/mp/train/sample_005005.npz,mp,multiple_bugtraps,U,mp_multiple_bugtraps,hard,hard,0,,mp:train
train,sample_002272.npz,/home/zzy/TrajectoryPlanning/distill/data/benchmark/mp/train/sample_005007.npz,mp,multiple_bugtraps,U,mp_multiple_bugtraps,hard,hard,0,,mp:train
train,sample_002273.npz,/home/zzy/TrajectoryPlanning/distill/data/benchmark/mp/train/sample_005008.npz,mp,multiple_bugtraps,U,mp_multiple_bugtraps,hard,hard,0,,mp:train
train,sample_002274.npz,/home/zzy/TrajectoryPlanning/distill/data/benchmark/mp/train/sample_005010.npz,mp,multiple_bugtraps,U,mp_multiple_bugtraps,hard,hard,0,,mp:train
train,sample_002275.npz,/home/zzy/TrajectoryPlanning/distill/data/benchmark/mp/train/sample_005011.npz,mp,multiple_bugtraps,U,mp_multiple_bugtraps,hard,hard,0,,mp:train
train,sample_002276.npz,/home/zzy/TrajectoryPlanning/distill/data/benchmark/mp/train/sample_005014.npz,mp,multiple_bugtraps,U,mp_multiple_bugtraps,hard,hard,0,,mp:train
train,sample_002277.npz,/home/zzy/TrajectoryPlanning/distill/data/benchmark/mp/train/sample_005016.npz,mp,multiple_bugtraps,U,mp_multiple_bugtraps,hard,hard,0,,mp:train
train,sample_002278.npz,/home/zzy/TrajectoryPlanning/distill/data/benchmark/mp/train/sample_005020.npz,mp,multiple_bugtraps,U,mp_multiple_bugtraps,hard,hard,0,,mp:train
train,sample_002279.npz,/home/zzy/TrajectoryPlanning/distill/data/benchmark/mp/train/sample_005022.npz,mp,multiple_bugtraps,U,mp_multiple_bugtraps,hard,hard,0,,mp:train
train,sample_002280.npz,/home/zzy/TrajectoryPlanning/distill/data/benchmark/mp/train/sample_005023.npz,mp,multiple_bugtraps,U,mp_multiple_bugtraps,hard,hard,0,,mp:train
train,sample_002281.npz,/home/zzy/TrajectoryPlanning/distill/data/benchmark/mp/train/sample_005024.npz,mp,multiple_bugtraps,U,mp_multiple_bugtraps,hard,hard,0,,mp:train
train,sample_002282.npz,/home/zzy/TrajectoryPlanning/distill/data/benchmark/mp/train/sample_005026.npz,mp,multiple_bugtraps,U,mp_multiple_bugtraps,hard,hard,0,,mp:train
train,sample_002283.npz,/home/zzy/TrajectoryPlanning/distill/data/benchmark/mp/train/sample_005031.npz,mp,multiple_bugtraps,U,mp_multiple_bugtraps,hard,hard,0,,mp:train
train,sample_002284.npz,/home/zzy/TrajectoryPlanning/distill/data/benchmark/mp/train/sample_005032.npz,mp,multiple_bugtraps,U,mp_multiple_bugtraps,hard,hard,0,,mp:train
train,sample_002285.npz,/home/zzy/TrajectoryPlanning/distill/data/benchmark/mp/train/sample_005034.npz,mp,multiple_bugtraps,U,mp_multiple_bugtraps,hard,hard,0,,mp:train
train,sample_002286.npz,/home/zzy/TrajectoryPlanning/distill/data/benchmark/mp/train/sample_005035.npz,mp,multiple_bugtraps,U,mp_multiple_bugtraps,hard,hard,0,,mp:train
train,sample_002287.npz,/home/zzy/TrajectoryPlanning/distill/data/benchmark/mp/train/sample_005036.npz,mp,multiple_bugtraps,U,mp_multiple_bugtraps,hard,hard,0,,mp:train
train,sample_002288.npz,/home/zzy/TrajectoryPlanning/distill/data/benchmark/mp/train/sample_005037.npz,mp,multiple_bugtraps,U,mp_multiple_bugtraps,hard,hard,0,,mp:train
train,sample_002289.npz,/home/zzy/TrajectoryPlanning/distill/data/benchmark/mp/train/sample_005038.npz,mp,multiple_bugtraps,U,mp_multiple_bugtraps,hard,hard,0,,mp:train
train,sample_002290.npz,/home/zzy/TrajectoryPlanning/distill/data/benchmark/mp/train/sample_005040.npz,mp,multiple_bugtraps,U,mp_multiple_bugtraps,hard,hard,0,,mp:train
train,sample_002291.npz,/home/zzy/TrajectoryPlanning/distill/data/benchmark/mp/train/sample_005041.npz,mp,multiple_bugtraps,U,mp_multiple_bugtraps,hard,hard,0,,mp:train
train,sample_002292.npz,/home/zzy/TrajectoryPlanning/distill/data/benchmark/mp/train/sample_005044.npz,mp,multiple_bugtraps,U,mp_multiple_bugtraps,hard,hard,0,,mp:train
train,sample_002293.npz,/home/zzy/TrajectoryPlanning/distill/data/benchmark/mp/train/sample_005046.npz,mp,multiple_bugtraps,U,mp_multiple_bugtraps,hard,hard,0,,mp:train
train,sample_002294.npz,/home/zzy/TrajectoryPlanning/distill/data/benchmark/mp/train/sample_005048.npz,mp,multiple_bugtraps,U,mp_multiple_bugtraps,hard,hard,0,,mp:train
train,sample_002295.npz,/home/zzy/TrajectoryPlanning/distill/data/benchmark/mp/train/sample_005051.npz,mp,multiple_bugtraps,U,mp_multiple_bugtraps,hard,hard,0,,mp:train
train,sample_002296.npz,/home/zzy/TrajectoryPlanning/distill/data/benchmark/mp/train/sample_005052.npz,mp,multiple_bugtraps,U,mp_multiple_bugtraps,hard,hard,0,,mp:train
train,sample_002297.npz,/home/zzy/TrajectoryPlanning/distill/data/benchmark/mp/train/sample_005053.npz,mp,multiple_bugtraps,U,mp_multiple_bugtraps,hard,hard,0,,mp:train
train,sample_002298.npz,/home/zzy/TrajectoryPlanning/distill/data/benchmark/mp/train/sample_005054.npz,mp,multiple_bugtraps,U,mp_multiple_bugtraps,hard,hard,0,,mp:train
train,sample_002299.npz,/home/zzy/TrajectoryPlanning/distill/data/benchmark/mp/train/sample_005056.npz,mp,multiple_bugtraps,U,mp_multiple_bugtraps,hard,hard,0,,mp:train
train,sample_002300.npz,/home/zzy/TrajectoryPlanning/distill/data/benchmark/mp/train/sample_005058.npz,mp,multiple_bugtraps,U,mp_multiple_bugtraps,hard,hard,0,,mp:train
train,sample_002301.npz,/home/zzy/TrajectoryPlanning/distill/data/benchmark/mp/train/sample_005061.npz,mp,multiple_bugtraps,U,mp_multiple_bugtraps,hard,hard,0,,mp:train
train,sample_002302.npz,/home/zzy/TrajectoryPlanning/distill/data/benchmark/mp/train/sample_005062.npz,mp,multiple_bugtraps,U,mp_multiple_bugtraps,hard,hard,0,,mp:train
train,sample_002303.npz,/home/zzy/TrajectoryPlanning/distill/data/benchmark/mp/train/sample_005063.npz,mp,multiple_bugtraps,U,mp_multiple_bugtraps,hard,hard,0,,mp:train
train,sample_002304.npz,/home/zzy/TrajectoryPlanning/distill/data/benchmark/mp/train/sample_005067.npz,mp,multiple_bugtraps,U,mp_multiple_bugtraps,hard,hard,0,,mp:train
train,sample_002305.npz,/home/zzy/TrajectoryPlanning/distill/data/benchmark/mp/train/sample_005068.npz,mp,multiple_bugtraps,U,mp_multiple_bugtraps,hard,hard,0,,mp:train
train,sample_002306.npz,/home/zzy/TrajectoryPlanning/distill/data/benchmark/mp/train/sample_005070.npz,mp,multiple_bugtraps,U,mp_multiple_bugtraps,hard,hard,0,,mp:train
train,sample_002307.npz,/home/zzy/TrajectoryPlanning/distill/data/benchmark/mp/train/sample_005074.npz,mp,multiple_bugtraps,U,mp_multiple_bugtraps,hard,hard,0,,mp:train
train,sample_002308.npz,/home/zzy/TrajectoryPlanning/distill/data/benchmark/mp/train/sample_005075.npz,mp,multiple_bugtraps,U,mp_multiple_bugtraps,hard,hard,0,,mp:train
train,sample_002309.npz,/home/zzy/TrajectoryPlanning/distill/data/benchmark/mp/train/sample_005076.npz,mp,multiple_bugtraps,U,mp_multiple_bugtraps,hard,hard,0,,mp:train
train,sample_002310.npz,/home/zzy/TrajectoryPlanning/distill/data/benchmark/mp/train/sample_005081.npz,mp,multiple_bugtraps,U,mp_multiple_bugtraps,hard,hard,0,,mp:train
train,sample_002311.npz,/home/zzy/TrajectoryPlanning/distill/data/benchmark/mp/train/sample_005083.npz,mp,multiple_bugtraps,U,mp_multiple_bugtraps,hard,hard,0,,mp:train
train,sample_002312.npz,/home/zzy/TrajectoryPlanning/distill/data/benchmark/mp/train/sample_005084.npz,mp,multiple_bugtraps,U,mp_multiple_bugtraps,hard,hard,0,,mp:train
train,sample_002313.npz,/home/zzy/TrajectoryPlanning/distill/data/benchmark/mp/train/sample_005085.npz,mp,multiple_bugtraps,U,mp_multiple_bugtraps,hard,hard,0,,mp:train
train,sample_002314.npz,/home/zzy/TrajectoryPlanning/distill/data/benchmark/mp/train/sample_005088.npz,mp,multiple_bugtraps,U,mp_multiple_bugtraps,hard,hard,0,,mp:train
train,sample_002315.npz,/home/zzy/TrajectoryPlanning/distill/data/benchmark/mp/train/sample_005090.npz,mp,multiple_bugtraps,U,mp_multiple_bugtraps,hard,hard,0,,mp:train
train,sample_002316.npz,/home/zzy/TrajectoryPlanning/distill/data/benchmark/mp/train/sample_005091.npz,mp,multiple_bugtraps,U,mp_multiple_bugtraps,hard,hard,0,,mp:train
train,sample_002317.npz,/home/zzy/TrajectoryPlanning/distill/data/benchmark/mp/train/sample_005093.npz,mp,multiple_bugtraps,U,mp_multiple_bugtraps,hard,hard,0,,mp:train
train,sample_002318.npz,/home/zzy/TrajectoryPlanning/distill/data/benchmark/mp/train/sample_005094.npz,mp,multiple_bugtraps,U,mp_multiple_bugtraps,hard,hard,0,,mp:train
train,sample_002319.npz,/home/zzy/TrajectoryPlanning/distill/data/benchmark/mp/train/sample_005095.npz,mp,multiple_bugtraps,U,mp_multiple_bugtraps,hard,hard,0,,mp:train
train,sample_002320.npz,/home/zzy/TrajectoryPlanning/distill/data/benchmark/mp/train/sample_005098.npz,mp,multiple_bugtraps,U,mp_multiple_bugtraps,hard,hard,0,,mp:train
train,sample_002321.npz,/home/zzy/TrajectoryPlanning/distill/data/benchmark/mp/train/sample_005100.npz,mp,multiple_bugtraps,U,mp_multiple_bugtraps,hard,hard,0,,mp:train
train,sample_002322.npz,/home/zzy/TrajectoryPlanning/distill/data/benchmark/mp/train/sample_005101.npz,mp,multiple_bugtraps,U,mp_multiple_bugtraps,hard,hard,0,,mp:train
train,sample_002323.npz,/home/zzy/TrajectoryPlanning/distill/data/benchmark/mp/train/sample_005105.npz,mp,multiple_bugtraps,U,mp_multiple_bugtraps,hard,hard,0,,mp:train
train,sample_002324.npz,/home/zzy/TrajectoryPlanning/distill/data/benchmark/mp/train/sample_005107.npz,mp,multiple_bugtraps,U,mp_multiple_bugtraps,hard,hard,0,,mp:train
train,sample_002325.npz,/home/zzy/TrajectoryPlanning/distill/data/benchmark/mp/train/sample_005108.npz,mp,multiple_bugtraps,U,mp_multiple_bugtraps,hard,hard,0,,mp:train
train,sample_002326.npz,/home/zzy/TrajectoryPlanning/distill/data/benchmark/mp/train/sample_005109.npz,mp,multiple_bugtraps,U,mp_multiple_bugtraps,hard,hard,0,,mp:train
train,sample_002327.npz,/home/zzy/TrajectoryPlanning/distill/data/benchmark/mp/train/sample_005110.npz,mp,multiple_bugtraps,U,mp_multiple_bugtraps,hard,hard,0,,mp:train
train,sample_002328.npz,/home/zzy/TrajectoryPlanning/distill/data/benchmark/mp/train/sample_005112.npz,mp,multiple_bugtraps,U,mp_multiple_bugtraps,hard,hard,0,,mp:train
train,sample_002329.npz,/home/zzy/TrajectoryPlanning/distill/data/benchmark/mp/train/sample_005114.npz,mp,multiple_bugtraps,U,mp_multiple_bugtraps,hard,hard,0,,mp:train
train,sample_002330.npz,/home/zzy/TrajectoryPlanning/distill/data/benchmark/mp/train/sample_005117.npz,mp,multiple_bugtraps,U,mp_multiple_bugtraps,hard,hard,0,,mp:train
train,sample_002331.npz,/home/zzy/TrajectoryPlanning/distill/data/benchmark/mp/train/sample_005120.npz,mp,multiple_bugtraps,U,mp_multiple_bugtraps,hard,hard,0,,mp:train
train,sample_002332.npz,/home/zzy/TrajectoryPlanning/distill/data/benchmark/mp/train/sample_005122.npz,mp,multiple_bugtraps,U,mp_multiple_bugtraps,hard,hard,0,,mp:train
train,sample_002333.npz,/home/zzy/TrajectoryPlanning/distill/data/benchmark/mp/train/sample_005125.npz,mp,multiple_bugtraps,U,mp_multiple_bugtraps,hard,hard,0,,mp:train
train,sample_002334.npz,/home/zzy/TrajectoryPlanning/distill/data/benchmark/mp/train/sample_005130.npz,mp,multiple_bugtraps,U,mp_multiple_bugtraps,hard,hard,0,,mp:train
train,sample_002335.npz,/home/zzy/TrajectoryPlanning/distill/data/benchmark/mp/train/sample_005131.npz,mp,multiple_bugtraps,U,mp_multiple_bugtraps,hard,hard,0,,mp:train
train,sample_002336.npz,/home/zzy/TrajectoryPlanning/distill/data/benchmark/mp/train/sample_005133.npz,mp,multiple_bugtraps,U,mp_multiple_bugtraps,hard,hard,0,,mp:train
train,sample_002337.npz,/home/zzy/TrajectoryPlanning/distill/data/benchmark/mp/train/sample_005140.npz,mp,multiple_bugtraps,U,mp_multiple_bugtraps,hard,hard,0,,mp:train
train,sample_002338.npz,/home/zzy/TrajectoryPlanning/distill/data/benchmark/mp/train/sample_005141.npz,mp,multiple_bugtraps,U,mp_multiple_bugtraps,hard,hard,0,,mp:train
train,sample_002339.npz,/home/zzy/TrajectoryPlanning/distill/data/benchmark/mp/train/sample_005142.npz,mp,multiple_bugtraps,U,mp_multiple_bugtraps,hard,hard,0,,mp:train
train,sample_002340.npz,/home/zzy/TrajectoryPlanning/distill/data/benchmark/mp/train/sample_005143.npz,mp,multiple_bugtraps,U,mp_multiple_bugtraps,hard,hard,0,,mp:train
train,sample_002341.npz,/home/zzy/TrajectoryPlanning/distill/data/benchmark/mp/train/sample_005145.npz,mp,multiple_bugtraps,U,mp_multiple_bugtraps,hard,hard,0,,mp:train
train,sample_002342.npz,/home/zzy/TrajectoryPlanning/distill/data/benchmark/mp/train/sample_005148.npz,mp,multiple_bugtraps,U,mp_multiple_bugtraps,hard,hard,0,,mp:train
train,sample_002343.npz,/home/zzy/TrajectoryPlanning/distill/data/benchmark/mp/train/sample_005149.npz,mp,multiple_bugtraps,U,mp_multiple_bugtraps,hard,hard,0,,mp:train
train,sample_002344.npz,/home/zzy/TrajectoryPlanning/distill/data/benchmark/mp/train/sample_005151.npz,mp,multiple_bugtraps,U,mp_multiple_bugtraps,hard,hard,0,,mp:train
train,sample_002345.npz,/home/zzy/TrajectoryPlanning/distill/data/benchmark/mp/train/sample_005152.npz,mp,multiple_bugtraps,U,mp_multiple_bugtraps,hard,hard,0,,mp:train
train,sample_002346.npz,/home/zzy/TrajectoryPlanning/distill/data/benchmark/mp/train/sample_005155.npz,mp,multiple_bugtraps,U,mp_multiple_bugtraps,hard,hard,0,,mp:train
train,sample_002347.npz,/home/zzy/TrajectoryPlanning/distill/data/benchmark/mp/train/sample_005156.npz,mp,multiple_bugtraps,U,mp_multiple_bugtraps,hard,hard,0,,mp:train
train,sample_002348.npz,/home/zzy/TrajectoryPlanning/distill/data/benchmark/mp/train/sample_005158.npz,mp,multiple_bugtraps,U,mp_multiple_bugtraps,hard,hard,0,,mp:train
train,sample_002349.npz,/home/zzy/TrajectoryPlanning/distill/data/benchmark/mp/train/sample_005159.npz,mp,multiple_bugtraps,U,mp_multiple_bugtraps,hard,hard,0,,mp:train
train,sample_002350.npz,/home/zzy/TrajectoryPlanning/distill/data/benchmark/mp/train/sample_005160.npz,mp,multiple_bugtraps,U,mp_multiple_bugtraps,hard,hard,0,,mp:train
train,sample_002351.npz,/home/zzy/TrajectoryPlanning/distill/data/benchmark/mp/train/sample_005165.npz,mp,multiple_bugtraps,U,mp_multiple_bugtraps,hard,hard,0,,mp:train
train,sample_002352.npz,/home/zzy/TrajectoryPlanning/distill/data/benchmark/mp/train/sample_005167.npz,mp,multiple_bugtraps,U,mp_multiple_bugtraps,hard,hard,0,,mp:train
train,sample_002353.npz,/home/zzy/TrajectoryPlanning/distill/data/benchmark/mp/train/sample_005169.npz,mp,multiple_bugtraps,U,mp_multiple_bugtraps,hard,hard,0,,mp:train
train,sample_002354.npz,/home/zzy/TrajectoryPlanning/distill/data/benchmark/mp/train/sample_005170.npz,mp,multiple_bugtraps,U,mp_multiple_bugtraps,hard,hard,0,,mp:train
train,sample_002355.npz,/home/zzy/TrajectoryPlanning/distill/data/benchmark/mp/train/sample_005171.npz,mp,multiple_bugtraps,U,mp_multiple_bugtraps,hard,hard,0,,mp:train
train,sample_002356.npz,/home/zzy/TrajectoryPlanning/distill/data/benchmark/mp/train/sample_005173.npz,mp,multiple_bugtraps,U,mp_multiple_bugtraps,hard,hard,0,,mp:train
train,sample_002357.npz,/home/zzy/TrajectoryPlanning/distill/data/benchmark/mp/train/sample_005178.npz,mp,multiple_bugtraps,U,mp_multiple_bugtraps,hard,hard,0,,mp:train
train,sample_002358.npz,/home/zzy/TrajectoryPlanning/distill/data/benchmark/mp/train/sample_005181.npz,mp,multiple_bugtraps,U,mp_multiple_bugtraps,hard,hard,0,,mp:train
train,sample_002359.npz,/home/zzy/TrajectoryPlanning/distill/data/benchmark/mp/train/sample_005182.npz,mp,multiple_bugtraps,U,mp_multiple_bugtraps,hard,hard,0,,mp:train
train,sample_002360.npz,/home/zzy/TrajectoryPlanning/distill/data/benchmark/mp/train/sample_005183.npz,mp,multiple_bugtraps,U,mp_multiple_bugtraps,hard,hard,0,,mp:train
train,sample_002361.npz,/home/zzy/TrajectoryPlanning/distill/data/benchmark/mp/train/sample_005186.npz,mp,multiple_bugtraps,U,mp_multiple_bugtraps,hard,hard,0,,mp:train
train,sample_002362.npz,/home/zzy/TrajectoryPlanning/distill/data/benchmark/mp/train/sample_005188.npz,mp,multiple_bugtraps,U,mp_multiple_bugtraps,hard,hard,0,,mp:train
train,sample_002363.npz,/home/zzy/TrajectoryPlanning/distill/data/benchmark/mp/train/sample_005189.npz,mp,multiple_bugtraps,U,mp_multiple_bugtraps,hard,hard,0,,mp:train
train,sample_002364.npz,/home/zzy/TrajectoryPlanning/distill/data/benchmark/mp/train/sample_005193.npz,mp,multiple_bugtraps,U,mp_multiple_bugtraps,hard,hard,0,,mp:train
train,sample_002365.npz,/home/zzy/TrajectoryPlanning/distill/data/benchmark/mp/train/sample_005194.npz,mp,multiple_bugtraps,U,mp_multiple_bugtraps,hard,hard,0,,mp:train
train,sample_002366.npz,/home/zzy/TrajectoryPlanning/distill/data/benchmark/mp/train/sample_005195.npz,mp,multiple_bugtraps,U,mp_multiple_bugtraps,hard,hard,0,,mp:train
train,sample_002367.npz,/home/zzy/TrajectoryPlanning/distill/data/benchmark/mp/train/sample_005196.npz,mp,multiple_bugtraps,U,mp_multiple_bugtraps,hard,hard,0,,mp:train
train,sample_002368.npz,/home/zzy/TrajectoryPlanning/distill/data/benchmark/mp/train/sample_005198.npz,mp,multiple_bugtraps,U,mp_multiple_bugtraps,hard,hard,0,,mp:train
train,sample_002369.npz,/home/zzy/TrajectoryPlanning/distill/data/benchmark/mp/train/sample_005199.npz,mp,multiple_bugtraps,U,mp_multiple_bugtraps,hard,hard,0,,mp:train
train,sample_002370.npz,/home/zzy/TrajectoryPlanning/distill/data/benchmark/mp/train/sample_005200.npz,mp,multiple_bugtraps,U,mp_multiple_bugtraps,hard,hard,0,,mp:train
train,sample_002371.npz,/home/zzy/TrajectoryPlanning/distill/data/benchmark/mp/train/sample_005208.npz,mp,multiple_bugtraps,U,mp_multiple_bugtraps,hard,hard,0,,mp:train
train,sample_002372.npz,/home/zzy/TrajectoryPlanning/distill/data/benchmark/mp/train/sample_005216.npz,mp,multiple_bugtraps,U,mp_multiple_bugtraps,hard,hard,0,,mp:train
train,sample_002373.npz,/home/zzy/TrajectoryPlanning/distill/data/benchmark/mp/train/sample_005219.npz,mp,multiple_bugtraps,U,mp_multiple_bugtraps,hard,hard,0,,mp:train
train,sample_002374.npz,/home/zzy/TrajectoryPlanning/distill/data/benchmark/mp/train/sample_005222.npz,mp,multiple_bugtraps,U,mp_multiple_bugtraps,hard,hard,0,,mp:train
train,sample_002375.npz,/home/zzy/TrajectoryPlanning/distill/data/benchmark/mp/train/sample_005225.npz,mp,multiple_bugtraps,U,mp_multiple_bugtraps,hard,hard,0,,mp:train
train,sample_002376.npz,/home/zzy/TrajectoryPlanning/distill/data/benchmark/mp/train/sample_005228.npz,mp,multiple_bugtraps,U,mp_multiple_bugtraps,hard,hard,0,,mp:train
train,sample_002377.npz,/home/zzy/TrajectoryPlanning/distill/data/benchmark/mp/train/sample_005229.npz,mp,multiple_bugtraps,U,mp_multiple_bugtraps,hard,hard,0,,mp:train
train,sample_002378.npz,/home/zzy/TrajectoryPlanning/distill/data/benchmark/mp/train/sample_005232.npz,mp,multiple_bugtraps,U,mp_multiple_bugtraps,hard,hard,0,,mp:train
train,sample_002379.npz,/home/zzy/TrajectoryPlanning/distill/data/benchmark/mp/train/sample_005236.npz,mp,multiple_bugtraps,U,mp_multiple_bugtraps,hard,hard,0,,mp:train
train,sample_002380.npz,/home/zzy/TrajectoryPlanning/distill/data/benchmark/mp/train/sample_005238.npz,mp,multiple_bugtraps,U,mp_multiple_bugtraps,hard,hard,0,,mp:train
train,sample_002381.npz,/home/zzy/TrajectoryPlanning/distill/data/benchmark/mp/train/sample_005239.npz,mp,multiple_bugtraps,U,mp_multiple_bugtraps,hard,hard,0,,mp:train
train,sample_002382.npz,/home/zzy/TrajectoryPlanning/distill/data/benchmark/mp/train/sample_005241.npz,mp,multiple_bugtraps,U,mp_multiple_bugtraps,hard,hard,0,,mp:train
train,sample_002383.npz,/home/zzy/TrajectoryPlanning/distill/data/benchmark/mp/train/sample_005244.npz,mp,multiple_bugtraps,U,mp_multiple_bugtraps,hard,hard,0,,mp:train
train,sample_002384.npz,/home/zzy/TrajectoryPlanning/distill/data/benchmark/mp/train/sample_005246.npz,mp,multiple_bugtraps,U,mp_multiple_bugtraps,hard,hard,0,,mp:train
train,sample_002385.npz,/home/zzy/TrajectoryPlanning/distill/data/benchmark/mp/train/sample_005247.npz,mp,multiple_bugtraps,U,mp_multiple_bugtraps,hard,hard,0,,mp:train
train,sample_002386.npz,/home/zzy/TrajectoryPlanning/distill/data/benchmark/mp/train/sample_005249.npz,mp,multiple_bugtraps,U,mp_multiple_bugtraps,hard,hard,0,,mp:train
train,sample_002387.npz,/home/zzy/TrajectoryPlanning/distill/data/benchmark/mp/train/sample_005252.npz,mp,multiple_bugtraps,U,mp_multiple_bugtraps,hard,hard,0,,mp:train
train,sample_002388.npz,/home/zzy/TrajectoryPlanning/distill/data/benchmark/mp/train/sample_005256.npz,mp,multiple_bugtraps,U,mp_multiple_bugtraps,hard,hard,0,,mp:train
train,sample_002389.npz,/home/zzy/TrajectoryPlanning/distill/data/benchmark/mp/train/sample_005257.npz,mp,multiple_bugtraps,U,mp_multiple_bugtraps,hard,hard,0,,mp:train
train,sample_002390.npz,/home/zzy/TrajectoryPlanning/distill/data/benchmark/mp/train/sample_005258.npz,mp,multiple_bugtraps,U,mp_multiple_bugtraps,hard,hard,0,,mp:train
train,sample_002391.npz,/home/zzy/TrajectoryPlanning/distill/data/benchmark/mp/train/sample_005259.npz,mp,multiple_bugtraps,U,mp_multiple_bugtraps,hard,hard,0,,mp:train
train,sample_002392.npz,/home/zzy/TrajectoryPlanning/distill/data/benchmark/mp/train/sample_005264.npz,mp,multiple_bugtraps,U,mp_multiple_bugtraps,hard,hard,0,,mp:train
train,sample_002393.npz,/home/zzy/TrajectoryPlanning/distill/data/benchmark/mp/train/sample_005265.npz,mp,multiple_bugtraps,U,mp_multiple_bugtraps,hard,hard,0,,mp:train
train,sample_002394.npz,/home/zzy/TrajectoryPlanning/distill/data/benchmark/mp/train/sample_005267.npz,mp,multiple_bugtraps,U,mp_multiple_bugtraps,hard,hard,0,,mp:train
train,sample_002395.npz,/home/zzy/TrajectoryPlanning/distill/data/benchmark/mp/train/sample_005268.npz,mp,multiple_bugtraps,U,mp_multiple_bugtraps,hard,hard,0,,mp:train
train,sample_002396.npz,/home/zzy/TrajectoryPlanning/distill/data/benchmark/mp/train/sample_005269.npz,mp,multiple_bugtraps,U,mp_multiple_bugtraps,hard,hard,0,,mp:train
train,sample_002397.npz,/home/zzy/TrajectoryPlanning/distill/data/benchmark/mp/train/sample_005270.npz,mp,multiple_bugtraps,U,mp_multiple_bugtraps,hard,hard,0,,mp:train
train,sample_002398.npz,/home/zzy/TrajectoryPlanning/distill/data/benchmark/mp/train/sample_005271.npz,mp,multiple_bugtraps,U,mp_multiple_bugtraps,hard,hard,0,,mp:train
train,sample_002399.npz,/home/zzy/TrajectoryPlanning/distill/data/benchmark/mp/train/sample_005273.npz,mp,multiple_bugtraps,U,mp_multiple_bugtraps,hard,hard,0,,mp:train
train,sample_002400.npz,/home/zzy/TrajectoryPlanning/distill/data/benchmark/mp/train/sample_005274.npz,mp,multiple_bugtraps,U,mp_multiple_bugtraps,hard,hard,0,,mp:train
train,sample_002401.npz,/home/zzy/TrajectoryPlanning/distill/data/benchmark/mp/train/sample_005276.npz,mp,multiple_bugtraps,U,mp_multiple_bugtraps,hard,hard,0,,mp:train
train,sample_002402.npz,/home/zzy/TrajectoryPlanning/distill/data/benchmark/mp/train/sample_005280.npz,mp,multiple_bugtraps,U,mp_multiple_bugtraps,hard,hard,0,,mp:train
train,sample_002403.npz,/home/zzy/TrajectoryPlanning/distill/data/benchmark/mp/train/sample_005281.npz,mp,multiple_bugtraps,U,mp_multiple_bugtraps,hard,hard,0,,mp:train
train,sample_002404.npz,/home/zzy/TrajectoryPlanning/distill/data/benchmark/mp/train/sample_005282.npz,mp,multiple_bugtraps,U,mp_multiple_bugtraps,hard,hard,0,,mp:train
train,sample_002405.npz,/home/zzy/TrajectoryPlanning/distill/data/benchmark/mp/train/sample_005285.npz,mp,multiple_bugtraps,U,mp_multiple_bugtraps,hard,hard,0,,mp:train
train,sample_002406.npz,/home/zzy/TrajectoryPlanning/distill/data/benchmark/mp/train/sample_005286.npz,mp,multiple_bugtraps,U,mp_multiple_bugtraps,hard,hard,0,,mp:train
train,sample_002407.npz,/home/zzy/TrajectoryPlanning/distill/data/benchmark/mp/train/sample_005289.npz,mp,multiple_bugtraps,U,mp_multiple_bugtraps,hard,hard,0,,mp:train
train,sample_002408.npz,/home/zzy/TrajectoryPlanning/distill/data/benchmark/mp/train/sample_005290.npz,mp,multiple_bugtraps,U,mp_multiple_bugtraps,hard,hard,0,,mp:train
train,sample_002409.npz,/home/zzy/TrajectoryPlanning/distill/data/benchmark/mp/train/sample_005293.npz,mp,multiple_bugtraps,U,mp_multiple_bugtraps,hard,hard,0,,mp:train
train,sample_002410.npz,/home/zzy/TrajectoryPlanning/distill/data/benchmark/mp/train/sample_005297.npz,mp,multiple_bugtraps,U,mp_multiple_bugtraps,hard,hard,0,,mp:train
train,sample_002411.npz,/home/zzy/TrajectoryPlanning/distill/data/benchmark/mp/train/sample_005298.npz,mp,multiple_bugtraps,U,mp_multiple_bugtraps,hard,hard,0,,mp:train
train,sample_002412.npz,/home/zzy/TrajectoryPlanning/distill/data/benchmark/mp/train/sample_005299.npz,mp,multiple_bugtraps,U,mp_multiple_bugtraps,hard,hard,0,,mp:train
train,sample_002413.npz,/home/zzy/TrajectoryPlanning/distill/data/benchmark/mp/train/sample_005302.npz,mp,multiple_bugtraps,U,mp_multiple_bugtraps,hard,hard,0,,mp:train
train,sample_002414.npz,/home/zzy/TrajectoryPlanning/distill/data/benchmark/mp/train/sample_005303.npz,mp,multiple_bugtraps,U,mp_multiple_bugtraps,hard,hard,0,,mp:train
train,sample_002415.npz,/home/zzy/TrajectoryPlanning/distill/data/benchmark/mp/train/sample_005307.npz,mp,multiple_bugtraps,U,mp_multiple_bugtraps,hard,hard,0,,mp:train
train,sample_002416.npz,/home/zzy/TrajectoryPlanning/distill/data/benchmark/mp/train/sample_005309.npz,mp,multiple_bugtraps,U,mp_multiple_bugtraps,hard,hard,0,,mp:train
train,sample_002417.npz,/home/zzy/TrajectoryPlanning/distill/data/benchmark/mp/train/sample_005310.npz,mp,multiple_bugtraps,U,mp_multiple_bugtraps,hard,hard,0,,mp:train
train,sample_002418.npz,/home/zzy/TrajectoryPlanning/distill/data/benchmark/mp/train/sample_005313.npz,mp,multiple_bugtraps,U,mp_multiple_bugtraps,hard,hard,0,,mp:train
train,sample_002419.npz,/home/zzy/TrajectoryPlanning/distill/data/benchmark/mp/train/sample_005314.npz,mp,multiple_bugtraps,U,mp_multiple_bugtraps,hard,hard,0,,mp:train
train,sample_002420.npz,/home/zzy/TrajectoryPlanning/distill/data/benchmark/mp/train/sample_005318.npz,mp,multiple_bugtraps,U,mp_multiple_bugtraps,hard,hard,0,,mp:train
train,sample_002421.npz,/home/zzy/TrajectoryPlanning/distill/data/benchmark/mp/train/sample_005324.npz,mp,multiple_bugtraps,U,mp_multiple_bugtraps,hard,hard,0,,mp:train
train,sample_002422.npz,/home/zzy/TrajectoryPlanning/distill/data/benchmark/mp/train/sample_005325.npz,mp,multiple_bugtraps,U,mp_multiple_bugtraps,hard,hard,0,,mp:train
train,sample_002423.npz,/home/zzy/TrajectoryPlanning/distill/data/benchmark/mp/train/sample_005328.npz,mp,multiple_bugtraps,U,mp_multiple_bugtraps,hard,hard,0,,mp:train
train,sample_002424.npz,/home/zzy/TrajectoryPlanning/distill/data/benchmark/mp/train/sample_005329.npz,mp,multiple_bugtraps,U,mp_multiple_bugtraps,hard,hard,0,,mp:train
train,sample_002425.npz,/home/zzy/TrajectoryPlanning/distill/data/benchmark/mp/train/sample_005333.npz,mp,multiple_bugtraps,U,mp_multiple_bugtraps,hard,hard,0,,mp:train
train,sample_002426.npz,/home/zzy/TrajectoryPlanning/distill/data/benchmark/mp/train/sample_005334.npz,mp,multiple_bugtraps,U,mp_multiple_bugtraps,hard,hard,0,,mp:train
train,sample_002427.npz,/home/zzy/TrajectoryPlanning/distill/data/benchmark/mp/train/sample_005337.npz,mp,multiple_bugtraps,U,mp_multiple_bugtraps,hard,hard,0,,mp:train
train,sample_002428.npz,/home/zzy/TrajectoryPlanning/distill/data/benchmark/mp/train/sample_005342.npz,mp,multiple_bugtraps,U,mp_multiple_bugtraps,hard,hard,0,,mp:train
train,sample_002429.npz,/home/zzy/TrajectoryPlanning/distill/data/benchmark/mp/train/sample_005344.npz,mp,multiple_bugtraps,U,mp_multiple_bugtraps,hard,hard,0,,mp:train
train,sample_002430.npz,/home/zzy/TrajectoryPlanning/distill/data/benchmark/mp/train/sample_005346.npz,mp,multiple_bugtraps,U,mp_multiple_bugtraps,hard,hard,0,,mp:train
train,sample_002431.npz,/home/zzy/TrajectoryPlanning/distill/data/benchmark/mp/train/sample_005349.npz,mp,multiple_bugtraps,U,mp_multiple_bugtraps,hard,hard,0,,mp:train
train,sample_002432.npz,/home/zzy/TrajectoryPlanning/distill/data/benchmark/mp/train/sample_005350.npz,mp,multiple_bugtraps,U,mp_multiple_bugtraps,hard,hard,0,,mp:train
train,sample_002433.npz,/home/zzy/TrajectoryPlanning/distill/data/benchmark/mp/train/sample_005354.npz,mp,multiple_bugtraps,U,mp_multiple_bugtraps,hard,hard,0,,mp:train
train,sample_002434.npz,/home/zzy/TrajectoryPlanning/distill/data/benchmark/mp/train/sample_005356.npz,mp,multiple_bugtraps,U,mp_multiple_bugtraps,hard,hard,0,,mp:train
train,sample_002435.npz,/home/zzy/TrajectoryPlanning/distill/data/benchmark/mp/train/sample_005364.npz,mp,multiple_bugtraps,U,mp_multiple_bugtraps,hard,hard,0,,mp:train
train,sample_002436.npz,/home/zzy/TrajectoryPlanning/distill/data/benchmark/mp/train/sample_005365.npz,mp,multiple_bugtraps,U,mp_multiple_bugtraps,hard,hard,0,,mp:train
train,sample_002437.npz,/home/zzy/TrajectoryPlanning/distill/data/benchmark/mp/train/sample_005369.npz,mp,multiple_bugtraps,U,mp_multiple_bugtraps,hard,hard,0,,mp:train
train,sample_002438.npz,/home/zzy/TrajectoryPlanning/distill/data/benchmark/mp/train/sample_005371.npz,mp,multiple_bugtraps,U,mp_multiple_bugtraps,hard,hard,0,,mp:train
train,sample_002439.npz,/home/zzy/TrajectoryPlanning/distill/data/benchmark/mp/train/sample_005373.npz,mp,multiple_bugtraps,U,mp_multiple_bugtraps,hard,hard,0,,mp:train
train,sample_002440.npz,/home/zzy/TrajectoryPlanning/distill/data/benchmark/mp/train/sample_005374.npz,mp,multiple_bugtraps,U,mp_multiple_bugtraps,hard,hard,0,,mp:train
train,sample_002441.npz,/home/zzy/TrajectoryPlanning/distill/data/benchmark/mp/train/sample_005375.npz,mp,multiple_bugtraps,U,mp_multiple_bugtraps,hard,hard,0,,mp:train
train,sample_002442.npz,/home/zzy/TrajectoryPlanning/distill/data/benchmark/mp/train/sample_005376.npz,mp,multiple_bugtraps,U,mp_multiple_bugtraps,hard,hard,0,,mp:train
train,sample_002443.npz,/home/zzy/TrajectoryPlanning/distill/data/benchmark/mp/train/sample_005378.npz,mp,multiple_bugtraps,U,mp_multiple_bugtraps,hard,hard,0,,mp:train
train,sample_002444.npz,/home/zzy/TrajectoryPlanning/distill/data/benchmark/mp/train/sample_005380.npz,mp,multiple_bugtraps,U,mp_multiple_bugtraps,hard,hard,0,,mp:train
train,sample_002445.npz,/home/zzy/TrajectoryPlanning/distill/data/benchmark/mp/train/sample_005383.npz,mp,multiple_bugtraps,U,mp_multiple_bugtraps,hard,hard,0,,mp:train
train,sample_002446.npz,/home/zzy/TrajectoryPlanning/distill/data/benchmark/mp/train/sample_005384.npz,mp,multiple_bugtraps,U,mp_multiple_bugtraps,hard,hard,0,,mp:train
train,sample_002447.npz,/home/zzy/TrajectoryPlanning/distill/data/benchmark/mp/train/sample_005387.npz,mp,multiple_bugtraps,U,mp_multiple_bugtraps,hard,hard,0,,mp:train
train,sample_002448.npz,/home/zzy/TrajectoryPlanning/distill/data/benchmark/mp/train/sample_005388.npz,mp,multiple_bugtraps,U,mp_multiple_bugtraps,hard,hard,0,,mp:train
train,sample_002449.npz,/home/zzy/TrajectoryPlanning/distill/data/benchmark/mp/train/sample_005390.npz,mp,multiple_bugtraps,U,mp_multiple_bugtraps,hard,hard,0,,mp:train
train,sample_002450.npz,/home/zzy/TrajectoryPlanning/distill/data/benchmark/mp/train/sample_005394.npz,mp,multiple_bugtraps,U,mp_multiple_bugtraps,hard,hard,0,,mp:train
train,sample_002451.npz,/home/zzy/TrajectoryPlanning/distill/data/benchmark/mp/train/sample_005395.npz,mp,multiple_bugtraps,U,mp_multiple_bugtraps,hard,hard,0,,mp:train
train,sample_002452.npz,/home/zzy/TrajectoryPlanning/distill/data/benchmark/mp/train/sample_005397.npz,mp,multiple_bugtraps,U,mp_multiple_bugtraps,hard,hard,0,,mp:train
train,sample_002453.npz,/home/zzy/TrajectoryPlanning/distill/data/benchmark/mp/train/sample_005399.npz,mp,multiple_bugtraps,U,mp_multiple_bugtraps,hard,hard,0,,mp:train
train,sample_002454.npz,/home/zzy/TrajectoryPlanning/distill/data/benchmark/mp/train/sample_005405.npz,mp,multiple_bugtraps,U,mp_multiple_bugtraps,hard,hard,0,,mp:train
train,sample_002455.npz,/home/zzy/TrajectoryPlanning/distill/data/benchmark/mp/train/sample_005406.npz,mp,multiple_bugtraps,U,mp_multiple_bugtraps,hard,hard,0,,mp:train
train,sample_002456.npz,/home/zzy/TrajectoryPlanning/distill/data/benchmark/mp/train/sample_005408.npz,mp,multiple_bugtraps,U,mp_multiple_bugtraps,hard,hard,0,,mp:train
train,sample_002457.npz,/home/zzy/TrajectoryPlanning/distill/data/benchmark/mp/train/sample_005409.npz,mp,multiple_bugtraps,U,mp_multiple_bugtraps,hard,hard,0,,mp:train
train,sample_002458.npz,/home/zzy/TrajectoryPlanning/distill/data/benchmark/mp/train/sample_005411.npz,mp,multiple_bugtraps,U,mp_multiple_bugtraps,hard,hard,0,,mp:train
train,sample_002459.npz,/home/zzy/TrajectoryPlanning/distill/data/benchmark/mp/train/sample_005413.npz,mp,multiple_bugtraps,U,mp_multiple_bugtraps,hard,hard,0,,mp:train
train,sample_002460.npz,/home/zzy/TrajectoryPlanning/distill/data/benchmark/mp/train/sample_005421.npz,mp,multiple_bugtraps,U,mp_multiple_bugtraps,hard,hard,0,,mp:train
train,sample_002461.npz,/home/zzy/TrajectoryPlanning/distill/data/benchmark/mp/train/sample_005424.npz,mp,multiple_bugtraps,U,mp_multiple_bugtraps,hard,hard,0,,mp:train
train,sample_002462.npz,/home/zzy/TrajectoryPlanning/distill/data/benchmark/mp/train/sample_005425.npz,mp,multiple_bugtraps,U,mp_multiple_bugtraps,hard,hard,0,,mp:train
train,sample_002463.npz,/home/zzy/TrajectoryPlanning/distill/data/benchmark/mp/train/sample_005428.npz,mp,multiple_bugtraps,U,mp_multiple_bugtraps,hard,hard,0,,mp:train
train,sample_002464.npz,/home/zzy/TrajectoryPlanning/distill/data/benchmark/mp/train/sample_005430.npz,mp,multiple_bugtraps,U,mp_multiple_bugtraps,hard,hard,0,,mp:train
train,sample_002465.npz,/home/zzy/TrajectoryPlanning/distill/data/benchmark/mp/train/sample_005431.npz,mp,multiple_bugtraps,U,mp_multiple_bugtraps,hard,hard,0,,mp:train
train,sample_002466.npz,/home/zzy/TrajectoryPlanning/distill/data/benchmark/mp/train/sample_005434.npz,mp,multiple_bugtraps,U,mp_multiple_bugtraps,hard,hard,0,,mp:train
train,sample_002467.npz,/home/zzy/TrajectoryPlanning/distill/data/benchmark/mp/train/sample_005436.npz,mp,multiple_bugtraps,U,mp_multiple_bugtraps,hard,hard,0,,mp:train
train,sample_002468.npz,/home/zzy/TrajectoryPlanning/distill/data/benchmark/mp/train/sample_005438.npz,mp,multiple_bugtraps,U,mp_multiple_bugtraps,hard,hard,0,,mp:train
train,sample_002469.npz,/home/zzy/TrajectoryPlanning/distill/data/benchmark/mp/train/sample_005440.npz,mp,multiple_bugtraps,U,mp_multiple_bugtraps,hard,hard,0,,mp:train
train,sample_002470.npz,/home/zzy/TrajectoryPlanning/distill/data/benchmark/mp/train/sample_005441.npz,mp,multiple_bugtraps,U,mp_multiple_bugtraps,hard,hard,0,,mp:train
train,sample_002471.npz,/home/zzy/TrajectoryPlanning/distill/data/benchmark/mp/train/sample_005446.npz,mp,multiple_bugtraps,U,mp_multiple_bugtraps,hard,hard,0,,mp:train
train,sample_002472.npz,/home/zzy/TrajectoryPlanning/distill/data/benchmark/mp/train/sample_005447.npz,mp,multiple_bugtraps,U,mp_multiple_bugtraps,hard,hard,0,,mp:train
train,sample_002473.npz,/home/zzy/TrajectoryPlanning/distill/data/benchmark/mp/train/sample_005449.npz,mp,multiple_bugtraps,U,mp_multiple_bugtraps,hard,hard,0,,mp:train
train,sample_002474.npz,/home/zzy/TrajectoryPlanning/distill/data/benchmark/mp/train/sample_005450.npz,mp,multiple_bugtraps,U,mp_multiple_bugtraps,hard,hard,0,,mp:train
train,sample_002475.npz,/home/zzy/TrajectoryPlanning/distill/data/benchmark/mp/train/sample_005452.npz,mp,multiple_bugtraps,U,mp_multiple_bugtraps,hard,hard,0,,mp:train
train,sample_002476.npz,/home/zzy/TrajectoryPlanning/distill/data/benchmark/mp/train/sample_005454.npz,mp,multiple_bugtraps,U,mp_multiple_bugtraps,hard,hard,0,,mp:train
train,sample_002477.npz,/home/zzy/TrajectoryPlanning/distill/data/benchmark/mp/train/sample_005456.npz,mp,multiple_bugtraps,U,mp_multiple_bugtraps,hard,hard,0,,mp:train
train,sample_002478.npz,/home/zzy/TrajectoryPlanning/distill/data/benchmark/mp/train/sample_005458.npz,mp,multiple_bugtraps,U,mp_multiple_bugtraps,hard,hard,0,,mp:train
train,sample_002479.npz,/home/zzy/TrajectoryPlanning/distill/data/benchmark/mp/train/sample_005459.npz,mp,multiple_bugtraps,U,mp_multiple_bugtraps,hard,hard,0,,mp:train
train,sample_002480.npz,/home/zzy/TrajectoryPlanning/distill/data/benchmark/mp/train/sample_005460.npz,mp,multiple_bugtraps,U,mp_multiple_bugtraps,hard,hard,0,,mp:train
train,sample_002481.npz,/home/zzy/TrajectoryPlanning/distill/data/benchmark/mp/train/sample_005464.npz,mp,multiple_bugtraps,U,mp_multiple_bugtraps,hard,hard,0,,mp:train
train,sample_002482.npz,/home/zzy/TrajectoryPlanning/distill/data/benchmark/mp/train/sample_005465.npz,mp,multiple_bugtraps,U,mp_multiple_bugtraps,hard,hard,0,,mp:train
train,sample_002483.npz,/home/zzy/TrajectoryPlanning/distill/data/benchmark/mp/train/sample_005469.npz,mp,multiple_bugtraps,U,mp_multiple_bugtraps,hard,hard,0,,mp:train
train,sample_002484.npz,/home/zzy/TrajectoryPlanning/distill/data/benchmark/mp/train/sample_005473.npz,mp,multiple_bugtraps,U,mp_multiple_bugtraps,hard,hard,0,,mp:train
train,sample_002485.npz,/home/zzy/TrajectoryPlanning/distill/data/benchmark/mp/train/sample_005479.npz,mp,multiple_bugtraps,U,mp_multiple_bugtraps,hard,hard,0,,mp:train
train,sample_002486.npz,/home/zzy/TrajectoryPlanning/distill/data/benchmark/mp/train/sample_005481.npz,mp,multiple_bugtraps,U,mp_multiple_bugtraps,hard,hard,0,,mp:train
train,sample_002487.npz,/home/zzy/TrajectoryPlanning/distill/data/benchmark/mp/train/sample_005484.npz,mp,multiple_bugtraps,U,mp_multiple_bugtraps,hard,hard,0,,mp:train
train,sample_002488.npz,/home/zzy/TrajectoryPlanning/distill/data/benchmark/mp/train/sample_005485.npz,mp,multiple_bugtraps,U,mp_multiple_bugtraps,hard,hard,0,,mp:train
train,sample_002489.npz,/home/zzy/TrajectoryPlanning/distill/data/benchmark/mp/train/sample_005487.npz,mp,multiple_bugtraps,U,mp_multiple_bugtraps,hard,hard,0,,mp:train
train,sample_002490.npz,/home/zzy/TrajectoryPlanning/distill/data/benchmark/mp/train/sample_005489.npz,mp,multiple_bugtraps,U,mp_multiple_bugtraps,hard,hard,0,,mp:train
train,sample_002491.npz,/home/zzy/TrajectoryPlanning/distill/data/benchmark/mp/train/sample_005490.npz,mp,multiple_bugtraps,U,mp_multiple_bugtraps,hard,hard,0,,mp:train
train,sample_002492.npz,/home/zzy/TrajectoryPlanning/distill/data/benchmark/mp/train/sample_005492.npz,mp,multiple_bugtraps,U,mp_multiple_bugtraps,hard,hard,0,,mp:train
train,sample_002493.npz,/home/zzy/TrajectoryPlanning/distill/data/benchmark/mp/train/sample_005493.npz,mp,multiple_bugtraps,U,mp_multiple_bugtraps,hard,hard,0,,mp:train
train,sample_002494.npz,/home/zzy/TrajectoryPlanning/distill/data/benchmark/mp/train/sample_005494.npz,mp,multiple_bugtraps,U,mp_multiple_bugtraps,hard,hard,0,,mp:train
train,sample_002495.npz,/home/zzy/TrajectoryPlanning/distill/data/benchmark/mp/train/sample_005497.npz,mp,multiple_bugtraps,U,mp_multiple_bugtraps,hard,hard,0,,mp:train
train,sample_002496.npz,/home/zzy/TrajectoryPlanning/distill/data/benchmark/mp/train/sample_005502.npz,mp,multiple_bugtraps,U,mp_multiple_bugtraps,hard,hard,0,,mp:train
train,sample_002497.npz,/home/zzy/TrajectoryPlanning/distill/data/benchmark/mp/train/sample_005503.npz,mp,multiple_bugtraps,U,mp_multiple_bugtraps,hard,hard,0,,mp:train
train,sample_002498.npz,/home/zzy/TrajectoryPlanning/distill/data/benchmark/mp/train/sample_005504.npz,mp,multiple_bugtraps,U,mp_multiple_bugtraps,hard,hard,0,,mp:train
train,sample_002499.npz,/home/zzy/TrajectoryPlanning/distill/data/benchmark/mp/train/sample_005506.npz,mp,multiple_bugtraps,U,mp_multiple_bugtraps,hard,hard,0,,mp:train
train,sample_002500.npz,/home/zzy/TrajectoryPlanning/distill/data/benchmark/mp/train/sample_005508.npz,mp,multiple_bugtraps,U,mp_multiple_bugtraps,hard,hard,0,,mp:train
train,sample_002501.npz,/home/zzy/TrajectoryPlanning/distill/data/benchmark/mp/train/sample_005510.npz,mp,multiple_bugtraps,U,mp_multiple_bugtraps,hard,hard,0,,mp:train
train,sample_002502.npz,/home/zzy/TrajectoryPlanning/distill/data/benchmark/mp/train/sample_005511.npz,mp,multiple_bugtraps,U,mp_multiple_bugtraps,hard,hard,0,,mp:train
train,sample_002503.npz,/home/zzy/TrajectoryPlanning/distill/data/benchmark/mp/train/sample_005513.npz,mp,multiple_bugtraps,U,mp_multiple_bugtraps,hard,hard,0,,mp:train
train,sample_002504.npz,/home/zzy/TrajectoryPlanning/distill/data/benchmark/mp/train/sample_005514.npz,mp,multiple_bugtraps,U,mp_multiple_bugtraps,hard,hard,0,,mp:train
train,sample_002505.npz,/home/zzy/TrajectoryPlanning/distill/data/benchmark/mp/train/sample_005515.npz,mp,multiple_bugtraps,U,mp_multiple_bugtraps,hard,hard,0,,mp:train
train,sample_002506.npz,/home/zzy/TrajectoryPlanning/distill/data/benchmark/mp/train/sample_005516.npz,mp,multiple_bugtraps,U,mp_multiple_bugtraps,hard,hard,0,,mp:train
train,sample_002507.npz,/home/zzy/TrajectoryPlanning/distill/data/benchmark/mp/train/sample_005517.npz,mp,multiple_bugtraps,U,mp_multiple_bugtraps,hard,hard,0,,mp:train
train,sample_002508.npz,/home/zzy/TrajectoryPlanning/distill/data/benchmark/mp/train/sample_005518.npz,mp,multiple_bugtraps,U,mp_multiple_bugtraps,hard,hard,0,,mp:train
train,sample_002509.npz,/home/zzy/TrajectoryPlanning/distill/data/benchmark/mp/train/sample_005520.npz,mp,multiple_bugtraps,U,mp_multiple_bugtraps,hard,hard,0,,mp:train
train,sample_002510.npz,/home/zzy/TrajectoryPlanning/distill/data/benchmark/mp/train/sample_005521.npz,mp,multiple_bugtraps,U,mp_multiple_bugtraps,hard,hard,0,,mp:train
train,sample_002511.npz,/home/zzy/TrajectoryPlanning/distill/data/benchmark/mp/train/sample_005522.npz,mp,multiple_bugtraps,U,mp_multiple_bugtraps,hard,hard,0,,mp:train
train,sample_002512.npz,/home/zzy/TrajectoryPlanning/distill/data/benchmark/mp/train/sample_005524.npz,mp,multiple_bugtraps,U,mp_multiple_bugtraps,hard,hard,0,,mp:train
train,sample_002513.npz,/home/zzy/TrajectoryPlanning/distill/data/benchmark/mp/train/sample_005526.npz,mp,multiple_bugtraps,U,mp_multiple_bugtraps,hard,hard,0,,mp:train
train,sample_002514.npz,/home/zzy/TrajectoryPlanning/distill/data/benchmark/mp/train/sample_005535.npz,mp,multiple_bugtraps,U,mp_multiple_bugtraps,hard,hard,0,,mp:train
train,sample_002515.npz,/home/zzy/TrajectoryPlanning/distill/data/benchmark/mp/train/sample_005538.npz,mp,multiple_bugtraps,U,mp_multiple_bugtraps,hard,hard,0,,mp:train
train,sample_002516.npz,/home/zzy/TrajectoryPlanning/distill/data/benchmark/mp/train/sample_005539.npz,mp,multiple_bugtraps,U,mp_multiple_bugtraps,hard,hard,0,,mp:train
train,sample_002517.npz,/home/zzy/TrajectoryPlanning/distill/data/benchmark/mp/train/sample_005540.npz,mp,multiple_bugtraps,U,mp_multiple_bugtraps,hard,hard,0,,mp:train
train,sample_002518.npz,/home/zzy/TrajectoryPlanning/distill/data/benchmark/mp/train/sample_005543.npz,mp,multiple_bugtraps,U,mp_multiple_bugtraps,hard,hard,0,,mp:train
train,sample_002519.npz,/home/zzy/TrajectoryPlanning/distill/data/benchmark/mp/train/sample_005545.npz,mp,multiple_bugtraps,U,mp_multiple_bugtraps,hard,hard,0,,mp:train
train,sample_002520.npz,/home/zzy/TrajectoryPlanning/distill/data/benchmark/mp/train/sample_005546.npz,mp,multiple_bugtraps,U,mp_multiple_bugtraps,hard,hard,0,,mp:train
train,sample_002521.npz,/home/zzy/TrajectoryPlanning/distill/data/benchmark/mp/train/sample_005549.npz,mp,multiple_bugtraps,U,mp_multiple_bugtraps,hard,hard,0,,mp:train
train,sample_002522.npz,/home/zzy/TrajectoryPlanning/distill/data/benchmark/mp/train/sample_005550.npz,mp,multiple_bugtraps,U,mp_multiple_bugtraps,hard,hard,0,,mp:train
train,sample_002523.npz,/home/zzy/TrajectoryPlanning/distill/data/benchmark/mp/train/sample_005552.npz,mp,multiple_bugtraps,U,mp_multiple_bugtraps,hard,hard,0,,mp:train
train,sample_002524.npz,/home/zzy/TrajectoryPlanning/distill/data/benchmark/mp/train/sample_005554.npz,mp,multiple_bugtraps,U,mp_multiple_bugtraps,hard,hard,0,,mp:train
train,sample_002525.npz,/home/zzy/TrajectoryPlanning/distill/data/benchmark/mp/train/sample_005555.npz,mp,multiple_bugtraps,U,mp_multiple_bugtraps,hard,hard,0,,mp:train
train,sample_002526.npz,/home/zzy/TrajectoryPlanning/distill/data/benchmark/mp/train/sample_005557.npz,mp,multiple_bugtraps,U,mp_multiple_bugtraps,hard,hard,0,,mp:train
train,sample_002527.npz,/home/zzy/TrajectoryPlanning/distill/data/benchmark/mp/train/sample_005558.npz,mp,multiple_bugtraps,U,mp_multiple_bugtraps,hard,hard,0,,mp:train
train,sample_002528.npz,/home/zzy/TrajectoryPlanning/distill/data/benchmark/mp/train/sample_005560.npz,mp,multiple_bugtraps,U,mp_multiple_bugtraps,hard,hard,0,,mp:train
train,sample_002529.npz,/home/zzy/TrajectoryPlanning/distill/data/benchmark/mp/train/sample_005561.npz,mp,multiple_bugtraps,U,mp_multiple_bugtraps,hard,hard,0,,mp:train
train,sample_002530.npz,/home/zzy/TrajectoryPlanning/distill/data/benchmark/mp/train/sample_005562.npz,mp,multiple_bugtraps,U,mp_multiple_bugtraps,hard,hard,0,,mp:train
train,sample_002531.npz,/home/zzy/TrajectoryPlanning/distill/data/benchmark/mp/train/sample_005565.npz,mp,multiple_bugtraps,U,mp_multiple_bugtraps,hard,hard,0,,mp:train
train,sample_002532.npz,/home/zzy/TrajectoryPlanning/distill/data/benchmark/mp/train/sample_005570.npz,mp,multiple_bugtraps,U,mp_multiple_bugtraps,hard,hard,0,,mp:train
train,sample_002533.npz,/home/zzy/TrajectoryPlanning/distill/data/benchmark/mp/train/sample_005571.npz,mp,multiple_bugtraps,U,mp_multiple_bugtraps,hard,hard,0,,mp:train
train,sample_002534.npz,/home/zzy/TrajectoryPlanning/distill/data/benchmark/mp/train/sample_005574.npz,mp,multiple_bugtraps,U,mp_multiple_bugtraps,hard,hard,0,,mp:train
train,sample_002535.npz,/home/zzy/TrajectoryPlanning/distill/data/benchmark/mp/train/sample_005575.npz,mp,multiple_bugtraps,U,mp_multiple_bugtraps,hard,hard,0,,mp:train
train,sample_002536.npz,/home/zzy/TrajectoryPlanning/distill/data/benchmark/mp/train/sample_005578.npz,mp,multiple_bugtraps,U,mp_multiple_bugtraps,hard,hard,0,,mp:train
train,sample_002537.npz,/home/zzy/TrajectoryPlanning/distill/data/benchmark/mp/train/sample_005579.npz,mp,multiple_bugtraps,U,mp_multiple_bugtraps,hard,hard,0,,mp:train
train,sample_002538.npz,/home/zzy/TrajectoryPlanning/distill/data/benchmark/mp/train/sample_005580.npz,mp,multiple_bugtraps,U,mp_multiple_bugtraps,hard,hard,0,,mp:train
train,sample_002539.npz,/home/zzy/TrajectoryPlanning/distill/data/benchmark/mp/train/sample_005583.npz,mp,multiple_bugtraps,U,mp_multiple_bugtraps,hard,hard,0,,mp:train
train,sample_002540.npz,/home/zzy/TrajectoryPlanning/distill/data/benchmark/mp/train/sample_005584.npz,mp,multiple_bugtraps,U,mp_multiple_bugtraps,hard,hard,0,,mp:train
train,sample_002541.npz,/home/zzy/TrajectoryPlanning/distill/data/benchmark/mp/train/sample_005585.npz,mp,multiple_bugtraps,U,mp_multiple_bugtraps,hard,hard,0,,mp:train
train,sample_002542.npz,/home/zzy/TrajectoryPlanning/distill/data/benchmark/mp/train/sample_005588.npz,mp,multiple_bugtraps,U,mp_multiple_bugtraps,hard,hard,0,,mp:train
train,sample_002543.npz,/home/zzy/TrajectoryPlanning/distill/data/benchmark/mp/train/sample_005590.npz,mp,multiple_bugtraps,U,mp_multiple_bugtraps,hard,hard,0,,mp:train
train,sample_002544.npz,/home/zzy/TrajectoryPlanning/distill/data/benchmark/mp/train/sample_005593.npz,mp,multiple_bugtraps,U,mp_multiple_bugtraps,hard,hard,0,,mp:train
train,sample_002545.npz,/home/zzy/TrajectoryPlanning/distill/data/benchmark/mp/train/sample_005596.npz,mp,multiple_bugtraps,U,mp_multiple_bugtraps,hard,hard,0,,mp:train
train,sample_002546.npz,/home/zzy/TrajectoryPlanning/distill/data/benchmark/mp/train/sample_005597.npz,mp,multiple_bugtraps,U,mp_multiple_bugtraps,hard,hard,0,,mp:train
train,sample_002547.npz,/home/zzy/TrajectoryPlanning/distill/data/benchmark/mp/train/sample_005598.npz,mp,multiple_bugtraps,U,mp_multiple_bugtraps,hard,hard,0,,mp:train
train,sample_002548.npz,/home/zzy/TrajectoryPlanning/distill/data/benchmark/mp/train/sample_005599.npz,mp,multiple_bugtraps,U,mp_multiple_bugtraps,hard,hard,0,,mp:train
train,sample_002549.npz,/home/zzy/TrajectoryPlanning/distill/data/benchmark/mp/test/sample_000300.npz,mp,shifting_gaps,U,mp_shifting_gaps,medium,medium,0,,mp:test
train,sample_002550.npz,/home/zzy/TrajectoryPlanning/distill/data/benchmark/mp/test/sample_000302.npz,mp,shifting_gaps,U,mp_shifting_gaps,medium,medium,0,,mp:test
train,sample_002551.npz,/home/zzy/TrajectoryPlanning/distill/data/benchmark/mp/test/sample_000305.npz,mp,shifting_gaps,U,mp_shifting_gaps,medium,medium,0,,mp:test
train,sample_002552.npz,/home/zzy/TrajectoryPlanning/distill/data/benchmark/mp/test/sample_000307.npz,mp,shifting_gaps,U,mp_shifting_gaps,medium,medium,0,,mp:test
train,sample_002553.npz,/home/zzy/TrajectoryPlanning/distill/data/benchmark/mp/test/sample_000313.npz,mp,shifting_gaps,U,mp_shifting_gaps,medium,medium,0,,mp:test
train,sample_002554.npz,/home/zzy/TrajectoryPlanning/distill/data/benchmark/mp/test/sample_000314.npz,mp,shifting_gaps,U,mp_shifting_gaps,medium,medium,0,,mp:test
train,sample_002555.npz,/home/zzy/TrajectoryPlanning/distill/data/benchmark/mp/test/sample_000315.npz,mp,shifting_gaps,U,mp_shifting_gaps,medium,medium,0,,mp:test
train,sample_002556.npz,/home/zzy/TrajectoryPlanning/distill/data/benchmark/mp/test/sample_000318.npz,mp,shifting_gaps,U,mp_shifting_gaps,medium,medium,0,,mp:test
train,sample_002557.npz,/home/zzy/TrajectoryPlanning/distill/data/benchmark/mp/test/sample_000324.npz,mp,shifting_gaps,U,mp_shifting_gaps,medium,medium,0,,mp:test
train,sample_002558.npz,/home/zzy/TrajectoryPlanning/distill/data/benchmark/mp/test/sample_000325.npz,mp,shifting_gaps,U,mp_shifting_gaps,medium,medium,0,,mp:test
train,sample_002559.npz,/home/zzy/TrajectoryPlanning/distill/data/benchmark/mp/test/sample_000326.npz,mp,shifting_gaps,U,mp_shifting_gaps,medium,medium,0,,mp:test
train,sample_002560.npz,/home/zzy/TrajectoryPlanning/distill/data/benchmark/mp/test/sample_000327.npz,mp,shifting_gaps,U,mp_shifting_gaps,medium,medium,0,,mp:test
train,sample_002561.npz,/home/zzy/TrajectoryPlanning/distill/data/benchmark/mp/test/sample_000329.npz,mp,shifting_gaps,U,mp_shifting_gaps,medium,medium,0,,mp:test
train,sample_002562.npz,/home/zzy/TrajectoryPlanning/distill/data/benchmark/mp/test/sample_000330.npz,mp,shifting_gaps,U,mp_shifting_gaps,medium,medium,0,,mp:test
train,sample_002563.npz,/home/zzy/TrajectoryPlanning/distill/data/benchmark/mp/test/sample_000335.npz,mp,shifting_gaps,U,mp_shifting_gaps,medium,medium,0,,mp:test
train,sample_002564.npz,/home/zzy/TrajectoryPlanning/distill/data/benchmark/mp/test/sample_000338.npz,mp,shifting_gaps,U,mp_shifting_gaps,medium,medium,0,,mp:test
train,sample_002565.npz,/home/zzy/TrajectoryPlanning/distill/data/benchmark/mp/test/sample_000339.npz,mp,shifting_gaps,U,mp_shifting_gaps,medium,medium,0,,mp:test
train,sample_002566.npz,/home/zzy/TrajectoryPlanning/distill/data/benchmark/mp/test/sample_000341.npz,mp,shifting_gaps,U,mp_shifting_gaps,medium,medium,0,,mp:test
train,sample_002567.npz,/home/zzy/TrajectoryPlanning/distill/data/benchmark/mp/test/sample_000343.npz,mp,shifting_gaps,U,mp_shifting_gaps,medium,medium,0,,mp:test
train,sample_002568.npz,/home/zzy/TrajectoryPlanning/distill/data/benchmark/mp/test/sample_000344.npz,mp,shifting_gaps,U,mp_shifting_gaps,medium,medium,0,,mp:test
train,sample_002569.npz,/home/zzy/TrajectoryPlanning/distill/data/benchmark/mp/test/sample_000346.npz,mp,shifting_gaps,U,mp_shifting_gaps,medium,medium,0,,mp:test
train,sample_002570.npz,/home/zzy/TrajectoryPlanning/distill/data/benchmark/mp/test/sample_000353.npz,mp,shifting_gaps,U,mp_shifting_gaps,medium,medium,0,,mp:test
train,sample_002571.npz,/home/zzy/TrajectoryPlanning/distill/data/benchmark/mp/test/sample_000356.npz,mp,shifting_gaps,U,mp_shifting_gaps,medium,medium,0,,mp:test
train,sample_002572.npz,/home/zzy/TrajectoryPlanning/distill/data/benchmark/mp/test/sample_000357.npz,mp,shifting_gaps,U,mp_shifting_gaps,medium,medium,0,,mp:test
train,sample_002573.npz,/home/zzy/TrajectoryPlanning/distill/data/benchmark/mp/test/sample_000358.npz,mp,shifting_gaps,U,mp_shifting_gaps,medium,medium,0,,mp:test
train,sample_002574.npz,/home/zzy/TrajectoryPlanning/distill/data/benchmark/mp/test/sample_000360.npz,mp,shifting_gaps,U,mp_shifting_gaps,medium,medium,0,,mp:test
train,sample_002575.npz,/home/zzy/TrajectoryPlanning/distill/data/benchmark/mp/test/sample_000362.npz,mp,shifting_gaps,U,mp_shifting_gaps,medium,medium,0,,mp:test
train,sample_002576.npz,/home/zzy/TrajectoryPlanning/distill/data/benchmark/mp/test/sample_000363.npz,mp,shifting_gaps,U,mp_shifting_gaps,medium,medium,0,,mp:test
train,sample_002577.npz,/home/zzy/TrajectoryPlanning/distill/data/benchmark/mp/test/sample_000367.npz,mp,shifting_gaps,U,mp_shifting_gaps,medium,medium,0,,mp:test
train,sample_002578.npz,/home/zzy/TrajectoryPlanning/distill/data/benchmark/mp/test/sample_000368.npz,mp,shifting_gaps,U,mp_shifting_gaps,medium,medium,0,,mp:test
train,sample_002579.npz,/home/zzy/TrajectoryPlanning/distill/data/benchmark/mp/test/sample_000370.npz,mp,shifting_gaps,U,mp_shifting_gaps,medium,medium,0,,mp:test
train,sample_002580.npz,/home/zzy/TrajectoryPlanning/distill/data/benchmark/mp/test/sample_000371.npz,mp,shifting_gaps,U,mp_shifting_gaps,medium,medium,0,,mp:test
train,sample_002581.npz,/home/zzy/TrajectoryPlanning/distill/data/benchmark/mp/test/sample_000372.npz,mp,shifting_gaps,U,mp_shifting_gaps,medium,medium,0,,mp:test
train,sample_002582.npz,/home/zzy/TrajectoryPlanning/distill/data/benchmark/mp/test/sample_000376.npz,mp,shifting_gaps,U,mp_shifting_gaps,medium,medium,0,,mp:test
train,sample_002583.npz,/home/zzy/TrajectoryPlanning/distill/data/benchmark/mp/test/sample_000378.npz,mp,shifting_gaps,U,mp_shifting_gaps,medium,medium,0,,mp:test
train,sample_002584.npz,/home/zzy/TrajectoryPlanning/distill/data/benchmark/mp/test/sample_000381.npz,mp,shifting_gaps,U,mp_shifting_gaps,medium,medium,0,,mp:test
train,sample_002585.npz,/home/zzy/TrajectoryPlanning/distill/data/benchmark/mp/test/sample_000383.npz,mp,shifting_gaps,U,mp_shifting_gaps,medium,medium,0,,mp:test
train,sample_002586.npz,/home/zzy/TrajectoryPlanning/distill/data/benchmark/mp/test/sample_000384.npz,mp,shifting_gaps,U,mp_shifting_gaps,medium,medium,0,,mp:test
train,sample_002587.npz,/home/zzy/TrajectoryPlanning/distill/data/benchmark/mp/test/sample_000385.npz,mp,shifting_gaps,U,mp_shifting_gaps,medium,medium,0,,mp:test
train,sample_002588.npz,/home/zzy/TrajectoryPlanning/distill/data/benchmark/mp/test/sample_000386.npz,mp,shifting_gaps,U,mp_shifting_gaps,medium,medium,0,,mp:test
train,sample_002589.npz,/home/zzy/TrajectoryPlanning/distill/data/benchmark/mp/test/sample_000390.npz,mp,shifting_gaps,U,mp_shifting_gaps,medium,medium,0,,mp:test
train,sample_002590.npz,/home/zzy/TrajectoryPlanning/distill/data/benchmark/mp/test/sample_000391.npz,mp,shifting_gaps,U,mp_shifting_gaps,medium,medium,0,,mp:test
train,sample_002591.npz,/home/zzy/TrajectoryPlanning/distill/data/benchmark/mp/test/sample_000392.npz,mp,shifting_gaps,U,mp_shifting_gaps,medium,medium,0,,mp:test
train,sample_002592.npz,/home/zzy/TrajectoryPlanning/distill/data/benchmark/mp/test/sample_000393.npz,mp,shifting_gaps,U,mp_shifting_gaps,medium,medium,0,,mp:test
train,sample_002593.npz,/home/zzy/TrajectoryPlanning/distill/data/benchmark/mp/test/sample_000399.npz,mp,shifting_gaps,U,mp_shifting_gaps,medium,medium,0,,mp:test
train,sample_002594.npz,/home/zzy/TrajectoryPlanning/distill/data/benchmark/mp/train/sample_002402.npz,mp,shifting_gaps,U,mp_shifting_gaps,medium,medium,0,,mp:train
train,sample_002595.npz,/home/zzy/TrajectoryPlanning/distill/data/benchmark/mp/train/sample_002403.npz,mp,shifting_gaps,U,mp_shifting_gaps,medium,medium,0,,mp:train
train,sample_002596.npz,/home/zzy/TrajectoryPlanning/distill/data/benchmark/mp/train/sample_002405.npz,mp,shifting_gaps,U,mp_shifting_gaps,medium,medium,0,,mp:train
train,sample_002597.npz,/home/zzy/TrajectoryPlanning/distill/data/benchmark/mp/train/sample_002407.npz,mp,shifting_gaps,U,mp_shifting_gaps,medium,medium,0,,mp:train
train,sample_002598.npz,/home/zzy/TrajectoryPlanning/distill/data/benchmark/mp/train/sample_002409.npz,mp,shifting_gaps,U,mp_shifting_gaps,medium,medium,0,,mp:train
train,sample_002599.npz,/home/zzy/TrajectoryPlanning/distill/data/benchmark/mp/train/sample_002412.npz,mp,shifting_gaps,U,mp_shifting_gaps,medium,medium,0,,mp:train
train,sample_002600.npz,/home/zzy/TrajectoryPlanning/distill/data/benchmark/mp/train/sample_002413.npz,mp,shifting_gaps,U,mp_shifting_gaps,medium,medium,0,,mp:train
train,sample_002601.npz,/home/zzy/TrajectoryPlanning/distill/data/benchmark/mp/train/sample_002414.npz,mp,shifting_gaps,U,mp_shifting_gaps,medium,medium,0,,mp:train
train,sample_002602.npz,/home/zzy/TrajectoryPlanning/distill/data/benchmark/mp/train/sample_002415.npz,mp,shifting_gaps,U,mp_shifting_gaps,medium,medium,0,,mp:train
train,sample_002603.npz,/home/zzy/TrajectoryPlanning/distill/data/benchmark/mp/train/sample_002416.npz,mp,shifting_gaps,U,mp_shifting_gaps,medium,medium,0,,mp:train
train,sample_002604.npz,/home/zzy/TrajectoryPlanning/distill/data/benchmark/mp/train/sample_002418.npz,mp,shifting_gaps,U,mp_shifting_gaps,medium,medium,0,,mp:train
train,sample_002605.npz,/home/zzy/TrajectoryPlanning/distill/data/benchmark/mp/train/sample_002419.npz,mp,shifting_gaps,U,mp_shifting_gaps,medium,medium,0,,mp:train
train,sample_002606.npz,/home/zzy/TrajectoryPlanning/distill/data/benchmark/mp/train/sample_002420.npz,mp,shifting_gaps,U,mp_shifting_gaps,medium,medium,0,,mp:train
train,sample_002607.npz,/home/zzy/TrajectoryPlanning/distill/data/benchmark/mp/train/sample_002421.npz,mp,shifting_gaps,U,mp_shifting_gaps,medium,medium,0,,mp:train
train,sample_002608.npz,/home/zzy/TrajectoryPlanning/distill/data/benchmark/mp/train/sample_002422.npz,mp,shifting_gaps,U,mp_shifting_gaps,medium,medium,0,,mp:train
train,sample_002609.npz,/home/zzy/TrajectoryPlanning/distill/data/benchmark/mp/train/sample_002423.npz,mp,shifting_gaps,U,mp_shifting_gaps,medium,medium,0,,mp:train
train,sample_002610.npz,/home/zzy/TrajectoryPlanning/distill/data/benchmark/mp/train/sample_002426.npz,mp,shifting_gaps,U,mp_shifting_gaps,medium,medium,0,,mp:train
train,sample_002611.npz,/home/zzy/TrajectoryPlanning/distill/data/benchmark/mp/train/sample_002431.npz,mp,shifting_gaps,U,mp_shifting_gaps,medium,medium,0,,mp:train
train,sample_002612.npz,/home/zzy/TrajectoryPlanning/distill/data/benchmark/mp/train/sample_002435.npz,mp,shifting_gaps,U,mp_shifting_gaps,medium,medium,0,,mp:train
train,sample_002613.npz,/home/zzy/TrajectoryPlanning/distill/data/benchmark/mp/train/sample_002436.npz,mp,shifting_gaps,U,mp_shifting_gaps,medium,medium,0,,mp:train
train,sample_002614.npz,/home/zzy/TrajectoryPlanning/distill/data/benchmark/mp/train/sample_002439.npz,mp,shifting_gaps,U,mp_shifting_gaps,medium,medium,0,,mp:train
train,sample_002615.npz,/home/zzy/TrajectoryPlanning/distill/data/benchmark/mp/train/sample_002441.npz,mp,shifting_gaps,U,mp_shifting_gaps,medium,medium,0,,mp:train
train,sample_002616.npz,/home/zzy/TrajectoryPlanning/distill/data/benchmark/mp/train/sample_002444.npz,mp,shifting_gaps,U,mp_shifting_gaps,medium,medium,0,,mp:train
train,sample_002617.npz,/home/zzy/TrajectoryPlanning/distill/data/benchmark/mp/train/sample_002447.npz,mp,shifting_gaps,U,mp_shifting_gaps,medium,medium,0,,mp:train
train,sample_002618.npz,/home/zzy/TrajectoryPlanning/distill/data/benchmark/mp/train/sample_002448.npz,mp,shifting_gaps,U,mp_shifting_gaps,medium,medium,0,,mp:train
train,sample_002619.npz,/home/zzy/TrajectoryPlanning/distill/data/benchmark/mp/train/sample_002449.npz,mp,shifting_gaps,U,mp_shifting_gaps,medium,medium,0,,mp:train
train,sample_002620.npz,/home/zzy/TrajectoryPlanning/distill/data/benchmark/mp/train/sample_002450.npz,mp,shifting_gaps,U,mp_shifting_gaps,medium,medium,0,,mp:train
train,sample_002621.npz,/home/zzy/TrajectoryPlanning/distill/data/benchmark/mp/train/sample_002451.npz,mp,shifting_gaps,U,mp_shifting_gaps,medium,medium,0,,mp:train
train,sample_002622.npz,/home/zzy/TrajectoryPlanning/distill/data/benchmark/mp/train/sample_002452.npz,mp,shifting_gaps,U,mp_shifting_gaps,medium,medium,0,,mp:train
train,sample_002623.npz,/home/zzy/TrajectoryPlanning/distill/data/benchmark/mp/train/sample_002453.npz,mp,shifting_gaps,U,mp_shifting_gaps,medium,medium,0,,mp:train
train,sample_002624.npz,/home/zzy/TrajectoryPlanning/distill/data/benchmark/mp/train/sample_002455.npz,mp,shifting_gaps,U,mp_shifting_gaps,medium,medium,0,,mp:train
train,sample_002625.npz,/home/zzy/TrajectoryPlanning/distill/data/benchmark/mp/train/sample_002458.npz,mp,shifting_gaps,U,mp_shifting_gaps,medium,medium,0,,mp:train
train,sample_002626.npz,/home/zzy/TrajectoryPlanning/distill/data/benchmark/mp/train/sample_002459.npz,mp,shifting_gaps,U,mp_shifting_gaps,medium,medium,0,,mp:train
train,sample_002627.npz,/home/zzy/TrajectoryPlanning/distill/data/benchmark/mp/train/sample_002460.npz,mp,shifting_gaps,U,mp_shifting_gaps,medium,medium,0,,mp:train
train,sample_002628.npz,/home/zzy/TrajectoryPlanning/distill/data/benchmark/mp/train/sample_002461.npz,mp,shifting_gaps,U,mp_shifting_gaps,medium,medium,0,,mp:train
train,sample_002629.npz,/home/zzy/TrajectoryPlanning/distill/data/benchmark/mp/train/sample_002462.npz,mp,shifting_gaps,U,mp_shifting_gaps,medium,medium,0,,mp:train
train,sample_002630.npz,/home/zzy/TrajectoryPlanning/distill/data/benchmark/mp/train/sample_002465.npz,mp,shifting_gaps,U,mp_shifting_gaps,medium,medium,0,,mp:train
train,sample_002631.npz,/home/zzy/TrajectoryPlanning/distill/data/benchmark/mp/train/sample_002471.npz,mp,shifting_gaps,U,mp_shifting_gaps,medium,medium,0,,mp:train
train,sample_002632.npz,/home/zzy/TrajectoryPlanning/distill/data/benchmark/mp/train/sample_002476.npz,mp,shifting_gaps,U,mp_shifting_gaps,medium,medium,0,,mp:train
train,sample_002633.npz,/home/zzy/TrajectoryPlanning/distill/data/benchmark/mp/train/sample_002477.npz,mp,shifting_gaps,U,mp_shifting_gaps,medium,medium,0,,mp:train
train,sample_002634.npz,/home/zzy/TrajectoryPlanning/distill/data/benchmark/mp/train/sample_002478.npz,mp,shifting_gaps,U,mp_shifting_gaps,medium,medium,0,,mp:train
train,sample_002635.npz,/home/zzy/TrajectoryPlanning/distill/data/benchmark/mp/train/sample_002479.npz,mp,shifting_gaps,U,mp_shifting_gaps,medium,medium,0,,mp:train
train,sample_002636.npz,/home/zzy/TrajectoryPlanning/distill/data/benchmark/mp/train/sample_002481.npz,mp,shifting_gaps,U,mp_shifting_gaps,medium,medium,0,,mp:train
train,sample_002637.npz,/home/zzy/TrajectoryPlanning/distill/data/benchmark/mp/train/sample_002483.npz,mp,shifting_gaps,U,mp_shifting_gaps,medium,medium,0,,mp:train
train,sample_002638.npz,/home/zzy/TrajectoryPlanning/distill/data/benchmark/mp/train/sample_002485.npz,mp,shifting_gaps,U,mp_shifting_gaps,medium,medium,0,,mp:train
train,sample_002639.npz,/home/zzy/TrajectoryPlanning/distill/data/benchmark/mp/train/sample_002487.npz,mp,shifting_gaps,U,mp_shifting_gaps,medium,medium,0,,mp:train
train,sample_002640.npz,/home/zzy/TrajectoryPlanning/distill/data/benchmark/mp/train/sample_002491.npz,mp,shifting_gaps,U,mp_shifting_gaps,medium,medium,0,,mp:train
train,sample_002641.npz,/home/zzy/TrajectoryPlanning/distill/data/benchmark/mp/train/sample_002492.npz,mp,shifting_gaps,U,mp_shifting_gaps,medium,medium,0,,mp:train
train,sample_002642.npz,/home/zzy/TrajectoryPlanning/distill/data/benchmark/mp/train/sample_002497.npz,mp,shifting_gaps,U,mp_shifting_gaps,medium,medium,0,,mp:train
train,sample_002643.npz,/home/zzy/TrajectoryPlanning/distill/data/benchmark/mp/train/sample_002500.npz,mp,shifting_gaps,U,mp_shifting_gaps,medium,medium,0,,mp:train
train,sample_002644.npz,/home/zzy/TrajectoryPlanning/distill/data/benchmark/mp/train/sample_002502.npz,mp,shifting_gaps,U,mp_shifting_gaps,medium,medium,0,,mp:train
train,sample_002645.npz,/home/zzy/TrajectoryPlanning/distill/data/benchmark/mp/train/sample_002505.npz,mp,shifting_gaps,U,mp_shifting_gaps,medium,medium,0,,mp:train
train,sample_002646.npz,/home/zzy/TrajectoryPlanning/distill/data/benchmark/mp/train/sample_002507.npz,mp,shifting_gaps,U,mp_shifting_gaps,medium,medium,0,,mp:train
train,sample_002647.npz,/home/zzy/TrajectoryPlanning/distill/data/benchmark/mp/train/sample_002508.npz,mp,shifting_gaps,U,mp_shifting_gaps,medium,medium,0,,mp:train
train,sample_002648.npz,/home/zzy/TrajectoryPlanning/distill/data/benchmark/mp/train/sample_002509.npz,mp,shifting_gaps,U,mp_shifting_gaps,medium,medium,0,,mp:train
train,sample_002649.npz,/home/zzy/TrajectoryPlanning/distill/data/benchmark/mp/train/sample_002511.npz,mp,shifting_gaps,U,mp_shifting_gaps,medium,medium,0,,mp:train
train,sample_002650.npz,/home/zzy/TrajectoryPlanning/distill/data/benchmark/mp/train/sample_002515.npz,mp,shifting_gaps,U,mp_shifting_gaps,medium,medium,0,,mp:train
train,sample_002651.npz,/home/zzy/TrajectoryPlanning/distill/data/benchmark/mp/train/sample_002516.npz,mp,shifting_gaps,U,mp_shifting_gaps,medium,medium,0,,mp:train
train,sample_002652.npz,/home/zzy/TrajectoryPlanning/distill/data/benchmark/mp/train/sample_002517.npz,mp,shifting_gaps,U,mp_shifting_gaps,medium,medium,0,,mp:train
train,sample_002653.npz,/home/zzy/TrajectoryPlanning/distill/data/benchmark/mp/train/sample_002520.npz,mp,shifting_gaps,U,mp_shifting_gaps,medium,medium,0,,mp:train
train,sample_002654.npz,/home/zzy/TrajectoryPlanning/distill/data/benchmark/mp/train/sample_002522.npz,mp,shifting_gaps,U,mp_shifting_gaps,medium,medium,0,,mp:train
train,sample_002655.npz,/home/zzy/TrajectoryPlanning/distill/data/benchmark/mp/train/sample_002524.npz,mp,shifting_gaps,U,mp_shifting_gaps,medium,medium,0,,mp:train
train,sample_002656.npz,/home/zzy/TrajectoryPlanning/distill/data/benchmark/mp/train/sample_002528.npz,mp,shifting_gaps,U,mp_shifting_gaps,medium,medium,0,,mp:train
train,sample_002657.npz,/home/zzy/TrajectoryPlanning/distill/data/benchmark/mp/train/sample_002529.npz,mp,shifting_gaps,U,mp_shifting_gaps,medium,medium,0,,mp:train
train,sample_002658.npz,/home/zzy/TrajectoryPlanning/distill/data/benchmark/mp/train/sample_002530.npz,mp,shifting_gaps,U,mp_shifting_gaps,medium,medium,0,,mp:train
train,sample_002659.npz,/home/zzy/TrajectoryPlanning/distill/data/benchmark/mp/train/sample_002532.npz,mp,shifting_gaps,U,mp_shifting_gaps,medium,medium,0,,mp:train
train,sample_002660.npz,/home/zzy/TrajectoryPlanning/distill/data/benchmark/mp/train/sample_002533.npz,mp,shifting_gaps,U,mp_shifting_gaps,medium,medium,0,,mp:train
train,sample_002661.npz,/home/zzy/TrajectoryPlanning/distill/data/benchmark/mp/train/sample_002535.npz,mp,shifting_gaps,U,mp_shifting_gaps,medium,medium,0,,mp:train
train,sample_002662.npz,/home/zzy/TrajectoryPlanning/distill/data/benchmark/mp/train/sample_002537.npz,mp,shifting_gaps,U,mp_shifting_gaps,medium,medium,0,,mp:train
train,sample_002663.npz,/home/zzy/TrajectoryPlanning/distill/data/benchmark/mp/train/sample_002538.npz,mp,shifting_gaps,U,mp_shifting_gaps,medium,medium,0,,mp:train
train,sample_002664.npz,/home/zzy/TrajectoryPlanning/distill/data/benchmark/mp/train/sample_002542.npz,mp,shifting_gaps,U,mp_shifting_gaps,medium,medium,0,,mp:train
train,sample_002665.npz,/home/zzy/TrajectoryPlanning/distill/data/benchmark/mp/train/sample_002544.npz,mp,shifting_gaps,U,mp_shifting_gaps,medium,medium,0,,mp:train
train,sample_002666.npz,/home/zzy/TrajectoryPlanning/distill/data/benchmark/mp/train/sample_002546.npz,mp,shifting_gaps,U,mp_shifting_gaps,medium,medium,0,,mp:train
train,sample_002667.npz,/home/zzy/TrajectoryPlanning/distill/data/benchmark/mp/train/sample_002547.npz,mp,shifting_gaps,U,mp_shifting_gaps,medium,medium,0,,mp:train
train,sample_002668.npz,/home/zzy/TrajectoryPlanning/distill/data/benchmark/mp/train/sample_002549.npz,mp,shifting_gaps,U,mp_shifting_gaps,medium,medium,0,,mp:train
train,sample_002669.npz,/home/zzy/TrajectoryPlanning/distill/data/benchmark/mp/train/sample_002550.npz,mp,shifting_gaps,U,mp_shifting_gaps,medium,medium,0,,mp:train
train,sample_002670.npz,/home/zzy/TrajectoryPlanning/distill/data/benchmark/mp/train/sample_002551.npz,mp,shifting_gaps,U,mp_shifting_gaps,medium,medium,0,,mp:train
train,sample_002671.npz,/home/zzy/TrajectoryPlanning/distill/data/benchmark/mp/train/sample_002552.npz,mp,shifting_gaps,U,mp_shifting_gaps,medium,medium,0,,mp:train
train,sample_002672.npz,/home/zzy/TrajectoryPlanning/distill/data/benchmark/mp/train/sample_002556.npz,mp,shifting_gaps,U,mp_shifting_gaps,medium,medium,0,,mp:train
train,sample_002673.npz,/home/zzy/TrajectoryPlanning/distill/data/benchmark/mp/train/sample_002557.npz,mp,shifting_gaps,U,mp_shifting_gaps,medium,medium,0,,mp:train
train,sample_002674.npz,/home/zzy/TrajectoryPlanning/distill/data/benchmark/mp/train/sample_002558.npz,mp,shifting_gaps,U,mp_shifting_gaps,medium,medium,0,,mp:train
train,sample_002675.npz,/home/zzy/TrajectoryPlanning/distill/data/benchmark/mp/train/sample_002561.npz,mp,shifting_gaps,U,mp_shifting_gaps,medium,medium,0,,mp:train
train,sample_002676.npz,/home/zzy/TrajectoryPlanning/distill/data/benchmark/mp/train/sample_002563.npz,mp,shifting_gaps,U,mp_shifting_gaps,medium,medium,0,,mp:train
train,sample_002677.npz,/home/zzy/TrajectoryPlanning/distill/data/benchmark/mp/train/sample_002564.npz,mp,shifting_gaps,U,mp_shifting_gaps,medium,medium,0,,mp:train
train,sample_002678.npz,/home/zzy/TrajectoryPlanning/distill/data/benchmark/mp/train/sample_002566.npz,mp,shifting_gaps,U,mp_shifting_gaps,medium,medium,0,,mp:train
train,sample_002679.npz,/home/zzy/TrajectoryPlanning/distill/data/benchmark/mp/train/sample_002570.npz,mp,shifting_gaps,U,mp_shifting_gaps,medium,medium,0,,mp:train
train,sample_002680.npz,/home/zzy/TrajectoryPlanning/distill/data/benchmark/mp/train/sample_002571.npz,mp,shifting_gaps,U,mp_shifting_gaps,medium,medium,0,,mp:train
train,sample_002681.npz,/home/zzy/TrajectoryPlanning/distill/data/benchmark/mp/train/sample_002574.npz,mp,shifting_gaps,U,mp_shifting_gaps,medium,medium,0,,mp:train
train,sample_002682.npz,/home/zzy/TrajectoryPlanning/distill/data/benchmark/mp/train/sample_002577.npz,mp,shifting_gaps,U,mp_shifting_gaps,medium,medium,0,,mp:train
train,sample_002683.npz,/home/zzy/TrajectoryPlanning/distill/data/benchmark/mp/train/sample_002580.npz,mp,shifting_gaps,U,mp_shifting_gaps,medium,medium,0,,mp:train
train,sample_002684.npz,/home/zzy/TrajectoryPlanning/distill/data/benchmark/mp/train/sample_002586.npz,mp,shifting_gaps,U,mp_shifting_gaps,medium,medium,0,,mp:train
train,sample_002685.npz,/home/zzy/TrajectoryPlanning/distill/data/benchmark/mp/train/sample_002587.npz,mp,shifting_gaps,U,mp_shifting_gaps,medium,medium,0,,mp:train
train,sample_002686.npz,/home/zzy/TrajectoryPlanning/distill/data/benchmark/mp/train/sample_002588.npz,mp,shifting_gaps,U,mp_shifting_gaps,medium,medium,0,,mp:train
train,sample_002687.npz,/home/zzy/TrajectoryPlanning/distill/data/benchmark/mp/train/sample_002589.npz,mp,shifting_gaps,U,mp_shifting_gaps,medium,medium,0,,mp:train
train,sample_002688.npz,/home/zzy/TrajectoryPlanning/distill/data/benchmark/mp/train/sample_002590.npz,mp,shifting_gaps,U,mp_shifting_gaps,medium,medium,0,,mp:train
train,sample_002689.npz,/home/zzy/TrajectoryPlanning/distill/data/benchmark/mp/train/sample_002593.npz,mp,shifting_gaps,U,mp_shifting_gaps,medium,medium,0,,mp:train
train,sample_002690.npz,/home/zzy/TrajectoryPlanning/distill/data/benchmark/mp/train/sample_002598.npz,mp,shifting_gaps,U,mp_shifting_gaps,medium,medium,0,,mp:train
train,sample_002691.npz,/home/zzy/TrajectoryPlanning/distill/data/benchmark/mp/train/sample_002600.npz,mp,shifting_gaps,U,mp_shifting_gaps,medium,medium,0,,mp:train
train,sample_002692.npz,/home/zzy/TrajectoryPlanning/distill/data/benchmark/mp/train/sample_002601.npz,mp,shifting_gaps,U,mp_shifting_gaps,medium,medium,0,,mp:train
train,sample_002693.npz,/home/zzy/TrajectoryPlanning/distill/data/benchmark/mp/train/sample_002603.npz,mp,shifting_gaps,U,mp_shifting_gaps,medium,medium,0,,mp:train
train,sample_002694.npz,/home/zzy/TrajectoryPlanning/distill/data/benchmark/mp/train/sample_002605.npz,mp,shifting_gaps,U,mp_shifting_gaps,medium,medium,0,,mp:train
train,sample_002695.npz,/home/zzy/TrajectoryPlanning/distill/data/benchmark/mp/train/sample_002606.npz,mp,shifting_gaps,U,mp_shifting_gaps,medium,medium,0,,mp:train
train,sample_002696.npz,/home/zzy/TrajectoryPlanning/distill/data/benchmark/mp/train/sample_002608.npz,mp,shifting_gaps,U,mp_shifting_gaps,medium,medium,0,,mp:train
train,sample_002697.npz,/home/zzy/TrajectoryPlanning/distill/data/benchmark/mp/train/sample_002610.npz,mp,shifting_gaps,U,mp_shifting_gaps,medium,medium,0,,mp:train
train,sample_002698.npz,/home/zzy/TrajectoryPlanning/distill/data/benchmark/mp/train/sample_002615.npz,mp,shifting_gaps,U,mp_shifting_gaps,medium,medium,0,,mp:train
train,sample_002699.npz,/home/zzy/TrajectoryPlanning/distill/data/benchmark/mp/train/sample_002616.npz,mp,shifting_gaps,U,mp_shifting_gaps,medium,medium,0,,mp:train
train,sample_002700.npz,/home/zzy/TrajectoryPlanning/distill/data/benchmark/mp/train/sample_002618.npz,mp,shifting_gaps,U,mp_shifting_gaps,medium,medium,0,,mp:train
train,sample_002701.npz,/home/zzy/TrajectoryPlanning/distill/data/benchmark/mp/train/sample_002619.npz,mp,shifting_gaps,U,mp_shifting_gaps,medium,medium,0,,mp:train
train,sample_002702.npz,/home/zzy/TrajectoryPlanning/distill/data/benchmark/mp/train/sample_002620.npz,mp,shifting_gaps,U,mp_shifting_gaps,medium,medium,0,,mp:train
train,sample_002703.npz,/home/zzy/TrajectoryPlanning/distill/data/benchmark/mp/train/sample_002622.npz,mp,shifting_gaps,U,mp_shifting_gaps,medium,medium,0,,mp:train
train,sample_002704.npz,/home/zzy/TrajectoryPlanning/distill/data/benchmark/mp/train/sample_002624.npz,mp,shifting_gaps,U,mp_shifting_gaps,medium,medium,0,,mp:train
train,sample_002705.npz,/home/zzy/TrajectoryPlanning/distill/data/benchmark/mp/train/sample_002632.npz,mp,shifting_gaps,U,mp_shifting_gaps,medium,medium,0,,mp:train
train,sample_002706.npz,/home/zzy/TrajectoryPlanning/distill/data/benchmark/mp/train/sample_002633.npz,mp,shifting_gaps,U,mp_shifting_gaps,medium,medium,0,,mp:train
train,sample_002707.npz,/home/zzy/TrajectoryPlanning/distill/data/benchmark/mp/train/sample_002634.npz,mp,shifting_gaps,U,mp_shifting_gaps,medium,medium,0,,mp:train
train,sample_002708.npz,/home/zzy/TrajectoryPlanning/distill/data/benchmark/mp/train/sample_002636.npz,mp,shifting_gaps,U,mp_shifting_gaps,medium,medium,0,,mp:train
train,sample_002709.npz,/home/zzy/TrajectoryPlanning/distill/data/benchmark/mp/train/sample_002638.npz,mp,shifting_gaps,U,mp_shifting_gaps,medium,medium,0,,mp:train
train,sample_002710.npz,/home/zzy/TrajectoryPlanning/distill/data/benchmark/mp/train/sample_002640.npz,mp,shifting_gaps,U,mp_shifting_gaps,medium,medium,0,,mp:train
train,sample_002711.npz,/home/zzy/TrajectoryPlanning/distill/data/benchmark/mp/train/sample_002641.npz,mp,shifting_gaps,U,mp_shifting_gaps,medium,medium,0,,mp:train
train,sample_002712.npz,/home/zzy/TrajectoryPlanning/distill/data/benchmark/mp/train/sample_002644.npz,mp,shifting_gaps,U,mp_shifting_gaps,medium,medium,0,,mp:train
train,sample_002713.npz,/home/zzy/TrajectoryPlanning/distill/data/benchmark/mp/train/sample_002646.npz,mp,shifting_gaps,U,mp_shifting_gaps,medium,medium,0,,mp:train
train,sample_002714.npz,/home/zzy/TrajectoryPlanning/distill/data/benchmark/mp/train/sample_002647.npz,mp,shifting_gaps,U,mp_shifting_gaps,medium,medium,0,,mp:train
train,sample_002715.npz,/home/zzy/TrajectoryPlanning/distill/data/benchmark/mp/train/sample_002648.npz,mp,shifting_gaps,U,mp_shifting_gaps,medium,medium,0,,mp:train
train,sample_002716.npz,/home/zzy/TrajectoryPlanning/distill/data/benchmark/mp/train/sample_002650.npz,mp,shifting_gaps,U,mp_shifting_gaps,medium,medium,0,,mp:train
train,sample_002717.npz,/home/zzy/TrajectoryPlanning/distill/data/benchmark/mp/train/sample_002656.npz,mp,shifting_gaps,U,mp_shifting_gaps,medium,medium,0,,mp:train
train,sample_002718.npz,/home/zzy/TrajectoryPlanning/distill/data/benchmark/mp/train/sample_002660.npz,mp,shifting_gaps,U,mp_shifting_gaps,medium,medium,0,,mp:train
train,sample_002719.npz,/home/zzy/TrajectoryPlanning/distill/data/benchmark/mp/train/sample_002661.npz,mp,shifting_gaps,U,mp_shifting_gaps,medium,medium,0,,mp:train
train,sample_002720.npz,/home/zzy/TrajectoryPlanning/distill/data/benchmark/mp/train/sample_002662.npz,mp,shifting_gaps,U,mp_shifting_gaps,medium,medium,0,,mp:train
train,sample_002721.npz,/home/zzy/TrajectoryPlanning/distill/data/benchmark/mp/train/sample_002663.npz,mp,shifting_gaps,U,mp_shifting_gaps,medium,medium,0,,mp:train
train,sample_002722.npz,/home/zzy/TrajectoryPlanning/distill/data/benchmark/mp/train/sample_002664.npz,mp,shifting_gaps,U,mp_shifting_gaps,medium,medium,0,,mp:train
train,sample_002723.npz,/home/zzy/TrajectoryPlanning/distill/data/benchmark/mp/train/sample_002667.npz,mp,shifting_gaps,U,mp_shifting_gaps,medium,medium,0,,mp:train
train,sample_002724.npz,/home/zzy/TrajectoryPlanning/distill/data/benchmark/mp/train/sample_002671.npz,mp,shifting_gaps,U,mp_shifting_gaps,medium,medium,0,,mp:train
train,sample_002725.npz,/home/zzy/TrajectoryPlanning/distill/data/benchmark/mp/train/sample_002674.npz,mp,shifting_gaps,U,mp_shifting_gaps,medium,medium,0,,mp:train
train,sample_002726.npz,/home/zzy/TrajectoryPlanning/distill/data/benchmark/mp/train/sample_002675.npz,mp,shifting_gaps,U,mp_shifting_gaps,medium,medium,0,,mp:train
train,sample_002727.npz,/home/zzy/TrajectoryPlanning/distill/data/benchmark/mp/train/sample_002676.npz,mp,shifting_gaps,U,mp_shifting_gaps,medium,medium,0,,mp:train
train,sample_002728.npz,/home/zzy/TrajectoryPlanning/distill/data/benchmark/mp/train/sample_002678.npz,mp,shifting_gaps,U,mp_shifting_gaps,medium,medium,0,,mp:train
train,sample_002729.npz,/home/zzy/TrajectoryPlanning/distill/data/benchmark/mp/train/sample_002679.npz,mp,shifting_gaps,U,mp_shifting_gaps,medium,medium,0,,mp:train
train,sample_002730.npz,/home/zzy/TrajectoryPlanning/distill/data/benchmark/mp/train/sample_002680.npz,mp,shifting_gaps,U,mp_shifting_gaps,medium,medium,0,,mp:train
train,sample_002731.npz,/home/zzy/TrajectoryPlanning/distill/data/benchmark/mp/train/sample_002681.npz,mp,shifting_gaps,U,mp_shifting_gaps,medium,medium,0,,mp:train
train,sample_002732.npz,/home/zzy/TrajectoryPlanning/distill/data/benchmark/mp/train/sample_002683.npz,mp,shifting_gaps,U,mp_shifting_gaps,medium,medium,0,,mp:train
train,sample_002733.npz,/home/zzy/TrajectoryPlanning/distill/data/benchmark/mp/train/sample_002684.npz,mp,shifting_gaps,U,mp_shifting_gaps,medium,medium,0,,mp:train
train,sample_002734.npz,/home/zzy/TrajectoryPlanning/distill/data/benchmark/mp/train/sample_002685.npz,mp,shifting_gaps,U,mp_shifting_gaps,medium,medium,0,,mp:train
train,sample_002735.npz,/home/zzy/TrajectoryPlanning/distill/data/benchmark/mp/train/sample_002686.npz,mp,shifting_gaps,U,mp_shifting_gaps,medium,medium,0,,mp:train
train,sample_002736.npz,/home/zzy/TrajectoryPlanning/distill/data/benchmark/mp/train/sample_002687.npz,mp,shifting_gaps,U,mp_shifting_gaps,medium,medium,0,,mp:train
train,sample_002737.npz,/home/zzy/TrajectoryPlanning/distill/data/benchmark/mp/train/sample_002689.npz,mp,shifting_gaps,U,mp_shifting_gaps,medium,medium,0,,mp:train
train,sample_002738.npz,/home/zzy/TrajectoryPlanning/distill/data/benchmark/mp/train/sample_002690.npz,mp,shifting_gaps,U,mp_shifting_gaps,medium,medium,0,,mp:train
train,sample_002739.npz,/home/zzy/TrajectoryPlanning/distill/data/benchmark/mp/train/sample_002692.npz,mp,shifting_gaps,U,mp_shifting_gaps,medium,medium,0,,mp:train
train,sample_002740.npz,/home/zzy/TrajectoryPlanning/distill/data/benchmark/mp/train/sample_002694.npz,mp,shifting_gaps,U,mp_shifting_gaps,medium,medium,0,,mp:train
train,sample_002741.npz,/home/zzy/TrajectoryPlanning/distill/data/benchmark/mp/train/sample_002697.npz,mp,shifting_gaps,U,mp_shifting_gaps,medium,medium,0,,mp:train
train,sample_002742.npz,/home/zzy/TrajectoryPlanning/distill/data/benchmark/mp/train/sample_002702.npz,mp,shifting_gaps,U,mp_shifting_gaps,medium,medium,0,,mp:train
train,sample_002743.npz,/home/zzy/TrajectoryPlanning/distill/data/benchmark/mp/train/sample_002705.npz,mp,shifting_gaps,U,mp_shifting_gaps,medium,medium,0,,mp:train
train,sample_002744.npz,/home/zzy/TrajectoryPlanning/distill/data/benchmark/mp/train/sample_002706.npz,mp,shifting_gaps,U,mp_shifting_gaps,medium,medium,0,,mp:train
train,sample_002745.npz,/home/zzy/TrajectoryPlanning/distill/data/benchmark/mp/train/sample_002708.npz,mp,shifting_gaps,U,mp_shifting_gaps,medium,medium,0,,mp:train
train,sample_002746.npz,/home/zzy/TrajectoryPlanning/distill/data/benchmark/mp/train/sample_002710.npz,mp,shifting_gaps,U,mp_shifting_gaps,medium,medium,0,,mp:train
train,sample_002747.npz,/home/zzy/TrajectoryPlanning/distill/data/benchmark/mp/train/sample_002714.npz,mp,shifting_gaps,U,mp_shifting_gaps,medium,medium,0,,mp:train
train,sample_002748.npz,/home/zzy/TrajectoryPlanning/distill/data/benchmark/mp/train/sample_002715.npz,mp,shifting_gaps,U,mp_shifting_gaps,medium,medium,0,,mp:train
train,sample_002749.npz,/home/zzy/TrajectoryPlanning/distill/data/benchmark/mp/train/sample_002721.npz,mp,shifting_gaps,U,mp_shifting_gaps,medium,medium,0,,mp:train
train,sample_002750.npz,/home/zzy/TrajectoryPlanning/distill/data/benchmark/mp/train/sample_002722.npz,mp,shifting_gaps,U,mp_shifting_gaps,medium,medium,0,,mp:train
train,sample_002751.npz,/home/zzy/TrajectoryPlanning/distill/data/benchmark/mp/train/sample_002723.npz,mp,shifting_gaps,U,mp_shifting_gaps,medium,medium,0,,mp:train
train,sample_002752.npz,/home/zzy/TrajectoryPlanning/distill/data/benchmark/mp/train/sample_002724.npz,mp,shifting_gaps,U,mp_shifting_gaps,medium,medium,0,,mp:train
train,sample_002753.npz,/home/zzy/TrajectoryPlanning/distill/data/benchmark/mp/train/sample_002725.npz,mp,shifting_gaps,U,mp_shifting_gaps,medium,medium,0,,mp:train
train,sample_002754.npz,/home/zzy/TrajectoryPlanning/distill/data/benchmark/mp/train/sample_002727.npz,mp,shifting_gaps,U,mp_shifting_gaps,medium,medium,0,,mp:train
train,sample_002755.npz,/home/zzy/TrajectoryPlanning/distill/data/benchmark/mp/train/sample_002729.npz,mp,shifting_gaps,U,mp_shifting_gaps,medium,medium,0,,mp:train
train,sample_002756.npz,/home/zzy/TrajectoryPlanning/distill/data/benchmark/mp/train/sample_002732.npz,mp,shifting_gaps,U,mp_shifting_gaps,medium,medium,0,,mp:train
train,sample_002757.npz,/home/zzy/TrajectoryPlanning/distill/data/benchmark/mp/train/sample_002733.npz,mp,shifting_gaps,U,mp_shifting_gaps,medium,medium,0,,mp:train
train,sample_002758.npz,/home/zzy/TrajectoryPlanning/distill/data/benchmark/mp/train/sample_002736.npz,mp,shifting_gaps,U,mp_shifting_gaps,medium,medium,0,,mp:train
train,sample_002759.npz,/home/zzy/TrajectoryPlanning/distill/data/benchmark/mp/train/sample_002739.npz,mp,shifting_gaps,U,mp_shifting_gaps,medium,medium,0,,mp:train
train,sample_002760.npz,/home/zzy/TrajectoryPlanning/distill/data/benchmark/mp/train/sample_002741.npz,mp,shifting_gaps,U,mp_shifting_gaps,medium,medium,0,,mp:train
train,sample_002761.npz,/home/zzy/TrajectoryPlanning/distill/data/benchmark/mp/train/sample_002742.npz,mp,shifting_gaps,U,mp_shifting_gaps,medium,medium,0,,mp:train
train,sample_002762.npz,/home/zzy/TrajectoryPlanning/distill/data/benchmark/mp/train/sample_002743.npz,mp,shifting_gaps,U,mp_shifting_gaps,medium,medium,0,,mp:train
train,sample_002763.npz,/home/zzy/TrajectoryPlanning/distill/data/benchmark/mp/train/sample_002744.npz,mp,shifting_gaps,U,mp_shifting_gaps,medium,medium,0,,mp:train
train,sample_002764.npz,/home/zzy/TrajectoryPlanning/distill/data/benchmark/mp/train/sample_002745.npz,mp,shifting_gaps,U,mp_shifting_gaps,medium,medium,0,,mp:train
train,sample_002765.npz,/home/zzy/TrajectoryPlanning/distill/data/benchmark/mp/train/sample_002747.npz,mp,shifting_gaps,U,mp_shifting_gaps,medium,medium,0,,mp:train
train,sample_002766.npz,/home/zzy/TrajectoryPlanning/distill/data/benchmark/mp/train/sample_002748.npz,mp,shifting_gaps,U,mp_shifting_gaps,medium,medium,0,,mp:train
train,sample_002767.npz,/home/zzy/TrajectoryPlanning/distill/data/benchmark/mp/train/sample_002749.npz,mp,shifting_gaps,U,mp_shifting_gaps,medium,medium,0,,mp:train
train,sample_002768.npz,/home/zzy/TrajectoryPlanning/distill/data/benchmark/mp/train/sample_002753.npz,mp,shifting_gaps,U,mp_shifting_gaps,medium,medium,0,,mp:train
train,sample_002769.npz,/home/zzy/TrajectoryPlanning/distill/data/benchmark/mp/train/sample_002758.npz,mp,shifting_gaps,U,mp_shifting_gaps,medium,medium,0,,mp:train
train,sample_002770.npz,/home/zzy/TrajectoryPlanning/distill/data/benchmark/mp/train/sample_002759.npz,mp,shifting_gaps,U,mp_shifting_gaps,medium,medium,0,,mp:train
train,sample_002771.npz,/home/zzy/TrajectoryPlanning/distill/data/benchmark/mp/train/sample_002761.npz,mp,shifting_gaps,U,mp_shifting_gaps,medium,medium,0,,mp:train
train,sample_002772.npz,/home/zzy/TrajectoryPlanning/distill/data/benchmark/mp/train/sample_002763.npz,mp,shifting_gaps,U,mp_shifting_gaps,medium,medium,0,,mp:train
train,sample_002773.npz,/home/zzy/TrajectoryPlanning/distill/data/benchmark/mp/train/sample_002765.npz,mp,shifting_gaps,U,mp_shifting_gaps,medium,medium,0,,mp:train
train,sample_002774.npz,/home/zzy/TrajectoryPlanning/distill/data/benchmark/mp/train/sample_002766.npz,mp,shifting_gaps,U,mp_shifting_gaps,medium,medium,0,,mp:train
train,sample_002775.npz,/home/zzy/TrajectoryPlanning/distill/data/benchmark/mp/train/sample_002768.npz,mp,shifting_gaps,U,mp_shifting_gaps,medium,medium,0,,mp:train
train,sample_002776.npz,/home/zzy/TrajectoryPlanning/distill/data/benchmark/mp/train/sample_002769.npz,mp,shifting_gaps,U,mp_shifting_gaps,medium,medium,0,,mp:train
train,sample_002777.npz,/home/zzy/TrajectoryPlanning/distill/data/benchmark/mp/train/sample_002770.npz,mp,shifting_gaps,U,mp_shifting_gaps,medium,medium,0,,mp:train
train,sample_002778.npz,/home/zzy/TrajectoryPlanning/distill/data/benchmark/mp/train/sample_002774.npz,mp,shifting_gaps,U,mp_shifting_gaps,medium,medium,0,,mp:train
train,sample_002779.npz,/home/zzy/TrajectoryPlanning/distill/data/benchmark/mp/train/sample_002777.npz,mp,shifting_gaps,U,mp_shifting_gaps,medium,medium,0,,mp:train
train,sample_002780.npz,/home/zzy/TrajectoryPlanning/distill/data/benchmark/mp/train/sample_002779.npz,mp,shifting_gaps,U,mp_shifting_gaps,medium,medium,0,,mp:train
train,sample_002781.npz,/home/zzy/TrajectoryPlanning/distill/data/benchmark/mp/train/sample_002781.npz,mp,shifting_gaps,U,mp_shifting_gaps,medium,medium,0,,mp:train
train,sample_002782.npz,/home/zzy/TrajectoryPlanning/distill/data/benchmark/mp/train/sample_002786.npz,mp,shifting_gaps,U,mp_shifting_gaps,medium,medium,0,,mp:train
train,sample_002783.npz,/home/zzy/TrajectoryPlanning/distill/data/benchmark/mp/train/sample_002788.npz,mp,shifting_gaps,U,mp_shifting_gaps,medium,medium,0,,mp:train
train,sample_002784.npz,/home/zzy/TrajectoryPlanning/distill/data/benchmark/mp/train/sample_002791.npz,mp,shifting_gaps,U,mp_shifting_gaps,medium,medium,0,,mp:train
train,sample_002785.npz,/home/zzy/TrajectoryPlanning/distill/data/benchmark/mp/train/sample_002793.npz,mp,shifting_gaps,U,mp_shifting_gaps,medium,medium,0,,mp:train
train,sample_002786.npz,/home/zzy/TrajectoryPlanning/distill/data/benchmark/mp/train/sample_002796.npz,mp,shifting_gaps,U,mp_shifting_gaps,medium,medium,0,,mp:train
train,sample_002787.npz,/home/zzy/TrajectoryPlanning/distill/data/benchmark/mp/train/sample_002799.npz,mp,shifting_gaps,U,mp_shifting_gaps,medium,medium,0,,mp:train
train,sample_002788.npz,/home/zzy/TrajectoryPlanning/distill/data/benchmark/mp/train/sample_002800.npz,mp,shifting_gaps,U,mp_shifting_gaps,medium,medium,0,,mp:train
train,sample_002789.npz,/home/zzy/TrajectoryPlanning/distill/data/benchmark/mp/train/sample_002802.npz,mp,shifting_gaps,U,mp_shifting_gaps,medium,medium,0,,mp:train
train,sample_002790.npz,/home/zzy/TrajectoryPlanning/distill/data/benchmark/mp/train/sample_002804.npz,mp,shifting_gaps,U,mp_shifting_gaps,medium,medium,0,,mp:train
train,sample_002791.npz,/home/zzy/TrajectoryPlanning/distill/data/benchmark/mp/train/sample_002805.npz,mp,shifting_gaps,U,mp_shifting_gaps,medium,medium,0,,mp:train
train,sample_002792.npz,/home/zzy/TrajectoryPlanning/distill/data/benchmark/mp/train/sample_002806.npz,mp,shifting_gaps,U,mp_shifting_gaps,medium,medium,0,,mp:train
train,sample_002793.npz,/home/zzy/TrajectoryPlanning/distill/data/benchmark/mp/train/sample_002813.npz,mp,shifting_gaps,U,mp_shifting_gaps,medium,medium,0,,mp:train
train,sample_002794.npz,/home/zzy/TrajectoryPlanning/distill/data/benchmark/mp/train/sample_002814.npz,mp,shifting_gaps,U,mp_shifting_gaps,medium,medium,0,,mp:train
train,sample_002795.npz,/home/zzy/TrajectoryPlanning/distill/data/benchmark/mp/train/sample_002815.npz,mp,shifting_gaps,U,mp_shifting_gaps,medium,medium,0,,mp:train
train,sample_002796.npz,/home/zzy/TrajectoryPlanning/distill/data/benchmark/mp/train/sample_002816.npz,mp,shifting_gaps,U,mp_shifting_gaps,medium,medium,0,,mp:train
train,sample_002797.npz,/home/zzy/TrajectoryPlanning/distill/data/benchmark/mp/train/sample_002822.npz,mp,shifting_gaps,U,mp_shifting_gaps,medium,medium,0,,mp:train
train,sample_002798.npz,/home/zzy/TrajectoryPlanning/distill/data/benchmark/mp/train/sample_002831.npz,mp,shifting_gaps,U,mp_shifting_gaps,medium,medium,0,,mp:train
train,sample_002799.npz,/home/zzy/TrajectoryPlanning/distill/data/benchmark/mp/train/sample_002837.npz,mp,shifting_gaps,U,mp_shifting_gaps,medium,medium,0,,mp:train
train,sample_002800.npz,/home/zzy/TrajectoryPlanning/distill/data/benchmark/mp/train/sample_002840.npz,mp,shifting_gaps,U,mp_shifting_gaps,medium,medium,0,,mp:train
train,sample_002801.npz,/home/zzy/TrajectoryPlanning/distill/data/benchmark/mp/train/sample_002842.npz,mp,shifting_gaps,U,mp_shifting_gaps,medium,medium,0,,mp:train
train,sample_002802.npz,/home/zzy/TrajectoryPlanning/distill/data/benchmark/mp/train/sample_002843.npz,mp,shifting_gaps,U,mp_shifting_gaps,medium,medium,0,,mp:train
train,sample_002803.npz,/home/zzy/TrajectoryPlanning/distill/data/benchmark/mp/train/sample_002844.npz,mp,shifting_gaps,U,mp_shifting_gaps,medium,medium,0,,mp:train
train,sample_002804.npz,/home/zzy/TrajectoryPlanning/distill/data/benchmark/mp/train/sample_002849.npz,mp,shifting_gaps,U,mp_shifting_gaps,medium,medium,0,,mp:train
train,sample_002805.npz,/home/zzy/TrajectoryPlanning/distill/data/benchmark/mp/train/sample_002851.npz,mp,shifting_gaps,U,mp_shifting_gaps,medium,medium,0,,mp:train
train,sample_002806.npz,/home/zzy/TrajectoryPlanning/distill/data/benchmark/mp/train/sample_002852.npz,mp,shifting_gaps,U,mp_shifting_gaps,medium,medium,0,,mp:train
train,sample_002807.npz,/home/zzy/TrajectoryPlanning/distill/data/benchmark/mp/train/sample_002855.npz,mp,shifting_gaps,U,mp_shifting_gaps,medium,medium,0,,mp:train
train,sample_002808.npz,/home/zzy/TrajectoryPlanning/distill/data/benchmark/mp/train/sample_002856.npz,mp,shifting_gaps,U,mp_shifting_gaps,medium,medium,0,,mp:train
train,sample_002809.npz,/home/zzy/TrajectoryPlanning/distill/data/benchmark/mp/train/sample_002858.npz,mp,shifting_gaps,U,mp_shifting_gaps,medium,medium,0,,mp:train
train,sample_002810.npz,/home/zzy/TrajectoryPlanning/distill/data/benchmark/mp/train/sample_002859.npz,mp,shifting_gaps,U,mp_shifting_gaps,medium,medium,0,,mp:train
train,sample_002811.npz,/home/zzy/TrajectoryPlanning/distill/data/benchmark/mp/train/sample_002860.npz,mp,shifting_gaps,U,mp_shifting_gaps,medium,medium,0,,mp:train
train,sample_002812.npz,/home/zzy/TrajectoryPlanning/distill/data/benchmark/mp/train/sample_002865.npz,mp,shifting_gaps,U,mp_shifting_gaps,medium,medium,0,,mp:train
train,sample_002813.npz,/home/zzy/TrajectoryPlanning/distill/data/benchmark/mp/train/sample_002866.npz,mp,shifting_gaps,U,mp_shifting_gaps,medium,medium,0,,mp:train
train,sample_002814.npz,/home/zzy/TrajectoryPlanning/distill/data/benchmark/mp/train/sample_002871.npz,mp,shifting_gaps,U,mp_shifting_gaps,medium,medium,0,,mp:train
train,sample_002815.npz,/home/zzy/TrajectoryPlanning/distill/data/benchmark/mp/train/sample_002872.npz,mp,shifting_gaps,U,mp_shifting_gaps,medium,medium,0,,mp:train
train,sample_002816.npz,/home/zzy/TrajectoryPlanning/distill/data/benchmark/mp/train/sample_002874.npz,mp,shifting_gaps,U,mp_shifting_gaps,medium,medium,0,,mp:train
train,sample_002817.npz,/home/zzy/TrajectoryPlanning/distill/data/benchmark/mp/train/sample_002876.npz,mp,shifting_gaps,U,mp_shifting_gaps,medium,medium,0,,mp:train
train,sample_002818.npz,/home/zzy/TrajectoryPlanning/distill/data/benchmark/mp/train/sample_002877.npz,mp,shifting_gaps,U,mp_shifting_gaps,medium,medium,0,,mp:train
train,sample_002819.npz,/home/zzy/TrajectoryPlanning/distill/data/benchmark/mp/train/sample_002879.npz,mp,shifting_gaps,U,mp_shifting_gaps,medium,medium,0,,mp:train
train,sample_002820.npz,/home/zzy/TrajectoryPlanning/distill/data/benchmark/mp/train/sample_002880.npz,mp,shifting_gaps,U,mp_shifting_gaps,medium,medium,0,,mp:train
train,sample_002821.npz,/home/zzy/TrajectoryPlanning/distill/data/benchmark/mp/train/sample_002881.npz,mp,shifting_gaps,U,mp_shifting_gaps,medium,medium,0,,mp:train
train,sample_002822.npz,/home/zzy/TrajectoryPlanning/distill/data/benchmark/mp/train/sample_002883.npz,mp,shifting_gaps,U,mp_shifting_gaps,medium,medium,0,,mp:train
train,sample_002823.npz,/home/zzy/TrajectoryPlanning/distill/data/benchmark/mp/train/sample_002886.npz,mp,shifting_gaps,U,mp_shifting_gaps,medium,medium,0,,mp:train
train,sample_002824.npz,/home/zzy/TrajectoryPlanning/distill/data/benchmark/mp/train/sample_002888.npz,mp,shifting_gaps,U,mp_shifting_gaps,medium,medium,0,,mp:train
train,sample_002825.npz,/home/zzy/TrajectoryPlanning/distill/data/benchmark/mp/train/sample_002889.npz,mp,shifting_gaps,U,mp_shifting_gaps,medium,medium,0,,mp:train
train,sample_002826.npz,/home/zzy/TrajectoryPlanning/distill/data/benchmark/mp/train/sample_002890.npz,mp,shifting_gaps,U,mp_shifting_gaps,medium,medium,0,,mp:train
train,sample_002827.npz,/home/zzy/TrajectoryPlanning/distill/data/benchmark/mp/train/sample_002891.npz,mp,shifting_gaps,U,mp_shifting_gaps,medium,medium,0,,mp:train
train,sample_002828.npz,/home/zzy/TrajectoryPlanning/distill/data/benchmark/mp/train/sample_002893.npz,mp,shifting_gaps,U,mp_shifting_gaps,medium,medium,0,,mp:train
train,sample_002829.npz,/home/zzy/TrajectoryPlanning/distill/data/benchmark/mp/train/sample_002895.npz,mp,shifting_gaps,U,mp_shifting_gaps,medium,medium,0,,mp:train
train,sample_002830.npz,/home/zzy/TrajectoryPlanning/distill/data/benchmark/mp/train/sample_002899.npz,mp,shifting_gaps,U,mp_shifting_gaps,medium,medium,0,,mp:train
train,sample_002831.npz,/home/zzy/TrajectoryPlanning/distill/data/benchmark/mp/train/sample_002901.npz,mp,shifting_gaps,U,mp_shifting_gaps,medium,medium,0,,mp:train
train,sample_002832.npz,/home/zzy/TrajectoryPlanning/distill/data/benchmark/mp/train/sample_002902.npz,mp,shifting_gaps,U,mp_shifting_gaps,medium,medium,0,,mp:train
train,sample_002833.npz,/home/zzy/TrajectoryPlanning/distill/data/benchmark/mp/train/sample_002905.npz,mp,shifting_gaps,U,mp_shifting_gaps,medium,medium,0,,mp:train
train,sample_002834.npz,/home/zzy/TrajectoryPlanning/distill/data/benchmark/mp/train/sample_002906.npz,mp,shifting_gaps,U,mp_shifting_gaps,medium,medium,0,,mp:train
train,sample_002835.npz,/home/zzy/TrajectoryPlanning/distill/data/benchmark/mp/train/sample_002907.npz,mp,shifting_gaps,U,mp_shifting_gaps,medium,medium,0,,mp:train
train,sample_002836.npz,/home/zzy/TrajectoryPlanning/distill/data/benchmark/mp/train/sample_002908.npz,mp,shifting_gaps,U,mp_shifting_gaps,medium,medium,0,,mp:train
train,sample_002837.npz,/home/zzy/TrajectoryPlanning/distill/data/benchmark/mp/train/sample_002909.npz,mp,shifting_gaps,U,mp_shifting_gaps,medium,medium,0,,mp:train
train,sample_002838.npz,/home/zzy/TrajectoryPlanning/distill/data/benchmark/mp/train/sample_002911.npz,mp,shifting_gaps,U,mp_shifting_gaps,medium,medium,0,,mp:train
train,sample_002839.npz,/home/zzy/TrajectoryPlanning/distill/data/benchmark/mp/train/sample_002912.npz,mp,shifting_gaps,U,mp_shifting_gaps,medium,medium,0,,mp:train
train,sample_002840.npz,/home/zzy/TrajectoryPlanning/distill/data/benchmark/mp/train/sample_002914.npz,mp,shifting_gaps,U,mp_shifting_gaps,medium,medium,0,,mp:train
train,sample_002841.npz,/home/zzy/TrajectoryPlanning/distill/data/benchmark/mp/train/sample_002917.npz,mp,shifting_gaps,U,mp_shifting_gaps,medium,medium,0,,mp:train
train,sample_002842.npz,/home/zzy/TrajectoryPlanning/distill/data/benchmark/mp/train/sample_002921.npz,mp,shifting_gaps,U,mp_shifting_gaps,medium,medium,0,,mp:train
train,sample_002843.npz,/home/zzy/TrajectoryPlanning/distill/data/benchmark/mp/train/sample_002922.npz,mp,shifting_gaps,U,mp_shifting_gaps,medium,medium,0,,mp:train
train,sample_002844.npz,/home/zzy/TrajectoryPlanning/distill/data/benchmark/mp/train/sample_002927.npz,mp,shifting_gaps,U,mp_shifting_gaps,medium,medium,0,,mp:train
train,sample_002845.npz,/home/zzy/TrajectoryPlanning/distill/data/benchmark/mp/train/sample_002931.npz,mp,shifting_gaps,U,mp_shifting_gaps,medium,medium,0,,mp:train
train,sample_002846.npz,/home/zzy/TrajectoryPlanning/distill/data/benchmark/mp/train/sample_002935.npz,mp,shifting_gaps,U,mp_shifting_gaps,medium,medium,0,,mp:train
train,sample_002847.npz,/home/zzy/TrajectoryPlanning/distill/data/benchmark/mp/train/sample_002936.npz,mp,shifting_gaps,U,mp_shifting_gaps,medium,medium,0,,mp:train
train,sample_002848.npz,/home/zzy/TrajectoryPlanning/distill/data/benchmark/mp/train/sample_002937.npz,mp,shifting_gaps,U,mp_shifting_gaps,medium,medium,0,,mp:train
train,sample_002849.npz,/home/zzy/TrajectoryPlanning/distill/data/benchmark/mp/train/sample_002938.npz,mp,shifting_gaps,U,mp_shifting_gaps,medium,medium,0,,mp:train
train,sample_002850.npz,/home/zzy/TrajectoryPlanning/distill/data/benchmark/mp/train/sample_002944.npz,mp,shifting_gaps,U,mp_shifting_gaps,medium,medium,0,,mp:train
train,sample_002851.npz,/home/zzy/TrajectoryPlanning/distill/data/benchmark/mp/train/sample_002948.npz,mp,shifting_gaps,U,mp_shifting_gaps,medium,medium,0,,mp:train
train,sample_002852.npz,/home/zzy/TrajectoryPlanning/distill/data/benchmark/mp/train/sample_002949.npz,mp,shifting_gaps,U,mp_shifting_gaps,medium,medium,0,,mp:train
train,sample_002853.npz,/home/zzy/TrajectoryPlanning/distill/data/benchmark/mp/train/sample_002951.npz,mp,shifting_gaps,U,mp_shifting_gaps,medium,medium,0,,mp:train
train,sample_002854.npz,/home/zzy/TrajectoryPlanning/distill/data/benchmark/mp/train/sample_002954.npz,mp,shifting_gaps,U,mp_shifting_gaps,medium,medium,0,,mp:train
train,sample_002855.npz,/home/zzy/TrajectoryPlanning/distill/data/benchmark/mp/train/sample_002955.npz,mp,shifting_gaps,U,mp_shifting_gaps,medium,medium,0,,mp:train
train,sample_002856.npz,/home/zzy/TrajectoryPlanning/distill/data/benchmark/mp/train/sample_002956.npz,mp,shifting_gaps,U,mp_shifting_gaps,medium,medium,0,,mp:train
train,sample_002857.npz,/home/zzy/TrajectoryPlanning/distill/data/benchmark/mp/train/sample_002958.npz,mp,shifting_gaps,U,mp_shifting_gaps,medium,medium,0,,mp:train
train,sample_002858.npz,/home/zzy/TrajectoryPlanning/distill/data/benchmark/mp/train/sample_002964.npz,mp,shifting_gaps,U,mp_shifting_gaps,medium,medium,0,,mp:train
train,sample_002859.npz,/home/zzy/TrajectoryPlanning/distill/data/benchmark/mp/train/sample_002965.npz,mp,shifting_gaps,U,mp_shifting_gaps,medium,medium,0,,mp:train
train,sample_002860.npz,/home/zzy/TrajectoryPlanning/distill/data/benchmark/mp/train/sample_002967.npz,mp,shifting_gaps,U,mp_shifting_gaps,medium,medium,0,,mp:train
train,sample_002861.npz,/home/zzy/TrajectoryPlanning/distill/data/benchmark/mp/train/sample_002971.npz,mp,shifting_gaps,U,mp_shifting_gaps,medium,medium,0,,mp:train
train,sample_002862.npz,/home/zzy/TrajectoryPlanning/distill/data/benchmark/mp/train/sample_002972.npz,mp,shifting_gaps,U,mp_shifting_gaps,medium,medium,0,,mp:train
train,sample_002863.npz,/home/zzy/TrajectoryPlanning/distill/data/benchmark/mp/train/sample_002973.npz,mp,shifting_gaps,U,mp_shifting_gaps,medium,medium,0,,mp:train
train,sample_002864.npz,/home/zzy/TrajectoryPlanning/distill/data/benchmark/mp/train/sample_002980.npz,mp,shifting_gaps,U,mp_shifting_gaps,medium,medium,0,,mp:train
train,sample_002865.npz,/home/zzy/TrajectoryPlanning/distill/data/benchmark/mp/train/sample_002981.npz,mp,shifting_gaps,U,mp_shifting_gaps,medium,medium,0,,mp:train
train,sample_002866.npz,/home/zzy/TrajectoryPlanning/distill/data/benchmark/mp/train/sample_002986.npz,mp,shifting_gaps,U,mp_shifting_gaps,medium,medium,0,,mp:train
train,sample_002867.npz,/home/zzy/TrajectoryPlanning/distill/data/benchmark/mp/train/sample_002990.npz,mp,shifting_gaps,U,mp_shifting_gaps,medium,medium,0,,mp:train
train,sample_002868.npz,/home/zzy/TrajectoryPlanning/distill/data/benchmark/mp/train/sample_002991.npz,mp,shifting_gaps,U,mp_shifting_gaps,medium,medium,0,,mp:train
train,sample_002869.npz,/home/zzy/TrajectoryPlanning/distill/data/benchmark/mp/train/sample_002992.npz,mp,shifting_gaps,U,mp_shifting_gaps,medium,medium,0,,mp:train
train,sample_002870.npz,/home/zzy/TrajectoryPlanning/distill/data/benchmark/mp/train/sample_002995.npz,mp,shifting_gaps,U,mp_shifting_gaps,medium,medium,0,,mp:train
train,sample_002871.npz,/home/zzy/TrajectoryPlanning/distill/data/benchmark/mp/train/sample_002997.npz,mp,shifting_gaps,U,mp_shifting_gaps,medium,medium,0,,mp:train
train,sample_002872.npz,/home/zzy/TrajectoryPlanning/distill/data/benchmark/mp/train/sample_002999.npz,mp,shifting_gaps,U,mp_shifting_gaps,medium,medium,0,,mp:train
train,sample_002873.npz,/home/zzy/TrajectoryPlanning/distill/data/benchmark/mp/train/sample_003000.npz,mp,shifting_gaps,U,mp_shifting_gaps,medium,medium,0,,mp:train
train,sample_002874.npz,/home/zzy/TrajectoryPlanning/distill/data/benchmark/mp/train/sample_003005.npz,mp,shifting_gaps,U,mp_shifting_gaps,medium,medium,0,,mp:train
train,sample_002875.npz,/home/zzy/TrajectoryPlanning/distill/data/benchmark/mp/train/sample_003006.npz,mp,shifting_gaps,U,mp_shifting_gaps,medium,medium,0,,mp:train
train,sample_002876.npz,/home/zzy/TrajectoryPlanning/distill/data/benchmark/mp/train/sample_003007.npz,mp,shifting_gaps,U,mp_shifting_gaps,medium,medium,0,,mp:train
train,sample_002877.npz,/home/zzy/TrajectoryPlanning/distill/data/benchmark/mp/train/sample_003008.npz,mp,shifting_gaps,U,mp_shifting_gaps,medium,medium,0,,mp:train
train,sample_002878.npz,/home/zzy/TrajectoryPlanning/distill/data/benchmark/mp/train/sample_003009.npz,mp,shifting_gaps,U,mp_shifting_gaps,medium,medium,0,,mp:train
train,sample_002879.npz,/home/zzy/TrajectoryPlanning/distill/data/benchmark/mp/train/sample_003013.npz,mp,shifting_gaps,U,mp_shifting_gaps,medium,medium,0,,mp:train
train,sample_002880.npz,/home/zzy/TrajectoryPlanning/distill/data/benchmark/mp/train/sample_003018.npz,mp,shifting_gaps,U,mp_shifting_gaps,medium,medium,0,,mp:train
train,sample_002881.npz,/home/zzy/TrajectoryPlanning/distill/data/benchmark/mp/train/sample_003021.npz,mp,shifting_gaps,U,mp_shifting_gaps,medium,medium,0,,mp:train
train,sample_002882.npz,/home/zzy/TrajectoryPlanning/distill/data/benchmark/mp/train/sample_003022.npz,mp,shifting_gaps,U,mp_shifting_gaps,medium,medium,0,,mp:train
train,sample_002883.npz,/home/zzy/TrajectoryPlanning/distill/data/benchmark/mp/train/sample_003026.npz,mp,shifting_gaps,U,mp_shifting_gaps,medium,medium,0,,mp:train
train,sample_002884.npz,/home/zzy/TrajectoryPlanning/distill/data/benchmark/mp/train/sample_003030.npz,mp,shifting_gaps,U,mp_shifting_gaps,medium,medium,0,,mp:train
train,sample_002885.npz,/home/zzy/TrajectoryPlanning/distill/data/benchmark/mp/train/sample_003032.npz,mp,shifting_gaps,U,mp_shifting_gaps,medium,medium,0,,mp:train
train,sample_002886.npz,/home/zzy/TrajectoryPlanning/distill/data/benchmark/mp/train/sample_003034.npz,mp,shifting_gaps,U,mp_shifting_gaps,medium,medium,0,,mp:train
train,sample_002887.npz,/home/zzy/TrajectoryPlanning/distill/data/benchmark/mp/train/sample_003039.npz,mp,shifting_gaps,U,mp_shifting_gaps,medium,medium,0,,mp:train
train,sample_002888.npz,/home/zzy/TrajectoryPlanning/distill/data/benchmark/mp/train/sample_003042.npz,mp,shifting_gaps,U,mp_shifting_gaps,medium,medium,0,,mp:train
train,sample_002889.npz,/home/zzy/TrajectoryPlanning/distill/data/benchmark/mp/train/sample_003043.npz,mp,shifting_gaps,U,mp_shifting_gaps,medium,medium,0,,mp:train
train,sample_002890.npz,/home/zzy/TrajectoryPlanning/distill/data/benchmark/mp/train/sample_003046.npz,mp,shifting_gaps,U,mp_shifting_gaps,medium,medium,0,,mp:train
train,sample_002891.npz,/home/zzy/TrajectoryPlanning/distill/data/benchmark/mp/train/sample_003048.npz,mp,shifting_gaps,U,mp_shifting_gaps,medium,medium,0,,mp:train
train,sample_002892.npz,/home/zzy/TrajectoryPlanning/distill/data/benchmark/mp/train/sample_003049.npz,mp,shifting_gaps,U,mp_shifting_gaps,medium,medium,0,,mp:train
train,sample_002893.npz,/home/zzy/TrajectoryPlanning/distill/data/benchmark/mp/train/sample_003051.npz,mp,shifting_gaps,U,mp_shifting_gaps,medium,medium,0,,mp:train
train,sample_002894.npz,/home/zzy/TrajectoryPlanning/distill/data/benchmark/mp/train/sample_003052.npz,mp,shifting_gaps,U,mp_shifting_gaps,medium,medium,0,,mp:train
train,sample_002895.npz,/home/zzy/TrajectoryPlanning/distill/data/benchmark/mp/train/sample_003053.npz,mp,shifting_gaps,U,mp_shifting_gaps,medium,medium,0,,mp:train
train,sample_002896.npz,/home/zzy/TrajectoryPlanning/distill/data/benchmark/mp/train/sample_003054.npz,mp,shifting_gaps,U,mp_shifting_gaps,medium,medium,0,,mp:train
train,sample_002897.npz,/home/zzy/TrajectoryPlanning/distill/data/benchmark/mp/train/sample_003059.npz,mp,shifting_gaps,U,mp_shifting_gaps,medium,medium,0,,mp:train
train,sample_002898.npz,/home/zzy/TrajectoryPlanning/distill/data/benchmark/mp/train/sample_003060.npz,mp,shifting_gaps,U,mp_shifting_gaps,medium,medium,0,,mp:train
train,sample_002899.npz,/home/zzy/TrajectoryPlanning/distill/data/benchmark/mp/train/sample_003061.npz,mp,shifting_gaps,U,mp_shifting_gaps,medium,medium,0,,mp:train
train,sample_002900.npz,/home/zzy/TrajectoryPlanning/distill/data/benchmark/mp/train/sample_003062.npz,mp,shifting_gaps,U,mp_shifting_gaps,medium,medium,0,,mp:train
train,sample_002901.npz,/home/zzy/TrajectoryPlanning/distill/data/benchmark/mp/train/sample_003065.npz,mp,shifting_gaps,U,mp_shifting_gaps,medium,medium,0,,mp:train
train,sample_002902.npz,/home/zzy/TrajectoryPlanning/distill/data/benchmark/mp/train/sample_003069.npz,mp,shifting_gaps,U,mp_shifting_gaps,medium,medium,0,,mp:train
train,sample_002903.npz,/home/zzy/TrajectoryPlanning/distill/data/benchmark/mp/train/sample_003070.npz,mp,shifting_gaps,U,mp_shifting_gaps,medium,medium,0,,mp:train
train,sample_002904.npz,/home/zzy/TrajectoryPlanning/distill/data/benchmark/mp/train/sample_003072.npz,mp,shifting_gaps,U,mp_shifting_gaps,medium,medium,0,,mp:train
train,sample_002905.npz,/home/zzy/TrajectoryPlanning/distill/data/benchmark/mp/train/sample_003073.npz,mp,shifting_gaps,U,mp_shifting_gaps,medium,medium,0,,mp:train
train,sample_002906.npz,/home/zzy/TrajectoryPlanning/distill/data/benchmark/mp/train/sample_003078.npz,mp,shifting_gaps,U,mp_shifting_gaps,medium,medium,0,,mp:train
train,sample_002907.npz,/home/zzy/TrajectoryPlanning/distill/data/benchmark/mp/train/sample_003079.npz,mp,shifting_gaps,U,mp_shifting_gaps,medium,medium,0,,mp:train
train,sample_002908.npz,/home/zzy/TrajectoryPlanning/distill/data/benchmark/mp/train/sample_003080.npz,mp,shifting_gaps,U,mp_shifting_gaps,medium,medium,0,,mp:train
train,sample_002909.npz,/home/zzy/TrajectoryPlanning/distill/data/benchmark/mp/train/sample_003083.npz,mp,shifting_gaps,U,mp_shifting_gaps,medium,medium,0,,mp:train
train,sample_002910.npz,/home/zzy/TrajectoryPlanning/distill/data/benchmark/mp/train/sample_003085.npz,mp,shifting_gaps,U,mp_shifting_gaps,medium,medium,0,,mp:train
train,sample_002911.npz,/home/zzy/TrajectoryPlanning/distill/data/benchmark/mp/train/sample_003086.npz,mp,shifting_gaps,U,mp_shifting_gaps,medium,medium,0,,mp:train
train,sample_002912.npz,/home/zzy/TrajectoryPlanning/distill/data/benchmark/mp/train/sample_003087.npz,mp,shifting_gaps,U,mp_shifting_gaps,medium,medium,0,,mp:train
train,sample_002913.npz,/home/zzy/TrajectoryPlanning/distill/data/benchmark/mp/train/sample_003089.npz,mp,shifting_gaps,U,mp_shifting_gaps,medium,medium,0,,mp:train
train,sample_002914.npz,/home/zzy/TrajectoryPlanning/distill/data/benchmark/mp/train/sample_003090.npz,mp,shifting_gaps,U,mp_shifting_gaps,medium,medium,0,,mp:train
train,sample_002915.npz,/home/zzy/TrajectoryPlanning/distill/data/benchmark/mp/train/sample_003094.npz,mp,shifting_gaps,U,mp_shifting_gaps,medium,medium,0,,mp:train
train,sample_002916.npz,/home/zzy/TrajectoryPlanning/distill/data/benchmark/mp/train/sample_003097.npz,mp,shifting_gaps,U,mp_shifting_gaps,medium,medium,0,,mp:train
train,sample_002917.npz,/home/zzy/TrajectoryPlanning/distill/data/benchmark/mp/train/sample_003099.npz,mp,shifting_gaps,U,mp_shifting_gaps,medium,medium,0,,mp:train
train,sample_002918.npz,/home/zzy/TrajectoryPlanning/distill/data/benchmark/mp/train/sample_003101.npz,mp,shifting_gaps,U,mp_shifting_gaps,medium,medium,0,,mp:train
train,sample_002919.npz,/home/zzy/TrajectoryPlanning/distill/data/benchmark/mp/train/sample_003103.npz,mp,shifting_gaps,U,mp_shifting_gaps,medium,medium,0,,mp:train
train,sample_002920.npz,/home/zzy/TrajectoryPlanning/distill/data/benchmark/mp/train/sample_003107.npz,mp,shifting_gaps,U,mp_shifting_gaps,medium,medium,0,,mp:train
train,sample_002921.npz,/home/zzy/TrajectoryPlanning/distill/data/benchmark/mp/train/sample_003110.npz,mp,shifting_gaps,U,mp_shifting_gaps,medium,medium,0,,mp:train
train,sample_002922.npz,/home/zzy/TrajectoryPlanning/distill/data/benchmark/mp/train/sample_003111.npz,mp,shifting_gaps,U,mp_shifting_gaps,medium,medium,0,,mp:train
train,sample_002923.npz,/home/zzy/TrajectoryPlanning/distill/data/benchmark/mp/train/sample_003112.npz,mp,shifting_gaps,U,mp_shifting_gaps,medium,medium,0,,mp:train
train,sample_002924.npz,/home/zzy/TrajectoryPlanning/distill/data/benchmark/mp/train/sample_003114.npz,mp,shifting_gaps,U,mp_shifting_gaps,medium,medium,0,,mp:train
train,sample_002925.npz,/home/zzy/TrajectoryPlanning/distill/data/benchmark/mp/train/sample_003115.npz,mp,shifting_gaps,U,mp_shifting_gaps,medium,medium,0,,mp:train
train,sample_002926.npz,/home/zzy/TrajectoryPlanning/distill/data/benchmark/mp/train/sample_003116.npz,mp,shifting_gaps,U,mp_shifting_gaps,medium,medium,0,,mp:train
train,sample_002927.npz,/home/zzy/TrajectoryPlanning/distill/data/benchmark/mp/train/sample_003117.npz,mp,shifting_gaps,U,mp_shifting_gaps,medium,medium,0,,mp:train
train,sample_002928.npz,/home/zzy/TrajectoryPlanning/distill/data/benchmark/mp/train/sample_003121.npz,mp,shifting_gaps,U,mp_shifting_gaps,medium,medium,0,,mp:train
train,sample_002929.npz,/home/zzy/TrajectoryPlanning/distill/data/benchmark/mp/train/sample_003122.npz,mp,shifting_gaps,U,mp_shifting_gaps,medium,medium,0,,mp:train
train,sample_002930.npz,/home/zzy/TrajectoryPlanning/distill/data/benchmark/mp/train/sample_003124.npz,mp,shifting_gaps,U,mp_shifting_gaps,medium,medium,0,,mp:train
train,sample_002931.npz,/home/zzy/TrajectoryPlanning/distill/data/benchmark/mp/train/sample_003128.npz,mp,shifting_gaps,U,mp_shifting_gaps,medium,medium,0,,mp:train
train,sample_002932.npz,/home/zzy/TrajectoryPlanning/distill/data/benchmark/mp/train/sample_003129.npz,mp,shifting_gaps,U,mp_shifting_gaps,medium,medium,0,,mp:train
train,sample_002933.npz,/home/zzy/TrajectoryPlanning/distill/data/benchmark/mp/train/sample_003132.npz,mp,shifting_gaps,U,mp_shifting_gaps,medium,medium,0,,mp:train
train,sample_002934.npz,/home/zzy/TrajectoryPlanning/distill/data/benchmark/mp/train/sample_003133.npz,mp,shifting_gaps,U,mp_shifting_gaps,medium,medium,0,,mp:train
train,sample_002935.npz,/home/zzy/TrajectoryPlanning/distill/data/benchmark/mp/train/sample_003134.npz,mp,shifting_gaps,U,mp_shifting_gaps,medium,medium,0,,mp:train
train,sample_002936.npz,/home/zzy/TrajectoryPlanning/distill/data/benchmark/mp/train/sample_003138.npz,mp,shifting_gaps,U,mp_shifting_gaps,medium,medium,0,,mp:train
train,sample_002937.npz,/home/zzy/TrajectoryPlanning/distill/data/benchmark/mp/train/sample_003139.npz,mp,shifting_gaps,U,mp_shifting_gaps,medium,medium,0,,mp:train
train,sample_002938.npz,/home/zzy/TrajectoryPlanning/distill/data/benchmark/mp/train/sample_003142.npz,mp,shifting_gaps,U,mp_shifting_gaps,medium,medium,0,,mp:train
train,sample_002939.npz,/home/zzy/TrajectoryPlanning/distill/data/benchmark/mp/train/sample_003143.npz,mp,shifting_gaps,U,mp_shifting_gaps,medium,medium,0,,mp:train
train,sample_002940.npz,/home/zzy/TrajectoryPlanning/distill/data/benchmark/mp/train/sample_003145.npz,mp,shifting_gaps,U,mp_shifting_gaps,medium,medium,0,,mp:train
train,sample_002941.npz,/home/zzy/TrajectoryPlanning/distill/data/benchmark/mp/train/sample_003146.npz,mp,shifting_gaps,U,mp_shifting_gaps,medium,medium,0,,mp:train
train,sample_002942.npz,/home/zzy/TrajectoryPlanning/distill/data/benchmark/mp/train/sample_003147.npz,mp,shifting_gaps,U,mp_shifting_gaps,medium,medium,0,,mp:train
train,sample_002943.npz,/home/zzy/TrajectoryPlanning/distill/data/benchmark/mp/train/sample_003148.npz,mp,shifting_gaps,U,mp_shifting_gaps,medium,medium,0,,mp:train
train,sample_002944.npz,/home/zzy/TrajectoryPlanning/distill/data/benchmark/mp/train/sample_003152.npz,mp,shifting_gaps,U,mp_shifting_gaps,medium,medium,0,,mp:train
train,sample_002945.npz,/home/zzy/TrajectoryPlanning/distill/data/benchmark/mp/train/sample_003153.npz,mp,shifting_gaps,U,mp_shifting_gaps,medium,medium,0,,mp:train
train,sample_002946.npz,/home/zzy/TrajectoryPlanning/distill/data/benchmark/mp/train/sample_003155.npz,mp,shifting_gaps,U,mp_shifting_gaps,medium,medium,0,,mp:train
train,sample_002947.npz,/home/zzy/TrajectoryPlanning/distill/data/benchmark/mp/train/sample_003156.npz,mp,shifting_gaps,U,mp_shifting_gaps,medium,medium,0,,mp:train
train,sample_002948.npz,/home/zzy/TrajectoryPlanning/distill/data/benchmark/mp/train/sample_003160.npz,mp,shifting_gaps,U,mp_shifting_gaps,medium,medium,0,,mp:train
train,sample_002949.npz,/home/zzy/TrajectoryPlanning/distill/data/benchmark/mp/train/sample_003162.npz,mp,shifting_gaps,U,mp_shifting_gaps,medium,medium,0,,mp:train
train,sample_002950.npz,/home/zzy/TrajectoryPlanning/distill/data/benchmark/mp/train/sample_003163.npz,mp,shifting_gaps,U,mp_shifting_gaps,medium,medium,0,,mp:train
train,sample_002951.npz,/home/zzy/TrajectoryPlanning/distill/data/benchmark/mp/train/sample_003164.npz,mp,shifting_gaps,U,mp_shifting_gaps,medium,medium,0,,mp:train
train,sample_002952.npz,/home/zzy/TrajectoryPlanning/distill/data/benchmark/mp/train/sample_003167.npz,mp,shifting_gaps,U,mp_shifting_gaps,medium,medium,0,,mp:train
train,sample_002953.npz,/home/zzy/TrajectoryPlanning/distill/data/benchmark/mp/train/sample_003169.npz,mp,shifting_gaps,U,mp_shifting_gaps,medium,medium,0,,mp:train
train,sample_002954.npz,/home/zzy/TrajectoryPlanning/distill/data/benchmark/mp/train/sample_003172.npz,mp,shifting_gaps,U,mp_shifting_gaps,medium,medium,0,,mp:train
train,sample_002955.npz,/home/zzy/TrajectoryPlanning/distill/data/benchmark/mp/train/sample_003173.npz,mp,shifting_gaps,U,mp_shifting_gaps,medium,medium,0,,mp:train
train,sample_002956.npz,/home/zzy/TrajectoryPlanning/distill/data/benchmark/mp/train/sample_003174.npz,mp,shifting_gaps,U,mp_shifting_gaps,medium,medium,0,,mp:train
train,sample_002957.npz,/home/zzy/TrajectoryPlanning/distill/data/benchmark/mp/train/sample_003176.npz,mp,shifting_gaps,U,mp_shifting_gaps,medium,medium,0,,mp:train
train,sample_002958.npz,/home/zzy/TrajectoryPlanning/distill/data/benchmark/mp/train/sample_003178.npz,mp,shifting_gaps,U,mp_shifting_gaps,medium,medium,0,,mp:train
train,sample_002959.npz,/home/zzy/TrajectoryPlanning/distill/data/benchmark/mp/train/sample_003181.npz,mp,shifting_gaps,U,mp_shifting_gaps,medium,medium,0,,mp:train
train,sample_002960.npz,/home/zzy/TrajectoryPlanning/distill/data/benchmark/mp/train/sample_003183.npz,mp,shifting_gaps,U,mp_shifting_gaps,medium,medium,0,,mp:train
train,sample_002961.npz,/home/zzy/TrajectoryPlanning/distill/data/benchmark/mp/train/sample_003184.npz,mp,shifting_gaps,U,mp_shifting_gaps,medium,medium,0,,mp:train
train,sample_002962.npz,/home/zzy/TrajectoryPlanning/distill/data/benchmark/mp/train/sample_003185.npz,mp,shifting_gaps,U,mp_shifting_gaps,medium,medium,0,,mp:train
train,sample_002963.npz,/home/zzy/TrajectoryPlanning/distill/data/benchmark/mp/train/sample_003186.npz,mp,shifting_gaps,U,mp_shifting_gaps,medium,medium,0,,mp:train
train,sample_002964.npz,/home/zzy/TrajectoryPlanning/distill/data/benchmark/mp/train/sample_003197.npz,mp,shifting_gaps,U,mp_shifting_gaps,medium,medium,0,,mp:train
train,sample_002965.npz,/home/zzy/TrajectoryPlanning/distill/data/benchmark/mp/train/sample_003198.npz,mp,shifting_gaps,U,mp_shifting_gaps,medium,medium,0,,mp:train
train,sample_002966.npz,/home/zzy/TrajectoryPlanning/distill/data/benchmark/mp/test/sample_000501.npz,mp,single_bugtrap,U,mp_single_bugtrap,medium,medium,0,,mp:test
train,sample_002967.npz,/home/zzy/TrajectoryPlanning/distill/data/benchmark/mp/test/sample_000502.npz,mp,single_bugtrap,U,mp_single_bugtrap,medium,medium,0,,mp:test
train,sample_002968.npz,/home/zzy/TrajectoryPlanning/distill/data/benchmark/mp/test/sample_000505.npz,mp,single_bugtrap,U,mp_single_bugtrap,medium,medium,0,,mp:test
train,sample_002969.npz,/home/zzy/TrajectoryPlanning/distill/data/benchmark/mp/test/sample_000507.npz,mp,single_bugtrap,U,mp_single_bugtrap,medium,medium,0,,mp:test
train,sample_002970.npz,/home/zzy/TrajectoryPlanning/distill/data/benchmark/mp/test/sample_000508.npz,mp,single_bugtrap,U,mp_single_bugtrap,medium,medium,0,,mp:test
train,sample_002971.npz,/home/zzy/TrajectoryPlanning/distill/data/benchmark/mp/test/sample_000509.npz,mp,single_bugtrap,U,mp_single_bugtrap,medium,medium,0,,mp:test
train,sample_002972.npz,/home/zzy/TrajectoryPlanning/distill/data/benchmark/mp/test/sample_000511.npz,mp,single_bugtrap,U,mp_single_bugtrap,medium,medium,0,,mp:test
train,sample_002973.npz,/home/zzy/TrajectoryPlanning/distill/data/benchmark/mp/test/sample_000515.npz,mp,single_bugtrap,U,mp_single_bugtrap,medium,medium,0,,mp:test
train,sample_002974.npz,/home/zzy/TrajectoryPlanning/distill/data/benchmark/mp/test/sample_000516.npz,mp,single_bugtrap,U,mp_single_bugtrap,medium,medium,0,,mp:test
train,sample_002975.npz,/home/zzy/TrajectoryPlanning/distill/data/benchmark/mp/test/sample_000517.npz,mp,single_bugtrap,U,mp_single_bugtrap,medium,medium,0,,mp:test
train,sample_002976.npz,/home/zzy/TrajectoryPlanning/distill/data/benchmark/mp/test/sample_000518.npz,mp,single_bugtrap,U,mp_single_bugtrap,medium,medium,0,,mp:test
train,sample_002977.npz,/home/zzy/TrajectoryPlanning/distill/data/benchmark/mp/test/sample_000519.npz,mp,single_bugtrap,U,mp_single_bugtrap,medium,medium,0,,mp:test
train,sample_002978.npz,/home/zzy/TrajectoryPlanning/distill/data/benchmark/mp/test/sample_000522.npz,mp,single_bugtrap,U,mp_single_bugtrap,medium,medium,0,,mp:test
train,sample_002979.npz,/home/zzy/TrajectoryPlanning/distill/data/benchmark/mp/test/sample_000524.npz,mp,single_bugtrap,U,mp_single_bugtrap,medium,medium,0,,mp:test
train,sample_002980.npz,/home/zzy/TrajectoryPlanning/distill/data/benchmark/mp/test/sample_000527.npz,mp,single_bugtrap,U,mp_single_bugtrap,medium,medium,0,,mp:test
train,sample_002981.npz,/home/zzy/TrajectoryPlanning/distill/data/benchmark/mp/test/sample_000528.npz,mp,single_bugtrap,U,mp_single_bugtrap,medium,medium,0,,mp:test
train,sample_002982.npz,/home/zzy/TrajectoryPlanning/distill/data/benchmark/mp/test/sample_000530.npz,mp,single_bugtrap,U,mp_single_bugtrap,medium,medium,0,,mp:test
train,sample_002983.npz,/home/zzy/TrajectoryPlanning/distill/data/benchmark/mp/test/sample_000535.npz,mp,single_bugtrap,U,mp_single_bugtrap,medium,medium,0,,mp:test
train,sample_002984.npz,/home/zzy/TrajectoryPlanning/distill/data/benchmark/mp/test/sample_000537.npz,mp,single_bugtrap,U,mp_single_bugtrap,medium,medium,0,,mp:test
train,sample_002985.npz,/home/zzy/TrajectoryPlanning/distill/data/benchmark/mp/test/sample_000540.npz,mp,single_bugtrap,U,mp_single_bugtrap,medium,medium,0,,mp:test
train,sample_002986.npz,/home/zzy/TrajectoryPlanning/distill/data/benchmark/mp/test/sample_000541.npz,mp,single_bugtrap,U,mp_single_bugtrap,medium,medium,0,,mp:test
train,sample_002987.npz,/home/zzy/TrajectoryPlanning/distill/data/benchmark/mp/test/sample_000543.npz,mp,single_bugtrap,U,mp_single_bugtrap,medium,medium,0,,mp:test
train,sample_002988.npz,/home/zzy/TrajectoryPlanning/distill/data/benchmark/mp/test/sample_000545.npz,mp,single_bugtrap,U,mp_single_bugtrap,medium,medium,0,,mp:test
train,sample_002989.npz,/home/zzy/TrajectoryPlanning/distill/data/benchmark/mp/test/sample_000546.npz,mp,single_bugtrap,U,mp_single_bugtrap,medium,medium,0,,mp:test
train,sample_002990.npz,/home/zzy/TrajectoryPlanning/distill/data/benchmark/mp/test/sample_000547.npz,mp,single_bugtrap,U,mp_single_bugtrap,medium,medium,0,,mp:test
train,sample_002991.npz,/home/zzy/TrajectoryPlanning/distill/data/benchmark/mp/test/sample_000548.npz,mp,single_bugtrap,U,mp_single_bugtrap,medium,medium,0,,mp:test
train,sample_002992.npz,/home/zzy/TrajectoryPlanning/distill/data/benchmark/mp/test/sample_000550.npz,mp,single_bugtrap,U,mp_single_bugtrap,medium,medium,0,,mp:test
train,sample_002993.npz,/home/zzy/TrajectoryPlanning/distill/data/benchmark/mp/test/sample_000551.npz,mp,single_bugtrap,U,mp_single_bugtrap,medium,medium,0,,mp:test
train,sample_002994.npz,/home/zzy/TrajectoryPlanning/distill/data/benchmark/mp/test/sample_000552.npz,mp,single_bugtrap,U,mp_single_bugtrap,medium,medium,0,,mp:test
train,sample_002995.npz,/home/zzy/TrajectoryPlanning/distill/data/benchmark/mp/test/sample_000553.npz,mp,single_bugtrap,U,mp_single_bugtrap,medium,medium,0,,mp:test
train,sample_002996.npz,/home/zzy/TrajectoryPlanning/distill/data/benchmark/mp/test/sample_000554.npz,mp,single_bugtrap,U,mp_single_bugtrap,medium,medium,0,,mp:test
train,sample_002997.npz,/home/zzy/TrajectoryPlanning/distill/data/benchmark/mp/test/sample_000556.npz,mp,single_bugtrap,U,mp_single_bugtrap,medium,medium,0,,mp:test
train,sample_002998.npz,/home/zzy/TrajectoryPlanning/distill/data/benchmark/mp/test/sample_000557.npz,mp,single_bugtrap,U,mp_single_bugtrap,medium,medium,0,,mp:test
train,sample_002999.npz,/home/zzy/TrajectoryPlanning/distill/data/benchmark/mp/test/sample_000558.npz,mp,single_bugtrap,U,mp_single_bugtrap,medium,medium,0,,mp:test
train,sample_003000.npz,/home/zzy/TrajectoryPlanning/distill/data/benchmark/mp/test/sample_000560.npz,mp,single_bugtrap,U,mp_single_bugtrap,medium,medium,0,,mp:test
train,sample_003001.npz,/home/zzy/TrajectoryPlanning/distill/data/benchmark/mp/test/sample_000562.npz,mp,single_bugtrap,U,mp_single_bugtrap,medium,medium,0,,mp:test
train,sample_003002.npz,/home/zzy/TrajectoryPlanning/distill/data/benchmark/mp/test/sample_000563.npz,mp,single_bugtrap,U,mp_single_bugtrap,medium,medium,0,,mp:test
train,sample_003003.npz,/home/zzy/TrajectoryPlanning/distill/data/benchmark/mp/test/sample_000564.npz,mp,single_bugtrap,U,mp_single_bugtrap,medium,medium,0,,mp:test
train,sample_003004.npz,/home/zzy/TrajectoryPlanning/distill/data/benchmark/mp/test/sample_000569.npz,mp,single_bugtrap,U,mp_single_bugtrap,medium,medium,0,,mp:test
train,sample_003005.npz,/home/zzy/TrajectoryPlanning/distill/data/benchmark/mp/test/sample_000572.npz,mp,single_bugtrap,U,mp_single_bugtrap,medium,medium,0,,mp:test
train,sample_003006.npz,/home/zzy/TrajectoryPlanning/distill/data/benchmark/mp/test/sample_000573.npz,mp,single_bugtrap,U,mp_single_bugtrap,medium,medium,0,,mp:test
train,sample_003007.npz,/home/zzy/TrajectoryPlanning/distill/data/benchmark/mp/test/sample_000574.npz,mp,single_bugtrap,U,mp_single_bugtrap,medium,medium,0,,mp:test
train,sample_003008.npz,/home/zzy/TrajectoryPlanning/distill/data/benchmark/mp/test/sample_000575.npz,mp,single_bugtrap,U,mp_single_bugtrap,medium,medium,0,,mp:test
train,sample_003009.npz,/home/zzy/TrajectoryPlanning/distill/data/benchmark/mp/test/sample_000576.npz,mp,single_bugtrap,U,mp_single_bugtrap,medium,medium,0,,mp:test
train,sample_003010.npz,/home/zzy/TrajectoryPlanning/distill/data/benchmark/mp/test/sample_000583.npz,mp,single_bugtrap,U,mp_single_bugtrap,medium,medium,0,,mp:test
train,sample_003011.npz,/home/zzy/TrajectoryPlanning/distill/data/benchmark/mp/test/sample_000585.npz,mp,single_bugtrap,U,mp_single_bugtrap,medium,medium,0,,mp:test
train,sample_003012.npz,/home/zzy/TrajectoryPlanning/distill/data/benchmark/mp/test/sample_000586.npz,mp,single_bugtrap,U,mp_single_bugtrap,medium,medium,0,,mp:test
train,sample_003013.npz,/home/zzy/TrajectoryPlanning/distill/data/benchmark/mp/test/sample_000587.npz,mp,single_bugtrap,U,mp_single_bugtrap,medium,medium,0,,mp:test
train,sample_003014.npz,/home/zzy/TrajectoryPlanning/distill/data/benchmark/mp/test/sample_000588.npz,mp,single_bugtrap,U,mp_single_bugtrap,medium,medium,0,,mp:test
train,sample_003015.npz,/home/zzy/TrajectoryPlanning/distill/data/benchmark/mp/test/sample_000590.npz,mp,single_bugtrap,U,mp_single_bugtrap,medium,medium,0,,mp:test
train,sample_003016.npz,/home/zzy/TrajectoryPlanning/distill/data/benchmark/mp/test/sample_000592.npz,mp,single_bugtrap,U,mp_single_bugtrap,medium,medium,0,,mp:test
train,sample_003017.npz,/home/zzy/TrajectoryPlanning/distill/data/benchmark/mp/test/sample_000595.npz,mp,single_bugtrap,U,mp_single_bugtrap,medium,medium,0,,mp:test
train,sample_003018.npz,/home/zzy/TrajectoryPlanning/distill/data/benchmark/mp/test/sample_000598.npz,mp,single_bugtrap,U,mp_single_bugtrap,medium,medium,0,,mp:test
train,sample_003019.npz,/home/zzy/TrajectoryPlanning/distill/data/benchmark/mp/test/sample_000599.npz,mp,single_bugtrap,U,mp_single_bugtrap,medium,medium,0,,mp:test
train,sample_003020.npz,/home/zzy/TrajectoryPlanning/distill/data/benchmark/mp/train/sample_004005.npz,mp,single_bugtrap,U,mp_single_bugtrap,medium,medium,0,,mp:train
train,sample_003021.npz,/home/zzy/TrajectoryPlanning/distill/data/benchmark/mp/train/sample_004006.npz,mp,single_bugtrap,U,mp_single_bugtrap,medium,medium,0,,mp:train
train,sample_003022.npz,/home/zzy/TrajectoryPlanning/distill/data/benchmark/mp/train/sample_004007.npz,mp,single_bugtrap,U,mp_single_bugtrap,medium,medium,0,,mp:train
train,sample_003023.npz,/home/zzy/TrajectoryPlanning/distill/data/benchmark/mp/train/sample_004009.npz,mp,single_bugtrap,U,mp_single_bugtrap,medium,medium,0,,mp:train
train,sample_003024.npz,/home/zzy/TrajectoryPlanning/distill/data/benchmark/mp/train/sample_004011.npz,mp,single_bugtrap,U,mp_single_bugtrap,medium,medium,0,,mp:train
train,sample_003025.npz,/home/zzy/TrajectoryPlanning/distill/data/benchmark/mp/train/sample_004012.npz,mp,single_bugtrap,U,mp_single_bugtrap,medium,medium,0,,mp:train
train,sample_003026.npz,/home/zzy/TrajectoryPlanning/distill/data/benchmark/mp/train/sample_004013.npz,mp,single_bugtrap,U,mp_single_bugtrap,medium,medium,0,,mp:train
train,sample_003027.npz,/home/zzy/TrajectoryPlanning/distill/data/benchmark/mp/train/sample_004016.npz,mp,single_bugtrap,U,mp_single_bugtrap,medium,medium,0,,mp:train
train,sample_003028.npz,/home/zzy/TrajectoryPlanning/distill/data/benchmark/mp/train/sample_004017.npz,mp,single_bugtrap,U,mp_single_bugtrap,medium,medium,0,,mp:train
train,sample_003029.npz,/home/zzy/TrajectoryPlanning/distill/data/benchmark/mp/train/sample_004018.npz,mp,single_bugtrap,U,mp_single_bugtrap,medium,medium,0,,mp:train
train,sample_003030.npz,/home/zzy/TrajectoryPlanning/distill/data/benchmark/mp/train/sample_004020.npz,mp,single_bugtrap,U,mp_single_bugtrap,medium,medium,0,,mp:train
train,sample_003031.npz,/home/zzy/TrajectoryPlanning/distill/data/benchmark/mp/train/sample_004022.npz,mp,single_bugtrap,U,mp_single_bugtrap,medium,medium,0,,mp:train
train,sample_003032.npz,/home/zzy/TrajectoryPlanning/distill/data/benchmark/mp/train/sample_004024.npz,mp,single_bugtrap,U,mp_single_bugtrap,medium,medium,0,,mp:train
train,sample_003033.npz,/home/zzy/TrajectoryPlanning/distill/data/benchmark/mp/train/sample_004028.npz,mp,single_bugtrap,U,mp_single_bugtrap,medium,medium,0,,mp:train
train,sample_003034.npz,/home/zzy/TrajectoryPlanning/distill/data/benchmark/mp/train/sample_004030.npz,mp,single_bugtrap,U,mp_single_bugtrap,medium,medium,0,,mp:train
train,sample_003035.npz,/home/zzy/TrajectoryPlanning/distill/data/benchmark/mp/train/sample_004031.npz,mp,single_bugtrap,U,mp_single_bugtrap,medium,medium,0,,mp:train
train,sample_003036.npz,/home/zzy/TrajectoryPlanning/distill/data/benchmark/mp/train/sample_004032.npz,mp,single_bugtrap,U,mp_single_bugtrap,medium,medium,0,,mp:train
train,sample_003037.npz,/home/zzy/TrajectoryPlanning/distill/data/benchmark/mp/train/sample_004034.npz,mp,single_bugtrap,U,mp_single_bugtrap,medium,medium,0,,mp:train
train,sample_003038.npz,/home/zzy/TrajectoryPlanning/distill/data/benchmark/mp/train/sample_004035.npz,mp,single_bugtrap,U,mp_single_bugtrap,medium,medium,0,,mp:train
train,sample_003039.npz,/home/zzy/TrajectoryPlanning/distill/data/benchmark/mp/train/sample_004036.npz,mp,single_bugtrap,U,mp_single_bugtrap,medium,medium,0,,mp:train
train,sample_003040.npz,/home/zzy/TrajectoryPlanning/distill/data/benchmark/mp/train/sample_004037.npz,mp,single_bugtrap,U,mp_single_bugtrap,medium,medium,0,,mp:train
train,sample_003041.npz,/home/zzy/TrajectoryPlanning/distill/data/benchmark/mp/train/sample_004040.npz,mp,single_bugtrap,U,mp_single_bugtrap,medium,medium,0,,mp:train
train,sample_003042.npz,/home/zzy/TrajectoryPlanning/distill/data/benchmark/mp/train/sample_004041.npz,mp,single_bugtrap,U,mp_single_bugtrap,medium,medium,0,,mp:train
train,sample_003043.npz,/home/zzy/TrajectoryPlanning/distill/data/benchmark/mp/train/sample_004045.npz,mp,single_bugtrap,U,mp_single_bugtrap,medium,medium,0,,mp:train
train,sample_003044.npz,/home/zzy/TrajectoryPlanning/distill/data/benchmark/mp/train/sample_004047.npz,mp,single_bugtrap,U,mp_single_bugtrap,medium,medium,0,,mp:train
train,sample_003045.npz,/home/zzy/TrajectoryPlanning/distill/data/benchmark/mp/train/sample_004048.npz,mp,single_bugtrap,U,mp_single_bugtrap,medium,medium,0,,mp:train
train,sample_003046.npz,/home/zzy/TrajectoryPlanning/distill/data/benchmark/mp/train/sample_004050.npz,mp,single_bugtrap,U,mp_single_bugtrap,medium,medium,0,,mp:train
train,sample_003047.npz,/home/zzy/TrajectoryPlanning/distill/data/benchmark/mp/train/sample_004052.npz,mp,single_bugtrap,U,mp_single_bugtrap,medium,medium,0,,mp:train
train,sample_003048.npz,/home/zzy/TrajectoryPlanning/distill/data/benchmark/mp/train/sample_004053.npz,mp,single_bugtrap,U,mp_single_bugtrap,medium,medium,0,,mp:train
train,sample_003049.npz,/home/zzy/TrajectoryPlanning/distill/data/benchmark/mp/train/sample_004056.npz,mp,single_bugtrap,U,mp_single_bugtrap,medium,medium,0,,mp:train
train,sample_003050.npz,/home/zzy/TrajectoryPlanning/distill/data/benchmark/mp/train/sample_004058.npz,mp,single_bugtrap,U,mp_single_bugtrap,medium,medium,0,,mp:train
train,sample_003051.npz,/home/zzy/TrajectoryPlanning/distill/data/benchmark/mp/train/sample_004060.npz,mp,single_bugtrap,U,mp_single_bugtrap,medium,medium,0,,mp:train
train,sample_003052.npz,/home/zzy/TrajectoryPlanning/distill/data/benchmark/mp/train/sample_004061.npz,mp,single_bugtrap,U,mp_single_bugtrap,medium,medium,0,,mp:train
train,sample_003053.npz,/home/zzy/TrajectoryPlanning/distill/data/benchmark/mp/train/sample_004063.npz,mp,single_bugtrap,U,mp_single_bugtrap,medium,medium,0,,mp:train
train,sample_003054.npz,/home/zzy/TrajectoryPlanning/distill/data/benchmark/mp/train/sample_004064.npz,mp,single_bugtrap,U,mp_single_bugtrap,medium,medium,0,,mp:train
train,sample_003055.npz,/home/zzy/TrajectoryPlanning/distill/data/benchmark/mp/train/sample_004065.npz,mp,single_bugtrap,U,mp_single_bugtrap,medium,medium,0,,mp:train
train,sample_003056.npz,/home/zzy/TrajectoryPlanning/distill/data/benchmark/mp/train/sample_004068.npz,mp,single_bugtrap,U,mp_single_bugtrap,medium,medium,0,,mp:train
train,sample_003057.npz,/home/zzy/TrajectoryPlanning/distill/data/benchmark/mp/train/sample_004069.npz,mp,single_bugtrap,U,mp_single_bugtrap,medium,medium,0,,mp:train
train,sample_003058.npz,/home/zzy/TrajectoryPlanning/distill/data/benchmark/mp/train/sample_004070.npz,mp,single_bugtrap,U,mp_single_bugtrap,medium,medium,0,,mp:train
train,sample_003059.npz,/home/zzy/TrajectoryPlanning/distill/data/benchmark/mp/train/sample_004071.npz,mp,single_bugtrap,U,mp_single_bugtrap,medium,medium,0,,mp:train
train,sample_003060.npz,/home/zzy/TrajectoryPlanning/distill/data/benchmark/mp/train/sample_004072.npz,mp,single_bugtrap,U,mp_single_bugtrap,medium,medium,0,,mp:train
train,sample_003061.npz,/home/zzy/TrajectoryPlanning/distill/data/benchmark/mp/train/sample_004075.npz,mp,single_bugtrap,U,mp_single_bugtrap,medium,medium,0,,mp:train
train,sample_003062.npz,/home/zzy/TrajectoryPlanning/distill/data/benchmark/mp/train/sample_004077.npz,mp,single_bugtrap,U,mp_single_bugtrap,medium,medium,0,,mp:train
train,sample_003063.npz,/home/zzy/TrajectoryPlanning/distill/data/benchmark/mp/train/sample_004078.npz,mp,single_bugtrap,U,mp_single_bugtrap,medium,medium,0,,mp:train
train,sample_003064.npz,/home/zzy/TrajectoryPlanning/distill/data/benchmark/mp/train/sample_004080.npz,mp,single_bugtrap,U,mp_single_bugtrap,medium,medium,0,,mp:train
train,sample_003065.npz,/home/zzy/TrajectoryPlanning/distill/data/benchmark/mp/train/sample_004083.npz,mp,single_bugtrap,U,mp_single_bugtrap,medium,medium,0,,mp:train
train,sample_003066.npz,/home/zzy/TrajectoryPlanning/distill/data/benchmark/mp/train/sample_004085.npz,mp,single_bugtrap,U,mp_single_bugtrap,medium,medium,0,,mp:train
train,sample_003067.npz,/home/zzy/TrajectoryPlanning/distill/data/benchmark/mp/train/sample_004086.npz,mp,single_bugtrap,U,mp_single_bugtrap,medium,medium,0,,mp:train
train,sample_003068.npz,/home/zzy/TrajectoryPlanning/distill/data/benchmark/mp/train/sample_004087.npz,mp,single_bugtrap,U,mp_single_bugtrap,medium,medium,0,,mp:train
train,sample_003069.npz,/home/zzy/TrajectoryPlanning/distill/data/benchmark/mp/train/sample_004090.npz,mp,single_bugtrap,U,mp_single_bugtrap,medium,medium,0,,mp:train
train,sample_003070.npz,/home/zzy/TrajectoryPlanning/distill/data/benchmark/mp/train/sample_004091.npz,mp,single_bugtrap,U,mp_single_bugtrap,medium,medium,0,,mp:train
train,sample_003071.npz,/home/zzy/TrajectoryPlanning/distill/data/benchmark/mp/train/sample_004093.npz,mp,single_bugtrap,U,mp_single_bugtrap,medium,medium,0,,mp:train
train,sample_003072.npz,/home/zzy/TrajectoryPlanning/distill/data/benchmark/mp/train/sample_004094.npz,mp,single_bugtrap,U,mp_single_bugtrap,medium,medium,0,,mp:train
train,sample_003073.npz,/home/zzy/TrajectoryPlanning/distill/data/benchmark/mp/train/sample_004095.npz,mp,single_bugtrap,U,mp_single_bugtrap,medium,medium,0,,mp:train
train,sample_003074.npz,/home/zzy/TrajectoryPlanning/distill/data/benchmark/mp/train/sample_004096.npz,mp,single_bugtrap,U,mp_single_bugtrap,medium,medium,0,,mp:train
train,sample_003075.npz,/home/zzy/TrajectoryPlanning/distill/data/benchmark/mp/train/sample_004097.npz,mp,single_bugtrap,U,mp_single_bugtrap,medium,medium,0,,mp:train
train,sample_003076.npz,/home/zzy/TrajectoryPlanning/distill/data/benchmark/mp/train/sample_004099.npz,mp,single_bugtrap,U,mp_single_bugtrap,medium,medium,0,,mp:train
train,sample_003077.npz,/home/zzy/TrajectoryPlanning/distill/data/benchmark/mp/train/sample_004101.npz,mp,single_bugtrap,U,mp_single_bugtrap,medium,medium,0,,mp:train
train,sample_003078.npz,/home/zzy/TrajectoryPlanning/distill/data/benchmark/mp/train/sample_004102.npz,mp,single_bugtrap,U,mp_single_bugtrap,medium,medium,0,,mp:train
train,sample_003079.npz,/home/zzy/TrajectoryPlanning/distill/data/benchmark/mp/train/sample_004104.npz,mp,single_bugtrap,U,mp_single_bugtrap,medium,medium,0,,mp:train
train,sample_003080.npz,/home/zzy/TrajectoryPlanning/distill/data/benchmark/mp/train/sample_004105.npz,mp,single_bugtrap,U,mp_single_bugtrap,medium,medium,0,,mp:train
train,sample_003081.npz,/home/zzy/TrajectoryPlanning/distill/data/benchmark/mp/train/sample_004106.npz,mp,single_bugtrap,U,mp_single_bugtrap,medium,medium,0,,mp:train
train,sample_003082.npz,/home/zzy/TrajectoryPlanning/distill/data/benchmark/mp/train/sample_004110.npz,mp,single_bugtrap,U,mp_single_bugtrap,medium,medium,0,,mp:train
train,sample_003083.npz,/home/zzy/TrajectoryPlanning/distill/data/benchmark/mp/train/sample_004112.npz,mp,single_bugtrap,U,mp_single_bugtrap,medium,medium,0,,mp:train
train,sample_003084.npz,/home/zzy/TrajectoryPlanning/distill/data/benchmark/mp/train/sample_004113.npz,mp,single_bugtrap,U,mp_single_bugtrap,medium,medium,0,,mp:train
train,sample_003085.npz,/home/zzy/TrajectoryPlanning/distill/data/benchmark/mp/train/sample_004114.npz,mp,single_bugtrap,U,mp_single_bugtrap,medium,medium,0,,mp:train
train,sample_003086.npz,/home/zzy/TrajectoryPlanning/distill/data/benchmark/mp/train/sample_004115.npz,mp,single_bugtrap,U,mp_single_bugtrap,medium,medium,0,,mp:train
train,sample_003087.npz,/home/zzy/TrajectoryPlanning/distill/data/benchmark/mp/train/sample_004118.npz,mp,single_bugtrap,U,mp_single_bugtrap,medium,medium,0,,mp:train
train,sample_003088.npz,/home/zzy/TrajectoryPlanning/distill/data/benchmark/mp/train/sample_004123.npz,mp,single_bugtrap,U,mp_single_bugtrap,medium,medium,0,,mp:train
train,sample_003089.npz,/home/zzy/TrajectoryPlanning/distill/data/benchmark/mp/train/sample_004124.npz,mp,single_bugtrap,U,mp_single_bugtrap,medium,medium,0,,mp:train
train,sample_003090.npz,/home/zzy/TrajectoryPlanning/distill/data/benchmark/mp/train/sample_004126.npz,mp,single_bugtrap,U,mp_single_bugtrap,medium,medium,0,,mp:train
train,sample_003091.npz,/home/zzy/TrajectoryPlanning/distill/data/benchmark/mp/train/sample_004127.npz,mp,single_bugtrap,U,mp_single_bugtrap,medium,medium,0,,mp:train
train,sample_003092.npz,/home/zzy/TrajectoryPlanning/distill/data/benchmark/mp/train/sample_004128.npz,mp,single_bugtrap,U,mp_single_bugtrap,medium,medium,0,,mp:train
train,sample_003093.npz,/home/zzy/TrajectoryPlanning/distill/data/benchmark/mp/train/sample_004129.npz,mp,single_bugtrap,U,mp_single_bugtrap,medium,medium,0,,mp:train
train,sample_003094.npz,/home/zzy/TrajectoryPlanning/distill/data/benchmark/mp/train/sample_004130.npz,mp,single_bugtrap,U,mp_single_bugtrap,medium,medium,0,,mp:train
train,sample_003095.npz,/home/zzy/TrajectoryPlanning/distill/data/benchmark/mp/train/sample_004131.npz,mp,single_bugtrap,U,mp_single_bugtrap,medium,medium,0,,mp:train
train,sample_003096.npz,/home/zzy/TrajectoryPlanning/distill/data/benchmark/mp/train/sample_004133.npz,mp,single_bugtrap,U,mp_single_bugtrap,medium,medium,0,,mp:train
train,sample_003097.npz,/home/zzy/TrajectoryPlanning/distill/data/benchmark/mp/train/sample_004134.npz,mp,single_bugtrap,U,mp_single_bugtrap,medium,medium,0,,mp:train
train,sample_003098.npz,/home/zzy/TrajectoryPlanning/distill/data/benchmark/mp/train/sample_004138.npz,mp,single_bugtrap,U,mp_single_bugtrap,medium,medium,0,,mp:train
train,sample_003099.npz,/home/zzy/TrajectoryPlanning/distill/data/benchmark/mp/train/sample_004141.npz,mp,single_bugtrap,U,mp_single_bugtrap,medium,medium,0,,mp:train
train,sample_003100.npz,/home/zzy/TrajectoryPlanning/distill/data/benchmark/mp/train/sample_004145.npz,mp,single_bugtrap,U,mp_single_bugtrap,medium,medium,0,,mp:train
train,sample_003101.npz,/home/zzy/TrajectoryPlanning/distill/data/benchmark/mp/train/sample_004147.npz,mp,single_bugtrap,U,mp_single_bugtrap,medium,medium,0,,mp:train
train,sample_003102.npz,/home/zzy/TrajectoryPlanning/distill/data/benchmark/mp/train/sample_004150.npz,mp,single_bugtrap,U,mp_single_bugtrap,medium,medium,0,,mp:train
train,sample_003103.npz,/home/zzy/TrajectoryPlanning/distill/data/benchmark/mp/train/sample_004153.npz,mp,single_bugtrap,U,mp_single_bugtrap,medium,medium,0,,mp:train
train,sample_003104.npz,/home/zzy/TrajectoryPlanning/distill/data/benchmark/mp/train/sample_004155.npz,mp,single_bugtrap,U,mp_single_bugtrap,medium,medium,0,,mp:train
train,sample_003105.npz,/home/zzy/TrajectoryPlanning/distill/data/benchmark/mp/train/sample_004156.npz,mp,single_bugtrap,U,mp_single_bugtrap,medium,medium,0,,mp:train
train,sample_003106.npz,/home/zzy/TrajectoryPlanning/distill/data/benchmark/mp/train/sample_004158.npz,mp,single_bugtrap,U,mp_single_bugtrap,medium,medium,0,,mp:train
train,sample_003107.npz,/home/zzy/TrajectoryPlanning/distill/data/benchmark/mp/train/sample_004159.npz,mp,single_bugtrap,U,mp_single_bugtrap,medium,medium,0,,mp:train
train,sample_003108.npz,/home/zzy/TrajectoryPlanning/distill/data/benchmark/mp/train/sample_004162.npz,mp,single_bugtrap,U,mp_single_bugtrap,medium,medium,0,,mp:train
train,sample_003109.npz,/home/zzy/TrajectoryPlanning/distill/data/benchmark/mp/train/sample_004164.npz,mp,single_bugtrap,U,mp_single_bugtrap,medium,medium,0,,mp:train
train,sample_003110.npz,/home/zzy/TrajectoryPlanning/distill/data/benchmark/mp/train/sample_004170.npz,mp,single_bugtrap,U,mp_single_bugtrap,medium,medium,0,,mp:train
train,sample_003111.npz,/home/zzy/TrajectoryPlanning/distill/data/benchmark/mp/train/sample_004171.npz,mp,single_bugtrap,U,mp_single_bugtrap,medium,medium,0,,mp:train
train,sample_003112.npz,/home/zzy/TrajectoryPlanning/distill/data/benchmark/mp/train/sample_004172.npz,mp,single_bugtrap,U,mp_single_bugtrap,medium,medium,0,,mp:train
train,sample_003113.npz,/home/zzy/TrajectoryPlanning/distill/data/benchmark/mp/train/sample_004173.npz,mp,single_bugtrap,U,mp_single_bugtrap,medium,medium,0,,mp:train
train,sample_003114.npz,/home/zzy/TrajectoryPlanning/distill/data/benchmark/mp/train/sample_004176.npz,mp,single_bugtrap,U,mp_single_bugtrap,medium,medium,0,,mp:train
train,sample_003115.npz,/home/zzy/TrajectoryPlanning/distill/data/benchmark/mp/train/sample_004180.npz,mp,single_bugtrap,U,mp_single_bugtrap,medium,medium,0,,mp:train
train,sample_003116.npz,/home/zzy/TrajectoryPlanning/distill/data/benchmark/mp/train/sample_004181.npz,mp,single_bugtrap,U,mp_single_bugtrap,medium,medium,0,,mp:train
train,sample_003117.npz,/home/zzy/TrajectoryPlanning/distill/data/benchmark/mp/train/sample_004183.npz,mp,single_bugtrap,U,mp_single_bugtrap,medium,medium,0,,mp:train
train,sample_003118.npz,/home/zzy/TrajectoryPlanning/distill/data/benchmark/mp/train/sample_004184.npz,mp,single_bugtrap,U,mp_single_bugtrap,medium,medium,0,,mp:train
train,sample_003119.npz,/home/zzy/TrajectoryPlanning/distill/data/benchmark/mp/train/sample_004185.npz,mp,single_bugtrap,U,mp_single_bugtrap,medium,medium,0,,mp:train
train,sample_003120.npz,/home/zzy/TrajectoryPlanning/distill/data/benchmark/mp/train/sample_004188.npz,mp,single_bugtrap,U,mp_single_bugtrap,medium,medium,0,,mp:train
train,sample_003121.npz,/home/zzy/TrajectoryPlanning/distill/data/benchmark/mp/train/sample_004196.npz,mp,single_bugtrap,U,mp_single_bugtrap,medium,medium,0,,mp:train
train,sample_003122.npz,/home/zzy/TrajectoryPlanning/distill/data/benchmark/mp/train/sample_004197.npz,mp,single_bugtrap,U,mp_single_bugtrap,medium,medium,0,,mp:train
train,sample_003123.npz,/home/zzy/TrajectoryPlanning/distill/data/benchmark/mp/train/sample_004198.npz,mp,single_bugtrap,U,mp_single_bugtrap,medium,medium,0,,mp:train
train,sample_003124.npz,/home/zzy/TrajectoryPlanning/distill/data/benchmark/mp/train/sample_004200.npz,mp,single_bugtrap,U,mp_single_bugtrap,medium,medium,0,,mp:train
train,sample_003125.npz,/home/zzy/TrajectoryPlanning/distill/data/benchmark/mp/train/sample_004204.npz,mp,single_bugtrap,U,mp_single_bugtrap,medium,medium,0,,mp:train
train,sample_003126.npz,/home/zzy/TrajectoryPlanning/distill/data/benchmark/mp/train/sample_004208.npz,mp,single_bugtrap,U,mp_single_bugtrap,medium,medium,0,,mp:train
train,sample_003127.npz,/home/zzy/TrajectoryPlanning/distill/data/benchmark/mp/train/sample_004210.npz,mp,single_bugtrap,U,mp_single_bugtrap,medium,medium,0,,mp:train
train,sample_003128.npz,/home/zzy/TrajectoryPlanning/distill/data/benchmark/mp/train/sample_004211.npz,mp,single_bugtrap,U,mp_single_bugtrap,medium,medium,0,,mp:train
train,sample_003129.npz,/home/zzy/TrajectoryPlanning/distill/data/benchmark/mp/train/sample_004212.npz,mp,single_bugtrap,U,mp_single_bugtrap,medium,medium,0,,mp:train
train,sample_003130.npz,/home/zzy/TrajectoryPlanning/distill/data/benchmark/mp/train/sample_004214.npz,mp,single_bugtrap,U,mp_single_bugtrap,medium,medium,0,,mp:train
train,sample_003131.npz,/home/zzy/TrajectoryPlanning/distill/data/benchmark/mp/train/sample_004217.npz,mp,single_bugtrap,U,mp_single_bugtrap,medium,medium,0,,mp:train
train,sample_003132.npz,/home/zzy/TrajectoryPlanning/distill/data/benchmark/mp/train/sample_004220.npz,mp,single_bugtrap,U,mp_single_bugtrap,medium,medium,0,,mp:train
train,sample_003133.npz,/home/zzy/TrajectoryPlanning/distill/data/benchmark/mp/train/sample_004221.npz,mp,single_bugtrap,U,mp_single_bugtrap,medium,medium,0,,mp:train
train,sample_003134.npz,/home/zzy/TrajectoryPlanning/distill/data/benchmark/mp/train/sample_004222.npz,mp,single_bugtrap,U,mp_single_bugtrap,medium,medium,0,,mp:train
train,sample_003135.npz,/home/zzy/TrajectoryPlanning/distill/data/benchmark/mp/train/sample_004223.npz,mp,single_bugtrap,U,mp_single_bugtrap,medium,medium,0,,mp:train
train,sample_003136.npz,/home/zzy/TrajectoryPlanning/distill/data/benchmark/mp/train/sample_004224.npz,mp,single_bugtrap,U,mp_single_bugtrap,medium,medium,0,,mp:train
train,sample_003137.npz,/home/zzy/TrajectoryPlanning/distill/data/benchmark/mp/train/sample_004225.npz,mp,single_bugtrap,U,mp_single_bugtrap,medium,medium,0,,mp:train
train,sample_003138.npz,/home/zzy/TrajectoryPlanning/distill/data/benchmark/mp/train/sample_004226.npz,mp,single_bugtrap,U,mp_single_bugtrap,medium,medium,0,,mp:train
train,sample_003139.npz,/home/zzy/TrajectoryPlanning/distill/data/benchmark/mp/train/sample_004227.npz,mp,single_bugtrap,U,mp_single_bugtrap,medium,medium,0,,mp:train
train,sample_003140.npz,/home/zzy/TrajectoryPlanning/distill/data/benchmark/mp/train/sample_004228.npz,mp,single_bugtrap,U,mp_single_bugtrap,medium,medium,0,,mp:train
train,sample_003141.npz,/home/zzy/TrajectoryPlanning/distill/data/benchmark/mp/train/sample_004229.npz,mp,single_bugtrap,U,mp_single_bugtrap,medium,medium,0,,mp:train
train,sample_003142.npz,/home/zzy/TrajectoryPlanning/distill/data/benchmark/mp/train/sample_004231.npz,mp,single_bugtrap,U,mp_single_bugtrap,medium,medium,0,,mp:train
train,sample_003143.npz,/home/zzy/TrajectoryPlanning/distill/data/benchmark/mp/train/sample_004234.npz,mp,single_bugtrap,U,mp_single_bugtrap,medium,medium,0,,mp:train
train,sample_003144.npz,/home/zzy/TrajectoryPlanning/distill/data/benchmark/mp/train/sample_004236.npz,mp,single_bugtrap,U,mp_single_bugtrap,medium,medium,0,,mp:train
train,sample_003145.npz,/home/zzy/TrajectoryPlanning/distill/data/benchmark/mp/train/sample_004239.npz,mp,single_bugtrap,U,mp_single_bugtrap,medium,medium,0,,mp:train
train,sample_003146.npz,/home/zzy/TrajectoryPlanning/distill/data/benchmark/mp/train/sample_004240.npz,mp,single_bugtrap,U,mp_single_bugtrap,medium,medium,0,,mp:train
train,sample_003147.npz,/home/zzy/TrajectoryPlanning/distill/data/benchmark/mp/train/sample_004243.npz,mp,single_bugtrap,U,mp_single_bugtrap,medium,medium,0,,mp:train
train,sample_003148.npz,/home/zzy/TrajectoryPlanning/distill/data/benchmark/mp/train/sample_004245.npz,mp,single_bugtrap,U,mp_single_bugtrap,medium,medium,0,,mp:train
train,sample_003149.npz,/home/zzy/TrajectoryPlanning/distill/data/benchmark/mp/train/sample_004248.npz,mp,single_bugtrap,U,mp_single_bugtrap,medium,medium,0,,mp:train
train,sample_003150.npz,/home/zzy/TrajectoryPlanning/distill/data/benchmark/mp/train/sample_004251.npz,mp,single_bugtrap,U,mp_single_bugtrap,medium,medium,0,,mp:train
train,sample_003151.npz,/home/zzy/TrajectoryPlanning/distill/data/benchmark/mp/train/sample_004263.npz,mp,single_bugtrap,U,mp_single_bugtrap,medium,medium,0,,mp:train
train,sample_003152.npz,/home/zzy/TrajectoryPlanning/distill/data/benchmark/mp/train/sample_004264.npz,mp,single_bugtrap,U,mp_single_bugtrap,medium,medium,0,,mp:train
train,sample_003153.npz,/home/zzy/TrajectoryPlanning/distill/data/benchmark/mp/train/sample_004266.npz,mp,single_bugtrap,U,mp_single_bugtrap,medium,medium,0,,mp:train
train,sample_003154.npz,/home/zzy/TrajectoryPlanning/distill/data/benchmark/mp/train/sample_004268.npz,mp,single_bugtrap,U,mp_single_bugtrap,medium,medium,0,,mp:train
train,sample_003155.npz,/home/zzy/TrajectoryPlanning/distill/data/benchmark/mp/train/sample_004269.npz,mp,single_bugtrap,U,mp_single_bugtrap,medium,medium,0,,mp:train
train,sample_003156.npz,/home/zzy/TrajectoryPlanning/distill/data/benchmark/mp/train/sample_004274.npz,mp,single_bugtrap,U,mp_single_bugtrap,medium,medium,0,,mp:train
train,sample_003157.npz,/home/zzy/TrajectoryPlanning/distill/data/benchmark/mp/train/sample_004276.npz,mp,single_bugtrap,U,mp_single_bugtrap,medium,medium,0,,mp:train
train,sample_003158.npz,/home/zzy/TrajectoryPlanning/distill/data/benchmark/mp/train/sample_004278.npz,mp,single_bugtrap,U,mp_single_bugtrap,medium,medium,0,,mp:train
train,sample_003159.npz,/home/zzy/TrajectoryPlanning/distill/data/benchmark/mp/train/sample_004281.npz,mp,single_bugtrap,U,mp_single_bugtrap,medium,medium,0,,mp:train
train,sample_003160.npz,/home/zzy/TrajectoryPlanning/distill/data/benchmark/mp/train/sample_004282.npz,mp,single_bugtrap,U,mp_single_bugtrap,medium,medium,0,,mp:train
train,sample_003161.npz,/home/zzy/TrajectoryPlanning/distill/data/benchmark/mp/train/sample_004284.npz,mp,single_bugtrap,U,mp_single_bugtrap,medium,medium,0,,mp:train
train,sample_003162.npz,/home/zzy/TrajectoryPlanning/distill/data/benchmark/mp/train/sample_004286.npz,mp,single_bugtrap,U,mp_single_bugtrap,medium,medium,0,,mp:train
train,sample_003163.npz,/home/zzy/TrajectoryPlanning/distill/data/benchmark/mp/train/sample_004288.npz,mp,single_bugtrap,U,mp_single_bugtrap,medium,medium,0,,mp:train
train,sample_003164.npz,/home/zzy/TrajectoryPlanning/distill/data/benchmark/mp/train/sample_004289.npz,mp,single_bugtrap,U,mp_single_bugtrap,medium,medium,0,,mp:train
train,sample_003165.npz,/home/zzy/TrajectoryPlanning/distill/data/benchmark/mp/train/sample_004292.npz,mp,single_bugtrap,U,mp_single_bugtrap,medium,medium,0,,mp:train
train,sample_003166.npz,/home/zzy/TrajectoryPlanning/distill/data/benchmark/mp/train/sample_004293.npz,mp,single_bugtrap,U,mp_single_bugtrap,medium,medium,0,,mp:train
train,sample_003167.npz,/home/zzy/TrajectoryPlanning/distill/data/benchmark/mp/train/sample_004294.npz,mp,single_bugtrap,U,mp_single_bugtrap,medium,medium,0,,mp:train
train,sample_003168.npz,/home/zzy/TrajectoryPlanning/distill/data/benchmark/mp/train/sample_004295.npz,mp,single_bugtrap,U,mp_single_bugtrap,medium,medium,0,,mp:train
train,sample_003169.npz,/home/zzy/TrajectoryPlanning/distill/data/benchmark/mp/train/sample_004298.npz,mp,single_bugtrap,U,mp_single_bugtrap,medium,medium,0,,mp:train
train,sample_003170.npz,/home/zzy/TrajectoryPlanning/distill/data/benchmark/mp/train/sample_004299.npz,mp,single_bugtrap,U,mp_single_bugtrap,medium,medium,0,,mp:train
train,sample_003171.npz,/home/zzy/TrajectoryPlanning/distill/data/benchmark/mp/train/sample_004300.npz,mp,single_bugtrap,U,mp_single_bugtrap,medium,medium,0,,mp:train
train,sample_003172.npz,/home/zzy/TrajectoryPlanning/distill/data/benchmark/mp/train/sample_004301.npz,mp,single_bugtrap,U,mp_single_bugtrap,medium,medium,0,,mp:train
train,sample_003173.npz,/home/zzy/TrajectoryPlanning/distill/data/benchmark/mp/train/sample_004306.npz,mp,single_bugtrap,U,mp_single_bugtrap,medium,medium,0,,mp:train
train,sample_003174.npz,/home/zzy/TrajectoryPlanning/distill/data/benchmark/mp/train/sample_004308.npz,mp,single_bugtrap,U,mp_single_bugtrap,medium,medium,0,,mp:train
train,sample_003175.npz,/home/zzy/TrajectoryPlanning/distill/data/benchmark/mp/train/sample_004310.npz,mp,single_bugtrap,U,mp_single_bugtrap,medium,medium,0,,mp:train
train,sample_003176.npz,/home/zzy/TrajectoryPlanning/distill/data/benchmark/mp/train/sample_004315.npz,mp,single_bugtrap,U,mp_single_bugtrap,medium,medium,0,,mp:train
train,sample_003177.npz,/home/zzy/TrajectoryPlanning/distill/data/benchmark/mp/train/sample_004316.npz,mp,single_bugtrap,U,mp_single_bugtrap,medium,medium,0,,mp:train
train,sample_003178.npz,/home/zzy/TrajectoryPlanning/distill/data/benchmark/mp/train/sample_004318.npz,mp,single_bugtrap,U,mp_single_bugtrap,medium,medium,0,,mp:train
train,sample_003179.npz,/home/zzy/TrajectoryPlanning/distill/data/benchmark/mp/train/sample_004319.npz,mp,single_bugtrap,U,mp_single_bugtrap,medium,medium,0,,mp:train
train,sample_003180.npz,/home/zzy/TrajectoryPlanning/distill/data/benchmark/mp/train/sample_004320.npz,mp,single_bugtrap,U,mp_single_bugtrap,medium,medium,0,,mp:train
train,sample_003181.npz,/home/zzy/TrajectoryPlanning/distill/data/benchmark/mp/train/sample_004322.npz,mp,single_bugtrap,U,mp_single_bugtrap,medium,medium,0,,mp:train
train,sample_003182.npz,/home/zzy/TrajectoryPlanning/distill/data/benchmark/mp/train/sample_004323.npz,mp,single_bugtrap,U,mp_single_bugtrap,medium,medium,0,,mp:train
train,sample_003183.npz,/home/zzy/TrajectoryPlanning/distill/data/benchmark/mp/train/sample_004324.npz,mp,single_bugtrap,U,mp_single_bugtrap,medium,medium,0,,mp:train
train,sample_003184.npz,/home/zzy/TrajectoryPlanning/distill/data/benchmark/mp/train/sample_004325.npz,mp,single_bugtrap,U,mp_single_bugtrap,medium,medium,0,,mp:train
train,sample_003185.npz,/home/zzy/TrajectoryPlanning/distill/data/benchmark/mp/train/sample_004326.npz,mp,single_bugtrap,U,mp_single_bugtrap,medium,medium,0,,mp:train
train,sample_003186.npz,/home/zzy/TrajectoryPlanning/distill/data/benchmark/mp/train/sample_004327.npz,mp,single_bugtrap,U,mp_single_bugtrap,medium,medium,0,,mp:train
train,sample_003187.npz,/home/zzy/TrajectoryPlanning/distill/data/benchmark/mp/train/sample_004329.npz,mp,single_bugtrap,U,mp_single_bugtrap,medium,medium,0,,mp:train
train,sample_003188.npz,/home/zzy/TrajectoryPlanning/distill/data/benchmark/mp/train/sample_004331.npz,mp,single_bugtrap,U,mp_single_bugtrap,medium,medium,0,,mp:train
train,sample_003189.npz,/home/zzy/TrajectoryPlanning/distill/data/benchmark/mp/train/sample_004337.npz,mp,single_bugtrap,U,mp_single_bugtrap,medium,medium,0,,mp:train
train,sample_003190.npz,/home/zzy/TrajectoryPlanning/distill/data/benchmark/mp/train/sample_004338.npz,mp,single_bugtrap,U,mp_single_bugtrap,medium,medium,0,,mp:train
train,sample_003191.npz,/home/zzy/TrajectoryPlanning/distill/data/benchmark/mp/train/sample_004339.npz,mp,single_bugtrap,U,mp_single_bugtrap,medium,medium,0,,mp:train
train,sample_003192.npz,/home/zzy/TrajectoryPlanning/distill/data/benchmark/mp/train/sample_004340.npz,mp,single_bugtrap,U,mp_single_bugtrap,medium,medium,0,,mp:train
train,sample_003193.npz,/home/zzy/TrajectoryPlanning/distill/data/benchmark/mp/train/sample_004342.npz,mp,single_bugtrap,U,mp_single_bugtrap,medium,medium,0,,mp:train
train,sample_003194.npz,/home/zzy/TrajectoryPlanning/distill/data/benchmark/mp/train/sample_004345.npz,mp,single_bugtrap,U,mp_single_bugtrap,medium,medium,0,,mp:train
train,sample_003195.npz,/home/zzy/TrajectoryPlanning/distill/data/benchmark/mp/train/sample_004348.npz,mp,single_bugtrap,U,mp_single_bugtrap,medium,medium,0,,mp:train
train,sample_003196.npz,/home/zzy/TrajectoryPlanning/distill/data/benchmark/mp/train/sample_004349.npz,mp,single_bugtrap,U,mp_single_bugtrap,medium,medium,0,,mp:train
train,sample_003197.npz,/home/zzy/TrajectoryPlanning/distill/data/benchmark/mp/train/sample_004351.npz,mp,single_bugtrap,U,mp_single_bugtrap,medium,medium,0,,mp:train
train,sample_003198.npz,/home/zzy/TrajectoryPlanning/distill/data/benchmark/mp/train/sample_004353.npz,mp,single_bugtrap,U,mp_single_bugtrap,medium,medium,0,,mp:train
train,sample_003199.npz,/home/zzy/TrajectoryPlanning/distill/data/benchmark/mp/train/sample_004355.npz,mp,single_bugtrap,U,mp_single_bugtrap,medium,medium,0,,mp:train
train,sample_003200.npz,/home/zzy/TrajectoryPlanning/distill/data/benchmark/mp/train/sample_004357.npz,mp,single_bugtrap,U,mp_single_bugtrap,medium,medium,0,,mp:train
train,sample_003201.npz,/home/zzy/TrajectoryPlanning/distill/data/benchmark/mp/train/sample_004359.npz,mp,single_bugtrap,U,mp_single_bugtrap,medium,medium,0,,mp:train
train,sample_003202.npz,/home/zzy/TrajectoryPlanning/distill/data/benchmark/mp/train/sample_004363.npz,mp,single_bugtrap,U,mp_single_bugtrap,medium,medium,0,,mp:train
train,sample_003203.npz,/home/zzy/TrajectoryPlanning/distill/data/benchmark/mp/train/sample_004364.npz,mp,single_bugtrap,U,mp_single_bugtrap,medium,medium,0,,mp:train
train,sample_003204.npz,/home/zzy/TrajectoryPlanning/distill/data/benchmark/mp/train/sample_004365.npz,mp,single_bugtrap,U,mp_single_bugtrap,medium,medium,0,,mp:train
train,sample_003205.npz,/home/zzy/TrajectoryPlanning/distill/data/benchmark/mp/train/sample_004366.npz,mp,single_bugtrap,U,mp_single_bugtrap,medium,medium,0,,mp:train
train,sample_003206.npz,/home/zzy/TrajectoryPlanning/distill/data/benchmark/mp/train/sample_004369.npz,mp,single_bugtrap,U,mp_single_bugtrap,medium,medium,0,,mp:train
train,sample_003207.npz,/home/zzy/TrajectoryPlanning/distill/data/benchmark/mp/train/sample_004370.npz,mp,single_bugtrap,U,mp_single_bugtrap,medium,medium,0,,mp:train
train,sample_003208.npz,/home/zzy/TrajectoryPlanning/distill/data/benchmark/mp/train/sample_004372.npz,mp,single_bugtrap,U,mp_single_bugtrap,medium,medium,0,,mp:train
train,sample_003209.npz,/home/zzy/TrajectoryPlanning/distill/data/benchmark/mp/train/sample_004374.npz,mp,single_bugtrap,U,mp_single_bugtrap,medium,medium,0,,mp:train
train,sample_003210.npz,/home/zzy/TrajectoryPlanning/distill/data/benchmark/mp/train/sample_004376.npz,mp,single_bugtrap,U,mp_single_bugtrap,medium,medium,0,,mp:train
train,sample_003211.npz,/home/zzy/TrajectoryPlanning/distill/data/benchmark/mp/train/sample_004380.npz,mp,single_bugtrap,U,mp_single_bugtrap,medium,medium,0,,mp:train
train,sample_003212.npz,/home/zzy/TrajectoryPlanning/distill/data/benchmark/mp/train/sample_004381.npz,mp,single_bugtrap,U,mp_single_bugtrap,medium,medium,0,,mp:train
train,sample_003213.npz,/home/zzy/TrajectoryPlanning/distill/data/benchmark/mp/train/sample_004383.npz,mp,single_bugtrap,U,mp_single_bugtrap,medium,medium,0,,mp:train
train,sample_003214.npz,/home/zzy/TrajectoryPlanning/distill/data/benchmark/mp/train/sample_004384.npz,mp,single_bugtrap,U,mp_single_bugtrap,medium,medium,0,,mp:train
train,sample_003215.npz,/home/zzy/TrajectoryPlanning/distill/data/benchmark/mp/train/sample_004387.npz,mp,single_bugtrap,U,mp_single_bugtrap,medium,medium,0,,mp:train
train,sample_003216.npz,/home/zzy/TrajectoryPlanning/distill/data/benchmark/mp/train/sample_004388.npz,mp,single_bugtrap,U,mp_single_bugtrap,medium,medium,0,,mp:train
train,sample_003217.npz,/home/zzy/TrajectoryPlanning/distill/data/benchmark/mp/train/sample_004389.npz,mp,single_bugtrap,U,mp_single_bugtrap,medium,medium,0,,mp:train
train,sample_003218.npz,/home/zzy/TrajectoryPlanning/distill/data/benchmark/mp/train/sample_004392.npz,mp,single_bugtrap,U,mp_single_bugtrap,medium,medium,0,,mp:train
train,sample_003219.npz,/home/zzy/TrajectoryPlanning/distill/data/benchmark/mp/train/sample_004395.npz,mp,single_bugtrap,U,mp_single_bugtrap,medium,medium,0,,mp:train
train,sample_003220.npz,/home/zzy/TrajectoryPlanning/distill/data/benchmark/mp/train/sample_004396.npz,mp,single_bugtrap,U,mp_single_bugtrap,medium,medium,0,,mp:train
train,sample_003221.npz,/home/zzy/TrajectoryPlanning/distill/data/benchmark/mp/train/sample_004398.npz,mp,single_bugtrap,U,mp_single_bugtrap,medium,medium,0,,mp:train
train,sample_003222.npz,/home/zzy/TrajectoryPlanning/distill/data/benchmark/mp/train/sample_004402.npz,mp,single_bugtrap,U,mp_single_bugtrap,medium,medium,0,,mp:train
train,sample_003223.npz,/home/zzy/TrajectoryPlanning/distill/data/benchmark/mp/train/sample_004404.npz,mp,single_bugtrap,U,mp_single_bugtrap,medium,medium,0,,mp:train
train,sample_003224.npz,/home/zzy/TrajectoryPlanning/distill/data/benchmark/mp/train/sample_004405.npz,mp,single_bugtrap,U,mp_single_bugtrap,medium,medium,0,,mp:train
train,sample_003225.npz,/home/zzy/TrajectoryPlanning/distill/data/benchmark/mp/train/sample_004408.npz,mp,single_bugtrap,U,mp_single_bugtrap,medium,medium,0,,mp:train
train,sample_003226.npz,/home/zzy/TrajectoryPlanning/distill/data/benchmark/mp/train/sample_004409.npz,mp,single_bugtrap,U,mp_single_bugtrap,medium,medium,0,,mp:train
train,sample_003227.npz,/home/zzy/TrajectoryPlanning/distill/data/benchmark/mp/train/sample_004411.npz,mp,single_bugtrap,U,mp_single_bugtrap,medium,medium,0,,mp:train
train,sample_003228.npz,/home/zzy/TrajectoryPlanning/distill/data/benchmark/mp/train/sample_004413.npz,mp,single_bugtrap,U,mp_single_bugtrap,medium,medium,0,,mp:train
train,sample_003229.npz,/home/zzy/TrajectoryPlanning/distill/data/benchmark/mp/train/sample_004414.npz,mp,single_bugtrap,U,mp_single_bugtrap,medium,medium,0,,mp:train
train,sample_003230.npz,/home/zzy/TrajectoryPlanning/distill/data/benchmark/mp/train/sample_004422.npz,mp,single_bugtrap,U,mp_single_bugtrap,medium,medium,0,,mp:train
train,sample_003231.npz,/home/zzy/TrajectoryPlanning/distill/data/benchmark/mp/train/sample_004424.npz,mp,single_bugtrap,U,mp_single_bugtrap,medium,medium,0,,mp:train
train,sample_003232.npz,/home/zzy/TrajectoryPlanning/distill/data/benchmark/mp/train/sample_004425.npz,mp,single_bugtrap,U,mp_single_bugtrap,medium,medium,0,,mp:train
train,sample_003233.npz,/home/zzy/TrajectoryPlanning/distill/data/benchmark/mp/train/sample_004428.npz,mp,single_bugtrap,U,mp_single_bugtrap,medium,medium,0,,mp:train
train,sample_003234.npz,/home/zzy/TrajectoryPlanning/distill/data/benchmark/mp/train/sample_004432.npz,mp,single_bugtrap,U,mp_single_bugtrap,medium,medium,0,,mp:train
train,sample_003235.npz,/home/zzy/TrajectoryPlanning/distill/data/benchmark/mp/train/sample_004433.npz,mp,single_bugtrap,U,mp_single_bugtrap,medium,medium,0,,mp:train
train,sample_003236.npz,/home/zzy/TrajectoryPlanning/distill/data/benchmark/mp/train/sample_004438.npz,mp,single_bugtrap,U,mp_single_bugtrap,medium,medium,0,,mp:train
train,sample_003237.npz,/home/zzy/TrajectoryPlanning/distill/data/benchmark/mp/train/sample_004441.npz,mp,single_bugtrap,U,mp_single_bugtrap,medium,medium,0,,mp:train
train,sample_003238.npz,/home/zzy/TrajectoryPlanning/distill/data/benchmark/mp/train/sample_004442.npz,mp,single_bugtrap,U,mp_single_bugtrap,medium,medium,0,,mp:train
train,sample_003239.npz,/home/zzy/TrajectoryPlanning/distill/data/benchmark/mp/train/sample_004443.npz,mp,single_bugtrap,U,mp_single_bugtrap,medium,medium,0,,mp:train
train,sample_003240.npz,/home/zzy/TrajectoryPlanning/distill/data/benchmark/mp/train/sample_004444.npz,mp,single_bugtrap,U,mp_single_bugtrap,medium,medium,0,,mp:train
train,sample_003241.npz,/home/zzy/TrajectoryPlanning/distill/data/benchmark/mp/train/sample_004446.npz,mp,single_bugtrap,U,mp_single_bugtrap,medium,medium,0,,mp:train
train,sample_003242.npz,/home/zzy/TrajectoryPlanning/distill/data/benchmark/mp/train/sample_004448.npz,mp,single_bugtrap,U,mp_single_bugtrap,medium,medium,0,,mp:train
train,sample_003243.npz,/home/zzy/TrajectoryPlanning/distill/data/benchmark/mp/train/sample_004451.npz,mp,single_bugtrap,U,mp_single_bugtrap,medium,medium,0,,mp:train
train,sample_003244.npz,/home/zzy/TrajectoryPlanning/distill/data/benchmark/mp/train/sample_004452.npz,mp,single_bugtrap,U,mp_single_bugtrap,medium,medium,0,,mp:train
train,sample_003245.npz,/home/zzy/TrajectoryPlanning/distill/data/benchmark/mp/train/sample_004454.npz,mp,single_bugtrap,U,mp_single_bugtrap,medium,medium,0,,mp:train
train,sample_003246.npz,/home/zzy/TrajectoryPlanning/distill/data/benchmark/mp/train/sample_004457.npz,mp,single_bugtrap,U,mp_single_bugtrap,medium,medium,0,,mp:train
train,sample_003247.npz,/home/zzy/TrajectoryPlanning/distill/data/benchmark/mp/train/sample_004459.npz,mp,single_bugtrap,U,mp_single_bugtrap,medium,medium,0,,mp:train
train,sample_003248.npz,/home/zzy/TrajectoryPlanning/distill/data/benchmark/mp/train/sample_004460.npz,mp,single_bugtrap,U,mp_single_bugtrap,medium,medium,0,,mp:train
train,sample_003249.npz,/home/zzy/TrajectoryPlanning/distill/data/benchmark/mp/train/sample_004461.npz,mp,single_bugtrap,U,mp_single_bugtrap,medium,medium,0,,mp:train
train,sample_003250.npz,/home/zzy/TrajectoryPlanning/distill/data/benchmark/mp/train/sample_004462.npz,mp,single_bugtrap,U,mp_single_bugtrap,medium,medium,0,,mp:train
train,sample_003251.npz,/home/zzy/TrajectoryPlanning/distill/data/benchmark/mp/train/sample_004464.npz,mp,single_bugtrap,U,mp_single_bugtrap,medium,medium,0,,mp:train
train,sample_003252.npz,/home/zzy/TrajectoryPlanning/distill/data/benchmark/mp/train/sample_004465.npz,mp,single_bugtrap,U,mp_single_bugtrap,medium,medium,0,,mp:train
train,sample_003253.npz,/home/zzy/TrajectoryPlanning/distill/data/benchmark/mp/train/sample_004466.npz,mp,single_bugtrap,U,mp_single_bugtrap,medium,medium,0,,mp:train
train,sample_003254.npz,/home/zzy/TrajectoryPlanning/distill/data/benchmark/mp/train/sample_004467.npz,mp,single_bugtrap,U,mp_single_bugtrap,medium,medium,0,,mp:train
train,sample_003255.npz,/home/zzy/TrajectoryPlanning/distill/data/benchmark/mp/train/sample_004470.npz,mp,single_bugtrap,U,mp_single_bugtrap,medium,medium,0,,mp:train
train,sample_003256.npz,/home/zzy/TrajectoryPlanning/distill/data/benchmark/mp/train/sample_004471.npz,mp,single_bugtrap,U,mp_single_bugtrap,medium,medium,0,,mp:train
train,sample_003257.npz,/home/zzy/TrajectoryPlanning/distill/data/benchmark/mp/train/sample_004474.npz,mp,single_bugtrap,U,mp_single_bugtrap,medium,medium,0,,mp:train
train,sample_003258.npz,/home/zzy/TrajectoryPlanning/distill/data/benchmark/mp/train/sample_004476.npz,mp,single_bugtrap,U,mp_single_bugtrap,medium,medium,0,,mp:train
train,sample_003259.npz,/home/zzy/TrajectoryPlanning/distill/data/benchmark/mp/train/sample_004478.npz,mp,single_bugtrap,U,mp_single_bugtrap,medium,medium,0,,mp:train
train,sample_003260.npz,/home/zzy/TrajectoryPlanning/distill/data/benchmark/mp/train/sample_004482.npz,mp,single_bugtrap,U,mp_single_bugtrap,medium,medium,0,,mp:train
train,sample_003261.npz,/home/zzy/TrajectoryPlanning/distill/data/benchmark/mp/train/sample_004483.npz,mp,single_bugtrap,U,mp_single_bugtrap,medium,medium,0,,mp:train
train,sample_003262.npz,/home/zzy/TrajectoryPlanning/distill/data/benchmark/mp/train/sample_004485.npz,mp,single_bugtrap,U,mp_single_bugtrap,medium,medium,0,,mp:train
train,sample_003263.npz,/home/zzy/TrajectoryPlanning/distill/data/benchmark/mp/train/sample_004487.npz,mp,single_bugtrap,U,mp_single_bugtrap,medium,medium,0,,mp:train
train,sample_003264.npz,/home/zzy/TrajectoryPlanning/distill/data/benchmark/mp/train/sample_004489.npz,mp,single_bugtrap,U,mp_single_bugtrap,medium,medium,0,,mp:train
train,sample_003265.npz,/home/zzy/TrajectoryPlanning/distill/data/benchmark/mp/train/sample_004490.npz,mp,single_bugtrap,U,mp_single_bugtrap,medium,medium,0,,mp:train
train,sample_003266.npz,/home/zzy/TrajectoryPlanning/distill/data/benchmark/mp/train/sample_004492.npz,mp,single_bugtrap,U,mp_single_bugtrap,medium,medium,0,,mp:train
train,sample_003267.npz,/home/zzy/TrajectoryPlanning/distill/data/benchmark/mp/train/sample_004498.npz,mp,single_bugtrap,U,mp_single_bugtrap,medium,medium,0,,mp:train
train,sample_003268.npz,/home/zzy/TrajectoryPlanning/distill/data/benchmark/mp/train/sample_004502.npz,mp,single_bugtrap,U,mp_single_bugtrap,medium,medium,0,,mp:train
train,sample_003269.npz,/home/zzy/TrajectoryPlanning/distill/data/benchmark/mp/train/sample_004504.npz,mp,single_bugtrap,U,mp_single_bugtrap,medium,medium,0,,mp:train
train,sample_003270.npz,/home/zzy/TrajectoryPlanning/distill/data/benchmark/mp/train/sample_004506.npz,mp,single_bugtrap,U,mp_single_bugtrap,medium,medium,0,,mp:train
train,sample_003271.npz,/home/zzy/TrajectoryPlanning/distill/data/benchmark/mp/train/sample_004508.npz,mp,single_bugtrap,U,mp_single_bugtrap,medium,medium,0,,mp:train
train,sample_003272.npz,/home/zzy/TrajectoryPlanning/distill/data/benchmark/mp/train/sample_004511.npz,mp,single_bugtrap,U,mp_single_bugtrap,medium,medium,0,,mp:train
train,sample_003273.npz,/home/zzy/TrajectoryPlanning/distill/data/benchmark/mp/train/sample_004512.npz,mp,single_bugtrap,U,mp_single_bugtrap,medium,medium,0,,mp:train
train,sample_003274.npz,/home/zzy/TrajectoryPlanning/distill/data/benchmark/mp/train/sample_004515.npz,mp,single_bugtrap,U,mp_single_bugtrap,medium,medium,0,,mp:train
train,sample_003275.npz,/home/zzy/TrajectoryPlanning/distill/data/benchmark/mp/train/sample_004520.npz,mp,single_bugtrap,U,mp_single_bugtrap,medium,medium,0,,mp:train
train,sample_003276.npz,/home/zzy/TrajectoryPlanning/distill/data/benchmark/mp/train/sample_004523.npz,mp,single_bugtrap,U,mp_single_bugtrap,medium,medium,0,,mp:train
train,sample_003277.npz,/home/zzy/TrajectoryPlanning/distill/data/benchmark/mp/train/sample_004525.npz,mp,single_bugtrap,U,mp_single_bugtrap,medium,medium,0,,mp:train
train,sample_003278.npz,/home/zzy/TrajectoryPlanning/distill/data/benchmark/mp/train/sample_004530.npz,mp,single_bugtrap,U,mp_single_bugtrap,medium,medium,0,,mp:train
train,sample_003279.npz,/home/zzy/TrajectoryPlanning/distill/data/benchmark/mp/train/sample_004531.npz,mp,single_bugtrap,U,mp_single_bugtrap,medium,medium,0,,mp:train
train,sample_003280.npz,/home/zzy/TrajectoryPlanning/distill/data/benchmark/mp/train/sample_004533.npz,mp,single_bugtrap,U,mp_single_bugtrap,medium,medium,0,,mp:train
train,sample_003281.npz,/home/zzy/TrajectoryPlanning/distill/data/benchmark/mp/train/sample_004534.npz,mp,single_bugtrap,U,mp_single_bugtrap,medium,medium,0,,mp:train
train,sample_003282.npz,/home/zzy/TrajectoryPlanning/distill/data/benchmark/mp/train/sample_004538.npz,mp,single_bugtrap,U,mp_single_bugtrap,medium,medium,0,,mp:train
train,sample_003283.npz,/home/zzy/TrajectoryPlanning/distill/data/benchmark/mp/train/sample_004540.npz,mp,single_bugtrap,U,mp_single_bugtrap,medium,medium,0,,mp:train
train,sample_003284.npz,/home/zzy/TrajectoryPlanning/distill/data/benchmark/mp/train/sample_004542.npz,mp,single_bugtrap,U,mp_single_bugtrap,medium,medium,0,,mp:train
train,sample_003285.npz,/home/zzy/TrajectoryPlanning/distill/data/benchmark/mp/train/sample_004546.npz,mp,single_bugtrap,U,mp_single_bugtrap,medium,medium,0,,mp:train
train,sample_003286.npz,/home/zzy/TrajectoryPlanning/distill/data/benchmark/mp/train/sample_004547.npz,mp,single_bugtrap,U,mp_single_bugtrap,medium,medium,0,,mp:train
train,sample_003287.npz,/home/zzy/TrajectoryPlanning/distill/data/benchmark/mp/train/sample_004549.npz,mp,single_bugtrap,U,mp_single_bugtrap,medium,medium,0,,mp:train
train,sample_003288.npz,/home/zzy/TrajectoryPlanning/distill/data/benchmark/mp/train/sample_004551.npz,mp,single_bugtrap,U,mp_single_bugtrap,medium,medium,0,,mp:train
train,sample_003289.npz,/home/zzy/TrajectoryPlanning/distill/data/benchmark/mp/train/sample_004552.npz,mp,single_bugtrap,U,mp_single_bugtrap,medium,medium,0,,mp:train
train,sample_003290.npz,/home/zzy/TrajectoryPlanning/distill/data/benchmark/mp/train/sample_004553.npz,mp,single_bugtrap,U,mp_single_bugtrap,medium,medium,0,,mp:train
train,sample_003291.npz,/home/zzy/TrajectoryPlanning/distill/data/benchmark/mp/train/sample_004554.npz,mp,single_bugtrap,U,mp_single_bugtrap,medium,medium,0,,mp:train
train,sample_003292.npz,/home/zzy/TrajectoryPlanning/distill/data/benchmark/mp/train/sample_004555.npz,mp,single_bugtrap,U,mp_single_bugtrap,medium,medium,0,,mp:train
train,sample_003293.npz,/home/zzy/TrajectoryPlanning/distill/data/benchmark/mp/train/sample_004559.npz,mp,single_bugtrap,U,mp_single_bugtrap,medium,medium,0,,mp:train
train,sample_003294.npz,/home/zzy/TrajectoryPlanning/distill/data/benchmark/mp/train/sample_004560.npz,mp,single_bugtrap,U,mp_single_bugtrap,medium,medium,0,,mp:train
train,sample_003295.npz,/home/zzy/TrajectoryPlanning/distill/data/benchmark/mp/train/sample_004565.npz,mp,single_bugtrap,U,mp_single_bugtrap,medium,medium,0,,mp:train
train,sample_003296.npz,/home/zzy/TrajectoryPlanning/distill/data/benchmark/mp/train/sample_004568.npz,mp,single_bugtrap,U,mp_single_bugtrap,medium,medium,0,,mp:train
train,sample_003297.npz,/home/zzy/TrajectoryPlanning/distill/data/benchmark/mp/train/sample_004570.npz,mp,single_bugtrap,U,mp_single_bugtrap,medium,medium,0,,mp:train
train,sample_003298.npz,/home/zzy/TrajectoryPlanning/distill/data/benchmark/mp/train/sample_004571.npz,mp,single_bugtrap,U,mp_single_bugtrap,medium,medium,0,,mp:train
train,sample_003299.npz,/home/zzy/TrajectoryPlanning/distill/data/benchmark/mp/train/sample_004573.npz,mp,single_bugtrap,U,mp_single_bugtrap,medium,medium,0,,mp:train
train,sample_003300.npz,/home/zzy/TrajectoryPlanning/distill/data/benchmark/mp/train/sample_004574.npz,mp,single_bugtrap,U,mp_single_bugtrap,medium,medium,0,,mp:train
train,sample_003301.npz,/home/zzy/TrajectoryPlanning/distill/data/benchmark/mp/train/sample_004578.npz,mp,single_bugtrap,U,mp_single_bugtrap,medium,medium,0,,mp:train
train,sample_003302.npz,/home/zzy/TrajectoryPlanning/distill/data/benchmark/mp/train/sample_004579.npz,mp,single_bugtrap,U,mp_single_bugtrap,medium,medium,0,,mp:train
train,sample_003303.npz,/home/zzy/TrajectoryPlanning/distill/data/benchmark/mp/train/sample_004582.npz,mp,single_bugtrap,U,mp_single_bugtrap,medium,medium,0,,mp:train
train,sample_003304.npz,/home/zzy/TrajectoryPlanning/distill/data/benchmark/mp/train/sample_004584.npz,mp,single_bugtrap,U,mp_single_bugtrap,medium,medium,0,,mp:train
train,sample_003305.npz,/home/zzy/TrajectoryPlanning/distill/data/benchmark/mp/train/sample_004589.npz,mp,single_bugtrap,U,mp_single_bugtrap,medium,medium,0,,mp:train
train,sample_003306.npz,/home/zzy/TrajectoryPlanning/distill/data/benchmark/mp/train/sample_004590.npz,mp,single_bugtrap,U,mp_single_bugtrap,medium,medium,0,,mp:train
train,sample_003307.npz,/home/zzy/TrajectoryPlanning/distill/data/benchmark/mp/train/sample_004595.npz,mp,single_bugtrap,U,mp_single_bugtrap,medium,medium,0,,mp:train
train,sample_003308.npz,/home/zzy/TrajectoryPlanning/distill/data/benchmark/mp/train/sample_004597.npz,mp,single_bugtrap,U,mp_single_bugtrap,medium,medium,0,,mp:train
train,sample_003309.npz,/home/zzy/TrajectoryPlanning/distill/data/benchmark/mp/train/sample_004601.npz,mp,single_bugtrap,U,mp_single_bugtrap,medium,medium,0,,mp:train
train,sample_003310.npz,/home/zzy/TrajectoryPlanning/distill/data/benchmark/mp/train/sample_004602.npz,mp,single_bugtrap,U,mp_single_bugtrap,medium,medium,0,,mp:train
train,sample_003311.npz,/home/zzy/TrajectoryPlanning/distill/data/benchmark/mp/train/sample_004608.npz,mp,single_bugtrap,U,mp_single_bugtrap,medium,medium,0,,mp:train
train,sample_003312.npz,/home/zzy/TrajectoryPlanning/distill/data/benchmark/mp/train/sample_004615.npz,mp,single_bugtrap,U,mp_single_bugtrap,medium,medium,0,,mp:train
train,sample_003313.npz,/home/zzy/TrajectoryPlanning/distill/data/benchmark/mp/train/sample_004618.npz,mp,single_bugtrap,U,mp_single_bugtrap,medium,medium,0,,mp:train
train,sample_003314.npz,/home/zzy/TrajectoryPlanning/distill/data/benchmark/mp/train/sample_004621.npz,mp,single_bugtrap,U,mp_single_bugtrap,medium,medium,0,,mp:train
train,sample_003315.npz,/home/zzy/TrajectoryPlanning/distill/data/benchmark/mp/train/sample_004622.npz,mp,single_bugtrap,U,mp_single_bugtrap,medium,medium,0,,mp:train
train,sample_003316.npz,/home/zzy/TrajectoryPlanning/distill/data/benchmark/mp/train/sample_004623.npz,mp,single_bugtrap,U,mp_single_bugtrap,medium,medium,0,,mp:train
train,sample_003317.npz,/home/zzy/TrajectoryPlanning/distill/data/benchmark/mp/train/sample_004626.npz,mp,single_bugtrap,U,mp_single_bugtrap,medium,medium,0,,mp:train
train,sample_003318.npz,/home/zzy/TrajectoryPlanning/distill/data/benchmark/mp/train/sample_004628.npz,mp,single_bugtrap,U,mp_single_bugtrap,medium,medium,0,,mp:train
train,sample_003319.npz,/home/zzy/TrajectoryPlanning/distill/data/benchmark/mp/train/sample_004629.npz,mp,single_bugtrap,U,mp_single_bugtrap,medium,medium,0,,mp:train
train,sample_003320.npz,/home/zzy/TrajectoryPlanning/distill/data/benchmark/mp/train/sample_004632.npz,mp,single_bugtrap,U,mp_single_bugtrap,medium,medium,0,,mp:train
train,sample_003321.npz,/home/zzy/TrajectoryPlanning/distill/data/benchmark/mp/train/sample_004633.npz,mp,single_bugtrap,U,mp_single_bugtrap,medium,medium,0,,mp:train
train,sample_003322.npz,/home/zzy/TrajectoryPlanning/distill/data/benchmark/mp/train/sample_004637.npz,mp,single_bugtrap,U,mp_single_bugtrap,medium,medium,0,,mp:train
train,sample_003323.npz,/home/zzy/TrajectoryPlanning/distill/data/benchmark/mp/train/sample_004638.npz,mp,single_bugtrap,U,mp_single_bugtrap,medium,medium,0,,mp:train
train,sample_003324.npz,/home/zzy/TrajectoryPlanning/distill/data/benchmark/mp/train/sample_004639.npz,mp,single_bugtrap,U,mp_single_bugtrap,medium,medium,0,,mp:train
train,sample_003325.npz,/home/zzy/TrajectoryPlanning/distill/data/benchmark/mp/train/sample_004640.npz,mp,single_bugtrap,U,mp_single_bugtrap,medium,medium,0,,mp:train
train,sample_003326.npz,/home/zzy/TrajectoryPlanning/distill/data/benchmark/mp/train/sample_004641.npz,mp,single_bugtrap,U,mp_single_bugtrap,medium,medium,0,,mp:train
train,sample_003327.npz,/home/zzy/TrajectoryPlanning/distill/data/benchmark/mp/train/sample_004642.npz,mp,single_bugtrap,U,mp_single_bugtrap,medium,medium,0,,mp:train
train,sample_003328.npz,/home/zzy/TrajectoryPlanning/distill/data/benchmark/mp/train/sample_004646.npz,mp,single_bugtrap,U,mp_single_bugtrap,medium,medium,0,,mp:train
train,sample_003329.npz,/home/zzy/TrajectoryPlanning/distill/data/benchmark/mp/train/sample_004648.npz,mp,single_bugtrap,U,mp_single_bugtrap,medium,medium,0,,mp:train
train,sample_003330.npz,/home/zzy/TrajectoryPlanning/distill/data/benchmark/mp/train/sample_004651.npz,mp,single_bugtrap,U,mp_single_bugtrap,medium,medium,0,,mp:train
train,sample_003331.npz,/home/zzy/TrajectoryPlanning/distill/data/benchmark/mp/train/sample_004652.npz,mp,single_bugtrap,U,mp_single_bugtrap,medium,medium,0,,mp:train
train,sample_003332.npz,/home/zzy/TrajectoryPlanning/distill/data/benchmark/mp/train/sample_004655.npz,mp,single_bugtrap,U,mp_single_bugtrap,medium,medium,0,,mp:train
train,sample_003333.npz,/home/zzy/TrajectoryPlanning/distill/data/benchmark/mp/train/sample_004657.npz,mp,single_bugtrap,U,mp_single_bugtrap,medium,medium,0,,mp:train
train,sample_003334.npz,/home/zzy/TrajectoryPlanning/distill/data/benchmark/mp/train/sample_004659.npz,mp,single_bugtrap,U,mp_single_bugtrap,medium,medium,0,,mp:train
train,sample_003335.npz,/home/zzy/TrajectoryPlanning/distill/data/benchmark/mp/train/sample_004660.npz,mp,single_bugtrap,U,mp_single_bugtrap,medium,medium,0,,mp:train
train,sample_003336.npz,/home/zzy/TrajectoryPlanning/distill/data/benchmark/mp/train/sample_004663.npz,mp,single_bugtrap,U,mp_single_bugtrap,medium,medium,0,,mp:train
train,sample_003337.npz,/home/zzy/TrajectoryPlanning/distill/data/benchmark/mp/train/sample_004666.npz,mp,single_bugtrap,U,mp_single_bugtrap,medium,medium,0,,mp:train
train,sample_003338.npz,/home/zzy/TrajectoryPlanning/distill/data/benchmark/mp/train/sample_004667.npz,mp,single_bugtrap,U,mp_single_bugtrap,medium,medium,0,,mp:train
train,sample_003339.npz,/home/zzy/TrajectoryPlanning/distill/data/benchmark/mp/train/sample_004674.npz,mp,single_bugtrap,U,mp_single_bugtrap,medium,medium,0,,mp:train
train,sample_003340.npz,/home/zzy/TrajectoryPlanning/distill/data/benchmark/mp/train/sample_004675.npz,mp,single_bugtrap,U,mp_single_bugtrap,medium,medium,0,,mp:train
train,sample_003341.npz,/home/zzy/TrajectoryPlanning/distill/data/benchmark/mp/train/sample_004676.npz,mp,single_bugtrap,U,mp_single_bugtrap,medium,medium,0,,mp:train
train,sample_003342.npz,/home/zzy/TrajectoryPlanning/distill/data/benchmark/mp/train/sample_004677.npz,mp,single_bugtrap,U,mp_single_bugtrap,medium,medium,0,,mp:train
train,sample_003343.npz,/home/zzy/TrajectoryPlanning/distill/data/benchmark/mp/train/sample_004679.npz,mp,single_bugtrap,U,mp_single_bugtrap,medium,medium,0,,mp:train
train,sample_003344.npz,/home/zzy/TrajectoryPlanning/distill/data/benchmark/mp/train/sample_004681.npz,mp,single_bugtrap,U,mp_single_bugtrap,medium,medium,0,,mp:train
train,sample_003345.npz,/home/zzy/TrajectoryPlanning/distill/data/benchmark/mp/train/sample_004682.npz,mp,single_bugtrap,U,mp_single_bugtrap,medium,medium,0,,mp:train
train,sample_003346.npz,/home/zzy/TrajectoryPlanning/distill/data/benchmark/mp/train/sample_004687.npz,mp,single_bugtrap,U,mp_single_bugtrap,medium,medium,0,,mp:train
train,sample_003347.npz,/home/zzy/TrajectoryPlanning/distill/data/benchmark/mp/train/sample_004690.npz,mp,single_bugtrap,U,mp_single_bugtrap,medium,medium,0,,mp:train
train,sample_003348.npz,/home/zzy/TrajectoryPlanning/distill/data/benchmark/mp/train/sample_004691.npz,mp,single_bugtrap,U,mp_single_bugtrap,medium,medium,0,,mp:train
train,sample_003349.npz,/home/zzy/TrajectoryPlanning/distill/data/benchmark/mp/train/sample_004692.npz,mp,single_bugtrap,U,mp_single_bugtrap,medium,medium,0,,mp:train
train,sample_003350.npz,/home/zzy/TrajectoryPlanning/distill/data/benchmark/mp/train/sample_004698.npz,mp,single_bugtrap,U,mp_single_bugtrap,medium,medium,0,,mp:train
train,sample_003351.npz,/home/zzy/TrajectoryPlanning/distill/data/benchmark/mp/train/sample_004706.npz,mp,single_bugtrap,U,mp_single_bugtrap,medium,medium,0,,mp:train
train,sample_003352.npz,/home/zzy/TrajectoryPlanning/distill/data/benchmark/mp/train/sample_004709.npz,mp,single_bugtrap,U,mp_single_bugtrap,medium,medium,0,,mp:train
train,sample_003353.npz,/home/zzy/TrajectoryPlanning/distill/data/benchmark/mp/train/sample_004710.npz,mp,single_bugtrap,U,mp_single_bugtrap,medium,medium,0,,mp:train
train,sample_003354.npz,/home/zzy/TrajectoryPlanning/distill/data/benchmark/mp/train/sample_004711.npz,mp,single_bugtrap,U,mp_single_bugtrap,medium,medium,0,,mp:train
train,sample_003355.npz,/home/zzy/TrajectoryPlanning/distill/data/benchmark/mp/train/sample_004714.npz,mp,single_bugtrap,U,mp_single_bugtrap,medium,medium,0,,mp:train
train,sample_003356.npz,/home/zzy/TrajectoryPlanning/distill/data/benchmark/mp/train/sample_004715.npz,mp,single_bugtrap,U,mp_single_bugtrap,medium,medium,0,,mp:train
train,sample_003357.npz,/home/zzy/TrajectoryPlanning/distill/data/benchmark/mp/train/sample_004717.npz,mp,single_bugtrap,U,mp_single_bugtrap,medium,medium,0,,mp:train
train,sample_003358.npz,/home/zzy/TrajectoryPlanning/distill/data/benchmark/mp/train/sample_004719.npz,mp,single_bugtrap,U,mp_single_bugtrap,medium,medium,0,,mp:train
train,sample_003359.npz,/home/zzy/TrajectoryPlanning/distill/data/benchmark/mp/train/sample_004720.npz,mp,single_bugtrap,U,mp_single_bugtrap,medium,medium,0,,mp:train
train,sample_003360.npz,/home/zzy/TrajectoryPlanning/distill/data/benchmark/mp/train/sample_004721.npz,mp,single_bugtrap,U,mp_single_bugtrap,medium,medium,0,,mp:train
train,sample_003361.npz,/home/zzy/TrajectoryPlanning/distill/data/benchmark/mp/train/sample_004722.npz,mp,single_bugtrap,U,mp_single_bugtrap,medium,medium,0,,mp:train
train,sample_003362.npz,/home/zzy/TrajectoryPlanning/distill/data/benchmark/mp/train/sample_004724.npz,mp,single_bugtrap,U,mp_single_bugtrap,medium,medium,0,,mp:train
train,sample_003363.npz,/home/zzy/TrajectoryPlanning/distill/data/benchmark/mp/train/sample_004730.npz,mp,single_bugtrap,U,mp_single_bugtrap,medium,medium,0,,mp:train
train,sample_003364.npz,/home/zzy/TrajectoryPlanning/distill/data/benchmark/mp/train/sample_004731.npz,mp,single_bugtrap,U,mp_single_bugtrap,medium,medium,0,,mp:train
train,sample_003365.npz,/home/zzy/TrajectoryPlanning/distill/data/benchmark/mp/train/sample_004734.npz,mp,single_bugtrap,U,mp_single_bugtrap,medium,medium,0,,mp:train
train,sample_003366.npz,/home/zzy/TrajectoryPlanning/distill/data/benchmark/mp/train/sample_004736.npz,mp,single_bugtrap,U,mp_single_bugtrap,medium,medium,0,,mp:train
train,sample_003367.npz,/home/zzy/TrajectoryPlanning/distill/data/benchmark/mp/train/sample_004739.npz,mp,single_bugtrap,U,mp_single_bugtrap,medium,medium,0,,mp:train
train,sample_003368.npz,/home/zzy/TrajectoryPlanning/distill/data/benchmark/mp/train/sample_004740.npz,mp,single_bugtrap,U,mp_single_bugtrap,medium,medium,0,,mp:train
train,sample_003369.npz,/home/zzy/TrajectoryPlanning/distill/data/benchmark/mp/train/sample_004743.npz,mp,single_bugtrap,U,mp_single_bugtrap,medium,medium,0,,mp:train
train,sample_003370.npz,/home/zzy/TrajectoryPlanning/distill/data/benchmark/mp/train/sample_004744.npz,mp,single_bugtrap,U,mp_single_bugtrap,medium,medium,0,,mp:train
train,sample_003371.npz,/home/zzy/TrajectoryPlanning/distill/data/benchmark/mp/train/sample_004745.npz,mp,single_bugtrap,U,mp_single_bugtrap,medium,medium,0,,mp:train
train,sample_003372.npz,/home/zzy/TrajectoryPlanning/distill/data/benchmark/mp/train/sample_004746.npz,mp,single_bugtrap,U,mp_single_bugtrap,medium,medium,0,,mp:train
train,sample_003373.npz,/home/zzy/TrajectoryPlanning/distill/data/benchmark/mp/train/sample_004748.npz,mp,single_bugtrap,U,mp_single_bugtrap,medium,medium,0,,mp:train
train,sample_003374.npz,/home/zzy/TrajectoryPlanning/distill/data/benchmark/mp/train/sample_004749.npz,mp,single_bugtrap,U,mp_single_bugtrap,medium,medium,0,,mp:train
train,sample_003375.npz,/home/zzy/TrajectoryPlanning/distill/data/benchmark/mp/train/sample_004751.npz,mp,single_bugtrap,U,mp_single_bugtrap,medium,medium,0,,mp:train
train,sample_003376.npz,/home/zzy/TrajectoryPlanning/distill/data/benchmark/mp/train/sample_004754.npz,mp,single_bugtrap,U,mp_single_bugtrap,medium,medium,0,,mp:train
train,sample_003377.npz,/home/zzy/TrajectoryPlanning/distill/data/benchmark/mp/train/sample_004758.npz,mp,single_bugtrap,U,mp_single_bugtrap,medium,medium,0,,mp:train
train,sample_003378.npz,/home/zzy/TrajectoryPlanning/distill/data/benchmark/mp/train/sample_004761.npz,mp,single_bugtrap,U,mp_single_bugtrap,medium,medium,0,,mp:train
train,sample_003379.npz,/home/zzy/TrajectoryPlanning/distill/data/benchmark/mp/train/sample_004765.npz,mp,single_bugtrap,U,mp_single_bugtrap,medium,medium,0,,mp:train
train,sample_003380.npz,/home/zzy/TrajectoryPlanning/distill/data/benchmark/mp/train/sample_004767.npz,mp,single_bugtrap,U,mp_single_bugtrap,medium,medium,0,,mp:train
train,sample_003381.npz,/home/zzy/TrajectoryPlanning/distill/data/benchmark/mp/train/sample_004769.npz,mp,single_bugtrap,U,mp_single_bugtrap,medium,medium,0,,mp:train
train,sample_003382.npz,/home/zzy/TrajectoryPlanning/distill/data/benchmark/mp/train/sample_004770.npz,mp,single_bugtrap,U,mp_single_bugtrap,medium,medium,0,,mp:train
train,sample_003383.npz,/home/zzy/TrajectoryPlanning/distill/data/benchmark/mp/train/sample_004771.npz,mp,single_bugtrap,U,mp_single_bugtrap,medium,medium,0,,mp:train
train,sample_003384.npz,/home/zzy/TrajectoryPlanning/distill/data/benchmark/mp/train/sample_004772.npz,mp,single_bugtrap,U,mp_single_bugtrap,medium,medium,0,,mp:train
train,sample_003385.npz,/home/zzy/TrajectoryPlanning/distill/data/benchmark/mp/train/sample_004774.npz,mp,single_bugtrap,U,mp_single_bugtrap,medium,medium,0,,mp:train
train,sample_003386.npz,/home/zzy/TrajectoryPlanning/distill/data/benchmark/mp/train/sample_004780.npz,mp,single_bugtrap,U,mp_single_bugtrap,medium,medium,0,,mp:train
train,sample_003387.npz,/home/zzy/TrajectoryPlanning/distill/data/benchmark/mp/train/sample_004784.npz,mp,single_bugtrap,U,mp_single_bugtrap,medium,medium,0,,mp:train
train,sample_003388.npz,/home/zzy/TrajectoryPlanning/distill/data/benchmark/mp/train/sample_004786.npz,mp,single_bugtrap,U,mp_single_bugtrap,medium,medium,0,,mp:train
train,sample_003389.npz,/home/zzy/TrajectoryPlanning/distill/data/benchmark/mp/train/sample_004787.npz,mp,single_bugtrap,U,mp_single_bugtrap,medium,medium,0,,mp:train
train,sample_003390.npz,/home/zzy/TrajectoryPlanning/distill/data/benchmark/mp/train/sample_004789.npz,mp,single_bugtrap,U,mp_single_bugtrap,medium,medium,0,,mp:train
train,sample_003391.npz,/home/zzy/TrajectoryPlanning/distill/data/benchmark/mp/train/sample_004790.npz,mp,single_bugtrap,U,mp_single_bugtrap,medium,medium,0,,mp:train
train,sample_003392.npz,/home/zzy/TrajectoryPlanning/distill/data/benchmark/mp/train/sample_004791.npz,mp,single_bugtrap,U,mp_single_bugtrap,medium,medium,0,,mp:train
train,sample_003393.npz,/home/zzy/TrajectoryPlanning/distill/data/benchmark/mp/train/sample_004792.npz,mp,single_bugtrap,U,mp_single_bugtrap,medium,medium,0,,mp:train
train,sample_003394.npz,/home/zzy/TrajectoryPlanning/distill/data/benchmark/mp/train/sample_004793.npz,mp,single_bugtrap,U,mp_single_bugtrap,medium,medium,0,,mp:train
train,sample_003395.npz,/home/zzy/TrajectoryPlanning/distill/data/benchmark/mp/train/sample_004795.npz,mp,single_bugtrap,U,mp_single_bugtrap,medium,medium,0,,mp:train
train,sample_003396.npz,/home/zzy/TrajectoryPlanning/distill/data/benchmark/mp/train/sample_004796.npz,mp,single_bugtrap,U,mp_single_bugtrap,medium,medium,0,,mp:train
train,sample_003397.npz,/home/zzy/TrajectoryPlanning/distill/data/benchmark/mp/train/sample_004797.npz,mp,single_bugtrap,U,mp_single_bugtrap,medium,medium,0,,mp:train
train,sample_003398.npz,/home/zzy/TrajectoryPlanning/distill/data/benchmark/mp/train/sample_004798.npz,mp,single_bugtrap,U,mp_single_bugtrap,medium,medium,0,,mp:train
train,sample_003399.npz,/home/zzy/TrajectoryPlanning/distill/data/benchmark/mp/train/sample_004799.npz,mp,single_bugtrap,U,mp_single_bugtrap,medium,medium,0,,mp:train
